chair_id,constituency_id,start_date,end_date
009a4e39332248c6b9bdd160ab529963,c94900a7-e6d3-53ad-8ee2-5badba7c9876,1925-01-10,1948-12-23
009a4e39332248c6b9bdd160ab529963,1b9b3b5b-7c11-5f64-978c-e1d1b2002a5c,1949-01-10,1968-12-12
009a4e39332248c6b9bdd160ab529963,32a49115-dad0-5644-afea-6515d72a2fa2,1969-01-10,1970-12-16
00a54f1d6ada4fc5891699617566a59e,88dc2372-1608-57b0-b0e6-1a789be8dec9,1971-01-11,2002-09-29
00a54f1d6ada4fc5891699617566a59e,3ed93b54-6eb2-5b8d-865d-7587a0486881,2002-09-30,2006-09-30
00a54f1d6ada4fc5891699617566a59e,0259c4e5-f8dc-555a-a982-bc145e6182ca,2006-10-02,2018-09-24
00a54f1d6ada4fc5891699617566a59e,90a5c436-9d88-53bb-b9e9-7314a438703f,2018-09-24,2022-09-26
00a54f1d6ada4fc5891699617566a59e,9ccaac05-e6d0-5ae0-af81-84815d9ba0e0,2022-09-26,2026-09-15
00a56cabf8e24d33b2b4471c71e93adc,88dc2372-1608-57b0-b0e6-1a789be8dec9,1971-01-11,2002-09-29
00a56cabf8e24d33b2b4471c71e93adc,3ed93b54-6eb2-5b8d-865d-7587a0486881,2002-09-30,2006-09-30
00a56cabf8e24d33b2b4471c71e93adc,0259c4e5-f8dc-555a-a982-bc145e6182ca,2006-10-02,2018-09-24
00a56cabf8e24d33b2b4471c71e93adc,90a5c436-9d88-53bb-b9e9-7314a438703f,2018-09-24,2022-09-26
00a56cabf8e24d33b2b4471c71e93adc,9ccaac05-e6d0-5ae0-af81-84815d9ba0e0,2022-09-26,2026-09-15
00eca2bbcfc642a3bc0b20794411fbb6,ce2cfedc-94fe-5e5e-9134-ce27a7ce4f48,1971-01-11,1976-06-04
00eca2bbcfc642a3bc0b20794411fbb6,77564945-b88d-5e96-9332-e474481cfc5c,1976-10-04,1979-06-09
00eca2bbcfc642a3bc0b20794411fbb6,ce2cfedc-94fe-5e5e-9134-ce27a7ce4f48,1979-10-01,1994-06-21
00eca2bbcfc642a3bc0b20794411fbb6,c8cd016a-8b2b-5bc2-8fc9-e8ac0f5ba65a,1994-10-03,1998-09-14
00eca2bbcfc642a3bc0b20794411fbb6,e1bb0035-d8f1-5350-8aa8-962b52b0553f,1998-09-15,2006-09-30
00eca2bbcfc642a3bc0b20794411fbb6,949c1729-b7ab-521d-ad1b-60772ec2276f,2006-10-02,2026-09-15
01325958816c40f0bdd7df08d60a7d31,98941c5a-79d5-5f93-bb5b-00774f03d021,1971-01-11,1976-06-04
01325958816c40f0bdd7df08d60a7d31,136bd5a8-3576-5b75-bc02-5e42ba984200,1976-10-04,1979-06-09
01325958816c40f0bdd7df08d60a7d31,98941c5a-79d5-5f93-bb5b-00774f03d021,1979-10-01,2006-09-30
01325958816c40f0bdd7df08d60a7d31,136bd5a8-3576-5b75-bc02-5e42ba984200,2006-10-02,2014-09-29
01325958816c40f0bdd7df08d60a7d31,88073719-4eb3-5370-acd3-f061ef80e1f6,2014-09-29,2018-09-24
01325958816c40f0bdd7df08d60a7d31,98941c5a-79d5-5f93-bb5b-00774f03d021,2018-09-24,2022-09-26
01325958816c40f0bdd7df08d60a7d31,136bd5a8-3576-5b75-bc02-5e42ba984200,2022-09-26,2026-09-15
019ea7a1de5a4e949872c63607a7e21c,b7bcdd69-c525-5716-a985-a12260f20f70,1925-01-10,1957-12-18
019ea7a1de5a4e949872c63607a7e21c,7671d1a1-b494-53ab-9ea8-59b8fbcdffc5,1958-01-10,1970-12-16
01b328c816df429a85939fa47b460f4b,32a49115-dad0-5644-afea-6515d72a2fa2,1925-01-10,1960-12-14
01b328c816df429a85939fa47b460f4b,40f4f3db-cc8b-56b3-9b72-ec5a1a7070f7,1961-01-10,1970-12-16
025460b48b4f4fc6a9201bc2c547e8a7,9bef2d8f-9970-5df1-97fa-4941035d4740,1971-01-11,1988-06-10
025460b48b4f4fc6a9201bc2c547e8a7,23ff6cf2-07be-5de2-b01f-a4aa39503e46,1988-10-03,1991-06-20
025460b48b4f4fc6a9201bc2c547e8a7,9bef2d8f-9970-5df1-97fa-4941035d4740,1991-09-30,1998-09-14
025460b48b4f4fc6a9201bc2c547e8a7,1aed974b-1504-5223-9940-b9a0d45845cd,1998-09-15,2006-09-30
025460b48b4f4fc6a9201bc2c547e8a7,98941c5a-79d5-5f93-bb5b-00774f03d021,2006-10-02,2010-10-04
025460b48b4f4fc6a9201bc2c547e8a7,335f9c5a-a060-59bd-8e10-95c79ced3c98,2010-10-04,2018-09-24
025460b48b4f4fc6a9201bc2c547e8a7,0513f834-f476-5c55-878b-e62d2d14087d,2018-09-24,2022-09-26
025460b48b4f4fc6a9201bc2c547e8a7,335f9c5a-a060-59bd-8e10-95c79ced3c98,2022-09-26,2026-09-15
02d01c0417314162acc7e0a3337dcc7b,e8fdd33e-33e7-5173-b67a-6f4fba71e4c2,1925-01-10,1936-06-27
02d01c0417314162acc7e0a3337dcc7b,be377f3a-8cd1-587c-a143-bf5d0cf4b3a0,1937-01-11,1948-12-23
02d01c0417314162acc7e0a3337dcc7b,e8fdd33e-33e7-5173-b67a-6f4fba71e4c2,1949-01-10,1970-12-16
032425c0f06f49a0bc378ccd78566b2c,be377f3a-8cd1-587c-a143-bf5d0cf4b3a0,1925-01-10,1970-12-16
032b50e9d6664eeaa7dd0c3801f3a5be,88073719-4eb3-5370-acd3-f061ef80e1f6,1971-01-11,2006-09-30
032b50e9d6664eeaa7dd0c3801f3a5be,3b8cf955-bf93-520c-a3fe-c4a47a38a4bb,2006-10-02,2010-10-04
032b50e9d6664eeaa7dd0c3801f3a5be,95fb07b4-04ab-5bf8-897a-40679b4451c4,2010-10-04,2012-09-18
032b50e9d6664eeaa7dd0c3801f3a5be,3b8cf955-bf93-520c-a3fe-c4a47a38a4bb,2012-09-18,2022-09-26
032b50e9d6664eeaa7dd0c3801f3a5be,9ccaac05-e6d0-5ae0-af81-84815d9ba0e0,2022-09-26,2026-09-15
03441af75aec466295abbc822a04d3c6,0513f834-f476-5c55-878b-e62d2d14087d,1971-01-11,1973-12-15
03441af75aec466295abbc822a04d3c6,335f9c5a-a060-59bd-8e10-95c79ced3c98,1974-01-10,1976-06-04
03441af75aec466295abbc822a04d3c6,0513f834-f476-5c55-878b-e62d2d14087d,1976-10-04,1982-06-12
03441af75aec466295abbc822a04d3c6,335f9c5a-a060-59bd-8e10-95c79ced3c98,1982-10-04,1994-06-21
03441af75aec466295abbc822a04d3c6,0513f834-f476-5c55-878b-e62d2d14087d,1994-10-03,1998-09-14
03441af75aec466295abbc822a04d3c6,335f9c5a-a060-59bd-8e10-95c79ced3c98,1998-09-15,2006-09-30
03441af75aec466295abbc822a04d3c6,0af335ba-25f1-581d-858f-437ea3adecea,2006-10-02,2010-10-04
03441af75aec466295abbc822a04d3c6,d14f5900-dbaa-535e-9291-6d184dee2316,2010-10-04,2022-09-26
03441af75aec466295abbc822a04d3c6,0af335ba-25f1-581d-858f-437ea3adecea,2022-09-26,2026-09-15
03d1b88773084616b796a952f60d7b0a,66149692-b5cc-50f8-a778-2131f28fe57d,1971-01-11,1994-06-21
03d1b88773084616b796a952f60d7b0a,72b06389-e8cc-5a7f-97bd-b697e29d92e9,1994-10-03,1998-09-14
03d1b88773084616b796a952f60d7b0a,66149692-b5cc-50f8-a778-2131f28fe57d,1998-09-15,2006-09-30
03d1b88773084616b796a952f60d7b0a,75402d16-31ae-5692-a5a7-1008706a092a,2006-10-02,2026-09-15
03dc0a4737d243f5ab411e805404b41e,5b619cc8-3825-577f-97f2-791ed8cbbf05,1925-01-10,1960-12-14
03dc0a4737d243f5ab411e805404b41e,66c4e12f-d764-5309-805a-f277d91aeb7a,1961-01-10,1970-12-16
04055b5803a54d00bb8c393a58e558b1,b4e172a0-46d7-5354-96b4-2d766739c3d2,1925-01-10,1957-12-18
04055b5803a54d00bb8c393a58e558b1,d534300a-5530-5600-b1af-7b1dd6723046,1958-01-10,1970-12-16
041780e49feb486aacc79a10be9a6ac0,9b204dc5-542a-5e3a-ac60-fe14c1cb46de,1971-01-11,2006-09-30
041780e49feb486aacc79a10be9a6ac0,0259c4e5-f8dc-555a-a982-bc145e6182ca,2006-10-02,2010-10-04
041780e49feb486aacc79a10be9a6ac0,e1bb0035-d8f1-5350-8aa8-962b52b0553f,2010-10-04,2012-09-18
041780e49feb486aacc79a10be9a6ac0,95fb07b4-04ab-5bf8-897a-40679b4451c4,2012-09-18,2014-09-29
041780e49feb486aacc79a10be9a6ac0,0259c4e5-f8dc-555a-a982-bc145e6182ca,2014-09-29,2026-09-15
04439c0dbd4944fb9a8562924471ad9c,52d3be74-04c2-5ef4-ac33-10731fc6f074,1925-01-10,1956-12-13
04439c0dbd4944fb9a8562924471ad9c,2e90b3ff-5244-5c1b-a4d6-62773e5bd1d7,1957-01-10,1970-12-16
04a7670fad534a8981322b0263c249b0,949c1729-b7ab-521d-ad1b-60772ec2276f,1971-01-11,1976-06-04
04a7670fad534a8981322b0263c249b0,75402d16-31ae-5692-a5a7-1008706a092a,1976-10-04,2006-09-30
04a7670fad534a8981322b0263c249b0,dec7e907-68a3-5977-b0b2-267422de26fb,2006-10-02,2014-09-29
04a7670fad534a8981322b0263c249b0,592c89e6-ed06-5678-85d5-3a81f32dd83f,2014-09-29,2018-09-24
04a7670fad534a8981322b0263c249b0,9ccaac05-e6d0-5ae0-af81-84815d9ba0e0,2018-09-24,2022-09-26
04a7670fad534a8981322b0263c249b0,3b8cf955-bf93-520c-a3fe-c4a47a38a4bb,2022-09-26,2026-09-15
04a8b2c644a6499289b6c272d497fab3,9b204dc5-542a-5e3a-ac60-fe14c1cb46de,1971-01-11,2006-09-30
04a8b2c644a6499289b6c272d497fab3,e1bb0035-d8f1-5350-8aa8-962b52b0553f,2006-10-02,2014-09-29
04a8b2c644a6499289b6c272d497fab3,0259c4e5-f8dc-555a-a982-bc145e6182ca,2014-09-29,2026-09-15
05206a3151bc4d55a3952609f909966f,335f9c5a-a060-59bd-8e10-95c79ced3c98,1971-01-11,1998-09-14
05206a3151bc4d55a3952609f909966f,e81abcf9-5188-5367-ad40-4e793d4f55e3,1998-09-15,2006-09-30
05206a3151bc4d55a3952609f909966f,949c1729-b7ab-521d-ad1b-60772ec2276f,2006-10-02,2026-09-15
0547824d10934b279f7a2de684581337,3b8cf955-bf93-520c-a3fe-c4a47a38a4bb,1971-01-11,2006-09-30
0547824d10934b279f7a2de684581337,75402d16-31ae-5692-a5a7-1008706a092a,2006-10-02,2026-09-15
0568b6fca64742c195dda03da095b418,c29ab651-c882-5372-b400-c1315400b6b3,1925-01-10,1970-12-16
05dbec6391ef451083ce1a15e2e1a53a,352b9fa6-6250-564e-9522-46f6a36097fe,1971-01-11,2002-09-29
05dbec6391ef451083ce1a15e2e1a53a,9ccaac05-e6d0-5ae0-af81-84815d9ba0e0,2002-09-30,2006-09-30
05dbec6391ef451083ce1a15e2e1a53a,98941c5a-79d5-5f93-bb5b-00774f03d021,2006-10-02,2018-09-24
05dbec6391ef451083ce1a15e2e1a53a,136bd5a8-3576-5b75-bc02-5e42ba984200,2018-09-24,2022-09-26
05dbec6391ef451083ce1a15e2e1a53a,98941c5a-79d5-5f93-bb5b-00774f03d021,2022-09-26,2026-09-15
067c8e2cc4d144daadcf9c7de91963b3,632495bb-e961-5581-9345-278a353d0405,1925-01-10,1956-12-13
067c8e2cc4d144daadcf9c7de91963b3,39f50a3e-9748-5cbb-899c-fce5af24b249,1957-01-10,1970-12-16
0759312fd135436ab9826a4d385bf36f,88dc2372-1608-57b0-b0e6-1a789be8dec9,1971-01-11,1973-12-15
0759312fd135436ab9826a4d385bf36f,d34944b2-a7de-580f-a21e-a5691c785c8b,1974-01-10,1998-09-14
0759312fd135436ab9826a4d385bf36f,3ed93b54-6eb2-5b8d-865d-7587a0486881,1998-09-15,2006-09-30
0759312fd135436ab9826a4d385bf36f,75402d16-31ae-5692-a5a7-1008706a092a,2006-10-02,2026-09-15
076e8316fcff4c58baf0f258da14e0d6,d5171f25-e144-57e0-8818-475a87cc5809,1971-01-11,1998-09-14
076e8316fcff4c58baf0f258da14e0d6,90a5c436-9d88-53bb-b9e9-7314a438703f,1998-09-15,2006-09-30
076e8316fcff4c58baf0f258da14e0d6,0af335ba-25f1-581d-858f-437ea3adecea,2006-10-02,2026-09-15
078afadbea754274b81232b99a33f0d7,3b8cf955-bf93-520c-a3fe-c4a47a38a4bb,1971-01-11,2002-09-29
078afadbea754274b81232b99a33f0d7,dec7e907-68a3-5977-b0b2-267422de26fb,2002-09-30,2006-09-30
078afadbea754274b81232b99a33f0d7,98941c5a-79d5-5f93-bb5b-00774f03d021,2006-10-02,2018-09-24
078afadbea754274b81232b99a33f0d7,136bd5a8-3576-5b75-bc02-5e42ba984200,2018-09-24,2022-09-26
078afadbea754274b81232b99a33f0d7,98941c5a-79d5-5f93-bb5b-00774f03d021,2022-09-26,2026-09-15
079d3b7e54e04fa193e49c1148f137e2,43274040-7203-53fb-845b-2b1afddb308c,1925-01-10,1928-06-08
079d3b7e54e04fa193e49c1148f137e2,c94900a7-e6d3-53ad-8ee2-5badba7c9876,1929-01-10,1936-06-27
079d3b7e54e04fa193e49c1148f137e2,43274040-7203-53fb-845b-2b1afddb308c,1937-01-11,1948-12-23
079d3b7e54e04fa193e49c1148f137e2,c94900a7-e6d3-53ad-8ee2-5badba7c9876,1949-01-10,1964-12-17
079d3b7e54e04fa193e49c1148f137e2,1b9b3b5b-7c11-5f64-978c-e1d1b2002a5c,1965-01-11,1968-12-12
079d3b7e54e04fa193e49c1148f137e2,e6d44948-949c-57bb-a181-ca34ac6ac813,1969-01-10,1970-12-16
07f294745b0d4f22929086debe476759,e8fdd33e-33e7-5173-b67a-6f4fba71e4c2,1925-01-10,1932-06-20
07f294745b0d4f22929086debe476759,be377f3a-8cd1-587c-a143-bf5d0cf4b3a0,1933-01-10,1952-12-17
07f294745b0d4f22929086debe476759,e8fdd33e-33e7-5173-b67a-6f4fba71e4c2,1953-01-10,1970-12-16
086a6f8d82f64fdab0121ec674850cd6,dec7e907-68a3-5977-b0b2-267422de26fb,1971-01-11,2002-09-29
086a6f8d82f64fdab0121ec674850cd6,d14f5900-dbaa-535e-9291-6d184dee2316,2002-09-30,2006-09-30
086a6f8d82f64fdab0121ec674850cd6,9ccaac05-e6d0-5ae0-af81-84815d9ba0e0,2006-10-02,2010-10-04
086a6f8d82f64fdab0121ec674850cd6,352b9fa6-6250-564e-9522-46f6a36097fe,2010-10-04,2014-09-29
086a6f8d82f64fdab0121ec674850cd6,9ccaac05-e6d0-5ae0-af81-84815d9ba0e0,2014-09-29,2022-09-26
086a6f8d82f64fdab0121ec674850cd6,3b8cf955-bf93-520c-a3fe-c4a47a38a4bb,2022-09-26,2026-09-15
08b7ec5866e14ee888900296d95b84ba,7113b2cc-9972-5065-b2dd-77a7e868113a,1971-01-11,2006-09-30
08b7ec5866e14ee888900296d95b84ba,136bd5a8-3576-5b75-bc02-5e42ba984200,2006-10-02,2014-09-29
08b7ec5866e14ee888900296d95b84ba,335f9c5a-a060-59bd-8e10-95c79ced3c98,2014-09-29,2018-09-24
08b7ec5866e14ee888900296d95b84ba,0513f834-f476-5c55-878b-e62d2d14087d,2018-09-24,2022-09-26
08b7ec5866e14ee888900296d95b84ba,136bd5a8-3576-5b75-bc02-5e42ba984200,2022-09-26,2026-09-15
08d0e453cfe84f6c847989725687aa52,9bef2d8f-9970-5df1-97fa-4941035d4740,1971-01-11,1973-12-15
08d0e453cfe84f6c847989725687aa52,23ff6cf2-07be-5de2-b01f-a4aa39503e46,1974-01-10,1998-09-14
08d0e453cfe84f6c847989725687aa52,1aed974b-1504-5223-9940-b9a0d45845cd,1998-09-15,2006-09-30
08d0e453cfe84f6c847989725687aa52,e81abcf9-5188-5367-ad40-4e793d4f55e3,2006-10-02,2018-09-24
08d0e453cfe84f6c847989725687aa52,3ed93b54-6eb2-5b8d-865d-7587a0486881,2018-09-24,2022-09-26
08d0e453cfe84f6c847989725687aa52,88dc2372-1608-57b0-b0e6-1a789be8dec9,2022-09-26,2026-09-15
0a16694108bc428b8e233fb157b6639d,136bd5a8-3576-5b75-bc02-5e42ba984200,1971-01-11,2006-09-30
0a16694108bc428b8e233fb157b6639d,949c1729-b7ab-521d-ad1b-60772ec2276f,2006-10-02,2026-09-15
0aedf391e8084585912c0f858c63c45a,d34944b2-a7de-580f-a21e-a5691c785c8b,1971-01-11,1998-09-14
0aedf391e8084585912c0f858c63c45a,3ed93b54-6eb2-5b8d-865d-7587a0486881,1998-09-15,2002-09-29
0aedf391e8084585912c0f858c63c45a,9bef2d8f-9970-5df1-97fa-4941035d4740,2002-09-30,2006-09-30
0aedf391e8084585912c0f858c63c45a,75402d16-31ae-5692-a5a7-1008706a092a,2006-10-02,2026-09-15
0b8c108665e74254960a2489be211a38,2e90b3ff-5244-5c1b-a4d6-62773e5bd1d7,1925-01-10,1951-12-13
0b8c108665e74254960a2489be211a38,ff31e42c-ce65-53e9-94c9-75a3487f1284,1952-01-10,1970-12-16
0be57a1076a24d908bd027bdf09dbb71,9b204dc5-542a-5e3a-ac60-fe14c1cb46de,1971-01-11,2006-09-30
0be57a1076a24d908bd027bdf09dbb71,1aed974b-1504-5223-9940-b9a0d45845cd,2006-10-02,2010-10-04
0be57a1076a24d908bd027bdf09dbb71,66149692-b5cc-50f8-a778-2131f28fe57d,2010-10-04,2018-09-24
0be57a1076a24d908bd027bdf09dbb71,03c44b66-74b5-5b6f-a92f-365fcb5806de,2018-09-24,2026-09-15
0c42f29422c646bab6ab9d05efab1bfe,40f4f3db-cc8b-56b3-9b72-ec5a1a7070f7,1925-01-10,1928-06-08
0c42f29422c646bab6ab9d05efab1bfe,ab10f2c3-d083-5c5a-b2ca-4a97f0410be8,1929-01-10,1964-12-17
0c42f29422c646bab6ab9d05efab1bfe,9921f6f7-beb1-5224-826d-9b6e7c4114ed,1965-01-11,1970-12-16
0c648516862d4ea4b97c00fe6b1b5bdb,88dc2372-1608-57b0-b0e6-1a789be8dec9,1971-01-11,2006-09-30
0c648516862d4ea4b97c00fe6b1b5bdb,66149692-b5cc-50f8-a778-2131f28fe57d,2006-10-02,2014-09-29
0c648516862d4ea4b97c00fe6b1b5bdb,6a5c15bf-688e-5a49-a539-c0eab6478b72,2014-09-29,2018-09-24
0c648516862d4ea4b97c00fe6b1b5bdb,b4b85329-707b-5b48-8276-04b0980850d3,2018-09-24,2022-09-26
0c648516862d4ea4b97c00fe6b1b5bdb,e1bb0035-d8f1-5350-8aa8-962b52b0553f,2022-09-26,2026-09-15
0cd9cde97c6d460080bae94e758dfc19,136bd5a8-3576-5b75-bc02-5e42ba984200,1971-01-11,2002-09-29
0cd9cde97c6d460080bae94e758dfc19,88073719-4eb3-5370-acd3-f061ef80e1f6,2002-09-30,2006-09-30
0cd9cde97c6d460080bae94e758dfc19,0af335ba-25f1-581d-858f-437ea3adecea,2006-10-02,2010-10-04
0cd9cde97c6d460080bae94e758dfc19,d14f5900-dbaa-535e-9291-6d184dee2316,2010-10-04,2022-09-26
0cd9cde97c6d460080bae94e758dfc19,0af335ba-25f1-581d-858f-437ea3adecea,2022-09-26,2026-09-15
0ceb4c379e2f40e8a1b40efd699bf4fc,592c89e6-ed06-5678-85d5-3a81f32dd83f,1971-01-11,1976-06-04
0ceb4c379e2f40e8a1b40efd699bf4fc,9ccaac05-e6d0-5ae0-af81-84815d9ba0e0,1976-10-04,1985-06-11
0ceb4c379e2f40e8a1b40efd699bf4fc,592c89e6-ed06-5678-85d5-3a81f32dd83f,1985-09-30,1988-06-10
0ceb4c379e2f40e8a1b40efd699bf4fc,9ccaac05-e6d0-5ae0-af81-84815d9ba0e0,1988-10-03,1994-06-21
0ceb4c379e2f40e8a1b40efd699bf4fc,592c89e6-ed06-5678-85d5-3a81f32dd83f,1994-10-03,1998-09-14
0ceb4c379e2f40e8a1b40efd699bf4fc,9ccaac05-e6d0-5ae0-af81-84815d9ba0e0,1998-09-15,2006-09-30
0ceb4c379e2f40e8a1b40efd699bf4fc,88dc2372-1608-57b0-b0e6-1a789be8dec9,2006-10-02,2022-09-26
0ceb4c379e2f40e8a1b40efd699bf4fc,3ed93b54-6eb2-5b8d-865d-7587a0486881,2022-09-26,2026-09-15
0cf5bc29828749acad0d064305102a37,75402d16-31ae-5692-a5a7-1008706a092a,1971-01-11,1991-06-20
0cf5bc29828749acad0d064305102a37,0af335ba-25f1-581d-858f-437ea3adecea,1991-09-30,1998-09-14
0cf5bc29828749acad0d064305102a37,75402d16-31ae-5692-a5a7-1008706a092a,1998-09-15,2006-09-30
0cf5bc29828749acad0d064305102a37,b4b85329-707b-5b48-8276-04b0980850d3,2006-10-02,2018-09-24
0cf5bc29828749acad0d064305102a37,e1bb0035-d8f1-5350-8aa8-962b52b0553f,2018-09-24,2022-09-26
0cf5bc29828749acad0d064305102a37,b4b85329-707b-5b48-8276-04b0980850d3,2022-09-26,2026-09-15
0d5f67eab1eb45db9bb86742699205d4,949c1729-b7ab-521d-ad1b-60772ec2276f,1971-01-11,2006-09-30
0d5f67eab1eb45db9bb86742699205d4,03c44b66-74b5-5b6f-a92f-365fcb5806de,2006-10-02,2010-10-04
0d5f67eab1eb45db9bb86742699205d4,88dc2372-1608-57b0-b0e6-1a789be8dec9,2010-10-04,2018-09-24
0d5f67eab1eb45db9bb86742699205d4,9bef2d8f-9970-5df1-97fa-4941035d4740,2018-09-24,2022-09-26
0d5f67eab1eb45db9bb86742699205d4,3ed93b54-6eb2-5b8d-865d-7587a0486881,2022-09-26,2026-09-15
0e5dbe1ea7ff4ac6adc3eaf71d402ee6,ac735033-812d-52c5-a8ef-5254c0709510,1925-01-10,1960-12-14
0e5dbe1ea7ff4ac6adc3eaf71d402ee6,be377f3a-8cd1-587c-a143-bf5d0cf4b3a0,1961-01-10,1970-12-16
0f67c9c0a70d4356a0ee4a70a965a5a8,850638eb-f41d-5b5e-91bc-07a7ef818918,1925-01-10,1970-12-16
0f83a0865e124abfacb6baacb3f8e932,aba3654d-c18d-541b-b3cc-d11c7f96ec6f,1925-01-10,1964-12-17
0f83a0865e124abfacb6baacb3f8e932,28620dd2-366d-501c-94a8-a4bec03c7e6d,1965-01-11,1970-12-16
104d568029634ce7a916debca63e27d6,899d0c00-1af8-56c6-bd46-79a83dfcf8c1,1925-01-10,1964-12-17
104d568029634ce7a916debca63e27d6,aba3654d-c18d-541b-b3cc-d11c7f96ec6f,1965-01-11,1970-12-16
105031417af142f591d64240fa3b7ce5,ce2cfedc-94fe-5e5e-9134-ce27a7ce4f48,1971-01-11,1994-06-21
105031417af142f591d64240fa3b7ce5,6a5c15bf-688e-5a49-a539-c0eab6478b72,1994-10-03,1998-09-14
105031417af142f591d64240fa3b7ce5,b4b85329-707b-5b48-8276-04b0980850d3,1998-09-15,2006-09-30
105031417af142f591d64240fa3b7ce5,95fb07b4-04ab-5bf8-897a-40679b4451c4,2006-10-02,2010-10-04
105031417af142f591d64240fa3b7ce5,9ccaac05-e6d0-5ae0-af81-84815d9ba0e0,2010-10-04,2014-09-29
105031417af142f591d64240fa3b7ce5,95fb07b4-04ab-5bf8-897a-40679b4451c4,2014-09-29,2022-09-26
105031417af142f591d64240fa3b7ce5,3b8cf955-bf93-520c-a3fe-c4a47a38a4bb,2022-09-26,2026-09-15
1080dccba5ec42ba9dd1df5695229289,6618cb64-f32d-5806-a07f-3b914964eb26,1925-01-10,1970-12-16
109143f207e04d46adf08b17164524f7,3b8cf955-bf93-520c-a3fe-c4a47a38a4bb,1971-01-11,1988-06-10
109143f207e04d46adf08b17164524f7,dec7e907-68a3-5977-b0b2-267422de26fb,1988-10-03,1991-06-20
109143f207e04d46adf08b17164524f7,3b8cf955-bf93-520c-a3fe-c4a47a38a4bb,1991-09-30,1998-09-14
109143f207e04d46adf08b17164524f7,dec7e907-68a3-5977-b0b2-267422de26fb,1998-09-15,2006-09-30
109143f207e04d46adf08b17164524f7,0513f834-f476-5c55-878b-e62d2d14087d,2006-10-02,2018-09-24
109143f207e04d46adf08b17164524f7,335f9c5a-a060-59bd-8e10-95c79ced3c98,2018-09-24,2022-09-26
109143f207e04d46adf08b17164524f7,0513f834-f476-5c55-878b-e62d2d14087d,2022-09-26,2026-09-15
10b8e195d3474fc4a6eec63f226990f0,0513f834-f476-5c55-878b-e62d2d14087d,1971-01-11,2006-09-30
10b8e195d3474fc4a6eec63f226990f0,95fb07b4-04ab-5bf8-897a-40679b4451c4,2006-10-02,2014-09-29
10b8e195d3474fc4a6eec63f226990f0,3b8cf955-bf93-520c-a3fe-c4a47a38a4bb,2014-09-29,2022-09-26
10b8e195d3474fc4a6eec63f226990f0,95fb07b4-04ab-5bf8-897a-40679b4451c4,2022-09-26,2026-09-15
10d82e739e064ec48a210a8e01bdf524,3b8cf955-bf93-520c-a3fe-c4a47a38a4bb,1971-01-11,2006-09-30
10d82e739e064ec48a210a8e01bdf524,949c1729-b7ab-521d-ad1b-60772ec2276f,2006-10-02,2026-09-15
112b92a05e344336999e8315d2332bf1,66149692-b5cc-50f8-a778-2131f28fe57d,1971-01-11,2006-09-30
112b92a05e344336999e8315d2332bf1,9b204dc5-542a-5e3a-ac60-fe14c1cb46de,2006-10-02,2014-09-29
112b92a05e344336999e8315d2332bf1,136bd5a8-3576-5b75-bc02-5e42ba984200,2014-09-29,2018-09-24
112b92a05e344336999e8315d2332bf1,9b204dc5-542a-5e3a-ac60-fe14c1cb46de,2018-09-24,2022-09-26
112b92a05e344336999e8315d2332bf1,88073719-4eb3-5370-acd3-f061ef80e1f6,2022-09-26,2026-09-15
11ab94848e974ee088ffc97d758e5934,77564945-b88d-5e96-9332-e474481cfc5c,1971-01-11,1976-06-04
11ab94848e974ee088ffc97d758e5934,d5171f25-e144-57e0-8818-475a87cc5809,1976-10-04,1979-06-09
11ab94848e974ee088ffc97d758e5934,77564945-b88d-5e96-9332-e474481cfc5c,1979-10-01,1994-06-21
11ab94848e974ee088ffc97d758e5934,90a5c436-9d88-53bb-b9e9-7314a438703f,1994-10-03,1998-09-14
11ab94848e974ee088ffc97d758e5934,0259c4e5-f8dc-555a-a982-bc145e6182ca,1998-09-15,2002-09-29
11ab94848e974ee088ffc97d758e5934,90a5c436-9d88-53bb-b9e9-7314a438703f,2002-09-30,2010-10-04
11ab94848e974ee088ffc97d758e5934,0259c4e5-f8dc-555a-a982-bc145e6182ca,2010-10-04,2014-09-29
11ab94848e974ee088ffc97d758e5934,e1bb0035-d8f1-5350-8aa8-962b52b0553f,2014-09-29,2017-09-12
11ab94848e974ee088ffc97d758e5934,90a5c436-9d88-53bb-b9e9-7314a438703f,2017-09-12,2022-09-26
11ab94848e974ee088ffc97d758e5934,352b9fa6-6250-564e-9522-46f6a36097fe,2022-09-26,2026-09-15
11ff39d77a1a4fa199bb646fe7d0208e,483bb97a-ce72-54f6-a4c4-49b240eb5341,1925-01-10,1943-12-30
11ff39d77a1a4fa199bb646fe7d0208e,3ffdbc9c-5dee-555c-98e7-92f3c88684af,1944-01-10,1970-12-16
125aaf32e8b64f36897485e56253ba56,d34944b2-a7de-580f-a21e-a5691c785c8b,1971-01-11,1998-09-14
125aaf32e8b64f36897485e56253ba56,3ed93b54-6eb2-5b8d-865d-7587a0486881,1998-09-15,2002-09-29
125aaf32e8b64f36897485e56253ba56,9bef2d8f-9970-5df1-97fa-4941035d4740,2002-09-30,2006-09-30
125aaf32e8b64f36897485e56253ba56,75402d16-31ae-5692-a5a7-1008706a092a,2006-10-02,2026-09-15
126d412302dc4f229237eea7f1d59a63,dec7e907-68a3-5977-b0b2-267422de26fb,1971-01-11,2002-09-29
126d412302dc4f229237eea7f1d59a63,d14f5900-dbaa-535e-9291-6d184dee2316,2002-09-30,2006-09-30
126d412302dc4f229237eea7f1d59a63,9ccaac05-e6d0-5ae0-af81-84815d9ba0e0,2006-10-02,2010-10-04
126d412302dc4f229237eea7f1d59a63,352b9fa6-6250-564e-9522-46f6a36097fe,2010-10-04,2014-09-29
126d412302dc4f229237eea7f1d59a63,9ccaac05-e6d0-5ae0-af81-84815d9ba0e0,2014-09-29,2018-09-24
126d412302dc4f229237eea7f1d59a63,95fb07b4-04ab-5bf8-897a-40679b4451c4,2018-09-24,2022-09-26
126d412302dc4f229237eea7f1d59a63,3b8cf955-bf93-520c-a3fe-c4a47a38a4bb,2022-09-26,2026-09-15
12ac0fb272fd4ada845c55af8e9de9be,6a5c15bf-688e-5a49-a539-c0eab6478b72,1971-01-11,1973-12-15
12ac0fb272fd4ada845c55af8e9de9be,ce2cfedc-94fe-5e5e-9134-ce27a7ce4f48,1974-01-10,1979-06-09
12ac0fb272fd4ada845c55af8e9de9be,6a5c15bf-688e-5a49-a539-c0eab6478b72,1979-10-01,1988-06-10
12ac0fb272fd4ada845c55af8e9de9be,ce2cfedc-94fe-5e5e-9134-ce27a7ce4f48,1988-10-03,1994-06-21
12ac0fb272fd4ada845c55af8e9de9be,6a5c15bf-688e-5a49-a539-c0eab6478b72,1994-10-03,1998-09-14
12ac0fb272fd4ada845c55af8e9de9be,b4b85329-707b-5b48-8276-04b0980850d3,1998-09-15,2006-09-30
12ac0fb272fd4ada845c55af8e9de9be,90a5c436-9d88-53bb-b9e9-7314a438703f,2006-10-02,2010-10-04
12ac0fb272fd4ada845c55af8e9de9be,0259c4e5-f8dc-555a-a982-bc145e6182ca,2010-10-04,2018-09-24
12ac0fb272fd4ada845c55af8e9de9be,90a5c436-9d88-53bb-b9e9-7314a438703f,2018-09-24,2022-09-26
12ac0fb272fd4ada845c55af8e9de9be,352b9fa6-6250-564e-9522-46f6a36097fe,2022-09-26,2026-09-15
13d8b40a393747f0b4dfebf4bbeed6c3,28620dd2-366d-501c-94a8-a4bec03c7e6d,1925-01-10,1948-12-23
13d8b40a393747f0b4dfebf4bbeed6c3,1a7d6b60-4c46-50ef-97fa-502f0b3ced2c,1949-01-10,1970-12-16
144a9264aa86422bb8af55e1167f86e7,3dcfde6e-898d-5524-ad57-3dd1df3ddd34,1925-01-10,1970-12-16
14c41894f5bb47919f7abb8664ae1900,b7bcdd69-c525-5716-a985-a12260f20f70,1925-01-10,1956-12-13
14c41894f5bb47919f7abb8664ae1900,7671d1a1-b494-53ab-9ea8-59b8fbcdffc5,1957-01-10,1970-12-16
14efd2d4fe3b49fd887cfb9eb9632dc0,23ff6cf2-07be-5de2-b01f-a4aa39503e46,1971-01-11,1988-06-10
14efd2d4fe3b49fd887cfb9eb9632dc0,72b06389-e8cc-5a7f-97bd-b697e29d92e9,1988-10-03,1991-06-20
14efd2d4fe3b49fd887cfb9eb9632dc0,23ff6cf2-07be-5de2-b01f-a4aa39503e46,1991-09-30,1998-09-14
14efd2d4fe3b49fd887cfb9eb9632dc0,03c44b66-74b5-5b6f-a92f-365fcb5806de,1998-09-15,2006-09-30
14efd2d4fe3b49fd887cfb9eb9632dc0,66149692-b5cc-50f8-a778-2131f28fe57d,2006-10-02,2022-09-26
14efd2d4fe3b49fd887cfb9eb9632dc0,6a5c15bf-688e-5a49-a539-c0eab6478b72,2022-09-26,2026-09-15
15041642c50240248bc8431bca8509ac,b4e172a0-46d7-5354-96b4-2d766739c3d2,1925-01-10,1943-12-30
15041642c50240248bc8431bca8509ac,d534300a-5530-5600-b1af-7b1dd6723046,1944-01-10,1970-12-16
16035376e8ee406c85f6ff4500b0dc48,d14f5900-dbaa-535e-9291-6d184dee2316,1971-01-11,1982-06-12
16035376e8ee406c85f6ff4500b0dc48,0af335ba-25f1-581d-858f-437ea3adecea,1982-10-04,1991-06-20
16035376e8ee406c85f6ff4500b0dc48,d14f5900-dbaa-535e-9291-6d184dee2316,1991-09-30,1998-09-14
16035376e8ee406c85f6ff4500b0dc48,0af335ba-25f1-581d-858f-437ea3adecea,1998-09-15,2006-09-30
16035376e8ee406c85f6ff4500b0dc48,98941c5a-79d5-5f93-bb5b-00774f03d021,2006-10-02,2018-09-24
16035376e8ee406c85f6ff4500b0dc48,136bd5a8-3576-5b75-bc02-5e42ba984200,2018-09-24,2022-09-26
16035376e8ee406c85f6ff4500b0dc48,98941c5a-79d5-5f93-bb5b-00774f03d021,2022-09-26,2026-09-15
164859bbb46f44bda4465a160b10d7aa,b3d2ec8f-3f84-5cdd-90b2-eda30fe3e65d,1925-01-10,1928-06-08
164859bbb46f44bda4465a160b10d7aa,f84e8ff2-b777-5e35-a14c-1a7e50855c36,1929-01-10,1956-12-13
164859bbb46f44bda4465a160b10d7aa,f190408c-0f9c-57ed-8318-9273dced4a38,1957-01-10,1970-12-16
1680a33c3e5a442fa4c8d30c37f76108,335f9c5a-a060-59bd-8e10-95c79ced3c98,1971-01-11,1982-06-12
1680a33c3e5a442fa4c8d30c37f76108,e81abcf9-5188-5367-ad40-4e793d4f55e3,1982-10-04,1994-06-21
1680a33c3e5a442fa4c8d30c37f76108,335f9c5a-a060-59bd-8e10-95c79ced3c98,1994-10-03,1998-09-14
1680a33c3e5a442fa4c8d30c37f76108,e81abcf9-5188-5367-ad40-4e793d4f55e3,1998-09-15,2006-09-30
1680a33c3e5a442fa4c8d30c37f76108,88073719-4eb3-5370-acd3-f061ef80e1f6,2006-10-02,2014-09-29
1680a33c3e5a442fa4c8d30c37f76108,136bd5a8-3576-5b75-bc02-5e42ba984200,2014-09-29,2018-09-24
1680a33c3e5a442fa4c8d30c37f76108,98941c5a-79d5-5f93-bb5b-00774f03d021,2018-09-24,2022-09-26
1680a33c3e5a442fa4c8d30c37f76108,136bd5a8-3576-5b75-bc02-5e42ba984200,2022-09-26,2026-09-15
16b63c32ca3445b69660fd8ef2d5d451,c29ab651-c882-5372-b400-c1315400b6b3,1925-01-10,1970-12-16
176a2ca9bf0e49ccb1b68308a08414b8,9ccaac05-e6d0-5ae0-af81-84815d9ba0e0,1971-01-11,1998-09-14
176a2ca9bf0e49ccb1b68308a08414b8,95fb07b4-04ab-5bf8-897a-40679b4451c4,1998-09-15,2006-09-30
176a2ca9bf0e49ccb1b68308a08414b8,e1bb0035-d8f1-5350-8aa8-962b52b0553f,2006-10-02,2010-10-04
176a2ca9bf0e49ccb1b68308a08414b8,b4b85329-707b-5b48-8276-04b0980850d3,2010-10-04,2014-09-29
176a2ca9bf0e49ccb1b68308a08414b8,e1bb0035-d8f1-5350-8aa8-962b52b0553f,2014-09-29,2026-09-15
17db6edf2acb4badb721e3af49cf3846,88dc2372-1608-57b0-b0e6-1a789be8dec9,1971-01-11,1998-09-14
17db6edf2acb4badb721e3af49cf3846,3ed93b54-6eb2-5b8d-865d-7587a0486881,1998-09-15,2006-09-30
17db6edf2acb4badb721e3af49cf3846,95fb07b4-04ab-5bf8-897a-40679b4451c4,2006-10-02,2010-10-04
17db6edf2acb4badb721e3af49cf3846,9ccaac05-e6d0-5ae0-af81-84815d9ba0e0,2010-10-04,2014-09-29
17db6edf2acb4badb721e3af49cf3846,95fb07b4-04ab-5bf8-897a-40679b4451c4,2014-09-29,2018-09-24
17db6edf2acb4badb721e3af49cf3846,3b8cf955-bf93-520c-a3fe-c4a47a38a4bb,2018-09-24,2022-09-26
17db6edf2acb4badb721e3af49cf3846,95fb07b4-04ab-5bf8-897a-40679b4451c4,2022-09-26,2026-09-15
182321da09cb4ffd9bdd7bd658f5a292,0513f834-f476-5c55-878b-e62d2d14087d,1971-01-11,1998-09-14
182321da09cb4ffd9bdd7bd658f5a292,335f9c5a-a060-59bd-8e10-95c79ced3c98,1998-09-15,2002-09-29
182321da09cb4ffd9bdd7bd658f5a292,0513f834-f476-5c55-878b-e62d2d14087d,2002-09-30,2006-09-30
182321da09cb4ffd9bdd7bd658f5a292,3b8cf955-bf93-520c-a3fe-c4a47a38a4bb,2006-10-02,2010-10-04
182321da09cb4ffd9bdd7bd658f5a292,9ccaac05-e6d0-5ae0-af81-84815d9ba0e0,2010-10-04,2014-09-29
182321da09cb4ffd9bdd7bd658f5a292,3b8cf955-bf93-520c-a3fe-c4a47a38a4bb,2014-09-29,2022-09-26
182321da09cb4ffd9bdd7bd658f5a292,95fb07b4-04ab-5bf8-897a-40679b4451c4,2022-09-26,2026-09-15
1849745858fd4ad6bccb7d4bf4f310c7,79c143d0-423e-582c-881d-0abf0a4cea5c,1925-01-10,1941-12-30
1849745858fd4ad6bccb7d4bf4f310c7,3dcfde6e-898d-5524-ad57-3dd1df3ddd34,1942-01-10,1970-12-16
18f927505afa486691a2eb6ef7c37a3d,98941c5a-79d5-5f93-bb5b-00774f03d021,1971-01-11,2006-09-30
18f927505afa486691a2eb6ef7c37a3d,9bef2d8f-9970-5df1-97fa-4941035d4740,2006-10-02,2014-09-29
18f927505afa486691a2eb6ef7c37a3d,1aed974b-1504-5223-9940-b9a0d45845cd,2014-09-29,2018-09-24
18f927505afa486691a2eb6ef7c37a3d,03c44b66-74b5-5b6f-a92f-365fcb5806de,2018-09-24,2026-09-15
19dd2a2232dc41db8fec5e7589c91fd0,e86227ba-7ea9-5302-81b6-461749b8b4fd,1925-01-10,1970-12-16
1a4228713ea04073ad4284047ff472dd,7113b2cc-9972-5065-b2dd-77a7e868113a,1971-01-11,2006-09-30
1a4228713ea04073ad4284047ff472dd,136bd5a8-3576-5b75-bc02-5e42ba984200,2006-10-02,2014-09-29
1a4228713ea04073ad4284047ff472dd,335f9c5a-a060-59bd-8e10-95c79ced3c98,2014-09-29,2018-09-24
1a4228713ea04073ad4284047ff472dd,0513f834-f476-5c55-878b-e62d2d14087d,2018-09-24,2022-09-26
1a4228713ea04073ad4284047ff472dd,136bd5a8-3576-5b75-bc02-5e42ba984200,2022-09-26,2026-09-15
1a861c8933fb4a61b8ffd2640a4e22ae,dec7e907-68a3-5977-b0b2-267422de26fb,1971-01-11,1979-06-09
1a861c8933fb4a61b8ffd2640a4e22ae,d14f5900-dbaa-535e-9291-6d184dee2316,1979-10-01,2006-09-30
1a861c8933fb4a61b8ffd2640a4e22ae,75402d16-31ae-5692-a5a7-1008706a092a,2006-10-02,2026-09-15
1a91b029a5914b978d3db7c61ca0ec63,e81abcf9-5188-5367-ad40-4e793d4f55e3,1971-01-11,2014-09-29
1a91b029a5914b978d3db7c61ca0ec63,9bef2d8f-9970-5df1-97fa-4941035d4740,2014-09-29,2018-09-24
1a91b029a5914b978d3db7c61ca0ec63,3ed93b54-6eb2-5b8d-865d-7587a0486881,2018-09-24,2022-09-26
1a91b029a5914b978d3db7c61ca0ec63,88dc2372-1608-57b0-b0e6-1a789be8dec9,2022-09-26,2026-09-15
1ab713b80d3444bab4a1a5c6ea5bd232,949c1729-b7ab-521d-ad1b-60772ec2276f,1971-01-11,2006-09-30
1ab713b80d3444bab4a1a5c6ea5bd232,d14f5900-dbaa-535e-9291-6d184dee2316,2006-10-02,2010-10-04
1ab713b80d3444bab4a1a5c6ea5bd232,dec7e907-68a3-5977-b0b2-267422de26fb,2010-10-04,2018-09-24
1ab713b80d3444bab4a1a5c6ea5bd232,0af335ba-25f1-581d-858f-437ea3adecea,2018-09-24,2022-09-26
1ab713b80d3444bab4a1a5c6ea5bd232,75402d16-31ae-5692-a5a7-1008706a092a,2022-09-26,2026-09-15
1b322ba02bb9449986dd0d619f9fb6ca,ab10f2c3-d083-5c5a-b2ca-4a97f0410be8,1925-01-10,1948-12-23
1b322ba02bb9449986dd0d619f9fb6ca,9921f6f7-beb1-5224-826d-9b6e7c4114ed,1949-01-10,1970-12-16
1bb79fba37a140549216b5c179c0f050,79c143d0-423e-582c-881d-0abf0a4cea5c,1925-01-10,1941-12-30
1bb79fba37a140549216b5c179c0f050,3dcfde6e-898d-5524-ad57-3dd1df3ddd34,1942-01-10,1970-12-16
1ca2eb354c254f769b93591e655b5c67,d34944b2-a7de-580f-a21e-a5691c785c8b,1971-01-11,1998-09-14
1ca2eb354c254f769b93591e655b5c67,9bef2d8f-9970-5df1-97fa-4941035d4740,1998-09-15,2006-09-30
1ca2eb354c254f769b93591e655b5c67,949c1729-b7ab-521d-ad1b-60772ec2276f,2006-10-02,2026-09-15
1dbc9f2ecf6045ccaf42846aa63b7109,9921f6f7-beb1-5224-826d-9b6e7c4114ed,1925-01-10,1928-06-08
1dbc9f2ecf6045ccaf42846aa63b7109,5b619cc8-3825-577f-97f2-791ed8cbbf05,1929-01-10,1968-12-12
1dbc9f2ecf6045ccaf42846aa63b7109,66c4e12f-d764-5309-805a-f277d91aeb7a,1969-01-10,1970-12-16
1e4e645cbc0d4c4c8a1e89ef13c94050,dec7e907-68a3-5977-b0b2-267422de26fb,1971-01-11,2006-09-30
1e4e645cbc0d4c4c8a1e89ef13c94050,03c44b66-74b5-5b6f-a92f-365fcb5806de,2006-10-02,2018-09-24
1e4e645cbc0d4c4c8a1e89ef13c94050,66149692-b5cc-50f8-a778-2131f28fe57d,2018-09-24,2026-09-15
1eed904f753c414a9461fca78f16a77f,29c5f935-4b82-58f0-84b9-38fddeb478af,1925-01-10,1948-12-23
1eed904f753c414a9461fca78f16a77f,b3d2ec8f-3f84-5cdd-90b2-eda30fe3e65d,1949-01-10,1960-12-14
1eed904f753c414a9461fca78f16a77f,f84e8ff2-b777-5e35-a14c-1a7e50855c36,1961-01-10,1970-12-16
1f09f70adeb34831a9f07f5e2fba8fe8,be377f3a-8cd1-587c-a143-bf5d0cf4b3a0,1925-01-10,1964-12-17
1f09f70adeb34831a9f07f5e2fba8fe8,e8fdd33e-33e7-5173-b67a-6f4fba71e4c2,1965-01-11,1970-12-16
1f57c384a70a44548e1b106118bf193d,c1806dd8-c00e-56de-bec3-c28973b02d73,1925-01-10,1964-12-17
1f57c384a70a44548e1b106118bf193d,b4e172a0-46d7-5354-96b4-2d766739c3d2,1965-01-11,1970-12-16
1fa7142698b744e594498d108c311b1a,75402d16-31ae-5692-a5a7-1008706a092a,1971-01-11,2006-09-30
1fa7142698b744e594498d108c311b1a,dec7e907-68a3-5977-b0b2-267422de26fb,2006-10-02,2022-09-26
1fa7142698b744e594498d108c311b1a,d14f5900-dbaa-535e-9291-6d184dee2316,2022-09-26,2026-09-15
1fb73c7b8aae40b0aca2785eda0d8128,23ff6cf2-07be-5de2-b01f-a4aa39503e46,1971-01-11,1988-06-10
1fb73c7b8aae40b0aca2785eda0d8128,72b06389-e8cc-5a7f-97bd-b697e29d92e9,1988-10-03,1991-06-20
1fb73c7b8aae40b0aca2785eda0d8128,23ff6cf2-07be-5de2-b01f-a4aa39503e46,1991-09-30,1998-09-14
1fb73c7b8aae40b0aca2785eda0d8128,03c44b66-74b5-5b6f-a92f-365fcb5806de,1998-09-15,2006-09-30
1fb73c7b8aae40b0aca2785eda0d8128,66149692-b5cc-50f8-a778-2131f28fe57d,2006-10-02,2010-10-04
1fb73c7b8aae40b0aca2785eda0d8128,6a5c15bf-688e-5a49-a539-c0eab6478b72,2010-10-04,2012-09-18
1fb73c7b8aae40b0aca2785eda0d8128,66149692-b5cc-50f8-a778-2131f28fe57d,2012-09-18,2014-09-29
1fb73c7b8aae40b0aca2785eda0d8128,6a5c15bf-688e-5a49-a539-c0eab6478b72,2014-09-29,2018-09-24
1fb73c7b8aae40b0aca2785eda0d8128,b4b85329-707b-5b48-8276-04b0980850d3,2018-09-24,2022-09-26
1fb73c7b8aae40b0aca2785eda0d8128,e1bb0035-d8f1-5350-8aa8-962b52b0553f,2022-09-26,2026-09-15
1fe3f271fb514a43b9c53df5283c1d40,2ccd1e63-c4b8-53cc-8ef3-e9e95931d8f5,1925-01-10,1964-12-17
1fe3f271fb514a43b9c53df5283c1d40,ac735033-812d-52c5-a8ef-5254c0709510,1965-01-11,1970-12-16
1febb9995ebe4710869c01c74f796e7c,3dcfde6e-898d-5524-ad57-3dd1df3ddd34,1925-01-10,1970-12-16
2035527efbbe42ab9c0a0562d907cb0e,98941c5a-79d5-5f93-bb5b-00774f03d021,1971-01-11,2006-09-30
2035527efbbe42ab9c0a0562d907cb0e,335f9c5a-a060-59bd-8e10-95c79ced3c98,2006-10-02,2010-10-04
2035527efbbe42ab9c0a0562d907cb0e,e81abcf9-5188-5367-ad40-4e793d4f55e3,2010-10-04,2026-09-15
203b2852284b4ad982c08211e2efdc40,e8fdd33e-33e7-5173-b67a-6f4fba71e4c2,1925-01-10,1970-12-16
20cf5c5e84e147f295503e67efb94fad,6618cb64-f32d-5806-a07f-3b914964eb26,1925-01-10,1970-12-16
20e624db72cb4fd0b003b8cfc8599545,be377f3a-8cd1-587c-a143-bf5d0cf4b3a0,1925-01-10,1970-12-16
21fa6df51e304397b030a8b25d1b7fad,1b9b3b5b-7c11-5f64-978c-e1d1b2002a5c,1925-01-10,1928-06-08
21fa6df51e304397b030a8b25d1b7fad,32a49115-dad0-5644-afea-6515d72a2fa2,1929-01-10,1970-12-16
223e67842e6a4b2a9a71283e1d72a0cd,899ddaec-b4d0-557f-b637-39829a0fe0f1,1925-01-10,1944-12-30
223e67842e6a4b2a9a71283e1d72a0cd,c29ab651-c882-5372-b400-c1315400b6b3,1945-01-10,1970-12-16
2251039bfcb14449b4c02c76791e4de6,f190408c-0f9c-57ed-8318-9273dced4a38,1925-01-10,1948-12-23
2251039bfcb14449b4c02c76791e4de6,5a911a22-b39d-5103-bb54-ad725a2f95c8,1949-01-10,1968-12-12
2251039bfcb14449b4c02c76791e4de6,060a7a45-fe70-554c-8395-60d9d522d523,1969-01-10,1970-12-16
22a5a29ecf00487eb39d9b47795241ca,52d3be74-04c2-5ef4-ac33-10731fc6f074,1925-01-10,1970-12-16
2357c873333e4ab19b0c57cc8fee1401,32a49115-dad0-5644-afea-6515d72a2fa2,1925-01-10,1948-12-23
2357c873333e4ab19b0c57cc8fee1401,40f4f3db-cc8b-56b3-9b72-ec5a1a7070f7,1949-01-10,1952-12-17
2357c873333e4ab19b0c57cc8fee1401,32a49115-dad0-5644-afea-6515d72a2fa2,1953-01-10,1956-12-13
2357c873333e4ab19b0c57cc8fee1401,40f4f3db-cc8b-56b3-9b72-ec5a1a7070f7,1957-01-10,1968-12-12
2357c873333e4ab19b0c57cc8fee1401,ab10f2c3-d083-5c5a-b2ca-4a97f0410be8,1969-01-10,1970-12-16
235abe35c0614d889936fa8379a3d47c,79c143d0-423e-582c-881d-0abf0a4cea5c,1925-01-10,1951-12-13
235abe35c0614d889936fa8379a3d47c,3dcfde6e-898d-5524-ad57-3dd1df3ddd34,1952-01-10,1970-12-16
239046fd405f4f38be3c1f2ad84d9308,c29ab651-c882-5372-b400-c1315400b6b3,1925-01-10,1970-12-16
23f307f84ba04035a911ef8cdd239e4c,ab10f2c3-d083-5c5a-b2ca-4a97f0410be8,1925-01-10,1932-06-20
23f307f84ba04035a911ef8cdd239e4c,9921f6f7-beb1-5224-826d-9b6e7c4114ed,1933-01-10,1970-12-16
23f9aff8bc884d0bb632b35e70a4e053,949c1729-b7ab-521d-ad1b-60772ec2276f,1971-01-11,2006-09-30
23f9aff8bc884d0bb632b35e70a4e053,352b9fa6-6250-564e-9522-46f6a36097fe,2006-10-02,2010-10-04
23f9aff8bc884d0bb632b35e70a4e053,90a5c436-9d88-53bb-b9e9-7314a438703f,2010-10-04,2014-09-29
23f9aff8bc884d0bb632b35e70a4e053,352b9fa6-6250-564e-9522-46f6a36097fe,2014-09-29,2018-09-24
23f9aff8bc884d0bb632b35e70a4e053,9ccaac05-e6d0-5ae0-af81-84815d9ba0e0,2018-09-24,2022-09-26
23f9aff8bc884d0bb632b35e70a4e053,592c89e6-ed06-5678-85d5-3a81f32dd83f,2022-09-26,2026-09-15
242ca18a019e45f6b96d1bac16bfe078,9bef2d8f-9970-5df1-97fa-4941035d4740,1971-01-11,1988-06-10
242ca18a019e45f6b96d1bac16bfe078,23ff6cf2-07be-5de2-b01f-a4aa39503e46,1988-10-03,1991-06-20
242ca18a019e45f6b96d1bac16bfe078,9bef2d8f-9970-5df1-97fa-4941035d4740,1991-09-30,1998-09-14
242ca18a019e45f6b96d1bac16bfe078,1aed974b-1504-5223-9940-b9a0d45845cd,1998-09-15,2006-09-30
242ca18a019e45f6b96d1bac16bfe078,335f9c5a-a060-59bd-8e10-95c79ced3c98,2006-10-02,2014-09-29
242ca18a019e45f6b96d1bac16bfe078,e81abcf9-5188-5367-ad40-4e793d4f55e3,2014-09-29,2026-09-15
24675cf19ec2479489d0c9127da67c65,e81abcf9-5188-5367-ad40-4e793d4f55e3,1971-01-11,2006-09-30
24675cf19ec2479489d0c9127da67c65,335f9c5a-a060-59bd-8e10-95c79ced3c98,2006-10-02,2014-09-29
24675cf19ec2479489d0c9127da67c65,e81abcf9-5188-5367-ad40-4e793d4f55e3,2014-09-29,2026-09-15
248cd0d876d54b45b5d06c471f6f3958,88dc2372-1608-57b0-b0e6-1a789be8dec9,1971-01-11,2006-09-30
248cd0d876d54b45b5d06c471f6f3958,e1bb0035-d8f1-5350-8aa8-962b52b0553f,2006-10-02,2018-09-24
248cd0d876d54b45b5d06c471f6f3958,0259c4e5-f8dc-555a-a982-bc145e6182ca,2018-09-24,2026-09-15
24f886aa51964d558df8a7819bf2d986,be377f3a-8cd1-587c-a143-bf5d0cf4b3a0,1925-01-10,1932-06-20
24f886aa51964d558df8a7819bf2d986,ac735033-812d-52c5-a8ef-5254c0709510,1933-01-10,1956-12-13
24f886aa51964d558df8a7819bf2d986,be377f3a-8cd1-587c-a143-bf5d0cf4b3a0,1957-01-10,1970-12-16
250f0adb19ec4ef2bc89ae16527e1a16,c29ab651-c882-5372-b400-c1315400b6b3,1925-01-10,1970-12-16
2542b59f251c4de5918930b2da68cf8f,72b06389-e8cc-5a7f-97bd-b697e29d92e9,1971-01-11,1998-09-14
2542b59f251c4de5918930b2da68cf8f,03c44b66-74b5-5b6f-a92f-365fcb5806de,1998-09-15,2006-09-30
2542b59f251c4de5918930b2da68cf8f,0259c4e5-f8dc-555a-a982-bc145e6182ca,2006-10-02,2018-09-24
2542b59f251c4de5918930b2da68cf8f,90a5c436-9d88-53bb-b9e9-7314a438703f,2018-09-24,2022-09-26
2542b59f251c4de5918930b2da68cf8f,9ccaac05-e6d0-5ae0-af81-84815d9ba0e0,2022-09-26,2026-09-15
257de5c37a054b058aafdaafef6f309e,7113b2cc-9972-5065-b2dd-77a7e868113a,1971-01-11,2006-09-30
257de5c37a054b058aafdaafef6f309e,136bd5a8-3576-5b75-bc02-5e42ba984200,2006-10-02,2014-09-29
257de5c37a054b058aafdaafef6f309e,88073719-4eb3-5370-acd3-f061ef80e1f6,2014-09-29,2018-09-24
257de5c37a054b058aafdaafef6f309e,98941c5a-79d5-5f93-bb5b-00774f03d021,2018-09-24,2022-09-26
257de5c37a054b058aafdaafef6f309e,136bd5a8-3576-5b75-bc02-5e42ba984200,2022-09-26,2026-09-15
25ac7b2a330942b2bd7ccc231323090a,32a49115-dad0-5644-afea-6515d72a2fa2,1925-01-10,1928-06-08
25ac7b2a330942b2bd7ccc231323090a,40f4f3db-cc8b-56b3-9b72-ec5a1a7070f7,1929-01-10,1960-12-14
25ac7b2a330942b2bd7ccc231323090a,ab10f2c3-d083-5c5a-b2ca-4a97f0410be8,1961-01-10,1970-12-16
25c53cddd8c644e2a854fcb30e3c5eca,c1806dd8-c00e-56de-bec3-c28973b02d73,1925-01-10,1970-12-16
2652a762027943228f469ccd5591788a,335f9c5a-a060-59bd-8e10-95c79ced3c98,1971-01-11,2006-09-30
2652a762027943228f469ccd5591788a,75402d16-31ae-5692-a5a7-1008706a092a,2006-10-02,2026-09-15
2668c4b542134a3f822605ce536ea4aa,75402d16-31ae-5692-a5a7-1008706a092a,1971-01-11,2006-09-30
2668c4b542134a3f822605ce536ea4aa,88dc2372-1608-57b0-b0e6-1a789be8dec9,2006-10-02,2014-09-29
2668c4b542134a3f822605ce536ea4aa,0513f834-f476-5c55-878b-e62d2d14087d,2014-09-29,2018-09-24
2668c4b542134a3f822605ce536ea4aa,88dc2372-1608-57b0-b0e6-1a789be8dec9,2018-09-24,2022-09-26
2668c4b542134a3f822605ce536ea4aa,0513f834-f476-5c55-878b-e62d2d14087d,2022-09-26,2026-09-15
2677a033579a4e6387485ed52c683bf7,789d2e28-3b2d-5bc6-9425-4c454f3efeec,1925-01-10,1934-06-21
2677a033579a4e6387485ed52c683bf7,7671d1a1-b494-53ab-9ea8-59b8fbcdffc5,1935-01-10,1943-12-30
2677a033579a4e6387485ed52c683bf7,789d2e28-3b2d-5bc6-9425-4c454f3efeec,1944-01-10,1970-12-16
26bcae3c01ff4983a5a694ab878e0474,b3d2ec8f-3f84-5cdd-90b2-eda30fe3e65d,1925-01-10,1944-12-30
26bcae3c01ff4983a5a694ab878e0474,f84e8ff2-b777-5e35-a14c-1a7e50855c36,1945-01-10,1968-12-12
26bcae3c01ff4983a5a694ab878e0474,f190408c-0f9c-57ed-8318-9273dced4a38,1969-01-10,1970-12-16
26c19f1090a14b14919efd51e2fde0c6,77564945-b88d-5e96-9332-e474481cfc5c,1971-01-11,1994-06-21
26c19f1090a14b14919efd51e2fde0c6,8d210c34-becf-5dbd-b1fe-15d608635374,1994-10-03,1998-09-14
26c19f1090a14b14919efd51e2fde0c6,e1bb0035-d8f1-5350-8aa8-962b52b0553f,1998-09-15,2002-09-29
26c19f1090a14b14919efd51e2fde0c6,0259c4e5-f8dc-555a-a982-bc145e6182ca,2002-09-30,2006-09-30
26c19f1090a14b14919efd51e2fde0c6,e81abcf9-5188-5367-ad40-4e793d4f55e3,2006-10-02,2010-10-04
26c19f1090a14b14919efd51e2fde0c6,88dc2372-1608-57b0-b0e6-1a789be8dec9,2010-10-04,2026-09-15
27438098bab04311bf1d7aa03261e4b0,66149692-b5cc-50f8-a778-2131f28fe57d,1971-01-11,1994-06-21
27438098bab04311bf1d7aa03261e4b0,72b06389-e8cc-5a7f-97bd-b697e29d92e9,1994-10-03,1998-09-14
27438098bab04311bf1d7aa03261e4b0,66149692-b5cc-50f8-a778-2131f28fe57d,1998-09-15,2006-09-30
27438098bab04311bf1d7aa03261e4b0,75402d16-31ae-5692-a5a7-1008706a092a,2006-10-02,2026-09-15
275f8c4ddd0542158a4b689e3fbdc39d,483bb97a-ce72-54f6-a4c4-49b240eb5341,1925-01-10,1970-12-16
2781c6bc451945fbac2b2d2ae1f5f1e8,899ddaec-b4d0-557f-b637-39829a0fe0f1,1925-01-10,1928-06-08
2781c6bc451945fbac2b2d2ae1f5f1e8,c29ab651-c882-5372-b400-c1315400b6b3,1929-01-10,1970-12-16
278478f1090344cfbbf43c460b861365,949c1729-b7ab-521d-ad1b-60772ec2276f,1971-01-11,1976-06-04
278478f1090344cfbbf43c460b861365,75402d16-31ae-5692-a5a7-1008706a092a,1976-10-04,2006-09-30
278478f1090344cfbbf43c460b861365,592c89e6-ed06-5678-85d5-3a81f32dd83f,2006-10-02,2010-10-04
278478f1090344cfbbf43c460b861365,352b9fa6-6250-564e-9522-46f6a36097fe,2010-10-04,2014-09-29
278478f1090344cfbbf43c460b861365,592c89e6-ed06-5678-85d5-3a81f32dd83f,2014-09-29,2018-09-24
278478f1090344cfbbf43c460b861365,9ccaac05-e6d0-5ae0-af81-84815d9ba0e0,2018-09-24,2022-09-26
278478f1090344cfbbf43c460b861365,3b8cf955-bf93-520c-a3fe-c4a47a38a4bb,2022-09-26,2026-09-15
27aea1934fa74c8fb415589f7a15a619,9ccaac05-e6d0-5ae0-af81-84815d9ba0e0,1971-01-11,1976-06-04
27aea1934fa74c8fb415589f7a15a619,95fb07b4-04ab-5bf8-897a-40679b4451c4,1976-10-04,1985-06-11
27aea1934fa74c8fb415589f7a15a619,9ccaac05-e6d0-5ae0-af81-84815d9ba0e0,1985-09-30,1988-06-10
27aea1934fa74c8fb415589f7a15a619,95fb07b4-04ab-5bf8-897a-40679b4451c4,1988-10-03,1994-06-21
27aea1934fa74c8fb415589f7a15a619,9ccaac05-e6d0-5ae0-af81-84815d9ba0e0,1994-10-03,1998-09-14
27aea1934fa74c8fb415589f7a15a619,95fb07b4-04ab-5bf8-897a-40679b4451c4,1998-09-15,2006-09-30
27aea1934fa74c8fb415589f7a15a619,90a5c436-9d88-53bb-b9e9-7314a438703f,2006-10-02,2010-10-04
27aea1934fa74c8fb415589f7a15a619,0259c4e5-f8dc-555a-a982-bc145e6182ca,2010-10-04,2014-09-29
27aea1934fa74c8fb415589f7a15a619,90a5c436-9d88-53bb-b9e9-7314a438703f,2014-09-29,2026-09-15
280019568c4043aeb5d40c925e533f38,29c5f935-4b82-58f0-84b9-38fddeb478af,1925-01-10,1956-12-13
280019568c4043aeb5d40c925e533f38,b3d2ec8f-3f84-5cdd-90b2-eda30fe3e65d,1957-01-10,1968-12-12
280019568c4043aeb5d40c925e533f38,f84e8ff2-b777-5e35-a14c-1a7e50855c36,1969-01-10,1970-12-16
285337d474bf4f468fa42270957ad561,335f9c5a-a060-59bd-8e10-95c79ced3c98,1971-01-11,1976-06-04
285337d474bf4f468fa42270957ad561,0513f834-f476-5c55-878b-e62d2d14087d,1976-10-04,1979-06-09
285337d474bf4f468fa42270957ad561,335f9c5a-a060-59bd-8e10-95c79ced3c98,1979-10-01,2006-09-30
285337d474bf4f468fa42270957ad561,75402d16-31ae-5692-a5a7-1008706a092a,2006-10-02,2026-09-15
28aae9281df14f83a94da9c392487af0,98941c5a-79d5-5f93-bb5b-00774f03d021,1971-01-11,2006-09-30
28aae9281df14f83a94da9c392487af0,e81abcf9-5188-5367-ad40-4e793d4f55e3,2006-10-02,2014-09-29
28aae9281df14f83a94da9c392487af0,9bef2d8f-9970-5df1-97fa-4941035d4740,2014-09-29,2018-09-24
28aae9281df14f83a94da9c392487af0,3ed93b54-6eb2-5b8d-865d-7587a0486881,2018-09-24,2022-09-26
28aae9281df14f83a94da9c392487af0,88dc2372-1608-57b0-b0e6-1a789be8dec9,2022-09-26,2026-09-15
28d32f3a8fca46a19cb9c2fdc83eca44,ab10f2c3-d083-5c5a-b2ca-4a97f0410be8,1925-01-10,1960-12-14
28d32f3a8fca46a19cb9c2fdc83eca44,9921f6f7-beb1-5224-826d-9b6e7c4114ed,1961-01-10,1970-12-16
28eda3415b0348e0bf282cbf281f91c2,43274040-7203-53fb-845b-2b1afddb308c,1925-01-10,1948-12-23
28eda3415b0348e0bf282cbf281f91c2,c94900a7-e6d3-53ad-8ee2-5badba7c9876,1949-01-10,1968-12-12
28eda3415b0348e0bf282cbf281f91c2,e6d44948-949c-57bb-a181-ca34ac6ac813,1969-01-10,1970-12-16
299522af1a4643cd8a246f69cfe06adf,d34944b2-a7de-580f-a21e-a5691c785c8b,1971-01-11,1988-06-10
299522af1a4643cd8a246f69cfe06adf,9bef2d8f-9970-5df1-97fa-4941035d4740,1988-10-03,1991-06-20
299522af1a4643cd8a246f69cfe06adf,d34944b2-a7de-580f-a21e-a5691c785c8b,1991-09-30,1998-09-14
299522af1a4643cd8a246f69cfe06adf,9bef2d8f-9970-5df1-97fa-4941035d4740,1998-09-15,2006-09-30
299522af1a4643cd8a246f69cfe06adf,949c1729-b7ab-521d-ad1b-60772ec2276f,2006-10-02,2026-09-15
29c071c0f18f4bcfa9b29f74f95ce23e,77564945-b88d-5e96-9332-e474481cfc5c,1971-01-11,1994-06-21
29c071c0f18f4bcfa9b29f74f95ce23e,8d210c34-becf-5dbd-b1fe-15d608635374,1994-10-03,1998-09-14
29c071c0f18f4bcfa9b29f74f95ce23e,e1bb0035-d8f1-5350-8aa8-962b52b0553f,1998-09-15,2006-09-30
29c071c0f18f4bcfa9b29f74f95ce23e,98941c5a-79d5-5f93-bb5b-00774f03d021,2006-10-02,2014-09-29
29c071c0f18f4bcfa9b29f74f95ce23e,136bd5a8-3576-5b75-bc02-5e42ba984200,2014-09-29,2022-09-26
29c071c0f18f4bcfa9b29f74f95ce23e,98941c5a-79d5-5f93-bb5b-00774f03d021,2022-09-26,2026-09-15
2a43fb90c8df40e5ab22588ba63def01,ab10f2c3-d083-5c5a-b2ca-4a97f0410be8,1925-01-10,1928-06-08
2a43fb90c8df40e5ab22588ba63def01,9921f6f7-beb1-5224-826d-9b6e7c4114ed,1929-01-10,1968-12-12
2a43fb90c8df40e5ab22588ba63def01,5b619cc8-3825-577f-97f2-791ed8cbbf05,1969-01-10,1970-12-16
2a9cccb0f27243c1b8913a020222cc82,949c1729-b7ab-521d-ad1b-60772ec2276f,1971-01-11,2006-09-30
2a9cccb0f27243c1b8913a020222cc82,d14f5900-dbaa-535e-9291-6d184dee2316,2006-10-02,2010-10-04
2a9cccb0f27243c1b8913a020222cc82,0af335ba-25f1-581d-858f-437ea3adecea,2010-10-04,2018-09-24
2a9cccb0f27243c1b8913a020222cc82,75402d16-31ae-5692-a5a7-1008706a092a,2018-09-24,2026-09-15
2abddfb866e14ad8bcae3a513388c388,66c4e12f-d764-5309-805a-f277d91aeb7a,1925-01-10,1944-12-30
2abddfb866e14ad8bcae3a513388c388,46761fb0-8ace-53c0-8fbd-0a16c7fdc91d,1945-01-10,1948-12-23
2abddfb866e14ad8bcae3a513388c388,29c5f935-4b82-58f0-84b9-38fddeb478af,1949-01-10,1970-12-16
2b3f6a6896cc432b9de59bfe08cf0f43,f190408c-0f9c-57ed-8318-9273dced4a38,1925-01-10,1944-12-30
2b3f6a6896cc432b9de59bfe08cf0f43,5a911a22-b39d-5103-bb54-ad725a2f95c8,1945-01-10,1960-12-14
2b3f6a6896cc432b9de59bfe08cf0f43,060a7a45-fe70-554c-8395-60d9d522d523,1961-01-10,1970-12-16
2b81f5cd15ee43afbc573a7483de0229,b4e172a0-46d7-5354-96b4-2d766739c3d2,1925-01-10,1951-12-13
2b81f5cd15ee43afbc573a7483de0229,d534300a-5530-5600-b1af-7b1dd6723046,1952-01-10,1970-12-16
2bbd2fddec7e45f0999ce253b9a91118,f190408c-0f9c-57ed-8318-9273dced4a38,1925-01-10,1948-12-23
2bbd2fddec7e45f0999ce253b9a91118,5a911a22-b39d-5103-bb54-ad725a2f95c8,1949-01-10,1968-12-12
2bbd2fddec7e45f0999ce253b9a91118,060a7a45-fe70-554c-8395-60d9d522d523,1969-01-10,1970-12-16
2c06d33599984f988ce4083a4b8a447a,c1806dd8-c00e-56de-bec3-c28973b02d73,1925-01-10,1957-12-18
2c06d33599984f988ce4083a4b8a447a,b4e172a0-46d7-5354-96b4-2d766739c3d2,1958-01-10,1970-12-16
2c0c727aeac148199ee33233b2ab845e,850638eb-f41d-5b5e-91bc-07a7ef818918,1925-01-10,1964-12-17
2c0c727aeac148199ee33233b2ab845e,2ccd1e63-c4b8-53cc-8ef3-e9e95931d8f5,1965-01-11,1970-12-16
2c5498eb51284753901736f22c8d13cd,66149692-b5cc-50f8-a778-2131f28fe57d,1971-01-11,2006-09-30
2c5498eb51284753901736f22c8d13cd,9b204dc5-542a-5e3a-ac60-fe14c1cb46de,2006-10-02,2026-09-15
2c750c6225c54efdafb934489a0114ce,43274040-7203-53fb-845b-2b1afddb308c,1925-01-10,1948-12-23
2c750c6225c54efdafb934489a0114ce,c94900a7-e6d3-53ad-8ee2-5badba7c9876,1949-01-10,1968-12-12
2c750c6225c54efdafb934489a0114ce,e6d44948-949c-57bb-a181-ca34ac6ac813,1969-01-10,1970-12-16
2cff2080fcda40f6b313ec0c46e12d07,e81abcf9-5188-5367-ad40-4e793d4f55e3,1971-01-11,2006-09-30
2cff2080fcda40f6b313ec0c46e12d07,335f9c5a-a060-59bd-8e10-95c79ced3c98,2006-10-02,2014-09-29
2cff2080fcda40f6b313ec0c46e12d07,e81abcf9-5188-5367-ad40-4e793d4f55e3,2014-09-29,2026-09-15
2d6f00d838f441cdb343b4a743c624f3,0513f834-f476-5c55-878b-e62d2d14087d,1971-01-11,2006-09-30
2d6f00d838f441cdb343b4a743c624f3,0259c4e5-f8dc-555a-a982-bc145e6182ca,2006-10-02,2010-10-04
2d6f00d838f441cdb343b4a743c624f3,95fb07b4-04ab-5bf8-897a-40679b4451c4,2010-10-04,2014-09-29
2d6f00d838f441cdb343b4a743c624f3,0259c4e5-f8dc-555a-a982-bc145e6182ca,2014-09-29,2022-09-26
2d6f00d838f441cdb343b4a743c624f3,9ccaac05-e6d0-5ae0-af81-84815d9ba0e0,2022-09-26,2026-09-15
2f8ab53169da4e5ab7af62e435be4faa,e81abcf9-5188-5367-ad40-4e793d4f55e3,1971-01-11,1982-06-12
2f8ab53169da4e5ab7af62e435be4faa,88dc2372-1608-57b0-b0e6-1a789be8dec9,1982-10-04,1985-06-11
2f8ab53169da4e5ab7af62e435be4faa,e81abcf9-5188-5367-ad40-4e793d4f55e3,1985-09-30,1988-06-10
2f8ab53169da4e5ab7af62e435be4faa,88dc2372-1608-57b0-b0e6-1a789be8dec9,1988-10-03,1994-06-21
2f8ab53169da4e5ab7af62e435be4faa,e81abcf9-5188-5367-ad40-4e793d4f55e3,1994-10-03,1998-09-14
2f8ab53169da4e5ab7af62e435be4faa,88dc2372-1608-57b0-b0e6-1a789be8dec9,1998-09-15,2006-09-30
2f8ab53169da4e5ab7af62e435be4faa,1aed974b-1504-5223-9940-b9a0d45845cd,2006-10-02,2014-09-29
2f8ab53169da4e5ab7af62e435be4faa,66149692-b5cc-50f8-a778-2131f28fe57d,2014-09-29,2018-09-24
2f8ab53169da4e5ab7af62e435be4faa,03c44b66-74b5-5b6f-a92f-365fcb5806de,2018-09-24,2026-09-15
2fbae6e9afa244f9ad27f4687fbbde36,46761fb0-8ace-53c0-8fbd-0a16c7fdc91d,1925-01-10,1932-06-20
2fbae6e9afa244f9ad27f4687fbbde36,29c5f935-4b82-58f0-84b9-38fddeb478af,1933-01-10,1964-12-17
2fbae6e9afa244f9ad27f4687fbbde36,b3d2ec8f-3f84-5cdd-90b2-eda30fe3e65d,1965-01-11,1970-12-16
2fc32e7008e849289405aaeeeb3166a0,66149692-b5cc-50f8-a778-2131f28fe57d,1971-01-11,1988-06-10
2fc32e7008e849289405aaeeeb3166a0,6a5c15bf-688e-5a49-a539-c0eab6478b72,1988-10-03,1994-06-21
2fc32e7008e849289405aaeeeb3166a0,66149692-b5cc-50f8-a778-2131f28fe57d,1994-10-03,1998-09-14
2fc32e7008e849289405aaeeeb3166a0,6a5c15bf-688e-5a49-a539-c0eab6478b72,1998-09-15,2006-09-30
2fc32e7008e849289405aaeeeb3166a0,3ed93b54-6eb2-5b8d-865d-7587a0486881,2006-10-02,2010-10-04
2fc32e7008e849289405aaeeeb3166a0,1aed974b-1504-5223-9940-b9a0d45845cd,2010-10-04,2022-09-26
2fc32e7008e849289405aaeeeb3166a0,9bef2d8f-9970-5df1-97fa-4941035d4740,2022-09-26,2026-09-15
302d395097be4841bec59bc8a477128e,75402d16-31ae-5692-a5a7-1008706a092a,1971-01-11,2006-09-30
302d395097be4841bec59bc8a477128e,b4b85329-707b-5b48-8276-04b0980850d3,2006-10-02,2014-09-29
302d395097be4841bec59bc8a477128e,03c44b66-74b5-5b6f-a92f-365fcb5806de,2014-09-29,2018-09-24
302d395097be4841bec59bc8a477128e,6a5c15bf-688e-5a49-a539-c0eab6478b72,2018-09-24,2022-09-26
302d395097be4841bec59bc8a477128e,66149692-b5cc-50f8-a778-2131f28fe57d,2022-09-26,2026-09-15
3050975cd75d45919aa72474493820a6,d5171f25-e144-57e0-8818-475a87cc5809,1971-01-11,1998-09-14
3050975cd75d45919aa72474493820a6,90a5c436-9d88-53bb-b9e9-7314a438703f,1998-09-15,2002-09-29
3050975cd75d45919aa72474493820a6,352b9fa6-6250-564e-9522-46f6a36097fe,2002-09-30,2006-09-30
3050975cd75d45919aa72474493820a6,75402d16-31ae-5692-a5a7-1008706a092a,2006-10-02,2026-09-15
31afb328d210446f862b36255a30f0d5,88dc2372-1608-57b0-b0e6-1a789be8dec9,1971-01-11,1988-06-10
31afb328d210446f862b36255a30f0d5,d34944b2-a7de-580f-a21e-a5691c785c8b,1988-10-03,1994-06-21
31afb328d210446f862b36255a30f0d5,88dc2372-1608-57b0-b0e6-1a789be8dec9,1994-10-03,1998-09-14
31afb328d210446f862b36255a30f0d5,3ed93b54-6eb2-5b8d-865d-7587a0486881,1998-09-15,2006-09-30
31afb328d210446f862b36255a30f0d5,3b8cf955-bf93-520c-a3fe-c4a47a38a4bb,2006-10-02,2022-09-26
31afb328d210446f862b36255a30f0d5,dec7e907-68a3-5977-b0b2-267422de26fb,2022-09-26,2026-09-15
3216bd72ce514deeb8a0ef4f0512ba1a,dec7e907-68a3-5977-b0b2-267422de26fb,1971-01-11,2006-09-30
3216bd72ce514deeb8a0ef4f0512ba1a,90a5c436-9d88-53bb-b9e9-7314a438703f,2006-10-02,2018-09-24
3216bd72ce514deeb8a0ef4f0512ba1a,352b9fa6-6250-564e-9522-46f6a36097fe,2018-09-24,2022-09-26
3216bd72ce514deeb8a0ef4f0512ba1a,90a5c436-9d88-53bb-b9e9-7314a438703f,2022-09-26,2026-09-15
32291210afbe44f284dd2b2f7111cc41,66149692-b5cc-50f8-a778-2131f28fe57d,1971-01-11,1988-06-10
32291210afbe44f284dd2b2f7111cc41,6a5c15bf-688e-5a49-a539-c0eab6478b72,1988-10-03,1991-06-20
32291210afbe44f284dd2b2f7111cc41,66149692-b5cc-50f8-a778-2131f28fe57d,1991-09-30,1998-09-14
32291210afbe44f284dd2b2f7111cc41,6a5c15bf-688e-5a49-a539-c0eab6478b72,1998-09-15,2006-09-30
32291210afbe44f284dd2b2f7111cc41,3ed93b54-6eb2-5b8d-865d-7587a0486881,2006-10-02,2010-10-04
32291210afbe44f284dd2b2f7111cc41,1aed974b-1504-5223-9940-b9a0d45845cd,2010-10-04,2022-09-26
32291210afbe44f284dd2b2f7111cc41,9bef2d8f-9970-5df1-97fa-4941035d4740,2022-09-26,2026-09-15
322b08a0393e4eff9fd6b578cda4be93,1a7d6b60-4c46-50ef-97fa-502f0b3ced2c,1925-01-10,1928-06-08
322b08a0393e4eff9fd6b578cda4be93,43274040-7203-53fb-845b-2b1afddb308c,1929-01-10,1956-12-13
322b08a0393e4eff9fd6b578cda4be93,c94900a7-e6d3-53ad-8ee2-5badba7c9876,1957-01-10,1968-12-12
322b08a0393e4eff9fd6b578cda4be93,e6d44948-949c-57bb-a181-ca34ac6ac813,1969-01-10,1970-12-16
3243d9290f5f46a28967dca928688b71,0af335ba-25f1-581d-858f-437ea3adecea,1971-01-11,2006-09-30
3243d9290f5f46a28967dca928688b71,03c44b66-74b5-5b6f-a92f-365fcb5806de,2006-10-02,2018-09-24
3243d9290f5f46a28967dca928688b71,6a5c15bf-688e-5a49-a539-c0eab6478b72,2018-09-24,2022-09-26
3243d9290f5f46a28967dca928688b71,66149692-b5cc-50f8-a778-2131f28fe57d,2022-09-26,2026-09-15
331f88d74fff4d7eaedfd2b575651c82,b7bcdd69-c525-5716-a985-a12260f20f70,1925-01-10,1964-12-17
331f88d74fff4d7eaedfd2b575651c82,7671d1a1-b494-53ab-9ea8-59b8fbcdffc5,1965-01-11,1970-12-16
333920336f3646278356d9dc636ff869,d534300a-5530-5600-b1af-7b1dd6723046,1925-01-10,1951-12-13
333920336f3646278356d9dc636ff869,6618cb64-f32d-5806-a07f-3b914964eb26,1952-01-10,1970-12-16
33d2d685f3af40a2b4aa56361ae0c43c,136bd5a8-3576-5b75-bc02-5e42ba984200,1971-01-11,2006-09-30
33d2d685f3af40a2b4aa56361ae0c43c,949c1729-b7ab-521d-ad1b-60772ec2276f,2006-10-02,2026-09-15
33ee16f06f264245960f76c110f8073e,75402d16-31ae-5692-a5a7-1008706a092a,1971-01-11,2006-09-30
33ee16f06f264245960f76c110f8073e,88dc2372-1608-57b0-b0e6-1a789be8dec9,2006-10-02,2014-09-29
33ee16f06f264245960f76c110f8073e,0513f834-f476-5c55-878b-e62d2d14087d,2014-09-29,2018-09-24
33ee16f06f264245960f76c110f8073e,88dc2372-1608-57b0-b0e6-1a789be8dec9,2018-09-24,2022-09-26
33ee16f06f264245960f76c110f8073e,3ed93b54-6eb2-5b8d-865d-7587a0486881,2022-09-26,2026-09-15
33f9b95a5dd2447bb925427374234d1d,e86227ba-7ea9-5302-81b6-461749b8b4fd,1925-01-10,1951-12-13
33f9b95a5dd2447bb925427374234d1d,79c143d0-423e-582c-881d-0abf0a4cea5c,1952-01-10,1970-12-16
3416743024f140bfa96a874fe3fa2f28,632495bb-e961-5581-9345-278a353d0405,1925-01-10,1961-12-15
3416743024f140bfa96a874fe3fa2f28,39f50a3e-9748-5cbb-899c-fce5af24b249,1962-01-10,1970-12-16
34ad45b358764a388b53c45ae1ce3681,977a727a-b31d-5b48-ac60-f7538811f206,1958-01-10,1970-12-16
353bc6116c8342efbefd6128769d21a5,1a7d6b60-4c46-50ef-97fa-502f0b3ced2c,1925-01-10,1964-12-17
353bc6116c8342efbefd6128769d21a5,43274040-7203-53fb-845b-2b1afddb308c,1965-01-11,1970-12-16
3569bd7e162e4e72af52994de58b630b,3b8cf955-bf93-520c-a3fe-c4a47a38a4bb,1971-01-11,1976-06-04
3569bd7e162e4e72af52994de58b630b,dec7e907-68a3-5977-b0b2-267422de26fb,1976-10-04,1985-06-11
3569bd7e162e4e72af52994de58b630b,3b8cf955-bf93-520c-a3fe-c4a47a38a4bb,1985-09-30,1988-06-10
3569bd7e162e4e72af52994de58b630b,dec7e907-68a3-5977-b0b2-267422de26fb,1988-10-03,1991-06-20
3569bd7e162e4e72af52994de58b630b,3b8cf955-bf93-520c-a3fe-c4a47a38a4bb,1991-09-30,1998-09-14
3569bd7e162e4e72af52994de58b630b,dec7e907-68a3-5977-b0b2-267422de26fb,1998-09-15,2006-09-30
3569bd7e162e4e72af52994de58b630b,88dc2372-1608-57b0-b0e6-1a789be8dec9,2006-10-02,2022-09-26
3569bd7e162e4e72af52994de58b630b,3ed93b54-6eb2-5b8d-865d-7587a0486881,2022-09-26,2026-09-15
357c93423fc242369b7a716da3911f88,6618cb64-f32d-5806-a07f-3b914964eb26,1925-01-10,1970-12-16
35a5b1baf8444345a92c30717a6e4ea0,66149692-b5cc-50f8-a778-2131f28fe57d,1971-01-11,2006-09-30
35a5b1baf8444345a92c30717a6e4ea0,949c1729-b7ab-521d-ad1b-60772ec2276f,2006-10-02,2026-09-15
36316054c0874b9cbb708b9cde69a30c,ce2cfedc-94fe-5e5e-9134-ce27a7ce4f48,1971-01-11,1994-06-21
36316054c0874b9cbb708b9cde69a30c,c8cd016a-8b2b-5bc2-8fc9-e8ac0f5ba65a,1994-10-03,1998-09-14
36316054c0874b9cbb708b9cde69a30c,b4b85329-707b-5b48-8276-04b0980850d3,1998-09-15,2002-09-29
36316054c0874b9cbb708b9cde69a30c,e1bb0035-d8f1-5350-8aa8-962b52b0553f,2002-09-30,2006-09-30
36316054c0874b9cbb708b9cde69a30c,75402d16-31ae-5692-a5a7-1008706a092a,2006-10-02,2026-09-15
365de44772fe49e1b140c717adf92345,6a5c15bf-688e-5a49-a539-c0eab6478b72,1971-01-11,1994-06-21
365de44772fe49e1b140c717adf92345,66149692-b5cc-50f8-a778-2131f28fe57d,1994-10-03,1998-09-14
365de44772fe49e1b140c717adf92345,6a5c15bf-688e-5a49-a539-c0eab6478b72,1998-09-15,2006-09-30
365de44772fe49e1b140c717adf92345,66149692-b5cc-50f8-a778-2131f28fe57d,2006-10-02,2012-09-18
365de44772fe49e1b140c717adf92345,6a5c15bf-688e-5a49-a539-c0eab6478b72,2012-09-18,2014-09-29
365de44772fe49e1b140c717adf92345,66149692-b5cc-50f8-a778-2131f28fe57d,2014-09-29,2022-09-26
365de44772fe49e1b140c717adf92345,6a5c15bf-688e-5a49-a539-c0eab6478b72,2022-09-26,2026-09-15
36a8351c9a1745abb1962efe75661ae7,1a7d6b60-4c46-50ef-97fa-502f0b3ced2c,1925-01-10,1964-12-17
36a8351c9a1745abb1962efe75661ae7,43274040-7203-53fb-845b-2b1afddb308c,1965-01-11,1970-12-16
3703b659ded14badbfb29e986934dbaf,c1806dd8-c00e-56de-bec3-c28973b02d73,1925-01-10,1961-12-15
3703b659ded14badbfb29e986934dbaf,b4e172a0-46d7-5354-96b4-2d766739c3d2,1962-01-10,1970-12-16
370b1e64f5fc428b95725008fbb1b58d,f190408c-0f9c-57ed-8318-9273dced4a38,1925-01-10,1928-06-08
370b1e64f5fc428b95725008fbb1b58d,5a911a22-b39d-5103-bb54-ad725a2f95c8,1929-01-10,1948-12-23
370b1e64f5fc428b95725008fbb1b58d,060a7a45-fe70-554c-8395-60d9d522d523,1949-01-10,1964-12-17
370b1e64f5fc428b95725008fbb1b58d,899ddaec-b4d0-557f-b637-39829a0fe0f1,1965-01-11,1970-12-16
371f8a0cf4a14c91acebfc173d824012,949c1729-b7ab-521d-ad1b-60772ec2276f,1971-01-11,2006-09-30
371f8a0cf4a14c91acebfc173d824012,75402d16-31ae-5692-a5a7-1008706a092a,2006-10-02,2010-10-04
371f8a0cf4a14c91acebfc173d824012,949c1729-b7ab-521d-ad1b-60772ec2276f,2010-10-04,2026-09-15
373812d2f8e84cb5b2d36e43f663601f,949c1729-b7ab-521d-ad1b-60772ec2276f,1971-01-11,2006-09-30
373812d2f8e84cb5b2d36e43f663601f,75402d16-31ae-5692-a5a7-1008706a092a,2006-10-02,2022-09-26
373812d2f8e84cb5b2d36e43f663601f,949c1729-b7ab-521d-ad1b-60772ec2276f,2022-09-26,2026-09-15
3748a057ba4d4b2b812282c64ef5cc51,75402d16-31ae-5692-a5a7-1008706a092a,1971-01-11,2006-09-30
3748a057ba4d4b2b812282c64ef5cc51,d14f5900-dbaa-535e-9291-6d184dee2316,2006-10-02,2010-10-04
3748a057ba4d4b2b812282c64ef5cc51,0af335ba-25f1-581d-858f-437ea3adecea,2010-10-04,2022-09-26
3748a057ba4d4b2b812282c64ef5cc51,d14f5900-dbaa-535e-9291-6d184dee2316,2022-09-26,2026-09-15
37912af815c34dad94941cee55e46930,c29ab651-c882-5372-b400-c1315400b6b3,1925-01-10,1970-12-16
37f85a2f3df94738af2c8d7fbbd7d46a,72b06389-e8cc-5a7f-97bd-b697e29d92e9,1971-01-11,1998-09-14
37f85a2f3df94738af2c8d7fbbd7d46a,03c44b66-74b5-5b6f-a92f-365fcb5806de,1998-09-15,2006-09-30
37f85a2f3df94738af2c8d7fbbd7d46a,95fb07b4-04ab-5bf8-897a-40679b4451c4,2006-10-02,2010-10-04
37f85a2f3df94738af2c8d7fbbd7d46a,9ccaac05-e6d0-5ae0-af81-84815d9ba0e0,2010-10-04,2014-09-29
37f85a2f3df94738af2c8d7fbbd7d46a,95fb07b4-04ab-5bf8-897a-40679b4451c4,2014-09-29,2018-09-24
37f85a2f3df94738af2c8d7fbbd7d46a,3b8cf955-bf93-520c-a3fe-c4a47a38a4bb,2018-09-24,2022-09-26
37f85a2f3df94738af2c8d7fbbd7d46a,95fb07b4-04ab-5bf8-897a-40679b4451c4,2022-09-26,2026-09-15
38e07abfcaed49e48602c97ee75bc12e,0af335ba-25f1-581d-858f-437ea3adecea,1971-01-11,2002-09-29
38e07abfcaed49e48602c97ee75bc12e,75402d16-31ae-5692-a5a7-1008706a092a,2002-09-30,2006-09-30
38e07abfcaed49e48602c97ee75bc12e,03c44b66-74b5-5b6f-a92f-365fcb5806de,2006-10-02,2018-09-24
38e07abfcaed49e48602c97ee75bc12e,6a5c15bf-688e-5a49-a539-c0eab6478b72,2018-09-24,2022-09-26
38e07abfcaed49e48602c97ee75bc12e,66149692-b5cc-50f8-a778-2131f28fe57d,2022-09-26,2026-09-15
39507c9fa4944c75886d833e12225a65,dec7e907-68a3-5977-b0b2-267422de26fb,1971-01-11,1988-06-10
39507c9fa4944c75886d833e12225a65,d14f5900-dbaa-535e-9291-6d184dee2316,1988-10-03,1991-06-20
39507c9fa4944c75886d833e12225a65,dec7e907-68a3-5977-b0b2-267422de26fb,1991-09-30,1998-09-14
39507c9fa4944c75886d833e12225a65,d14f5900-dbaa-535e-9291-6d184dee2316,1998-09-15,2006-09-30
39507c9fa4944c75886d833e12225a65,dec7e907-68a3-5977-b0b2-267422de26fb,2006-10-02,2026-09-15
397a477904d4454087c3ae042c88fe8c,d14f5900-dbaa-535e-9291-6d184dee2316,1971-01-11,2006-09-30
397a477904d4454087c3ae042c88fe8c,75402d16-31ae-5692-a5a7-1008706a092a,2006-10-02,2026-09-15
3a33edf4cbe94455be869f7cf2c4f9f5,ab10f2c3-d083-5c5a-b2ca-4a97f0410be8,1925-01-10,1944-12-30
3a33edf4cbe94455be869f7cf2c4f9f5,9921f6f7-beb1-5224-826d-9b6e7c4114ed,1945-01-10,1970-12-16
3ab22b1d5a924e7abdb1a1d1aa21d3e6,ce2cfedc-94fe-5e5e-9134-ce27a7ce4f48,1971-01-11,1994-06-21
3ab22b1d5a924e7abdb1a1d1aa21d3e6,c8cd016a-8b2b-5bc2-8fc9-e8ac0f5ba65a,1994-10-03,1998-09-14
3ab22b1d5a924e7abdb1a1d1aa21d3e6,b4b85329-707b-5b48-8276-04b0980850d3,1998-09-15,2006-09-30
3ab22b1d5a924e7abdb1a1d1aa21d3e6,0af335ba-25f1-581d-858f-437ea3adecea,2006-10-02,2010-10-04
3ab22b1d5a924e7abdb1a1d1aa21d3e6,3b8cf955-bf93-520c-a3fe-c4a47a38a4bb,2010-10-04,2012-09-18
3ab22b1d5a924e7abdb1a1d1aa21d3e6,d14f5900-dbaa-535e-9291-6d184dee2316,2012-09-18,2018-09-24
3ab22b1d5a924e7abdb1a1d1aa21d3e6,0af335ba-25f1-581d-858f-437ea3adecea,2018-09-24,2026-09-15
3ad9cd91dfd54274b111c1779be9c724,9921f6f7-beb1-5224-826d-9b6e7c4114ed,1925-01-10,1948-12-23
3ad9cd91dfd54274b111c1779be9c724,5b619cc8-3825-577f-97f2-791ed8cbbf05,1949-01-10,1970-12-16
3b85214bc5b648cba810b4d041a6edf0,1b9b3b5b-7c11-5f64-978c-e1d1b2002a5c,1925-01-10,1956-12-13
3b85214bc5b648cba810b4d041a6edf0,32a49115-dad0-5644-afea-6515d72a2fa2,1957-01-10,1970-12-16
3bd7683369c6480799b85d24976a2e05,6618cb64-f32d-5806-a07f-3b914964eb26,1925-01-10,1970-12-16
3bfe1762084b4531bbb97c0d5495414a,77564945-b88d-5e96-9332-e474481cfc5c,1971-01-11,1994-06-21
3bfe1762084b4531bbb97c0d5495414a,8d210c34-becf-5dbd-b1fe-15d608635374,1994-10-03,1998-09-14
3bfe1762084b4531bbb97c0d5495414a,e1bb0035-d8f1-5350-8aa8-962b52b0553f,1998-09-15,2006-09-30
3bfe1762084b4531bbb97c0d5495414a,98941c5a-79d5-5f93-bb5b-00774f03d021,2006-10-02,2014-09-29
3bfe1762084b4531bbb97c0d5495414a,136bd5a8-3576-5b75-bc02-5e42ba984200,2014-09-29,2022-09-26
3bfe1762084b4531bbb97c0d5495414a,98941c5a-79d5-5f93-bb5b-00774f03d021,2022-09-26,2026-09-15
3cb07dc6e5b0484c8b4dee43cd3fb313,0af335ba-25f1-581d-858f-437ea3adecea,1971-01-11,2006-09-30
3cb07dc6e5b0484c8b4dee43cd3fb313,3ed93b54-6eb2-5b8d-865d-7587a0486881,2006-10-02,2018-09-24
3cb07dc6e5b0484c8b4dee43cd3fb313,9bef2d8f-9970-5df1-97fa-4941035d4740,2018-09-24,2022-09-26
3cb07dc6e5b0484c8b4dee43cd3fb313,1aed974b-1504-5223-9940-b9a0d45845cd,2022-09-26,2026-09-15
3ccc2586561a4c15a8e6d18c5d1711d2,6618cb64-f32d-5806-a07f-3b914964eb26,1925-01-10,1970-12-16
3cde0f697fec46dda3645a2e20e80b34,949c1729-b7ab-521d-ad1b-60772ec2276f,1971-01-11,2006-09-30
3cde0f697fec46dda3645a2e20e80b34,352b9fa6-6250-564e-9522-46f6a36097fe,2006-10-02,2010-10-04
3cde0f697fec46dda3645a2e20e80b34,90a5c436-9d88-53bb-b9e9-7314a438703f,2010-10-04,2014-09-29
3cde0f697fec46dda3645a2e20e80b34,352b9fa6-6250-564e-9522-46f6a36097fe,2014-09-29,2018-09-24
3cde0f697fec46dda3645a2e20e80b34,592c89e6-ed06-5678-85d5-3a81f32dd83f,2018-09-24,2022-09-26
3cde0f697fec46dda3645a2e20e80b34,90a5c436-9d88-53bb-b9e9-7314a438703f,2022-09-26,2026-09-15
3d03c179608e41838d4c411f58460fd9,136bd5a8-3576-5b75-bc02-5e42ba984200,1971-01-11,2006-09-30
3d03c179608e41838d4c411f58460fd9,75402d16-31ae-5692-a5a7-1008706a092a,2006-10-02,2010-10-04
3d03c179608e41838d4c411f58460fd9,d14f5900-dbaa-535e-9291-6d184dee2316,2010-10-04,2014-09-29
3d03c179608e41838d4c411f58460fd9,75402d16-31ae-5692-a5a7-1008706a092a,2014-09-29,2026-09-15
3e556f13023e48d1a9c9d16e34996bd3,949c1729-b7ab-521d-ad1b-60772ec2276f,1971-01-11,2006-09-30
3e556f13023e48d1a9c9d16e34996bd3,dec7e907-68a3-5977-b0b2-267422de26fb,2006-10-02,2010-10-04
3e556f13023e48d1a9c9d16e34996bd3,352b9fa6-6250-564e-9522-46f6a36097fe,2010-10-04,2018-09-24
3e556f13023e48d1a9c9d16e34996bd3,9ccaac05-e6d0-5ae0-af81-84815d9ba0e0,2018-09-24,2022-09-26
3e556f13023e48d1a9c9d16e34996bd3,592c89e6-ed06-5678-85d5-3a81f32dd83f,2022-09-26,2026-09-15
3e8bf9deaf0b49289aaf04eefee6f413,c94900a7-e6d3-53ad-8ee2-5badba7c9876,1925-01-10,1956-12-13
3e8bf9deaf0b49289aaf04eefee6f413,1b9b3b5b-7c11-5f64-978c-e1d1b2002a5c,1957-01-10,1968-12-12
3e8bf9deaf0b49289aaf04eefee6f413,e6d44948-949c-57bb-a181-ca34ac6ac813,1969-01-10,1970-12-16
3ee4b74a1f1343acb764ca0013765194,aba3654d-c18d-541b-b3cc-d11c7f96ec6f,1925-01-10,1970-12-16
3fa919c76fe642f8bb34a3e8772b3fe4,39f50a3e-9748-5cbb-899c-fce5af24b249,1925-01-10,1951-12-13
3fa919c76fe642f8bb34a3e8772b3fe4,e86227ba-7ea9-5302-81b6-461749b8b4fd,1952-01-10,1970-12-16
3fc4554b1cd74df6945f893f27ee65b9,7113b2cc-9972-5065-b2dd-77a7e868113a,1971-01-11,2006-09-30
3fc4554b1cd74df6945f893f27ee65b9,335f9c5a-a060-59bd-8e10-95c79ced3c98,2006-10-02,2010-10-04
3fc4554b1cd74df6945f893f27ee65b9,e81abcf9-5188-5367-ad40-4e793d4f55e3,2010-10-04,2014-09-29
3fc4554b1cd74df6945f893f27ee65b9,335f9c5a-a060-59bd-8e10-95c79ced3c98,2014-09-29,2018-09-24
3fc4554b1cd74df6945f893f27ee65b9,e81abcf9-5188-5367-ad40-4e793d4f55e3,2018-09-24,2026-09-15
402d702ec0fa4297bc0449fa677ff0d0,5a911a22-b39d-5103-bb54-ad725a2f95c8,1925-01-10,1932-06-20
402d702ec0fa4297bc0449fa677ff0d0,060a7a45-fe70-554c-8395-60d9d522d523,1933-01-10,1948-12-23
402d702ec0fa4297bc0449fa677ff0d0,899ddaec-b4d0-557f-b637-39829a0fe0f1,1949-01-10,1970-12-16
40aa4efd765f4e388b9a5729ab4c41a6,136bd5a8-3576-5b75-bc02-5e42ba984200,1971-01-11,1998-09-14
40aa4efd765f4e388b9a5729ab4c41a6,98941c5a-79d5-5f93-bb5b-00774f03d021,1998-09-15,2002-09-29
40aa4efd765f4e388b9a5729ab4c41a6,136bd5a8-3576-5b75-bc02-5e42ba984200,2002-09-30,2006-09-30
40aa4efd765f4e388b9a5729ab4c41a6,7113b2cc-9972-5065-b2dd-77a7e868113a,2006-10-02,2022-09-26
40aa4efd765f4e388b9a5729ab4c41a6,9b204dc5-542a-5e3a-ac60-fe14c1cb46de,2022-09-26,2026-09-15
40b64a3c097441839266e13994f6ce03,be377f3a-8cd1-587c-a143-bf5d0cf4b3a0,1925-01-10,1956-12-13
40b64a3c097441839266e13994f6ce03,e8fdd33e-33e7-5173-b67a-6f4fba71e4c2,1957-01-10,1970-12-16
40e8517dacb945daa411827ee4d2ce0c,977a727a-b31d-5b48-ac60-f7538811f206,1925-01-10,1970-12-16
410e4fec83c4488f9932a39b47c7036b,32a49115-dad0-5644-afea-6515d72a2fa2,1925-01-10,1928-06-08
410e4fec83c4488f9932a39b47c7036b,40f4f3db-cc8b-56b3-9b72-ec5a1a7070f7,1929-01-10,1964-12-17
410e4fec83c4488f9932a39b47c7036b,ab10f2c3-d083-5c5a-b2ca-4a97f0410be8,1965-01-11,1970-12-16
4143abc6665b42f6a42d8fdf440b11a9,6618cb64-f32d-5806-a07f-3b914964eb26,1925-01-10,1970-12-16
414fc1da480e4bebb8e0c61b0243811c,79c143d0-423e-582c-881d-0abf0a4cea5c,1925-01-10,1970-12-16
4359bb5282334da098924dcfc12fae9f,c29ab651-c882-5372-b400-c1315400b6b3,1925-01-10,1970-12-16
4372faa731174ced969fd6c2379da552,75402d16-31ae-5692-a5a7-1008706a092a,1971-01-11,2006-09-30
4372faa731174ced969fd6c2379da552,0513f834-f476-5c55-878b-e62d2d14087d,2006-10-02,2010-10-04
4372faa731174ced969fd6c2379da552,98941c5a-79d5-5f93-bb5b-00774f03d021,2010-10-04,2018-09-24
4372faa731174ced969fd6c2379da552,88073719-4eb3-5370-acd3-f061ef80e1f6,2018-09-24,2022-09-26
4372faa731174ced969fd6c2379da552,98941c5a-79d5-5f93-bb5b-00774f03d021,2022-09-26,2026-09-15
4385bc33ac4b4b79a537c1da5bb76b17,c29ab651-c882-5372-b400-c1315400b6b3,1925-01-10,1970-12-16
43972cf6981241cdac53a44e804983b9,66c4e12f-d764-5309-805a-f277d91aeb7a,1925-01-10,1928-06-08
43972cf6981241cdac53a44e804983b9,46761fb0-8ace-53c0-8fbd-0a16c7fdc91d,1929-01-10,1948-12-23
43972cf6981241cdac53a44e804983b9,29c5f935-4b82-58f0-84b9-38fddeb478af,1949-01-10,1968-12-12
43972cf6981241cdac53a44e804983b9,b3d2ec8f-3f84-5cdd-90b2-eda30fe3e65d,1969-01-10,1970-12-16
439eb025d6cb4068b670192f6da0bf56,75402d16-31ae-5692-a5a7-1008706a092a,1971-01-11,2026-09-15
43b94974be9b456491b1d0ddc0797ac3,32a49115-dad0-5644-afea-6515d72a2fa2,1925-01-10,1964-12-17
43b94974be9b456491b1d0ddc0797ac3,40f4f3db-cc8b-56b3-9b72-ec5a1a7070f7,1965-01-11,1970-12-16
43bd0924e9b441dc9739817065ba7c62,3b8cf955-bf93-520c-a3fe-c4a47a38a4bb,1971-01-11,2002-09-29
43bd0924e9b441dc9739817065ba7c62,dec7e907-68a3-5977-b0b2-267422de26fb,2002-09-30,2006-09-30
43bd0924e9b441dc9739817065ba7c62,9b204dc5-542a-5e3a-ac60-fe14c1cb46de,2006-10-02,2018-09-24
43bd0924e9b441dc9739817065ba7c62,88073719-4eb3-5370-acd3-f061ef80e1f6,2018-09-24,2022-09-26
43bd0924e9b441dc9739817065ba7c62,7113b2cc-9972-5065-b2dd-77a7e868113a,2022-09-26,2026-09-15
43ebad8be08a46f697e4fbbf39cb8a3a,c1806dd8-c00e-56de-bec3-c28973b02d73,1925-01-10,1956-12-13
43ebad8be08a46f697e4fbbf39cb8a3a,b4e172a0-46d7-5354-96b4-2d766739c3d2,1957-01-10,1970-12-16
44605186675749b699b32aacd333c93b,52d3be74-04c2-5ef4-ac33-10731fc6f074,1925-01-10,1970-12-16
446d55201fc247dcb9492e055c015d27,483bb97a-ce72-54f6-a4c4-49b240eb5341,1925-01-10,1934-06-21
446d55201fc247dcb9492e055c015d27,789d2e28-3b2d-5bc6-9425-4c454f3efeec,1935-01-10,1943-12-30
446d55201fc247dcb9492e055c015d27,483bb97a-ce72-54f6-a4c4-49b240eb5341,1944-01-10,1970-12-16
448cba2482534e8785ef92b5e1d1570d,71e15575-7c78-51b0-9d82-5d2a233e8e87,1925-01-10,1970-12-16
454cdbf437174ec6a5699d3d3cc14a84,66149692-b5cc-50f8-a778-2131f28fe57d,1971-01-11,2002-09-29
454cdbf437174ec6a5699d3d3cc14a84,6a5c15bf-688e-5a49-a539-c0eab6478b72,2002-09-30,2006-09-30
454cdbf437174ec6a5699d3d3cc14a84,0513f834-f476-5c55-878b-e62d2d14087d,2006-10-02,2010-10-04
454cdbf437174ec6a5699d3d3cc14a84,335f9c5a-a060-59bd-8e10-95c79ced3c98,2010-10-04,2014-09-29
454cdbf437174ec6a5699d3d3cc14a84,e81abcf9-5188-5367-ad40-4e793d4f55e3,2014-09-29,2026-09-15
455f59d25992431fb9f9ddeb550e1062,72b06389-e8cc-5a7f-97bd-b697e29d92e9,1971-01-11,1998-09-14
455f59d25992431fb9f9ddeb550e1062,03c44b66-74b5-5b6f-a92f-365fcb5806de,1998-09-15,2002-09-29
455f59d25992431fb9f9ddeb550e1062,66149692-b5cc-50f8-a778-2131f28fe57d,2002-09-30,2006-09-30
455f59d25992431fb9f9ddeb550e1062,95fb07b4-04ab-5bf8-897a-40679b4451c4,2006-10-02,2010-10-04
455f59d25992431fb9f9ddeb550e1062,9ccaac05-e6d0-5ae0-af81-84815d9ba0e0,2010-10-04,2014-09-29
455f59d25992431fb9f9ddeb550e1062,95fb07b4-04ab-5bf8-897a-40679b4451c4,2014-09-29,2018-09-24
455f59d25992431fb9f9ddeb550e1062,3b8cf955-bf93-520c-a3fe-c4a47a38a4bb,2018-09-24,2022-09-26
455f59d25992431fb9f9ddeb550e1062,95fb07b4-04ab-5bf8-897a-40679b4451c4,2022-09-26,2026-09-15
458566adab244f82b1e038b6ea65586d,3dcfde6e-898d-5524-ad57-3dd1df3ddd34,1925-01-10,1970-12-16
458cc31ed0b44cccbc9aca3b6de283e6,88dc2372-1608-57b0-b0e6-1a789be8dec9,1971-01-11,2006-09-30
458cc31ed0b44cccbc9aca3b6de283e6,e1bb0035-d8f1-5350-8aa8-962b52b0553f,2006-10-02,2018-09-24
458cc31ed0b44cccbc9aca3b6de283e6,0259c4e5-f8dc-555a-a982-bc145e6182ca,2018-09-24,2026-09-15
465ee5cdad4149b79059de7ace3a33ea,72b06389-e8cc-5a7f-97bd-b697e29d92e9,1971-01-11,1998-09-14
465ee5cdad4149b79059de7ace3a33ea,03c44b66-74b5-5b6f-a92f-365fcb5806de,1998-09-15,2002-09-29
465ee5cdad4149b79059de7ace3a33ea,66149692-b5cc-50f8-a778-2131f28fe57d,2002-09-30,2006-09-30
465ee5cdad4149b79059de7ace3a33ea,3b8cf955-bf93-520c-a3fe-c4a47a38a4bb,2006-10-02,2018-09-24
465ee5cdad4149b79059de7ace3a33ea,dec7e907-68a3-5977-b0b2-267422de26fb,2018-09-24,2026-09-15
47059f015e254b4eb5213ef94a9eb159,ce2cfedc-94fe-5e5e-9134-ce27a7ce4f48,1971-01-11,1994-06-21
47059f015e254b4eb5213ef94a9eb159,c8cd016a-8b2b-5bc2-8fc9-e8ac0f5ba65a,1994-10-03,1998-09-14
47059f015e254b4eb5213ef94a9eb159,b4b85329-707b-5b48-8276-04b0980850d3,1998-09-15,2006-09-30
47059f015e254b4eb5213ef94a9eb159,3b8cf955-bf93-520c-a3fe-c4a47a38a4bb,2006-10-02,2014-09-29
47059f015e254b4eb5213ef94a9eb159,dec7e907-68a3-5977-b0b2-267422de26fb,2014-09-29,2026-09-15
471c651486bb419cafcfcbe9ec6ede05,977a727a-b31d-5b48-ac60-f7538811f206,1925-01-10,1970-12-16
476a77a0de01460298daf1ba716eb437,dec7e907-68a3-5977-b0b2-267422de26fb,1971-01-11,2006-09-30
476a77a0de01460298daf1ba716eb437,6a5c15bf-688e-5a49-a539-c0eab6478b72,2006-10-02,2014-09-29
476a77a0de01460298daf1ba716eb437,b4b85329-707b-5b48-8276-04b0980850d3,2014-09-29,2018-09-24
476a77a0de01460298daf1ba716eb437,6a5c15bf-688e-5a49-a539-c0eab6478b72,2018-09-24,2026-09-15
47c3af11ad7d4d34a51f597f0ae2ee8d,75402d16-31ae-5692-a5a7-1008706a092a,1971-01-11,2006-09-30
47c3af11ad7d4d34a51f597f0ae2ee8d,3ed93b54-6eb2-5b8d-865d-7587a0486881,2006-10-02,2018-09-24
47c3af11ad7d4d34a51f597f0ae2ee8d,9bef2d8f-9970-5df1-97fa-4941035d4740,2018-09-24,2022-09-26
47c3af11ad7d4d34a51f597f0ae2ee8d,1aed974b-1504-5223-9940-b9a0d45845cd,2022-09-26,2026-09-15
4862d324939641f19da63fc0c9f1d906,3dcfde6e-898d-5524-ad57-3dd1df3ddd34,1925-01-10,1970-12-16
4891f16401034e698a9a12bdb354cb91,28620dd2-366d-501c-94a8-a4bec03c7e6d,1925-01-10,1956-12-13
4891f16401034e698a9a12bdb354cb91,1a7d6b60-4c46-50ef-97fa-502f0b3ced2c,1957-01-10,1970-12-16
48dd64ad085e481e83ed7ec2d3022360,9ccaac05-e6d0-5ae0-af81-84815d9ba0e0,1971-01-11,2006-09-30
48dd64ad085e481e83ed7ec2d3022360,3ed93b54-6eb2-5b8d-865d-7587a0486881,2006-10-02,2014-09-29
48dd64ad085e481e83ed7ec2d3022360,1aed974b-1504-5223-9940-b9a0d45845cd,2014-09-29,2026-09-15
490da4607c7b47b29a34b413673d10d0,98941c5a-79d5-5f93-bb5b-00774f03d021,1971-01-11,1973-12-15
490da4607c7b47b29a34b413673d10d0,0513f834-f476-5c55-878b-e62d2d14087d,1974-01-10,1976-06-04
490da4607c7b47b29a34b413673d10d0,98941c5a-79d5-5f93-bb5b-00774f03d021,1976-10-04,1982-06-12
490da4607c7b47b29a34b413673d10d0,0513f834-f476-5c55-878b-e62d2d14087d,1982-10-04,1985-06-11
490da4607c7b47b29a34b413673d10d0,98941c5a-79d5-5f93-bb5b-00774f03d021,1985-09-30,1988-06-10
490da4607c7b47b29a34b413673d10d0,0513f834-f476-5c55-878b-e62d2d14087d,1988-10-03,1994-06-21
490da4607c7b47b29a34b413673d10d0,98941c5a-79d5-5f93-bb5b-00774f03d021,1994-10-03,1998-09-14
490da4607c7b47b29a34b413673d10d0,0513f834-f476-5c55-878b-e62d2d14087d,1998-09-15,2006-09-30
490da4607c7b47b29a34b413673d10d0,66149692-b5cc-50f8-a778-2131f28fe57d,2006-10-02,2022-09-26
490da4607c7b47b29a34b413673d10d0,03c44b66-74b5-5b6f-a92f-365fcb5806de,2022-09-26,2026-09-15
49f541c20003499ba820f7f92d7f4994,9bef2d8f-9970-5df1-97fa-4941035d4740,1971-01-11,1985-06-11
49f541c20003499ba820f7f92d7f4994,23ff6cf2-07be-5de2-b01f-a4aa39503e46,1985-09-30,1994-06-21
49f541c20003499ba820f7f92d7f4994,9bef2d8f-9970-5df1-97fa-4941035d4740,1994-10-03,1998-09-14
49f541c20003499ba820f7f92d7f4994,1aed974b-1504-5223-9940-b9a0d45845cd,1998-09-15,2006-09-30
49f541c20003499ba820f7f92d7f4994,e81abcf9-5188-5367-ad40-4e793d4f55e3,2006-10-02,2018-09-24
49f541c20003499ba820f7f92d7f4994,3ed93b54-6eb2-5b8d-865d-7587a0486881,2018-09-24,2022-09-26
49f541c20003499ba820f7f92d7f4994,88dc2372-1608-57b0-b0e6-1a789be8dec9,2022-09-26,2026-09-15
4a3f650357e04a279f0f4c5bcc91760c,b3d2ec8f-3f84-5cdd-90b2-eda30fe3e65d,1925-01-10,1944-12-30
4a3f650357e04a279f0f4c5bcc91760c,f84e8ff2-b777-5e35-a14c-1a7e50855c36,1945-01-10,1968-12-12
4a3f650357e04a279f0f4c5bcc91760c,f190408c-0f9c-57ed-8318-9273dced4a38,1969-01-10,1970-12-16
4a40f0acaf4847c98485d0809675037d,43274040-7203-53fb-845b-2b1afddb308c,1925-01-10,1928-06-08
4a40f0acaf4847c98485d0809675037d,c94900a7-e6d3-53ad-8ee2-5badba7c9876,1929-01-10,1960-12-14
4a40f0acaf4847c98485d0809675037d,1b9b3b5b-7c11-5f64-978c-e1d1b2002a5c,1961-01-10,1968-12-12
4a40f0acaf4847c98485d0809675037d,e6d44948-949c-57bb-a181-ca34ac6ac813,1969-01-10,1970-12-16
4ab88e000aaf47cb9d10539aedcdd12d,d5171f25-e144-57e0-8818-475a87cc5809,1971-01-11,1998-09-14
4ab88e000aaf47cb9d10539aedcdd12d,90a5c436-9d88-53bb-b9e9-7314a438703f,1998-09-15,2006-09-30
4ab88e000aaf47cb9d10539aedcdd12d,dec7e907-68a3-5977-b0b2-267422de26fb,2006-10-02,2026-09-15
4c16dcc4e85246c3af22fad26dc82e75,75402d16-31ae-5692-a5a7-1008706a092a,1971-01-11,2026-09-15
4c26737ff6ed46d6bd3f90e2b631a44d,39f50a3e-9748-5cbb-899c-fce5af24b249,1925-01-10,1931-06-08
4c26737ff6ed46d6bd3f90e2b631a44d,e86227ba-7ea9-5302-81b6-461749b8b4fd,1932-01-11,1970-12-16
4cb5b85b1168430ba7aad771a92e7302,2e90b3ff-5244-5c1b-a4d6-62773e5bd1d7,1925-01-10,1961-12-15
4cb5b85b1168430ba7aad771a92e7302,ff31e42c-ce65-53e9-94c9-75a3487f1284,1962-01-10,1970-12-16
4d264832f5d3424b82ddaa27298a56be,c1806dd8-c00e-56de-bec3-c28973b02d73,1925-01-10,1934-06-21
4d264832f5d3424b82ddaa27298a56be,3ffdbc9c-5dee-555c-98e7-92f3c88684af,1935-01-10,1941-12-30
4d264832f5d3424b82ddaa27298a56be,c1806dd8-c00e-56de-bec3-c28973b02d73,1942-01-10,1970-12-16
4e82ae66f7c74b939e7a3f3dd90bde6e,060a7a45-fe70-554c-8395-60d9d522d523,1925-01-10,1928-06-08
4e82ae66f7c74b939e7a3f3dd90bde6e,899ddaec-b4d0-557f-b637-39829a0fe0f1,1929-01-10,1970-12-16
4e8c199e278e4979ad7ce432e125b173,71e15575-7c78-51b0-9d82-5d2a233e8e87,1925-01-10,1970-12-16
4f07d98b8e724316982ef29aa64d4a95,ce2cfedc-94fe-5e5e-9134-ce27a7ce4f48,1971-01-11,1994-06-21
4f07d98b8e724316982ef29aa64d4a95,c8cd016a-8b2b-5bc2-8fc9-e8ac0f5ba65a,1994-10-03,1998-09-14
4f07d98b8e724316982ef29aa64d4a95,b4b85329-707b-5b48-8276-04b0980850d3,1998-09-15,2006-09-30
4f07d98b8e724316982ef29aa64d4a95,3b8cf955-bf93-520c-a3fe-c4a47a38a4bb,2006-10-02,2014-09-29
4f07d98b8e724316982ef29aa64d4a95,dec7e907-68a3-5977-b0b2-267422de26fb,2014-09-29,2026-09-15
4fa171b3fdc54dea8668b3980f4df38d,98941c5a-79d5-5f93-bb5b-00774f03d021,1971-01-11,1998-09-14
4fa171b3fdc54dea8668b3980f4df38d,0513f834-f476-5c55-878b-e62d2d14087d,1998-09-15,2006-09-30
4fa171b3fdc54dea8668b3980f4df38d,1aed974b-1504-5223-9940-b9a0d45845cd,2006-10-02,2014-09-29
4fa171b3fdc54dea8668b3980f4df38d,66149692-b5cc-50f8-a778-2131f28fe57d,2014-09-29,2018-09-24
4fa171b3fdc54dea8668b3980f4df38d,03c44b66-74b5-5b6f-a92f-365fcb5806de,2018-09-24,2026-09-15
50122d1dd6ba4a95a1650fbdfc267a65,f190408c-0f9c-57ed-8318-9273dced4a38,1925-01-10,1948-12-23
50122d1dd6ba4a95a1650fbdfc267a65,5a911a22-b39d-5103-bb54-ad725a2f95c8,1949-01-10,1970-12-16
5186d8ed47fe4c1c9fb7fa7711b0a073,23ff6cf2-07be-5de2-b01f-a4aa39503e46,1971-01-11,1998-09-14
5186d8ed47fe4c1c9fb7fa7711b0a073,1aed974b-1504-5223-9940-b9a0d45845cd,1998-09-15,2002-09-29
5186d8ed47fe4c1c9fb7fa7711b0a073,03c44b66-74b5-5b6f-a92f-365fcb5806de,2002-09-30,2006-09-30
5186d8ed47fe4c1c9fb7fa7711b0a073,1aed974b-1504-5223-9940-b9a0d45845cd,2006-10-02,2014-09-29
5186d8ed47fe4c1c9fb7fa7711b0a073,03c44b66-74b5-5b6f-a92f-365fcb5806de,2014-09-29,2018-09-24
5186d8ed47fe4c1c9fb7fa7711b0a073,1aed974b-1504-5223-9940-b9a0d45845cd,2018-09-24,2022-09-26
5186d8ed47fe4c1c9fb7fa7711b0a073,66149692-b5cc-50f8-a778-2131f28fe57d,2022-09-26,2026-09-15
51eef8fe44b34361a32c02c4bd95f347,66149692-b5cc-50f8-a778-2131f28fe57d,1971-01-11,1994-06-21
51eef8fe44b34361a32c02c4bd95f347,72b06389-e8cc-5a7f-97bd-b697e29d92e9,1994-10-03,1998-09-14
51eef8fe44b34361a32c02c4bd95f347,66149692-b5cc-50f8-a778-2131f28fe57d,1998-09-15,2006-09-30
51eef8fe44b34361a32c02c4bd95f347,949c1729-b7ab-521d-ad1b-60772ec2276f,2006-10-02,2026-09-15
52133cd32b454cebae4db21f53445ef2,f84e8ff2-b777-5e35-a14c-1a7e50855c36,1925-01-10,1932-06-20
52133cd32b454cebae4db21f53445ef2,f190408c-0f9c-57ed-8318-9273dced4a38,1933-01-10,1968-12-12
52133cd32b454cebae4db21f53445ef2,5a911a22-b39d-5103-bb54-ad725a2f95c8,1969-01-10,1970-12-16
521d0716eca74e8da69e4342c2af9d0c,98941c5a-79d5-5f93-bb5b-00774f03d021,1971-01-11,2006-09-30
521d0716eca74e8da69e4342c2af9d0c,136bd5a8-3576-5b75-bc02-5e42ba984200,2006-10-02,2014-09-29
521d0716eca74e8da69e4342c2af9d0c,335f9c5a-a060-59bd-8e10-95c79ced3c98,2014-09-29,2018-09-24
521d0716eca74e8da69e4342c2af9d0c,0513f834-f476-5c55-878b-e62d2d14087d,2018-09-24,2022-09-26
521d0716eca74e8da69e4342c2af9d0c,335f9c5a-a060-59bd-8e10-95c79ced3c98,2022-09-26,2026-09-15
525afb0b664b430a9ae14dd3686c3e3a,0af335ba-25f1-581d-858f-437ea3adecea,1971-01-11,1973-12-15
525afb0b664b430a9ae14dd3686c3e3a,75402d16-31ae-5692-a5a7-1008706a092a,1974-01-10,1976-06-04
525afb0b664b430a9ae14dd3686c3e3a,0af335ba-25f1-581d-858f-437ea3adecea,1976-10-04,1988-06-10
525afb0b664b430a9ae14dd3686c3e3a,75402d16-31ae-5692-a5a7-1008706a092a,1988-10-03,1991-06-20
525afb0b664b430a9ae14dd3686c3e3a,0af335ba-25f1-581d-858f-437ea3adecea,1991-09-30,1998-09-14
525afb0b664b430a9ae14dd3686c3e3a,75402d16-31ae-5692-a5a7-1008706a092a,1998-09-15,2006-09-30
525afb0b664b430a9ae14dd3686c3e3a,6a5c15bf-688e-5a49-a539-c0eab6478b72,2006-10-02,2014-09-29
525afb0b664b430a9ae14dd3686c3e3a,b4b85329-707b-5b48-8276-04b0980850d3,2014-09-29,2018-09-24
525afb0b664b430a9ae14dd3686c3e3a,6a5c15bf-688e-5a49-a539-c0eab6478b72,2018-09-24,2022-09-26
525afb0b664b430a9ae14dd3686c3e3a,b4b85329-707b-5b48-8276-04b0980850d3,2022-09-26,2026-09-15
529a7897520541a3b56fa2c26d1ca3e3,335f9c5a-a060-59bd-8e10-95c79ced3c98,1971-01-11,1988-06-10
529a7897520541a3b56fa2c26d1ca3e3,e81abcf9-5188-5367-ad40-4e793d4f55e3,1988-10-03,1991-06-20
529a7897520541a3b56fa2c26d1ca3e3,335f9c5a-a060-59bd-8e10-95c79ced3c98,1991-09-30,1998-09-14
529a7897520541a3b56fa2c26d1ca3e3,e81abcf9-5188-5367-ad40-4e793d4f55e3,1998-09-15,2006-09-30
529a7897520541a3b56fa2c26d1ca3e3,7113b2cc-9972-5065-b2dd-77a7e868113a,2006-10-02,2022-09-26
529a7897520541a3b56fa2c26d1ca3e3,9b204dc5-542a-5e3a-ac60-fe14c1cb46de,2022-09-26,2026-09-15
52c1c2e3639f4eafbb9a5ab02895377f,d5171f25-e144-57e0-8818-475a87cc5809,1971-01-11,1998-09-14
52c1c2e3639f4eafbb9a5ab02895377f,90a5c436-9d88-53bb-b9e9-7314a438703f,1998-09-15,2006-09-30
52c1c2e3639f4eafbb9a5ab02895377f,9ccaac05-e6d0-5ae0-af81-84815d9ba0e0,2006-10-02,2018-09-24
52c1c2e3639f4eafbb9a5ab02895377f,95fb07b4-04ab-5bf8-897a-40679b4451c4,2018-09-24,2022-09-26
52c1c2e3639f4eafbb9a5ab02895377f,3b8cf955-bf93-520c-a3fe-c4a47a38a4bb,2022-09-26,2026-09-15
52c552dad1b4403fafcc20e6c2b64e2c,899ddaec-b4d0-557f-b637-39829a0fe0f1,1925-01-10,1956-12-13
52c552dad1b4403fafcc20e6c2b64e2c,c29ab651-c882-5372-b400-c1315400b6b3,1957-01-10,1964-12-17
52c552dad1b4403fafcc20e6c2b64e2c,899ddaec-b4d0-557f-b637-39829a0fe0f1,1965-01-11,1970-12-16
52d4647a2aae453bbdd0831c6798dab0,77564945-b88d-5e96-9332-e474481cfc5c,1971-01-11,1994-06-21
52d4647a2aae453bbdd0831c6798dab0,90a5c436-9d88-53bb-b9e9-7314a438703f,1994-10-03,1998-09-14
52d4647a2aae453bbdd0831c6798dab0,0259c4e5-f8dc-555a-a982-bc145e6182ca,1998-09-15,2006-09-30
52d4647a2aae453bbdd0831c6798dab0,03c44b66-74b5-5b6f-a92f-365fcb5806de,2006-10-02,2018-09-24
52d4647a2aae453bbdd0831c6798dab0,66149692-b5cc-50f8-a778-2131f28fe57d,2018-09-24,2026-09-15
53087890e0164f679f98b0bc9e96aa56,0513f834-f476-5c55-878b-e62d2d14087d,1971-01-11,2006-09-30
53087890e0164f679f98b0bc9e96aa56,e1bb0035-d8f1-5350-8aa8-962b52b0553f,2006-10-02,2018-09-24
53087890e0164f679f98b0bc9e96aa56,0259c4e5-f8dc-555a-a982-bc145e6182ca,2018-09-24,2026-09-15
5322d63ef3644b3a966d57feb8f69d99,0513f834-f476-5c55-878b-e62d2d14087d,1971-01-11,2006-09-30
5322d63ef3644b3a966d57feb8f69d99,0259c4e5-f8dc-555a-a982-bc145e6182ca,2006-10-02,2010-10-04
5322d63ef3644b3a966d57feb8f69d99,95fb07b4-04ab-5bf8-897a-40679b4451c4,2010-10-04,2014-09-29
5322d63ef3644b3a966d57feb8f69d99,0259c4e5-f8dc-555a-a982-bc145e6182ca,2014-09-29,2022-09-26
5322d63ef3644b3a966d57feb8f69d99,9ccaac05-e6d0-5ae0-af81-84815d9ba0e0,2022-09-26,2026-09-15
536caf6b25a641df82b6b228396014de,aba3654d-c18d-541b-b3cc-d11c7f96ec6f,1925-01-10,1928-06-08
536caf6b25a641df82b6b228396014de,28620dd2-366d-501c-94a8-a4bec03c7e6d,1929-01-10,1970-12-16
5377b28c768b479b8b3edd2a38abd7b2,39f50a3e-9748-5cbb-899c-fce5af24b249,1925-01-10,1951-12-13
5377b28c768b479b8b3edd2a38abd7b2,e86227ba-7ea9-5302-81b6-461749b8b4fd,1952-01-10,1970-12-16
53b9403f3bf043c980c0cc5690ab2746,0513f834-f476-5c55-878b-e62d2d14087d,1971-01-11,1998-09-14
53b9403f3bf043c980c0cc5690ab2746,335f9c5a-a060-59bd-8e10-95c79ced3c98,1998-09-15,2006-09-30
53b9403f3bf043c980c0cc5690ab2746,3b8cf955-bf93-520c-a3fe-c4a47a38a4bb,2006-10-02,2022-09-26
53b9403f3bf043c980c0cc5690ab2746,dec7e907-68a3-5977-b0b2-267422de26fb,2022-09-26,2026-09-15
54bdd4a69cef43ff8b81c93bb78e89cb,7671d1a1-b494-53ab-9ea8-59b8fbcdffc5,1925-01-10,1956-12-13
54bdd4a69cef43ff8b81c93bb78e89cb,789d2e28-3b2d-5bc6-9425-4c454f3efeec,1957-01-10,1970-12-16
5592ddec54b945f8b72a4f4bd947142c,5b619cc8-3825-577f-97f2-791ed8cbbf05,1925-01-10,1964-12-17
5592ddec54b945f8b72a4f4bd947142c,66c4e12f-d764-5309-805a-f277d91aeb7a,1965-01-11,1970-12-16
55cd49431b1d4241a38e3ff1873c9870,9b204dc5-542a-5e3a-ac60-fe14c1cb46de,1971-01-11,2006-09-30
55cd49431b1d4241a38e3ff1873c9870,1aed974b-1504-5223-9940-b9a0d45845cd,2006-10-02,2010-10-04
55cd49431b1d4241a38e3ff1873c9870,66149692-b5cc-50f8-a778-2131f28fe57d,2010-10-04,2018-09-24
55cd49431b1d4241a38e3ff1873c9870,03c44b66-74b5-5b6f-a92f-365fcb5806de,2018-09-24,2026-09-15
55fbade1146b421aa4b5962649e40c8d,d5171f25-e144-57e0-8818-475a87cc5809,1971-01-11,1998-09-14
55fbade1146b421aa4b5962649e40c8d,90a5c436-9d88-53bb-b9e9-7314a438703f,1998-09-15,2006-09-30
55fbade1146b421aa4b5962649e40c8d,0af335ba-25f1-581d-858f-437ea3adecea,2006-10-02,2014-09-29
55fbade1146b421aa4b5962649e40c8d,d14f5900-dbaa-535e-9291-6d184dee2316,2014-09-29,2018-09-24
55fbade1146b421aa4b5962649e40c8d,0af335ba-25f1-581d-858f-437ea3adecea,2018-09-24,2026-09-15
56139f24175a4329a840e56b7b538cf1,66149692-b5cc-50f8-a778-2131f28fe57d,1971-01-11,1973-12-15
56139f24175a4329a840e56b7b538cf1,6a5c15bf-688e-5a49-a539-c0eab6478b72,1974-01-10,1994-06-21
56139f24175a4329a840e56b7b538cf1,66149692-b5cc-50f8-a778-2131f28fe57d,1994-10-03,1998-09-14
56139f24175a4329a840e56b7b538cf1,6a5c15bf-688e-5a49-a539-c0eab6478b72,1998-09-15,2006-09-30
56139f24175a4329a840e56b7b538cf1,1aed974b-1504-5223-9940-b9a0d45845cd,2006-10-02,2010-10-04
56139f24175a4329a840e56b7b538cf1,03c44b66-74b5-5b6f-a92f-365fcb5806de,2010-10-04,2018-09-24
56139f24175a4329a840e56b7b538cf1,66149692-b5cc-50f8-a778-2131f28fe57d,2018-09-24,2026-09-15
5664eaf6392a4577883c8e3f0b5bed43,e8fdd33e-33e7-5173-b67a-6f4fba71e4c2,1925-01-10,1948-12-23
5664eaf6392a4577883c8e3f0b5bed43,7b5afbfc-aed1-5edb-913c-f89ce67b95a5,1949-01-10,1970-12-16
566c359d64d243ddb26ed9534ab7523f,b4e172a0-46d7-5354-96b4-2d766739c3d2,1925-01-10,1934-06-21
566c359d64d243ddb26ed9534ab7523f,c1806dd8-c00e-56de-bec3-c28973b02d73,1935-01-10,1941-12-30
566c359d64d243ddb26ed9534ab7523f,b4e172a0-46d7-5354-96b4-2d766739c3d2,1942-01-10,1961-12-15
566c359d64d243ddb26ed9534ab7523f,d534300a-5530-5600-b1af-7b1dd6723046,1962-01-10,1970-12-16
56fd6eb9c5b7463998a711026513509a,98941c5a-79d5-5f93-bb5b-00774f03d021,1971-01-11,1998-09-14
56fd6eb9c5b7463998a711026513509a,0513f834-f476-5c55-878b-e62d2d14087d,1998-09-15,2002-09-29
56fd6eb9c5b7463998a711026513509a,98941c5a-79d5-5f93-bb5b-00774f03d021,2002-09-30,2006-09-30
56fd6eb9c5b7463998a711026513509a,1aed974b-1504-5223-9940-b9a0d45845cd,2006-10-02,2014-09-29
56fd6eb9c5b7463998a711026513509a,66149692-b5cc-50f8-a778-2131f28fe57d,2014-09-29,2018-09-24
56fd6eb9c5b7463998a711026513509a,03c44b66-74b5-5b6f-a92f-365fcb5806de,2018-09-24,2026-09-15
57f21e633c0d40be9086ff1984f0ea01,1a7d6b60-4c46-50ef-97fa-502f0b3ced2c,1925-01-10,1960-12-14
57f21e633c0d40be9086ff1984f0ea01,43274040-7203-53fb-845b-2b1afddb308c,1961-01-10,1968-12-12
57f21e633c0d40be9086ff1984f0ea01,c94900a7-e6d3-53ad-8ee2-5badba7c9876,1969-01-10,1970-12-16
595d28c9216941c29df44cb5ef783131,136bd5a8-3576-5b75-bc02-5e42ba984200,1971-01-11,1973-12-15
595d28c9216941c29df44cb5ef783131,98941c5a-79d5-5f93-bb5b-00774f03d021,1974-01-10,1976-06-04
595d28c9216941c29df44cb5ef783131,136bd5a8-3576-5b75-bc02-5e42ba984200,1976-10-04,1991-06-20
595d28c9216941c29df44cb5ef783131,98941c5a-79d5-5f93-bb5b-00774f03d021,1991-09-30,1994-06-21
595d28c9216941c29df44cb5ef783131,136bd5a8-3576-5b75-bc02-5e42ba984200,1994-10-03,1998-09-14
595d28c9216941c29df44cb5ef783131,98941c5a-79d5-5f93-bb5b-00774f03d021,1998-09-15,2002-09-29
595d28c9216941c29df44cb5ef783131,136bd5a8-3576-5b75-bc02-5e42ba984200,2002-09-30,2006-09-30
595d28c9216941c29df44cb5ef783131,7113b2cc-9972-5065-b2dd-77a7e868113a,2006-10-02,2022-09-26
595d28c9216941c29df44cb5ef783131,9b204dc5-542a-5e3a-ac60-fe14c1cb46de,2022-09-26,2026-09-15
596b119385224717a866b8a0d141c6b4,ac735033-812d-52c5-a8ef-5254c0709510,1925-01-10,1964-12-17
596b119385224717a866b8a0d141c6b4,be377f3a-8cd1-587c-a143-bf5d0cf4b3a0,1965-01-11,1970-12-16
597b0acf345c4913aae7ceac7eb4920e,43274040-7203-53fb-845b-2b1afddb308c,1925-01-10,1948-12-23
597b0acf345c4913aae7ceac7eb4920e,c94900a7-e6d3-53ad-8ee2-5badba7c9876,1949-01-10,1964-12-17
597b0acf345c4913aae7ceac7eb4920e,1b9b3b5b-7c11-5f64-978c-e1d1b2002a5c,1965-01-11,1968-12-12
597b0acf345c4913aae7ceac7eb4920e,e6d44948-949c-57bb-a181-ca34ac6ac813,1969-01-10,1970-12-16
59c98c02a25047278d93f367e172b314,75402d16-31ae-5692-a5a7-1008706a092a,1971-01-11,2006-09-30
59c98c02a25047278d93f367e172b314,d14f5900-dbaa-535e-9291-6d184dee2316,2006-10-02,2010-10-04
59c98c02a25047278d93f367e172b314,0af335ba-25f1-581d-858f-437ea3adecea,2010-10-04,2022-09-26
59c98c02a25047278d93f367e172b314,d14f5900-dbaa-535e-9291-6d184dee2316,2022-09-26,2026-09-15
59ff7ff587dc47e68c91d10dbc3151df,9ccaac05-e6d0-5ae0-af81-84815d9ba0e0,1971-01-11,2006-09-30
59ff7ff587dc47e68c91d10dbc3151df,03c44b66-74b5-5b6f-a92f-365fcb5806de,2006-10-02,2018-09-24
59ff7ff587dc47e68c91d10dbc3151df,66149692-b5cc-50f8-a778-2131f28fe57d,2018-09-24,2026-09-15
5af31c7057a34029a216c8205ba924dc,352b9fa6-6250-564e-9522-46f6a36097fe,1971-01-11,1976-06-04
5af31c7057a34029a216c8205ba924dc,592c89e6-ed06-5678-85d5-3a81f32dd83f,1976-10-04,1985-06-11
5af31c7057a34029a216c8205ba924dc,352b9fa6-6250-564e-9522-46f6a36097fe,1985-09-30,1988-06-10
5af31c7057a34029a216c8205ba924dc,592c89e6-ed06-5678-85d5-3a81f32dd83f,1988-10-03,1994-06-21
5af31c7057a34029a216c8205ba924dc,352b9fa6-6250-564e-9522-46f6a36097fe,1994-10-03,1998-09-14
5af31c7057a34029a216c8205ba924dc,9ccaac05-e6d0-5ae0-af81-84815d9ba0e0,1998-09-15,2006-09-30
5af31c7057a34029a216c8205ba924dc,0513f834-f476-5c55-878b-e62d2d14087d,2006-10-02,2018-09-24
5af31c7057a34029a216c8205ba924dc,335f9c5a-a060-59bd-8e10-95c79ced3c98,2018-09-24,2022-09-26
5af31c7057a34029a216c8205ba924dc,0513f834-f476-5c55-878b-e62d2d14087d,2022-09-26,2026-09-15
5b3d086028c3405cbbdf92e4e077f607,3ffdbc9c-5dee-555c-98e7-92f3c88684af,1925-01-10,1956-12-13
5b3d086028c3405cbbdf92e4e077f607,c1806dd8-c00e-56de-bec3-c28973b02d73,1957-01-10,1970-12-16
5c62764eea154dcf888e596a9ea8d8ac,88dc2372-1608-57b0-b0e6-1a789be8dec9,1971-01-11,1994-06-21
5c62764eea154dcf888e596a9ea8d8ac,e81abcf9-5188-5367-ad40-4e793d4f55e3,1994-10-03,1998-09-14
5c62764eea154dcf888e596a9ea8d8ac,88dc2372-1608-57b0-b0e6-1a789be8dec9,1998-09-15,2006-09-30
5c62764eea154dcf888e596a9ea8d8ac,66149692-b5cc-50f8-a778-2131f28fe57d,2006-10-02,2022-09-26
5c62764eea154dcf888e596a9ea8d8ac,6a5c15bf-688e-5a49-a539-c0eab6478b72,2022-09-26,2026-09-15
5c932c61066843c0808e7620d40d7252,9921f6f7-beb1-5224-826d-9b6e7c4114ed,1925-01-10,1944-12-30
5c932c61066843c0808e7620d40d7252,5b619cc8-3825-577f-97f2-791ed8cbbf05,1945-01-10,1970-12-16
5d58ee4369fc4baf9b19a28dc9946fe1,75402d16-31ae-5692-a5a7-1008706a092a,1971-01-11,2026-09-15
5d61dcfe67c44ceeb03b5ff6da2860d9,483bb97a-ce72-54f6-a4c4-49b240eb5341,1925-01-10,1956-12-13
5d61dcfe67c44ceeb03b5ff6da2860d9,3ffdbc9c-5dee-555c-98e7-92f3c88684af,1957-01-10,1970-12-16
5dd0fc35471543448f3b94ad2f1d8210,899ddaec-b4d0-557f-b637-39829a0fe0f1,1925-01-10,1940-12-30
5dd0fc35471543448f3b94ad2f1d8210,c29ab651-c882-5372-b400-c1315400b6b3,1941-01-10,1970-12-16
5e2d0176193647b5a8761caada8cb83d,5a911a22-b39d-5103-bb54-ad725a2f95c8,1925-01-10,1944-12-30
5e2d0176193647b5a8761caada8cb83d,060a7a45-fe70-554c-8395-60d9d522d523,1945-01-10,1956-12-13
5e2d0176193647b5a8761caada8cb83d,899ddaec-b4d0-557f-b637-39829a0fe0f1,1957-01-10,1970-12-16
5f21ee3d04644a228782bfc705dd4563,23ff6cf2-07be-5de2-b01f-a4aa39503e46,1971-01-11,1988-06-10
5f21ee3d04644a228782bfc705dd4563,72b06389-e8cc-5a7f-97bd-b697e29d92e9,1988-10-03,1991-06-20
5f21ee3d04644a228782bfc705dd4563,23ff6cf2-07be-5de2-b01f-a4aa39503e46,1991-09-30,1998-09-14
5f21ee3d04644a228782bfc705dd4563,03c44b66-74b5-5b6f-a92f-365fcb5806de,1998-09-15,2006-09-30
5f21ee3d04644a228782bfc705dd4563,66149692-b5cc-50f8-a778-2131f28fe57d,2006-10-02,2010-10-04
5f21ee3d04644a228782bfc705dd4563,6a5c15bf-688e-5a49-a539-c0eab6478b72,2010-10-04,2012-09-18
5f21ee3d04644a228782bfc705dd4563,66149692-b5cc-50f8-a778-2131f28fe57d,2012-09-18,2014-09-29
5f21ee3d04644a228782bfc705dd4563,6a5c15bf-688e-5a49-a539-c0eab6478b72,2014-09-29,2018-09-24
5f21ee3d04644a228782bfc705dd4563,b4b85329-707b-5b48-8276-04b0980850d3,2018-09-24,2022-09-26
5f21ee3d04644a228782bfc705dd4563,e1bb0035-d8f1-5350-8aa8-962b52b0553f,2022-09-26,2026-09-15
5f367839647a40d1886a746e2a37c79b,52d3be74-04c2-5ef4-ac33-10731fc6f074,1925-01-10,1951-12-13
5f367839647a40d1886a746e2a37c79b,2e90b3ff-5244-5c1b-a4d6-62773e5bd1d7,1952-01-10,1970-12-16
5f44b4e19651490fbbb9e453c423a174,29c5f935-4b82-58f0-84b9-38fddeb478af,1925-01-10,1928-06-08
5f44b4e19651490fbbb9e453c423a174,b3d2ec8f-3f84-5cdd-90b2-eda30fe3e65d,1929-01-10,1948-12-23
5f44b4e19651490fbbb9e453c423a174,f84e8ff2-b777-5e35-a14c-1a7e50855c36,1949-01-10,1970-12-16
5f58a3a35ec14c2a81cf45bd375995d1,3b8cf955-bf93-520c-a3fe-c4a47a38a4bb,1971-01-11,2002-09-29
5f58a3a35ec14c2a81cf45bd375995d1,dec7e907-68a3-5977-b0b2-267422de26fb,2002-09-30,2006-09-30
5f58a3a35ec14c2a81cf45bd375995d1,98941c5a-79d5-5f93-bb5b-00774f03d021,2006-10-02,2018-09-24
5f58a3a35ec14c2a81cf45bd375995d1,136bd5a8-3576-5b75-bc02-5e42ba984200,2018-09-24,2022-09-26
5f58a3a35ec14c2a81cf45bd375995d1,98941c5a-79d5-5f93-bb5b-00774f03d021,2022-09-26,2026-09-15
5f93e987e5ac486f8e1202dd4b6ee68b,5b619cc8-3825-577f-97f2-791ed8cbbf05,1925-01-10,1956-12-13
5f93e987e5ac486f8e1202dd4b6ee68b,66c4e12f-d764-5309-805a-f277d91aeb7a,1957-01-10,1970-12-16
60b793500e4442f19732aeccae939456,9ccaac05-e6d0-5ae0-af81-84815d9ba0e0,1971-01-11,2002-09-29
60b793500e4442f19732aeccae939456,95fb07b4-04ab-5bf8-897a-40679b4451c4,2002-09-30,2006-09-30
60b793500e4442f19732aeccae939456,6a5c15bf-688e-5a49-a539-c0eab6478b72,2006-10-02,2014-09-29
60b793500e4442f19732aeccae939456,b4b85329-707b-5b48-8276-04b0980850d3,2014-09-29,2018-09-24
60b793500e4442f19732aeccae939456,6a5c15bf-688e-5a49-a539-c0eab6478b72,2018-09-24,2026-09-15
61444a68ff71404d8483bae5cdda3ac2,98941c5a-79d5-5f93-bb5b-00774f03d021,1971-01-11,2006-09-30
61444a68ff71404d8483bae5cdda3ac2,9bef2d8f-9970-5df1-97fa-4941035d4740,2006-10-02,2014-09-29
61444a68ff71404d8483bae5cdda3ac2,1aed974b-1504-5223-9940-b9a0d45845cd,2014-09-29,2018-09-24
61444a68ff71404d8483bae5cdda3ac2,03c44b66-74b5-5b6f-a92f-365fcb5806de,2018-09-24,2026-09-15
616e57dd09ed47888aea7373c3b46749,d14f5900-dbaa-535e-9291-6d184dee2316,1971-01-11,2002-09-29
616e57dd09ed47888aea7373c3b46749,0af335ba-25f1-581d-858f-437ea3adecea,2002-09-30,2006-09-30
616e57dd09ed47888aea7373c3b46749,949c1729-b7ab-521d-ad1b-60772ec2276f,2006-10-02,2026-09-15
6208298d3f8f4613809dc900c9968b56,c29ab651-c882-5372-b400-c1315400b6b3,1925-01-10,1970-12-16
624930ac240b497fa7ae30ee282780ce,23ff6cf2-07be-5de2-b01f-a4aa39503e46,1971-01-11,1998-09-14
624930ac240b497fa7ae30ee282780ce,1aed974b-1504-5223-9940-b9a0d45845cd,1998-09-15,2002-09-29
624930ac240b497fa7ae30ee282780ce,03c44b66-74b5-5b6f-a92f-365fcb5806de,2002-09-30,2006-09-30
624930ac240b497fa7ae30ee282780ce,1aed974b-1504-5223-9940-b9a0d45845cd,2006-10-02,2014-09-29
624930ac240b497fa7ae30ee282780ce,66149692-b5cc-50f8-a778-2131f28fe57d,2014-09-29,2018-09-24
624930ac240b497fa7ae30ee282780ce,03c44b66-74b5-5b6f-a92f-365fcb5806de,2018-09-24,2022-09-26
624930ac240b497fa7ae30ee282780ce,66149692-b5cc-50f8-a778-2131f28fe57d,2022-09-26,2026-09-15
62e6c1579e5e468da2112df4c402971b,d534300a-5530-5600-b1af-7b1dd6723046,1925-01-10,1961-12-15
62e6c1579e5e468da2112df4c402971b,6618cb64-f32d-5806-a07f-3b914964eb26,1962-01-10,1970-12-16
6346e682ff094ccebea9614e0348e5c6,d14f5900-dbaa-535e-9291-6d184dee2316,1971-01-11,2006-09-30
6346e682ff094ccebea9614e0348e5c6,75402d16-31ae-5692-a5a7-1008706a092a,2006-10-02,2026-09-15
63f42c8a419d4821b330c9394825a113,66c4e12f-d764-5309-805a-f277d91aeb7a,1925-01-10,1948-12-23
63f42c8a419d4821b330c9394825a113,46761fb0-8ace-53c0-8fbd-0a16c7fdc91d,1949-01-10,1956-12-13
63f42c8a419d4821b330c9394825a113,29c5f935-4b82-58f0-84b9-38fddeb478af,1957-01-10,1970-12-16
644ee4d0e578429c8acf471092208f57,949c1729-b7ab-521d-ad1b-60772ec2276f,1971-01-11,2006-09-30
644ee4d0e578429c8acf471092208f57,03c44b66-74b5-5b6f-a92f-365fcb5806de,2006-10-02,2014-09-29
644ee4d0e578429c8acf471092208f57,88dc2372-1608-57b0-b0e6-1a789be8dec9,2014-09-29,2018-09-24
644ee4d0e578429c8acf471092208f57,9bef2d8f-9970-5df1-97fa-4941035d4740,2018-09-24,2022-09-26
644ee4d0e578429c8acf471092208f57,1aed974b-1504-5223-9940-b9a0d45845cd,2022-09-26,2026-09-15
649dd2e2baf04f5694cc6d39711a7a9c,e86227ba-7ea9-5302-81b6-461749b8b4fd,1925-01-10,1941-12-30
649dd2e2baf04f5694cc6d39711a7a9c,79c143d0-423e-582c-881d-0abf0a4cea5c,1942-01-10,1970-12-16
656687207e5c4b56b01d68476ba64177,850638eb-f41d-5b5e-91bc-07a7ef818918,1925-01-10,1970-12-16
657cb62731e84c8994915a60d0ba0d0c,0513f834-f476-5c55-878b-e62d2d14087d,1971-01-11,2006-09-30
657cb62731e84c8994915a60d0ba0d0c,66149692-b5cc-50f8-a778-2131f28fe57d,2006-10-02,2014-09-29
657cb62731e84c8994915a60d0ba0d0c,6a5c15bf-688e-5a49-a539-c0eab6478b72,2014-09-29,2018-09-24
657cb62731e84c8994915a60d0ba0d0c,b4b85329-707b-5b48-8276-04b0980850d3,2018-09-24,2022-09-26
657cb62731e84c8994915a60d0ba0d0c,e1bb0035-d8f1-5350-8aa8-962b52b0553f,2022-09-26,2026-09-15
65dd49510d834205b66a642684c48bb4,e8fdd33e-33e7-5173-b67a-6f4fba71e4c2,1925-01-10,1964-12-17
65dd49510d834205b66a642684c48bb4,7b5afbfc-aed1-5edb-913c-f89ce67b95a5,1965-01-11,1970-12-16
65ddad5b42c94cc5a0e6c9ac0e9a4ec2,483bb97a-ce72-54f6-a4c4-49b240eb5341,1925-01-10,1964-12-17
65ddad5b42c94cc5a0e6c9ac0e9a4ec2,3ffdbc9c-5dee-555c-98e7-92f3c88684af,1965-01-11,1970-12-16
661ed59c4cdb4f7b9ccd9448a9cca846,ff31e42c-ce65-53e9-94c9-75a3487f1284,1925-01-10,1963-12-12
661ed59c4cdb4f7b9ccd9448a9cca846,632495bb-e961-5581-9345-278a353d0405,1964-01-10,1970-12-16
6651f12cbfb94a51bb623617ba898952,2ccd1e63-c4b8-53cc-8ef3-e9e95931d8f5,1925-01-10,1970-12-16
666c6f3646d744b38a76b3c09ce1eab7,88dc2372-1608-57b0-b0e6-1a789be8dec9,1971-01-11,1973-12-15
666c6f3646d744b38a76b3c09ce1eab7,d34944b2-a7de-580f-a21e-a5691c785c8b,1974-01-10,1998-09-14
666c6f3646d744b38a76b3c09ce1eab7,3ed93b54-6eb2-5b8d-865d-7587a0486881,1998-09-15,2006-09-30
666c6f3646d744b38a76b3c09ce1eab7,0af335ba-25f1-581d-858f-437ea3adecea,2006-10-02,2010-10-04
666c6f3646d744b38a76b3c09ce1eab7,d14f5900-dbaa-535e-9291-6d184dee2316,2010-10-04,2022-09-26
666c6f3646d744b38a76b3c09ce1eab7,0af335ba-25f1-581d-858f-437ea3adecea,2022-09-26,2026-09-15
66d9790ec0bf46679b14339598b8014b,32a49115-dad0-5644-afea-6515d72a2fa2,1925-01-10,1968-12-12
66d9790ec0bf46679b14339598b8014b,40f4f3db-cc8b-56b3-9b72-ec5a1a7070f7,1969-01-10,1970-12-16
66f42807ff094030afa692c5b2345017,46761fb0-8ace-53c0-8fbd-0a16c7fdc91d,1925-01-10,1928-06-08
66f42807ff094030afa692c5b2345017,29c5f935-4b82-58f0-84b9-38fddeb478af,1929-01-10,1956-12-13
66f42807ff094030afa692c5b2345017,b3d2ec8f-3f84-5cdd-90b2-eda30fe3e65d,1957-01-10,1970-12-16
66f4dc0b44804f8b88c851a2a5768190,7671d1a1-b494-53ab-9ea8-59b8fbcdffc5,1925-01-10,1957-12-18
66f4dc0b44804f8b88c851a2a5768190,789d2e28-3b2d-5bc6-9425-4c454f3efeec,1958-01-10,1970-12-16
677437f6e615468c8dec9aea8803dad1,28620dd2-366d-501c-94a8-a4bec03c7e6d,1925-01-10,1948-12-23
677437f6e615468c8dec9aea8803dad1,1a7d6b60-4c46-50ef-97fa-502f0b3ced2c,1949-01-10,1968-12-12
677437f6e615468c8dec9aea8803dad1,43274040-7203-53fb-845b-2b1afddb308c,1969-01-10,1970-12-16
6835aeee088e4b0d98cf8c6b18577fab,40f4f3db-cc8b-56b3-9b72-ec5a1a7070f7,1925-01-10,1932-06-20
6835aeee088e4b0d98cf8c6b18577fab,ab10f2c3-d083-5c5a-b2ca-4a97f0410be8,1933-01-10,1936-06-27
6835aeee088e4b0d98cf8c6b18577fab,40f4f3db-cc8b-56b3-9b72-ec5a1a7070f7,1937-01-11,1940-12-30
6835aeee088e4b0d98cf8c6b18577fab,ab10f2c3-d083-5c5a-b2ca-4a97f0410be8,1941-01-10,1968-12-12
6835aeee088e4b0d98cf8c6b18577fab,9921f6f7-beb1-5224-826d-9b6e7c4114ed,1969-01-10,1970-12-16
685dbd6c6c6344a8a4d86552ce861d51,66149692-b5cc-50f8-a778-2131f28fe57d,1971-01-11,1976-06-04
685dbd6c6c6344a8a4d86552ce861d51,6a5c15bf-688e-5a49-a539-c0eab6478b72,1976-10-04,1994-06-21
685dbd6c6c6344a8a4d86552ce861d51,66149692-b5cc-50f8-a778-2131f28fe57d,1994-10-03,1998-09-14
685dbd6c6c6344a8a4d86552ce861d51,6a5c15bf-688e-5a49-a539-c0eab6478b72,1998-09-15,2006-09-30
685dbd6c6c6344a8a4d86552ce861d51,1aed974b-1504-5223-9940-b9a0d45845cd,2006-10-02,2014-09-29
685dbd6c6c6344a8a4d86552ce861d51,03c44b66-74b5-5b6f-a92f-365fcb5806de,2014-09-29,2018-09-24
685dbd6c6c6344a8a4d86552ce861d51,66149692-b5cc-50f8-a778-2131f28fe57d,2018-09-24,2026-09-15
688d24f8d3a548f3876e61aec8201174,1b9b3b5b-7c11-5f64-978c-e1d1b2002a5c,1925-01-10,1948-12-23
688d24f8d3a548f3876e61aec8201174,32a49115-dad0-5644-afea-6515d72a2fa2,1949-01-10,1970-12-16
68d166fd24474fea9ff64541b193fcf3,3b8cf955-bf93-520c-a3fe-c4a47a38a4bb,1971-01-11,1982-06-12
68d166fd24474fea9ff64541b193fcf3,dec7e907-68a3-5977-b0b2-267422de26fb,1982-10-04,1985-06-11
68d166fd24474fea9ff64541b193fcf3,3b8cf955-bf93-520c-a3fe-c4a47a38a4bb,1985-09-30,1988-06-10
68d166fd24474fea9ff64541b193fcf3,dec7e907-68a3-5977-b0b2-267422de26fb,1988-10-03,1991-06-20
68d166fd24474fea9ff64541b193fcf3,3b8cf955-bf93-520c-a3fe-c4a47a38a4bb,1991-09-30,1998-09-14
68d166fd24474fea9ff64541b193fcf3,dec7e907-68a3-5977-b0b2-267422de26fb,1998-09-15,2006-09-30
68d166fd24474fea9ff64541b193fcf3,0513f834-f476-5c55-878b-e62d2d14087d,2006-10-02,2018-09-24
68d166fd24474fea9ff64541b193fcf3,335f9c5a-a060-59bd-8e10-95c79ced3c98,2018-09-24,2022-09-26
68d166fd24474fea9ff64541b193fcf3,0513f834-f476-5c55-878b-e62d2d14087d,2022-09-26,2026-09-15
6946c72f67e6400594b25cfa68df6b27,3ffdbc9c-5dee-555c-98e7-92f3c88684af,1925-01-10,1934-06-21
6946c72f67e6400594b25cfa68df6b27,483bb97a-ce72-54f6-a4c4-49b240eb5341,1935-01-10,1941-12-30
6946c72f67e6400594b25cfa68df6b27,3ffdbc9c-5dee-555c-98e7-92f3c88684af,1942-01-10,1970-12-16
6958ea9a82514f7fa723bcbda1db316b,2e90b3ff-5244-5c1b-a4d6-62773e5bd1d7,1925-01-10,1951-12-13
6958ea9a82514f7fa723bcbda1db316b,ff31e42c-ce65-53e9-94c9-75a3487f1284,1952-01-10,1970-12-16
697a77d945f941fab52973d378c9f5cc,ff31e42c-ce65-53e9-94c9-75a3487f1284,1925-01-10,1951-12-13
697a77d945f941fab52973d378c9f5cc,632495bb-e961-5581-9345-278a353d0405,1952-01-10,1970-12-16
69d797311219413783662d5c4fee4f24,136bd5a8-3576-5b75-bc02-5e42ba984200,1971-01-11,1973-12-15
69d797311219413783662d5c4fee4f24,98941c5a-79d5-5f93-bb5b-00774f03d021,1974-01-10,1976-06-04
69d797311219413783662d5c4fee4f24,136bd5a8-3576-5b75-bc02-5e42ba984200,1976-10-04,1979-06-09
69d797311219413783662d5c4fee4f24,98941c5a-79d5-5f93-bb5b-00774f03d021,1979-10-01,1994-06-21
69d797311219413783662d5c4fee4f24,136bd5a8-3576-5b75-bc02-5e42ba984200,1994-10-03,1998-09-14
69d797311219413783662d5c4fee4f24,98941c5a-79d5-5f93-bb5b-00774f03d021,1998-09-15,2006-09-30
69d797311219413783662d5c4fee4f24,88073719-4eb3-5370-acd3-f061ef80e1f6,2006-10-02,2010-10-04
69d797311219413783662d5c4fee4f24,136bd5a8-3576-5b75-bc02-5e42ba984200,2010-10-04,2014-09-29
69d797311219413783662d5c4fee4f24,88073719-4eb3-5370-acd3-f061ef80e1f6,2014-09-29,2018-09-24
69d797311219413783662d5c4fee4f24,98941c5a-79d5-5f93-bb5b-00774f03d021,2018-09-24,2022-09-26
69d797311219413783662d5c4fee4f24,136bd5a8-3576-5b75-bc02-5e42ba984200,2022-09-26,2026-09-15
6a2b7934618f4e0187edf22cc487ed2f,e81abcf9-5188-5367-ad40-4e793d4f55e3,1971-01-11,1976-06-04
6a2b7934618f4e0187edf22cc487ed2f,88dc2372-1608-57b0-b0e6-1a789be8dec9,1976-10-04,1979-06-09
6a2b7934618f4e0187edf22cc487ed2f,e81abcf9-5188-5367-ad40-4e793d4f55e3,1979-10-01,1982-06-12
6a2b7934618f4e0187edf22cc487ed2f,88dc2372-1608-57b0-b0e6-1a789be8dec9,1982-10-04,1994-06-21
6a2b7934618f4e0187edf22cc487ed2f,e81abcf9-5188-5367-ad40-4e793d4f55e3,1994-10-03,1998-09-14
6a2b7934618f4e0187edf22cc487ed2f,88dc2372-1608-57b0-b0e6-1a789be8dec9,1998-09-15,2006-09-30
6a2b7934618f4e0187edf22cc487ed2f,66149692-b5cc-50f8-a778-2131f28fe57d,2006-10-02,2022-09-26
6a2b7934618f4e0187edf22cc487ed2f,6a5c15bf-688e-5a49-a539-c0eab6478b72,2022-09-26,2026-09-15
6a56bf058ea04209935884bca3caa1c8,d5171f25-e144-57e0-8818-475a87cc5809,1971-01-11,1998-09-14
6a56bf058ea04209935884bca3caa1c8,90a5c436-9d88-53bb-b9e9-7314a438703f,1998-09-15,2002-09-29
6a56bf058ea04209935884bca3caa1c8,352b9fa6-6250-564e-9522-46f6a36097fe,2002-09-30,2006-09-30
6a56bf058ea04209935884bca3caa1c8,75402d16-31ae-5692-a5a7-1008706a092a,2006-10-02,2026-09-15
6a705d8ef64a4d1db902ea852bf61da6,d34944b2-a7de-580f-a21e-a5691c785c8b,1971-01-11,1988-06-10
6a705d8ef64a4d1db902ea852bf61da6,9bef2d8f-9970-5df1-97fa-4941035d4740,1988-10-03,1991-06-20
6a705d8ef64a4d1db902ea852bf61da6,d34944b2-a7de-580f-a21e-a5691c785c8b,1991-09-30,1998-09-14
6a705d8ef64a4d1db902ea852bf61da6,9bef2d8f-9970-5df1-97fa-4941035d4740,1998-09-15,2006-09-30
6a705d8ef64a4d1db902ea852bf61da6,949c1729-b7ab-521d-ad1b-60772ec2276f,2006-10-02,2026-09-15
6af1aed6e7974916bc3474ba4d1f2531,632495bb-e961-5581-9345-278a353d0405,1925-01-10,1951-12-13
6af1aed6e7974916bc3474ba4d1f2531,39f50a3e-9748-5cbb-899c-fce5af24b249,1952-01-10,1970-12-16
6bd379c51fa740cb98adb81d166996bd,88073719-4eb3-5370-acd3-f061ef80e1f6,1971-01-11,1973-12-15
6bd379c51fa740cb98adb81d166996bd,136bd5a8-3576-5b75-bc02-5e42ba984200,1974-01-10,1976-06-04
6bd379c51fa740cb98adb81d166996bd,88073719-4eb3-5370-acd3-f061ef80e1f6,1976-10-04,1982-06-12
6bd379c51fa740cb98adb81d166996bd,136bd5a8-3576-5b75-bc02-5e42ba984200,1982-10-04,1985-06-11
6bd379c51fa740cb98adb81d166996bd,88073719-4eb3-5370-acd3-f061ef80e1f6,1985-09-30,1991-06-20
6bd379c51fa740cb98adb81d166996bd,136bd5a8-3576-5b75-bc02-5e42ba984200,1991-09-30,1994-06-21
6bd379c51fa740cb98adb81d166996bd,88073719-4eb3-5370-acd3-f061ef80e1f6,1994-10-03,2006-09-30
6bd379c51fa740cb98adb81d166996bd,3b8cf955-bf93-520c-a3fe-c4a47a38a4bb,2006-10-02,2018-09-24
6bd379c51fa740cb98adb81d166996bd,d14f5900-dbaa-535e-9291-6d184dee2316,2018-09-24,2022-09-26
6bd379c51fa740cb98adb81d166996bd,dec7e907-68a3-5977-b0b2-267422de26fb,2022-09-26,2026-09-15
6bd7e28196a643209f628be07e76d5ff,e8fdd33e-33e7-5173-b67a-6f4fba71e4c2,1925-01-10,1970-12-16
6cd9ac1667ac41d48a05653c1657c14d,5a911a22-b39d-5103-bb54-ad725a2f95c8,1925-01-10,1944-12-30
6cd9ac1667ac41d48a05653c1657c14d,060a7a45-fe70-554c-8395-60d9d522d523,1945-01-10,1956-12-13
6cd9ac1667ac41d48a05653c1657c14d,899ddaec-b4d0-557f-b637-39829a0fe0f1,1957-01-10,1970-12-16
6d70b138f66b466b9baebd88d43063fe,72b06389-e8cc-5a7f-97bd-b697e29d92e9,1971-01-11,1988-06-10
6d70b138f66b466b9baebd88d43063fe,66149692-b5cc-50f8-a778-2131f28fe57d,1988-10-03,1991-06-20
6d70b138f66b466b9baebd88d43063fe,72b06389-e8cc-5a7f-97bd-b697e29d92e9,1991-09-30,1998-09-14
6d70b138f66b466b9baebd88d43063fe,66149692-b5cc-50f8-a778-2131f28fe57d,1998-09-15,2006-09-30
6d70b138f66b466b9baebd88d43063fe,0af335ba-25f1-581d-858f-437ea3adecea,2006-10-02,2010-10-04
6d70b138f66b466b9baebd88d43063fe,d14f5900-dbaa-535e-9291-6d184dee2316,2010-10-04,2018-09-24
6d70b138f66b466b9baebd88d43063fe,0af335ba-25f1-581d-858f-437ea3adecea,2018-09-24,2026-09-15
6dd2ab4775304fdbbfdfa215ad08742f,1b9b3b5b-7c11-5f64-978c-e1d1b2002a5c,1925-01-10,1948-12-23
6dd2ab4775304fdbbfdfa215ad08742f,32a49115-dad0-5644-afea-6515d72a2fa2,1949-01-10,1970-12-16
6e184bcbe7de412ca6f20868baae8c87,899ddaec-b4d0-557f-b637-39829a0fe0f1,1925-01-10,1928-06-08
6e184bcbe7de412ca6f20868baae8c87,c29ab651-c882-5372-b400-c1315400b6b3,1929-01-10,1970-12-16
7004c6fd5b3e4c1fabd1cd4afc455c54,d14f5900-dbaa-535e-9291-6d184dee2316,1971-01-11,1988-06-10
7004c6fd5b3e4c1fabd1cd4afc455c54,0af335ba-25f1-581d-858f-437ea3adecea,1988-10-03,1991-06-20
7004c6fd5b3e4c1fabd1cd4afc455c54,d14f5900-dbaa-535e-9291-6d184dee2316,1991-09-30,2002-09-29
7004c6fd5b3e4c1fabd1cd4afc455c54,0af335ba-25f1-581d-858f-437ea3adecea,2002-09-30,2006-09-30
7004c6fd5b3e4c1fabd1cd4afc455c54,9b204dc5-542a-5e3a-ac60-fe14c1cb46de,2006-10-02,2018-09-24
7004c6fd5b3e4c1fabd1cd4afc455c54,88073719-4eb3-5370-acd3-f061ef80e1f6,2018-09-24,2022-09-26
7004c6fd5b3e4c1fabd1cd4afc455c54,7113b2cc-9972-5065-b2dd-77a7e868113a,2022-09-26,2026-09-15
700c794fa1754c08aff2d26c4db77ae7,9bef2d8f-9970-5df1-97fa-4941035d4740,1971-01-11,1973-12-15
700c794fa1754c08aff2d26c4db77ae7,23ff6cf2-07be-5de2-b01f-a4aa39503e46,1974-01-10,1998-09-14
700c794fa1754c08aff2d26c4db77ae7,1aed974b-1504-5223-9940-b9a0d45845cd,1998-09-15,2002-09-29
700c794fa1754c08aff2d26c4db77ae7,03c44b66-74b5-5b6f-a92f-365fcb5806de,2002-09-30,2006-09-30
700c794fa1754c08aff2d26c4db77ae7,9bef2d8f-9970-5df1-97fa-4941035d4740,2006-10-02,2010-10-04
700c794fa1754c08aff2d26c4db77ae7,1aed974b-1504-5223-9940-b9a0d45845cd,2010-10-04,2022-09-26
700c794fa1754c08aff2d26c4db77ae7,9bef2d8f-9970-5df1-97fa-4941035d4740,2022-09-26,2026-09-15
70174fe8ffba40539b50c85cb85bd8a7,6618cb64-f32d-5806-a07f-3b914964eb26,1925-01-10,1934-06-21
70174fe8ffba40539b50c85cb85bd8a7,d534300a-5530-5600-b1af-7b1dd6723046,1935-01-10,1941-12-30
70174fe8ffba40539b50c85cb85bd8a7,6618cb64-f32d-5806-a07f-3b914964eb26,1942-01-10,1970-12-16
7019c2bba2294dcbbcefd62b54fde14c,77564945-b88d-5e96-9332-e474481cfc5c,1971-01-11,1976-06-04
7019c2bba2294dcbbcefd62b54fde14c,d5171f25-e144-57e0-8818-475a87cc5809,1976-10-04,1979-06-09
7019c2bba2294dcbbcefd62b54fde14c,77564945-b88d-5e96-9332-e474481cfc5c,1979-10-01,1994-06-21
7019c2bba2294dcbbcefd62b54fde14c,90a5c436-9d88-53bb-b9e9-7314a438703f,1994-10-03,1998-09-14
7019c2bba2294dcbbcefd62b54fde14c,0259c4e5-f8dc-555a-a982-bc145e6182ca,1998-09-15,2002-09-29
7019c2bba2294dcbbcefd62b54fde14c,90a5c436-9d88-53bb-b9e9-7314a438703f,2002-09-30,2006-09-30
7019c2bba2294dcbbcefd62b54fde14c,e1bb0035-d8f1-5350-8aa8-962b52b0553f,2006-10-02,2026-09-15
70264874efd74c7cbece5b852f4dd595,9b204dc5-542a-5e3a-ac60-fe14c1cb46de,1971-01-11,1976-06-04
70264874efd74c7cbece5b852f4dd595,7113b2cc-9972-5065-b2dd-77a7e868113a,1976-10-04,1979-06-09
70264874efd74c7cbece5b852f4dd595,9b204dc5-542a-5e3a-ac60-fe14c1cb46de,1979-10-01,2006-09-30
70264874efd74c7cbece5b852f4dd595,1aed974b-1504-5223-9940-b9a0d45845cd,2006-10-02,2010-10-04
70264874efd74c7cbece5b852f4dd595,9bef2d8f-9970-5df1-97fa-4941035d4740,2010-10-04,2014-09-29
70264874efd74c7cbece5b852f4dd595,1aed974b-1504-5223-9940-b9a0d45845cd,2014-09-29,2018-09-24
70264874efd74c7cbece5b852f4dd595,03c44b66-74b5-5b6f-a92f-365fcb5806de,2018-09-24,2026-09-15
7029dfa5fa2d4e00b84506438203a09a,d34944b2-a7de-580f-a21e-a5691c785c8b,1971-01-11,1988-06-10
7029dfa5fa2d4e00b84506438203a09a,9bef2d8f-9970-5df1-97fa-4941035d4740,1988-10-03,1994-06-21
7029dfa5fa2d4e00b84506438203a09a,d34944b2-a7de-580f-a21e-a5691c785c8b,1994-10-03,1998-09-14
7029dfa5fa2d4e00b84506438203a09a,9bef2d8f-9970-5df1-97fa-4941035d4740,1998-09-15,2002-09-29
7029dfa5fa2d4e00b84506438203a09a,1aed974b-1504-5223-9940-b9a0d45845cd,2002-09-30,2006-09-30
7029dfa5fa2d4e00b84506438203a09a,7113b2cc-9972-5065-b2dd-77a7e868113a,2006-10-02,2022-09-26
7029dfa5fa2d4e00b84506438203a09a,9b204dc5-542a-5e3a-ac60-fe14c1cb46de,2022-09-26,2026-09-15
708afd07dddf42acaf60cf985bd3443c,23ff6cf2-07be-5de2-b01f-a4aa39503e46,1971-01-11,1973-12-15
708afd07dddf42acaf60cf985bd3443c,72b06389-e8cc-5a7f-97bd-b697e29d92e9,1974-01-10,1994-06-21
708afd07dddf42acaf60cf985bd3443c,23ff6cf2-07be-5de2-b01f-a4aa39503e46,1994-10-03,1998-09-14
708afd07dddf42acaf60cf985bd3443c,03c44b66-74b5-5b6f-a92f-365fcb5806de,1998-09-15,2006-09-30
708afd07dddf42acaf60cf985bd3443c,e1bb0035-d8f1-5350-8aa8-962b52b0553f,2006-10-02,2022-09-26
708afd07dddf42acaf60cf985bd3443c,0259c4e5-f8dc-555a-a982-bc145e6182ca,2022-09-26,2026-09-15
70de872c624d4e66bb6ba78e64078991,2e90b3ff-5244-5c1b-a4d6-62773e5bd1d7,1925-01-10,1956-12-13
70de872c624d4e66bb6ba78e64078991,ff31e42c-ce65-53e9-94c9-75a3487f1284,1957-01-10,1970-12-16
710836d00e434c6f9f13b2b09b7c43e7,d34944b2-a7de-580f-a21e-a5691c785c8b,1971-01-11,1973-12-15
710836d00e434c6f9f13b2b09b7c43e7,9bef2d8f-9970-5df1-97fa-4941035d4740,1974-01-10,1994-06-21
710836d00e434c6f9f13b2b09b7c43e7,d34944b2-a7de-580f-a21e-a5691c785c8b,1994-10-03,1998-09-14
710836d00e434c6f9f13b2b09b7c43e7,1aed974b-1504-5223-9940-b9a0d45845cd,1998-09-15,2006-09-30
710836d00e434c6f9f13b2b09b7c43e7,88073719-4eb3-5370-acd3-f061ef80e1f6,2006-10-02,2014-09-29
710836d00e434c6f9f13b2b09b7c43e7,136bd5a8-3576-5b75-bc02-5e42ba984200,2014-09-29,2018-09-24
710836d00e434c6f9f13b2b09b7c43e7,98941c5a-79d5-5f93-bb5b-00774f03d021,2018-09-24,2022-09-26
710836d00e434c6f9f13b2b09b7c43e7,88073719-4eb3-5370-acd3-f061ef80e1f6,2022-09-26,2026-09-15
71355348bf384322973b5cb8ed0c3818,28620dd2-366d-501c-94a8-a4bec03c7e6d,1925-01-10,1968-12-12
71355348bf384322973b5cb8ed0c3818,1a7d6b60-4c46-50ef-97fa-502f0b3ced2c,1969-01-10,1970-12-16
71de03abbf944c7cbc647c268b3c7673,66149692-b5cc-50f8-a778-2131f28fe57d,1971-01-11,2002-09-29
71de03abbf944c7cbc647c268b3c7673,6a5c15bf-688e-5a49-a539-c0eab6478b72,2002-09-30,2006-09-30
71de03abbf944c7cbc647c268b3c7673,335f9c5a-a060-59bd-8e10-95c79ced3c98,2006-10-02,2014-09-29
71de03abbf944c7cbc647c268b3c7673,e81abcf9-5188-5367-ad40-4e793d4f55e3,2014-09-29,2026-09-15
71e1554396744469b1bcf67ee0e2647f,3b8cf955-bf93-520c-a3fe-c4a47a38a4bb,1971-01-11,2006-09-30
71e1554396744469b1bcf67ee0e2647f,75402d16-31ae-5692-a5a7-1008706a092a,2006-10-02,2026-09-15
723a4446e34d41ddbd2f7a3e947ee0f8,1a7d6b60-4c46-50ef-97fa-502f0b3ced2c,1925-01-10,1948-12-23
723a4446e34d41ddbd2f7a3e947ee0f8,43274040-7203-53fb-845b-2b1afddb308c,1949-01-10,1964-12-17
723a4446e34d41ddbd2f7a3e947ee0f8,c94900a7-e6d3-53ad-8ee2-5badba7c9876,1965-01-11,1970-12-16
728a4f93e354488b8401692da736dc2a,c1806dd8-c00e-56de-bec3-c28973b02d73,1925-01-10,1943-12-30
728a4f93e354488b8401692da736dc2a,b4e172a0-46d7-5354-96b4-2d766739c3d2,1944-01-10,1964-12-17
728a4f93e354488b8401692da736dc2a,d534300a-5530-5600-b1af-7b1dd6723046,1965-01-11,1970-12-16
72c97fe8b36d4131a187af9b157251dc,f84e8ff2-b777-5e35-a14c-1a7e50855c36,1925-01-10,1928-06-08
72c97fe8b36d4131a187af9b157251dc,f190408c-0f9c-57ed-8318-9273dced4a38,1929-01-10,1960-12-14
72c97fe8b36d4131a187af9b157251dc,5a911a22-b39d-5103-bb54-ad725a2f95c8,1961-01-10,1970-12-16
735fd9258ccc4f8db523c7a062a13dac,1a7d6b60-4c46-50ef-97fa-502f0b3ced2c,1925-01-10,1928-06-08
735fd9258ccc4f8db523c7a062a13dac,43274040-7203-53fb-845b-2b1afddb308c,1929-01-10,1936-06-27
735fd9258ccc4f8db523c7a062a13dac,1a7d6b60-4c46-50ef-97fa-502f0b3ced2c,1937-01-11,1948-12-23
735fd9258ccc4f8db523c7a062a13dac,43274040-7203-53fb-845b-2b1afddb308c,1949-01-10,1960-12-14
735fd9258ccc4f8db523c7a062a13dac,c94900a7-e6d3-53ad-8ee2-5badba7c9876,1961-01-10,1970-12-16
73d8b28d222449d7be53db91912160ce,e86227ba-7ea9-5302-81b6-461749b8b4fd,1925-01-10,1941-12-30
73d8b28d222449d7be53db91912160ce,79c143d0-423e-582c-881d-0abf0a4cea5c,1942-01-10,1970-12-16
747f4c7c91704ea98241870c8fb42d98,75402d16-31ae-5692-a5a7-1008706a092a,1971-01-11,2006-09-30
747f4c7c91704ea98241870c8fb42d98,03c44b66-74b5-5b6f-a92f-365fcb5806de,2006-10-02,2014-09-29
747f4c7c91704ea98241870c8fb42d98,3ed93b54-6eb2-5b8d-865d-7587a0486881,2014-09-29,2018-09-24
747f4c7c91704ea98241870c8fb42d98,6a5c15bf-688e-5a49-a539-c0eab6478b72,2018-09-24,2022-09-26
747f4c7c91704ea98241870c8fb42d98,66149692-b5cc-50f8-a778-2131f28fe57d,2022-09-26,2026-09-15
7528644c0ad5443bbd46c2cc19482e97,ce2cfedc-94fe-5e5e-9134-ce27a7ce4f48,1971-01-11,1994-06-21
7528644c0ad5443bbd46c2cc19482e97,6a5c15bf-688e-5a49-a539-c0eab6478b72,1994-10-03,1998-09-14
7528644c0ad5443bbd46c2cc19482e97,b4b85329-707b-5b48-8276-04b0980850d3,1998-09-15,2006-09-30
7528644c0ad5443bbd46c2cc19482e97,95fb07b4-04ab-5bf8-897a-40679b4451c4,2006-10-02,2010-10-04
7528644c0ad5443bbd46c2cc19482e97,9ccaac05-e6d0-5ae0-af81-84815d9ba0e0,2010-10-04,2014-09-29
7528644c0ad5443bbd46c2cc19482e97,95fb07b4-04ab-5bf8-897a-40679b4451c4,2014-09-29,2018-09-24
7528644c0ad5443bbd46c2cc19482e97,3b8cf955-bf93-520c-a3fe-c4a47a38a4bb,2018-09-24,2026-09-15
75838ff02cf14f5ca3865ecf6b7327b1,9b204dc5-542a-5e3a-ac60-fe14c1cb46de,1971-01-11,2006-09-30
75838ff02cf14f5ca3865ecf6b7327b1,66149692-b5cc-50f8-a778-2131f28fe57d,2006-10-02,2014-09-29
75838ff02cf14f5ca3865ecf6b7327b1,6a5c15bf-688e-5a49-a539-c0eab6478b72,2014-09-29,2018-09-24
75838ff02cf14f5ca3865ecf6b7327b1,b4b85329-707b-5b48-8276-04b0980850d3,2018-09-24,2022-09-26
75838ff02cf14f5ca3865ecf6b7327b1,e1bb0035-d8f1-5350-8aa8-962b52b0553f,2022-09-26,2026-09-15
7598c6a2531841c1971bfcdd2477ab73,949c1729-b7ab-521d-ad1b-60772ec2276f,1971-01-11,2006-09-30
7598c6a2531841c1971bfcdd2477ab73,75402d16-31ae-5692-a5a7-1008706a092a,2006-10-02,2018-09-24
7598c6a2531841c1971bfcdd2477ab73,949c1729-b7ab-521d-ad1b-60772ec2276f,2018-09-24,2026-09-15
75fc093c080a45bba5aa683c51f5cdf4,66c4e12f-d764-5309-805a-f277d91aeb7a,1925-01-10,1932-06-20
75fc093c080a45bba5aa683c51f5cdf4,46761fb0-8ace-53c0-8fbd-0a16c7fdc91d,1933-01-10,1948-12-23
75fc093c080a45bba5aa683c51f5cdf4,29c5f935-4b82-58f0-84b9-38fddeb478af,1949-01-10,1970-12-16
761f785d122f47519dada601b0fbee99,aba3654d-c18d-541b-b3cc-d11c7f96ec6f,1925-01-10,1948-12-23
761f785d122f47519dada601b0fbee99,28620dd2-366d-501c-94a8-a4bec03c7e6d,1949-01-10,1970-12-16
762930a9667d4051aae407bd2699afa3,f84e8ff2-b777-5e35-a14c-1a7e50855c36,1925-01-10,1948-12-23
762930a9667d4051aae407bd2699afa3,f190408c-0f9c-57ed-8318-9273dced4a38,1949-01-10,1970-12-16
76b5eb4f876c4c1298a40f3df7f71e2c,46761fb0-8ace-53c0-8fbd-0a16c7fdc91d,1925-01-10,1928-06-08
76b5eb4f876c4c1298a40f3df7f71e2c,29c5f935-4b82-58f0-84b9-38fddeb478af,1929-01-10,1960-12-14
76b5eb4f876c4c1298a40f3df7f71e2c,b3d2ec8f-3f84-5cdd-90b2-eda30fe3e65d,1961-01-10,1970-12-16
7734ca8297804c64804db6ae16a705f9,ab10f2c3-d083-5c5a-b2ca-4a97f0410be8,1925-01-10,1948-12-23
7734ca8297804c64804db6ae16a705f9,9921f6f7-beb1-5224-826d-9b6e7c4114ed,1949-01-10,1970-12-16
778e9fccca5e4f73b908ef351a161440,c29ab651-c882-5372-b400-c1315400b6b3,1925-01-10,1970-12-16
779d0abdd8c6429584f24eeaa223db25,95fb07b4-04ab-5bf8-897a-40679b4451c4,1971-01-11,1982-06-12
779d0abdd8c6429584f24eeaa223db25,3b8cf955-bf93-520c-a3fe-c4a47a38a4bb,1982-10-04,1985-06-11
779d0abdd8c6429584f24eeaa223db25,95fb07b4-04ab-5bf8-897a-40679b4451c4,1985-09-30,1988-06-10
779d0abdd8c6429584f24eeaa223db25,3b8cf955-bf93-520c-a3fe-c4a47a38a4bb,1988-10-03,1991-06-20
779d0abdd8c6429584f24eeaa223db25,95fb07b4-04ab-5bf8-897a-40679b4451c4,1991-09-30,1998-09-14
779d0abdd8c6429584f24eeaa223db25,3b8cf955-bf93-520c-a3fe-c4a47a38a4bb,1998-09-15,2006-09-30
779d0abdd8c6429584f24eeaa223db25,d14f5900-dbaa-535e-9291-6d184dee2316,2006-10-02,2010-10-04
779d0abdd8c6429584f24eeaa223db25,0af335ba-25f1-581d-858f-437ea3adecea,2010-10-04,2026-09-15
785fd60ba1fd4d408b5910b5cd242ce6,23ff6cf2-07be-5de2-b01f-a4aa39503e46,1971-01-11,1973-12-15
785fd60ba1fd4d408b5910b5cd242ce6,72b06389-e8cc-5a7f-97bd-b697e29d92e9,1974-01-10,1982-06-12
785fd60ba1fd4d408b5910b5cd242ce6,23ff6cf2-07be-5de2-b01f-a4aa39503e46,1982-10-04,1985-06-11
785fd60ba1fd4d408b5910b5cd242ce6,72b06389-e8cc-5a7f-97bd-b697e29d92e9,1985-09-30,1994-06-21
785fd60ba1fd4d408b5910b5cd242ce6,23ff6cf2-07be-5de2-b01f-a4aa39503e46,1994-10-03,1998-09-14
785fd60ba1fd4d408b5910b5cd242ce6,03c44b66-74b5-5b6f-a92f-365fcb5806de,1998-09-15,2006-09-30
785fd60ba1fd4d408b5910b5cd242ce6,e1bb0035-d8f1-5350-8aa8-962b52b0553f,2006-10-02,2018-09-24
785fd60ba1fd4d408b5910b5cd242ce6,0259c4e5-f8dc-555a-a982-bc145e6182ca,2018-09-24,2026-09-15
7880c392c6e3469ca4b9f4c79607b2f2,71e15575-7c78-51b0-9d82-5d2a233e8e87,1925-01-10,1934-06-21
7880c392c6e3469ca4b9f4c79607b2f2,977a727a-b31d-5b48-ac60-f7538811f206,1935-01-10,1957-12-18
7880c392c6e3469ca4b9f4c79607b2f2,71e15575-7c78-51b0-9d82-5d2a233e8e87,1958-01-10,1970-12-16
78844550a6204d27952dfde116dc8ce6,66149692-b5cc-50f8-a778-2131f28fe57d,1971-01-11,2006-09-30
78844550a6204d27952dfde116dc8ce6,7113b2cc-9972-5065-b2dd-77a7e868113a,2006-10-02,2014-09-29
78844550a6204d27952dfde116dc8ce6,9b204dc5-542a-5e3a-ac60-fe14c1cb46de,2014-09-29,2026-09-15
788d6ed15a7e4880ab62a76b76662697,9921f6f7-beb1-5224-826d-9b6e7c4114ed,1925-01-10,1960-12-14
788d6ed15a7e4880ab62a76b76662697,5b619cc8-3825-577f-97f2-791ed8cbbf05,1961-01-10,1970-12-16
7899acaef9834dba8ce7d3ceb2d5eda8,79c143d0-423e-582c-881d-0abf0a4cea5c,1925-01-10,1970-12-16
78eb407369d04c03823e72bdad98f133,335f9c5a-a060-59bd-8e10-95c79ced3c98,1971-01-11,2006-09-30
78eb407369d04c03823e72bdad98f133,949c1729-b7ab-521d-ad1b-60772ec2276f,2006-10-02,2026-09-15
792cbef12c734d4385e0a334099690f8,949c1729-b7ab-521d-ad1b-60772ec2276f,1971-01-11,2006-09-30
792cbef12c734d4385e0a334099690f8,b4b85329-707b-5b48-8276-04b0980850d3,2006-10-02,2014-09-29
792cbef12c734d4385e0a334099690f8,03c44b66-74b5-5b6f-a92f-365fcb5806de,2014-09-29,2018-09-24
792cbef12c734d4385e0a334099690f8,e1bb0035-d8f1-5350-8aa8-962b52b0553f,2018-09-24,2022-09-26
792cbef12c734d4385e0a334099690f8,b4b85329-707b-5b48-8276-04b0980850d3,2022-09-26,2026-09-15
79dd13d701ab4e88995b95a3b6d1d88f,28620dd2-366d-501c-94a8-a4bec03c7e6d,1925-01-10,1964-12-17
79dd13d701ab4e88995b95a3b6d1d88f,1a7d6b60-4c46-50ef-97fa-502f0b3ced2c,1965-01-11,1970-12-16
7a39928bd83a4310ba39146ea9444b33,b3d2ec8f-3f84-5cdd-90b2-eda30fe3e65d,1925-01-10,1940-12-30
7a39928bd83a4310ba39146ea9444b33,f84e8ff2-b777-5e35-a14c-1a7e50855c36,1941-01-10,1964-12-17
7a39928bd83a4310ba39146ea9444b33,f190408c-0f9c-57ed-8318-9273dced4a38,1965-01-11,1970-12-16
7aa101a802ef4e5297b70acfc49c33b8,850638eb-f41d-5b5e-91bc-07a7ef818918,1925-01-10,1970-12-16
7aacc7f40977495abb38e8b271d93be6,b3d2ec8f-3f84-5cdd-90b2-eda30fe3e65d,1925-01-10,1928-06-08
7aacc7f40977495abb38e8b271d93be6,f84e8ff2-b777-5e35-a14c-1a7e50855c36,1929-01-10,1956-12-13
7aacc7f40977495abb38e8b271d93be6,f190408c-0f9c-57ed-8318-9273dced4a38,1957-01-10,1970-12-16
7b4e9a91da5a417081493357f901429a,632495bb-e961-5581-9345-278a353d0405,1925-01-10,1931-06-08
7b4e9a91da5a417081493357f901429a,39f50a3e-9748-5cbb-899c-fce5af24b249,1932-01-11,1970-12-16
7b5aaa775efc41239d9e592509fc2584,2ccd1e63-c4b8-53cc-8ef3-e9e95931d8f5,1925-01-10,1970-12-16
7b84fd215fd947de88c7309cc5974eda,ab10f2c3-d083-5c5a-b2ca-4a97f0410be8,1925-01-10,1928-06-08
7b84fd215fd947de88c7309cc5974eda,9921f6f7-beb1-5224-826d-9b6e7c4114ed,1929-01-10,1968-12-12
7b84fd215fd947de88c7309cc5974eda,5b619cc8-3825-577f-97f2-791ed8cbbf05,1969-01-10,1970-12-16
7ba97da37d0f403a9549dd233365e726,5b619cc8-3825-577f-97f2-791ed8cbbf05,1925-01-10,1948-12-23
7ba97da37d0f403a9549dd233365e726,66c4e12f-d764-5309-805a-f277d91aeb7a,1949-01-10,1968-12-12
7ba97da37d0f403a9549dd233365e726,46761fb0-8ace-53c0-8fbd-0a16c7fdc91d,1969-01-10,1970-12-16
7c2d9a94ac03414baa216b043a72b0f4,88073719-4eb3-5370-acd3-f061ef80e1f6,1971-01-11,2006-09-30
7c2d9a94ac03414baa216b043a72b0f4,3b8cf955-bf93-520c-a3fe-c4a47a38a4bb,2006-10-02,2022-09-26
7c2d9a94ac03414baa216b043a72b0f4,dec7e907-68a3-5977-b0b2-267422de26fb,2022-09-26,2026-09-15
7c32d03937a3460e82939ee6d8cd0376,b4e172a0-46d7-5354-96b4-2d766739c3d2,1925-01-10,1956-12-13
7c32d03937a3460e82939ee6d8cd0376,d534300a-5530-5600-b1af-7b1dd6723046,1957-01-10,1970-12-16
7c478c5cacad4e0390dbe8e2ef6a161b,95fb07b4-04ab-5bf8-897a-40679b4451c4,1971-01-11,2002-09-29
7c478c5cacad4e0390dbe8e2ef6a161b,3b8cf955-bf93-520c-a3fe-c4a47a38a4bb,2002-09-30,2006-09-30
7c478c5cacad4e0390dbe8e2ef6a161b,9ccaac05-e6d0-5ae0-af81-84815d9ba0e0,2006-10-02,2010-10-04
7c478c5cacad4e0390dbe8e2ef6a161b,592c89e6-ed06-5678-85d5-3a81f32dd83f,2010-10-04,2014-09-29
7c478c5cacad4e0390dbe8e2ef6a161b,9ccaac05-e6d0-5ae0-af81-84815d9ba0e0,2014-09-29,2018-09-24
7c478c5cacad4e0390dbe8e2ef6a161b,95fb07b4-04ab-5bf8-897a-40679b4451c4,2018-09-24,2022-09-26
7c478c5cacad4e0390dbe8e2ef6a161b,3b8cf955-bf93-520c-a3fe-c4a47a38a4bb,2022-09-26,2026-09-15
7c59587ad27f436785c71b3bc250fee0,0513f834-f476-5c55-878b-e62d2d14087d,1971-01-11,1998-09-14
7c59587ad27f436785c71b3bc250fee0,335f9c5a-a060-59bd-8e10-95c79ced3c98,1998-09-15,2006-09-30
7c59587ad27f436785c71b3bc250fee0,3b8cf955-bf93-520c-a3fe-c4a47a38a4bb,2006-10-02,2022-09-26
7c59587ad27f436785c71b3bc250fee0,dec7e907-68a3-5977-b0b2-267422de26fb,2022-09-26,2026-09-15
7c83d9af7d3744beb18149a1f6a3e9a3,75402d16-31ae-5692-a5a7-1008706a092a,1971-01-11,2006-09-30
7c83d9af7d3744beb18149a1f6a3e9a3,88dc2372-1608-57b0-b0e6-1a789be8dec9,2006-10-02,2010-10-04
7c83d9af7d3744beb18149a1f6a3e9a3,3ed93b54-6eb2-5b8d-865d-7587a0486881,2010-10-04,2014-09-29
7c83d9af7d3744beb18149a1f6a3e9a3,88dc2372-1608-57b0-b0e6-1a789be8dec9,2014-09-29,2018-09-24
7c83d9af7d3744beb18149a1f6a3e9a3,9bef2d8f-9970-5df1-97fa-4941035d4740,2018-09-24,2022-09-26
7c83d9af7d3744beb18149a1f6a3e9a3,3ed93b54-6eb2-5b8d-865d-7587a0486881,2022-09-26,2026-09-15
7cd084fd231b4ca79c043a01a35795dd,dec7e907-68a3-5977-b0b2-267422de26fb,1971-01-11,2006-09-30
7cd084fd231b4ca79c043a01a35795dd,03c44b66-74b5-5b6f-a92f-365fcb5806de,2006-10-02,2018-09-24
7cd084fd231b4ca79c043a01a35795dd,66149692-b5cc-50f8-a778-2131f28fe57d,2018-09-24,2026-09-15
7da3e780909a48e384fd19d784df840d,850638eb-f41d-5b5e-91bc-07a7ef818918,1925-01-10,1970-12-16
7dbe347f3f8c4bdd9cfa432b4e5050b0,0513f834-f476-5c55-878b-e62d2d14087d,1971-01-11,1982-06-12
7dbe347f3f8c4bdd9cfa432b4e5050b0,335f9c5a-a060-59bd-8e10-95c79ced3c98,1982-10-04,1985-06-11
7dbe347f3f8c4bdd9cfa432b4e5050b0,0513f834-f476-5c55-878b-e62d2d14087d,1985-09-30,1988-06-10
7dbe347f3f8c4bdd9cfa432b4e5050b0,335f9c5a-a060-59bd-8e10-95c79ced3c98,1988-10-03,1994-06-21
7dbe347f3f8c4bdd9cfa432b4e5050b0,0513f834-f476-5c55-878b-e62d2d14087d,1994-10-03,1998-09-14
7dbe347f3f8c4bdd9cfa432b4e5050b0,335f9c5a-a060-59bd-8e10-95c79ced3c98,1998-09-15,2006-09-30
7dbe347f3f8c4bdd9cfa432b4e5050b0,0af335ba-25f1-581d-858f-437ea3adecea,2006-10-02,2010-10-04
7dbe347f3f8c4bdd9cfa432b4e5050b0,d14f5900-dbaa-535e-9291-6d184dee2316,2010-10-04,2022-09-26
7dbe347f3f8c4bdd9cfa432b4e5050b0,0af335ba-25f1-581d-858f-437ea3adecea,2022-09-26,2026-09-15
7e2addf3a2da45b69dd6f3f4ee70905b,0af335ba-25f1-581d-858f-437ea3adecea,1971-01-11,1973-12-15
7e2addf3a2da45b69dd6f3f4ee70905b,75402d16-31ae-5692-a5a7-1008706a092a,1974-01-10,1979-06-09
7e2addf3a2da45b69dd6f3f4ee70905b,0af335ba-25f1-581d-858f-437ea3adecea,1979-10-01,1982-06-12
7e2addf3a2da45b69dd6f3f4ee70905b,75402d16-31ae-5692-a5a7-1008706a092a,1982-10-04,1991-06-20
7e2addf3a2da45b69dd6f3f4ee70905b,0af335ba-25f1-581d-858f-437ea3adecea,1991-09-30,1998-09-14
7e2addf3a2da45b69dd6f3f4ee70905b,75402d16-31ae-5692-a5a7-1008706a092a,1998-09-15,2006-09-30
7e2addf3a2da45b69dd6f3f4ee70905b,b4b85329-707b-5b48-8276-04b0980850d3,2006-10-02,2018-09-24
7e2addf3a2da45b69dd6f3f4ee70905b,e1bb0035-d8f1-5350-8aa8-962b52b0553f,2018-09-24,2022-09-26
7e2addf3a2da45b69dd6f3f4ee70905b,b4b85329-707b-5b48-8276-04b0980850d3,2022-09-26,2026-09-15
7e9ad757976940c5ac969e304b7fc3e8,d14f5900-dbaa-535e-9291-6d184dee2316,1971-01-11,2006-09-30
7e9ad757976940c5ac969e304b7fc3e8,949c1729-b7ab-521d-ad1b-60772ec2276f,2006-10-02,2026-09-15
7f12cafbc5b6419aa36c4473e5c09750,75402d16-31ae-5692-a5a7-1008706a092a,1971-01-11,2006-09-30
7f12cafbc5b6419aa36c4473e5c09750,0513f834-f476-5c55-878b-e62d2d14087d,2006-10-02,2014-09-29
7f12cafbc5b6419aa36c4473e5c09750,98941c5a-79d5-5f93-bb5b-00774f03d021,2014-09-29,2018-09-24
7f12cafbc5b6419aa36c4473e5c09750,335f9c5a-a060-59bd-8e10-95c79ced3c98,2018-09-24,2022-09-26
7f12cafbc5b6419aa36c4473e5c09750,0513f834-f476-5c55-878b-e62d2d14087d,2022-09-26,2026-09-15
7f37d24a26ce42c1be8da51838bada8a,899d0c00-1af8-56c6-bd46-79a83dfcf8c1,1925-01-10,1964-12-17
7f37d24a26ce42c1be8da51838bada8a,aba3654d-c18d-541b-b3cc-d11c7f96ec6f,1965-01-11,1970-12-16
7f3d9d53828045a88e49343a51bce9f5,be377f3a-8cd1-587c-a143-bf5d0cf4b3a0,1925-01-10,1964-12-17
7f3d9d53828045a88e49343a51bce9f5,e8fdd33e-33e7-5173-b67a-6f4fba71e4c2,1965-01-11,1970-12-16
7f88322ec66c47d08da6f4826a62618d,77564945-b88d-5e96-9332-e474481cfc5c,1971-01-11,1994-06-21
7f88322ec66c47d08da6f4826a62618d,8d210c34-becf-5dbd-b1fe-15d608635374,1994-10-03,1998-09-14
7f88322ec66c47d08da6f4826a62618d,e1bb0035-d8f1-5350-8aa8-962b52b0553f,1998-09-15,2002-09-29
7f88322ec66c47d08da6f4826a62618d,0259c4e5-f8dc-555a-a982-bc145e6182ca,2002-09-30,2006-09-30
7f88322ec66c47d08da6f4826a62618d,0513f834-f476-5c55-878b-e62d2d14087d,2006-10-02,2018-09-24
7f88322ec66c47d08da6f4826a62618d,e81abcf9-5188-5367-ad40-4e793d4f55e3,2018-09-24,2022-09-26
7f88322ec66c47d08da6f4826a62618d,0513f834-f476-5c55-878b-e62d2d14087d,2022-09-26,2026-09-15
7fb13465a31049db98e220797bce6bc0,6618cb64-f32d-5806-a07f-3b914964eb26,1925-01-10,1970-12-16
809ba026824a4e2baf99e9dd13123ce6,29c5f935-4b82-58f0-84b9-38fddeb478af,1925-01-10,1948-12-23
809ba026824a4e2baf99e9dd13123ce6,b3d2ec8f-3f84-5cdd-90b2-eda30fe3e65d,1949-01-10,1968-12-12
809ba026824a4e2baf99e9dd13123ce6,f84e8ff2-b777-5e35-a14c-1a7e50855c36,1969-01-10,1970-12-16
80aa5ac95083483789b3e7901be6c77b,ac735033-812d-52c5-a8ef-5254c0709510,1925-01-10,1936-06-27
80aa5ac95083483789b3e7901be6c77b,2ccd1e63-c4b8-53cc-8ef3-e9e95931d8f5,1937-01-11,1952-12-17
80aa5ac95083483789b3e7901be6c77b,ac735033-812d-52c5-a8ef-5254c0709510,1953-01-10,1970-12-16
80db43e1807b4dc18bd5a312a77ebdda,7b5afbfc-aed1-5edb-913c-f89ce67b95a5,1925-01-10,1964-12-17
80db43e1807b4dc18bd5a312a77ebdda,899d0c00-1af8-56c6-bd46-79a83dfcf8c1,1965-01-11,1970-12-16
8135091aa45543dd86b0de639ef4ee09,75402d16-31ae-5692-a5a7-1008706a092a,1971-01-11,2006-09-30
8135091aa45543dd86b0de639ef4ee09,90a5c436-9d88-53bb-b9e9-7314a438703f,2006-10-02,2018-09-24
8135091aa45543dd86b0de639ef4ee09,352b9fa6-6250-564e-9522-46f6a36097fe,2018-09-24,2022-09-26
8135091aa45543dd86b0de639ef4ee09,90a5c436-9d88-53bb-b9e9-7314a438703f,2022-09-26,2026-09-15
814127872a174909bd6ecaeaf59290fe,850638eb-f41d-5b5e-91bc-07a7ef818918,1957-01-10,1970-12-16
8154771fa0ec4f56995c991eb11f4aec,d14f5900-dbaa-535e-9291-6d184dee2316,1971-01-11,1988-06-10
8154771fa0ec4f56995c991eb11f4aec,0af335ba-25f1-581d-858f-437ea3adecea,1988-10-03,1991-06-20
8154771fa0ec4f56995c991eb11f4aec,d14f5900-dbaa-535e-9291-6d184dee2316,1991-09-30,1998-09-14
8154771fa0ec4f56995c991eb11f4aec,0af335ba-25f1-581d-858f-437ea3adecea,1998-09-15,2006-09-30
8154771fa0ec4f56995c991eb11f4aec,98941c5a-79d5-5f93-bb5b-00774f03d021,2006-10-02,2018-09-24
8154771fa0ec4f56995c991eb11f4aec,136bd5a8-3576-5b75-bc02-5e42ba984200,2018-09-24,2022-09-26
8154771fa0ec4f56995c991eb11f4aec,98941c5a-79d5-5f93-bb5b-00774f03d021,2022-09-26,2026-09-15
8161072b7c194ca8bd4e3e3df20f1c32,352b9fa6-6250-564e-9522-46f6a36097fe,1971-01-11,2002-09-29
8161072b7c194ca8bd4e3e3df20f1c32,592c89e6-ed06-5678-85d5-3a81f32dd83f,2002-09-30,2006-09-30
8161072b7c194ca8bd4e3e3df20f1c32,9b204dc5-542a-5e3a-ac60-fe14c1cb46de,2006-10-02,2022-09-26
8161072b7c194ca8bd4e3e3df20f1c32,7113b2cc-9972-5065-b2dd-77a7e868113a,2022-09-26,2026-09-15
81a7cbae411f47559a04bbca262e8a59,ab10f2c3-d083-5c5a-b2ca-4a97f0410be8,1925-01-10,1948-12-23
81a7cbae411f47559a04bbca262e8a59,9921f6f7-beb1-5224-826d-9b6e7c4114ed,1949-01-10,1970-12-16
81b28b695f404290a902a9b042090db4,88dc2372-1608-57b0-b0e6-1a789be8dec9,1971-01-11,1988-06-10
81b28b695f404290a902a9b042090db4,d34944b2-a7de-580f-a21e-a5691c785c8b,1988-10-03,1991-06-20
81b28b695f404290a902a9b042090db4,88dc2372-1608-57b0-b0e6-1a789be8dec9,1991-09-30,1998-09-14
81b28b695f404290a902a9b042090db4,3ed93b54-6eb2-5b8d-865d-7587a0486881,1998-09-15,2006-09-30
81b28b695f404290a902a9b042090db4,3b8cf955-bf93-520c-a3fe-c4a47a38a4bb,2006-10-02,2022-09-26
81b28b695f404290a902a9b042090db4,dec7e907-68a3-5977-b0b2-267422de26fb,2022-09-26,2026-09-15
826f5e51893e446299885de678135934,b7bcdd69-c525-5716-a985-a12260f20f70,1925-01-10,1934-06-21
826f5e51893e446299885de678135934,71e15575-7c78-51b0-9d82-5d2a233e8e87,1935-01-10,1956-12-13
826f5e51893e446299885de678135934,b7bcdd69-c525-5716-a985-a12260f20f70,1957-01-10,1970-12-16
82e66dff3fee42faaa3df25e96ed08cd,d5171f25-e144-57e0-8818-475a87cc5809,1971-01-11,1998-09-14
82e66dff3fee42faaa3df25e96ed08cd,90a5c436-9d88-53bb-b9e9-7314a438703f,1998-09-15,2002-09-29
82e66dff3fee42faaa3df25e96ed08cd,352b9fa6-6250-564e-9522-46f6a36097fe,2002-09-30,2006-09-30
82e66dff3fee42faaa3df25e96ed08cd,75402d16-31ae-5692-a5a7-1008706a092a,2006-10-02,2014-09-29
82e66dff3fee42faaa3df25e96ed08cd,949c1729-b7ab-521d-ad1b-60772ec2276f,2014-09-29,2018-09-24
82e66dff3fee42faaa3df25e96ed08cd,75402d16-31ae-5692-a5a7-1008706a092a,2018-09-24,2026-09-15
83020b637306415bb97ccf65c66ee40e,28620dd2-366d-501c-94a8-a4bec03c7e6d,1925-01-10,1960-12-14
83020b637306415bb97ccf65c66ee40e,1a7d6b60-4c46-50ef-97fa-502f0b3ced2c,1961-01-10,1970-12-16
83496f50ea98477dadcc178583c51662,72b06389-e8cc-5a7f-97bd-b697e29d92e9,1971-01-11,1973-12-15
83496f50ea98477dadcc178583c51662,66149692-b5cc-50f8-a778-2131f28fe57d,1974-01-10,1982-06-12
83496f50ea98477dadcc178583c51662,72b06389-e8cc-5a7f-97bd-b697e29d92e9,1982-10-04,1988-06-10
83496f50ea98477dadcc178583c51662,66149692-b5cc-50f8-a778-2131f28fe57d,1988-10-03,1991-06-20
83496f50ea98477dadcc178583c51662,72b06389-e8cc-5a7f-97bd-b697e29d92e9,1991-09-30,1998-09-14
83496f50ea98477dadcc178583c51662,66149692-b5cc-50f8-a778-2131f28fe57d,1998-09-15,2006-09-30
83496f50ea98477dadcc178583c51662,75402d16-31ae-5692-a5a7-1008706a092a,2006-10-02,2026-09-15
838d11a15f7443aaadbe61b52e75a438,9b204dc5-542a-5e3a-ac60-fe14c1cb46de,1971-01-11,2006-09-30
838d11a15f7443aaadbe61b52e75a438,66149692-b5cc-50f8-a778-2131f28fe57d,2006-10-02,2022-09-26
838d11a15f7443aaadbe61b52e75a438,03c44b66-74b5-5b6f-a92f-365fcb5806de,2022-09-26,2026-09-15
83a603c4dc554f758e2ac07b96bc2306,32a49115-dad0-5644-afea-6515d72a2fa2,1925-01-10,1932-06-20
83a603c4dc554f758e2ac07b96bc2306,40f4f3db-cc8b-56b3-9b72-ec5a1a7070f7,1933-01-10,1936-06-27
83a603c4dc554f758e2ac07b96bc2306,32a49115-dad0-5644-afea-6515d72a2fa2,1937-01-11,1948-12-23
83a603c4dc554f758e2ac07b96bc2306,40f4f3db-cc8b-56b3-9b72-ec5a1a7070f7,1949-01-10,1964-12-17
83a603c4dc554f758e2ac07b96bc2306,ab10f2c3-d083-5c5a-b2ca-4a97f0410be8,1965-01-11,1970-12-16
83e2ec23b7cc4166ba003e8fe8e99637,f190408c-0f9c-57ed-8318-9273dced4a38,1925-01-10,1936-06-27
83e2ec23b7cc4166ba003e8fe8e99637,5a911a22-b39d-5103-bb54-ad725a2f95c8,1937-01-11,1956-12-13
83e2ec23b7cc4166ba003e8fe8e99637,060a7a45-fe70-554c-8395-60d9d522d523,1957-01-10,1970-12-16
84865c61374e4dd0a9853379eaf4f5b2,75402d16-31ae-5692-a5a7-1008706a092a,1971-01-11,2006-09-30
84865c61374e4dd0a9853379eaf4f5b2,949c1729-b7ab-521d-ad1b-60772ec2276f,2006-10-02,2026-09-15
84bad0b33a654dc9ab62ea03c635eea7,6618cb64-f32d-5806-a07f-3b914964eb26,1925-01-10,1961-12-15
84bad0b33a654dc9ab62ea03c635eea7,52d3be74-04c2-5ef4-ac33-10731fc6f074,1962-01-10,1970-12-16
84c357ee324247ef9151366af5b82999,95fb07b4-04ab-5bf8-897a-40679b4451c4,1971-01-11,1998-09-14
84c357ee324247ef9151366af5b82999,3b8cf955-bf93-520c-a3fe-c4a47a38a4bb,1998-09-15,2006-09-30
84c357ee324247ef9151366af5b82999,dec7e907-68a3-5977-b0b2-267422de26fb,2006-10-02,2026-09-15
84cdd3ae3f7140a0b303dcc4c4c43ee9,949c1729-b7ab-521d-ad1b-60772ec2276f,1971-01-11,1979-06-09
84cdd3ae3f7140a0b303dcc4c4c43ee9,75402d16-31ae-5692-a5a7-1008706a092a,1979-10-01,2006-09-30
84cdd3ae3f7140a0b303dcc4c4c43ee9,dec7e907-68a3-5977-b0b2-267422de26fb,2006-10-02,2022-09-26
84cdd3ae3f7140a0b303dcc4c4c43ee9,d14f5900-dbaa-535e-9291-6d184dee2316,2022-09-26,2026-09-15
84e0193622fc41748bd1d7f031582475,899ddaec-b4d0-557f-b637-39829a0fe0f1,1925-01-10,1932-06-20
84e0193622fc41748bd1d7f031582475,c29ab651-c882-5372-b400-c1315400b6b3,1933-01-10,1970-12-16
85047af5df2f4b6c84159b6f2cc437ab,39f50a3e-9748-5cbb-899c-fce5af24b249,1925-01-10,1963-12-12
85047af5df2f4b6c84159b6f2cc437ab,e86227ba-7ea9-5302-81b6-461749b8b4fd,1964-01-10,1970-12-16
8566f75d252b4be8bf00f69d52464380,66c4e12f-d764-5309-805a-f277d91aeb7a,1925-01-10,1948-12-23
8566f75d252b4be8bf00f69d52464380,46761fb0-8ace-53c0-8fbd-0a16c7fdc91d,1949-01-10,1960-12-14
8566f75d252b4be8bf00f69d52464380,29c5f935-4b82-58f0-84b9-38fddeb478af,1961-01-10,1970-12-16
8587d8c84d1f43ad9b6c90dd1b00cfdf,77564945-b88d-5e96-9332-e474481cfc5c,1971-01-11,1994-06-21
8587d8c84d1f43ad9b6c90dd1b00cfdf,90a5c436-9d88-53bb-b9e9-7314a438703f,1994-10-03,1998-09-14
8587d8c84d1f43ad9b6c90dd1b00cfdf,0259c4e5-f8dc-555a-a982-bc145e6182ca,1998-09-15,2006-09-30
8587d8c84d1f43ad9b6c90dd1b00cfdf,e1bb0035-d8f1-5350-8aa8-962b52b0553f,2006-10-02,2026-09-15
85ac688143144429a65679b9e6daa1e8,335f9c5a-a060-59bd-8e10-95c79ced3c98,1971-01-11,1998-09-14
85ac688143144429a65679b9e6daa1e8,e81abcf9-5188-5367-ad40-4e793d4f55e3,1998-09-15,2002-09-29
85ac688143144429a65679b9e6daa1e8,335f9c5a-a060-59bd-8e10-95c79ced3c98,2002-09-30,2006-09-30
85ac688143144429a65679b9e6daa1e8,949c1729-b7ab-521d-ad1b-60772ec2276f,2006-10-02,2026-09-15
8600ce24a22748a68c757f566f57a7bf,1a7d6b60-4c46-50ef-97fa-502f0b3ced2c,1925-01-10,1956-12-13
8600ce24a22748a68c757f566f57a7bf,43274040-7203-53fb-845b-2b1afddb308c,1957-01-10,1968-12-12
8600ce24a22748a68c757f566f57a7bf,c94900a7-e6d3-53ad-8ee2-5badba7c9876,1969-01-10,1970-12-16
8659fe5ad36a47b1ab7df2caad14b901,66149692-b5cc-50f8-a778-2131f28fe57d,1971-01-11,2006-09-30
8659fe5ad36a47b1ab7df2caad14b901,98941c5a-79d5-5f93-bb5b-00774f03d021,2006-10-02,2014-09-29
8659fe5ad36a47b1ab7df2caad14b901,136bd5a8-3576-5b75-bc02-5e42ba984200,2014-09-29,2018-09-24
8659fe5ad36a47b1ab7df2caad14b901,0513f834-f476-5c55-878b-e62d2d14087d,2018-09-24,2022-09-26
8659fe5ad36a47b1ab7df2caad14b901,335f9c5a-a060-59bd-8e10-95c79ced3c98,2022-09-26,2026-09-15
86769b3dcb1f408699052585cf853bb8,f190408c-0f9c-57ed-8318-9273dced4a38,1925-01-10,1956-12-13
86769b3dcb1f408699052585cf853bb8,5a911a22-b39d-5103-bb54-ad725a2f95c8,1957-01-10,1970-12-16
86d1c2d2bd7f4f249de359d8f83034ba,ff31e42c-ce65-53e9-94c9-75a3487f1284,1925-01-10,1961-12-15
86d1c2d2bd7f4f249de359d8f83034ba,632495bb-e961-5581-9345-278a353d0405,1962-01-10,1970-12-16
874aa845c2404714a7a1d5d608349105,789d2e28-3b2d-5bc6-9425-4c454f3efeec,1925-01-10,1956-12-13
874aa845c2404714a7a1d5d608349105,483bb97a-ce72-54f6-a4c4-49b240eb5341,1957-01-10,1970-12-16
87ca3cdd14114a5580833f8de30d1201,2ccd1e63-c4b8-53cc-8ef3-e9e95931d8f5,1925-01-10,1960-12-14
87ca3cdd14114a5580833f8de30d1201,ac735033-812d-52c5-a8ef-5254c0709510,1961-01-10,1970-12-16
87e11da843a24fb593a26a3022707718,7113b2cc-9972-5065-b2dd-77a7e868113a,1971-01-11,2006-09-30
87e11da843a24fb593a26a3022707718,335f9c5a-a060-59bd-8e10-95c79ced3c98,2006-10-02,2010-10-04
87e11da843a24fb593a26a3022707718,e81abcf9-5188-5367-ad40-4e793d4f55e3,2010-10-04,2014-09-29
87e11da843a24fb593a26a3022707718,335f9c5a-a060-59bd-8e10-95c79ced3c98,2014-09-29,2018-09-24
87e11da843a24fb593a26a3022707718,e81abcf9-5188-5367-ad40-4e793d4f55e3,2018-09-24,2026-09-15
8807936abbfa42f991566d0eaf8d6010,0af335ba-25f1-581d-858f-437ea3adecea,1971-01-11,2006-09-30
8807936abbfa42f991566d0eaf8d6010,3ed93b54-6eb2-5b8d-865d-7587a0486881,2006-10-02,2018-09-24
8807936abbfa42f991566d0eaf8d6010,9bef2d8f-9970-5df1-97fa-4941035d4740,2018-09-24,2022-09-26
8807936abbfa42f991566d0eaf8d6010,1aed974b-1504-5223-9940-b9a0d45845cd,2022-09-26,2026-09-15
881e729ebfb74f9bac709631c8a46906,dec7e907-68a3-5977-b0b2-267422de26fb,1971-01-11,2006-09-30
881e729ebfb74f9bac709631c8a46906,6a5c15bf-688e-5a49-a539-c0eab6478b72,2006-10-02,2014-09-29
881e729ebfb74f9bac709631c8a46906,b4b85329-707b-5b48-8276-04b0980850d3,2014-09-29,2018-09-24
881e729ebfb74f9bac709631c8a46906,6a5c15bf-688e-5a49-a539-c0eab6478b72,2018-09-24,2026-09-15
88281f143d7f42879e33bd2e5fcceb78,977a727a-b31d-5b48-ac60-f7538811f206,1925-01-10,1970-12-16
88666842a0654e98a6f7350fb7a82fbd,d534300a-5530-5600-b1af-7b1dd6723046,1925-01-10,1970-12-16
887b3081e5fe4950802b1a9f6a662b68,28620dd2-366d-501c-94a8-a4bec03c7e6d,1925-01-10,1964-12-17
887b3081e5fe4950802b1a9f6a662b68,1a7d6b60-4c46-50ef-97fa-502f0b3ced2c,1965-01-11,1970-12-16
89150c91f5e049cb9c9eee1d2d208186,75402d16-31ae-5692-a5a7-1008706a092a,1971-01-11,2006-09-30
89150c91f5e049cb9c9eee1d2d208186,90a5c436-9d88-53bb-b9e9-7314a438703f,2006-10-02,2018-09-24
89150c91f5e049cb9c9eee1d2d208186,352b9fa6-6250-564e-9522-46f6a36097fe,2018-09-24,2022-09-26
89150c91f5e049cb9c9eee1d2d208186,90a5c436-9d88-53bb-b9e9-7314a438703f,2022-09-26,2026-09-15
8917da67db4c4869ae037beb1e95adf5,7b5afbfc-aed1-5edb-913c-f89ce67b95a5,1925-01-10,1960-12-14
8917da67db4c4869ae037beb1e95adf5,899d0c00-1af8-56c6-bd46-79a83dfcf8c1,1961-01-10,1970-12-16
8a16a46d9bfa432b8b7f0222363516bf,75402d16-31ae-5692-a5a7-1008706a092a,1971-01-11,2006-09-30
8a16a46d9bfa432b8b7f0222363516bf,b4b85329-707b-5b48-8276-04b0980850d3,2006-10-02,2018-09-24
8a16a46d9bfa432b8b7f0222363516bf,6a5c15bf-688e-5a49-a539-c0eab6478b72,2018-09-24,2022-09-26
8a16a46d9bfa432b8b7f0222363516bf,b4b85329-707b-5b48-8276-04b0980850d3,2022-09-26,2026-09-15
8a2ec8afab744787949b92ad0ec0bbbe,6a5c15bf-688e-5a49-a539-c0eab6478b72,1971-01-11,2002-09-29
8a2ec8afab744787949b92ad0ec0bbbe,b4b85329-707b-5b48-8276-04b0980850d3,2002-09-30,2006-09-30
8a2ec8afab744787949b92ad0ec0bbbe,6a5c15bf-688e-5a49-a539-c0eab6478b72,2006-10-02,2018-09-24
8a2ec8afab744787949b92ad0ec0bbbe,b4b85329-707b-5b48-8276-04b0980850d3,2018-09-24,2022-09-26
8a2ec8afab744787949b92ad0ec0bbbe,e1bb0035-d8f1-5350-8aa8-962b52b0553f,2022-09-26,2026-09-15
8a6d05d7c44341d590e5eaf16c572422,ff31e42c-ce65-53e9-94c9-75a3487f1284,1925-01-10,1931-06-08
8a6d05d7c44341d590e5eaf16c572422,632495bb-e961-5581-9345-278a353d0405,1932-01-11,1963-12-12
8a6d05d7c44341d590e5eaf16c572422,39f50a3e-9748-5cbb-899c-fce5af24b249,1964-01-10,1970-12-16
8a708ba8517849f8a90a2d111eb7415e,e86227ba-7ea9-5302-81b6-461749b8b4fd,1925-01-10,1951-12-13
8a708ba8517849f8a90a2d111eb7415e,79c143d0-423e-582c-881d-0abf0a4cea5c,1952-01-10,1970-12-16
8a86d549e3a84e16ba7491243b81c4df,d14f5900-dbaa-535e-9291-6d184dee2316,1971-01-11,1973-12-15
8a86d549e3a84e16ba7491243b81c4df,0af335ba-25f1-581d-858f-437ea3adecea,1974-01-10,2006-09-30
8a86d549e3a84e16ba7491243b81c4df,0513f834-f476-5c55-878b-e62d2d14087d,2006-10-02,2018-09-24
8a86d549e3a84e16ba7491243b81c4df,335f9c5a-a060-59bd-8e10-95c79ced3c98,2018-09-24,2022-09-26
8a86d549e3a84e16ba7491243b81c4df,0513f834-f476-5c55-878b-e62d2d14087d,2022-09-26,2026-09-15
8a8de1537ad845309bca655af8735dbc,39f50a3e-9748-5cbb-899c-fce5af24b249,1925-01-10,1956-12-13
8a8de1537ad845309bca655af8735dbc,e86227ba-7ea9-5302-81b6-461749b8b4fd,1957-01-10,1970-12-16
8ac69fe7ab0a4256a9b18cfa886f0451,483bb97a-ce72-54f6-a4c4-49b240eb5341,1925-01-10,1957-12-18
8ac69fe7ab0a4256a9b18cfa886f0451,3ffdbc9c-5dee-555c-98e7-92f3c88684af,1958-01-10,1970-12-16
8ac94cf395cf40d49922df845ae2859e,aba3654d-c18d-541b-b3cc-d11c7f96ec6f,1925-01-10,1928-06-08
8ac94cf395cf40d49922df845ae2859e,28620dd2-366d-501c-94a8-a4bec03c7e6d,1929-01-10,1936-06-27
8ac94cf395cf40d49922df845ae2859e,aba3654d-c18d-541b-b3cc-d11c7f96ec6f,1937-01-11,1948-12-23
8ac94cf395cf40d49922df845ae2859e,28620dd2-366d-501c-94a8-a4bec03c7e6d,1949-01-10,1970-12-16
8acb869481d2410bb88813084be9eccc,7113b2cc-9972-5065-b2dd-77a7e868113a,1971-01-11,2006-09-30
8acb869481d2410bb88813084be9eccc,136bd5a8-3576-5b75-bc02-5e42ba984200,2006-10-02,2014-09-29
8acb869481d2410bb88813084be9eccc,88073719-4eb3-5370-acd3-f061ef80e1f6,2014-09-29,2018-09-24
8acb869481d2410bb88813084be9eccc,98941c5a-79d5-5f93-bb5b-00774f03d021,2018-09-24,2022-09-26
8acb869481d2410bb88813084be9eccc,136bd5a8-3576-5b75-bc02-5e42ba984200,2022-09-26,2026-09-15
8b00f66756724733a118f07c452c63eb,7671d1a1-b494-53ab-9ea8-59b8fbcdffc5,1925-01-10,1934-06-21
8b00f66756724733a118f07c452c63eb,b7bcdd69-c525-5716-a985-a12260f20f70,1935-01-10,1943-12-30
8b00f66756724733a118f07c452c63eb,7671d1a1-b494-53ab-9ea8-59b8fbcdffc5,1944-01-10,1970-12-16
8c64294094f14a22964b87ad19cd2ff0,d5171f25-e144-57e0-8818-475a87cc5809,1971-01-11,1976-06-04
8c64294094f14a22964b87ad19cd2ff0,352b9fa6-6250-564e-9522-46f6a36097fe,1976-10-04,1979-06-09
8c64294094f14a22964b87ad19cd2ff0,d5171f25-e144-57e0-8818-475a87cc5809,1979-10-01,1991-06-20
8c64294094f14a22964b87ad19cd2ff0,352b9fa6-6250-564e-9522-46f6a36097fe,1991-09-30,1994-06-21
8c64294094f14a22964b87ad19cd2ff0,d5171f25-e144-57e0-8818-475a87cc5809,1994-10-03,1998-09-14
8c64294094f14a22964b87ad19cd2ff0,352b9fa6-6250-564e-9522-46f6a36097fe,1998-09-15,2006-09-30
8c64294094f14a22964b87ad19cd2ff0,949c1729-b7ab-521d-ad1b-60772ec2276f,2006-10-02,2026-09-15
8ce733c802fa41a29f20777000be2ccf,29c5f935-4b82-58f0-84b9-38fddeb478af,1925-01-10,1928-06-08
8ce733c802fa41a29f20777000be2ccf,b3d2ec8f-3f84-5cdd-90b2-eda30fe3e65d,1929-01-10,1948-12-23
8ce733c802fa41a29f20777000be2ccf,f84e8ff2-b777-5e35-a14c-1a7e50855c36,1949-01-10,1970-12-16
8ceb6c8acd764c94870dddaf1b23dfa2,77564945-b88d-5e96-9332-e474481cfc5c,1971-01-11,1994-06-21
8ceb6c8acd764c94870dddaf1b23dfa2,8d210c34-becf-5dbd-b1fe-15d608635374,1994-10-03,1998-09-14
8ceb6c8acd764c94870dddaf1b23dfa2,e1bb0035-d8f1-5350-8aa8-962b52b0553f,1998-09-15,2006-09-30
8ceb6c8acd764c94870dddaf1b23dfa2,9b204dc5-542a-5e3a-ac60-fe14c1cb46de,2006-10-02,2022-09-26
8ceb6c8acd764c94870dddaf1b23dfa2,7113b2cc-9972-5065-b2dd-77a7e868113a,2022-09-26,2026-09-15
8e05a1f8a6e34b268aa563bbb8a02c61,9ccaac05-e6d0-5ae0-af81-84815d9ba0e0,1971-01-11,1982-06-12
8e05a1f8a6e34b268aa563bbb8a02c61,95fb07b4-04ab-5bf8-897a-40679b4451c4,1982-10-04,1985-06-11
8e05a1f8a6e34b268aa563bbb8a02c61,9ccaac05-e6d0-5ae0-af81-84815d9ba0e0,1985-09-30,1998-09-14
8e05a1f8a6e34b268aa563bbb8a02c61,95fb07b4-04ab-5bf8-897a-40679b4451c4,1998-09-15,2006-09-30
8e05a1f8a6e34b268aa563bbb8a02c61,90a5c436-9d88-53bb-b9e9-7314a438703f,2006-10-02,2010-10-04
8e05a1f8a6e34b268aa563bbb8a02c61,0259c4e5-f8dc-555a-a982-bc145e6182ca,2010-10-04,2014-09-29
8e05a1f8a6e34b268aa563bbb8a02c61,90a5c436-9d88-53bb-b9e9-7314a438703f,2014-09-29,2026-09-15
8e33edf3b3ff4a8dbbe527b9be6318f8,b7bcdd69-c525-5716-a985-a12260f20f70,1925-01-10,1970-12-16
8e47bc97e957444f8707a3b83a78eb34,949c1729-b7ab-521d-ad1b-60772ec2276f,1971-01-11,1973-12-15
8e47bc97e957444f8707a3b83a78eb34,75402d16-31ae-5692-a5a7-1008706a092a,1974-01-10,2006-09-30
8e47bc97e957444f8707a3b83a78eb34,352b9fa6-6250-564e-9522-46f6a36097fe,2006-10-02,2010-10-04
8e47bc97e957444f8707a3b83a78eb34,90a5c436-9d88-53bb-b9e9-7314a438703f,2010-10-04,2018-09-24
8e47bc97e957444f8707a3b83a78eb34,352b9fa6-6250-564e-9522-46f6a36097fe,2018-09-24,2022-09-26
8e47bc97e957444f8707a3b83a78eb34,90a5c436-9d88-53bb-b9e9-7314a438703f,2022-09-26,2026-09-15
8e8bc57fa8214b98b1213ac6b66403e0,f84e8ff2-b777-5e35-a14c-1a7e50855c36,1925-01-10,1940-12-30
8e8bc57fa8214b98b1213ac6b66403e0,f190408c-0f9c-57ed-8318-9273dced4a38,1941-01-10,1968-12-12
8e8bc57fa8214b98b1213ac6b66403e0,5a911a22-b39d-5103-bb54-ad725a2f95c8,1969-01-10,1970-12-16
8ebb4a9062994cdc9235d4afc22a245c,977a727a-b31d-5b48-ac60-f7538811f206,1925-01-10,1970-12-16
8f2627e2c70845688efe79a3250a9b28,899d0c00-1af8-56c6-bd46-79a83dfcf8c1,1925-01-10,1956-12-13
8f2627e2c70845688efe79a3250a9b28,aba3654d-c18d-541b-b3cc-d11c7f96ec6f,1957-01-10,1970-12-16
8fd82c5a2b3a4197860200fbba9d1a9c,71e15575-7c78-51b0-9d82-5d2a233e8e87,1925-01-10,1970-12-16
906a2bd0c494480394c7737ec37b19d9,75402d16-31ae-5692-a5a7-1008706a092a,1971-01-11,2006-09-30
906a2bd0c494480394c7737ec37b19d9,9ccaac05-e6d0-5ae0-af81-84815d9ba0e0,2006-10-02,2010-10-04
906a2bd0c494480394c7737ec37b19d9,352b9fa6-6250-564e-9522-46f6a36097fe,2010-10-04,2014-09-29
906a2bd0c494480394c7737ec37b19d9,9ccaac05-e6d0-5ae0-af81-84815d9ba0e0,2014-09-29,2022-09-26
906a2bd0c494480394c7737ec37b19d9,3b8cf955-bf93-520c-a3fe-c4a47a38a4bb,2022-09-26,2026-09-15
91091ef85d8749d08981db3c8e951a06,ce2cfedc-94fe-5e5e-9134-ce27a7ce4f48,1971-01-11,1994-06-21
91091ef85d8749d08981db3c8e951a06,c8cd016a-8b2b-5bc2-8fc9-e8ac0f5ba65a,1994-10-03,1998-09-14
91091ef85d8749d08981db3c8e951a06,b4b85329-707b-5b48-8276-04b0980850d3,1998-09-15,2002-09-29
91091ef85d8749d08981db3c8e951a06,e1bb0035-d8f1-5350-8aa8-962b52b0553f,2002-09-30,2006-09-30
91091ef85d8749d08981db3c8e951a06,0af335ba-25f1-581d-858f-437ea3adecea,2006-10-02,2010-10-04
91091ef85d8749d08981db3c8e951a06,3b8cf955-bf93-520c-a3fe-c4a47a38a4bb,2010-10-04,2012-09-18
91091ef85d8749d08981db3c8e951a06,d14f5900-dbaa-535e-9291-6d184dee2316,2012-09-18,2018-09-24
91091ef85d8749d08981db3c8e951a06,0af335ba-25f1-581d-858f-437ea3adecea,2018-09-24,2026-09-15
91a95f0e148a4738b28eb3bdb4689511,75402d16-31ae-5692-a5a7-1008706a092a,1971-01-11,2006-09-30
91a95f0e148a4738b28eb3bdb4689511,03c44b66-74b5-5b6f-a92f-365fcb5806de,2006-10-02,2014-09-29
91a95f0e148a4738b28eb3bdb4689511,3ed93b54-6eb2-5b8d-865d-7587a0486881,2014-09-29,2018-09-24
91a95f0e148a4738b28eb3bdb4689511,9bef2d8f-9970-5df1-97fa-4941035d4740,2018-09-24,2022-09-26
91a95f0e148a4738b28eb3bdb4689511,66149692-b5cc-50f8-a778-2131f28fe57d,2022-09-26,2026-09-15
92033cb1190b4252904ee62e361ad481,899ddaec-b4d0-557f-b637-39829a0fe0f1,1925-01-10,1936-06-27
92033cb1190b4252904ee62e361ad481,c29ab651-c882-5372-b400-c1315400b6b3,1937-01-11,1970-12-16
92091d6f14934540949feab09806fad7,52d3be74-04c2-5ef4-ac33-10731fc6f074,1925-01-10,1963-12-12
92091d6f14934540949feab09806fad7,2e90b3ff-5244-5c1b-a4d6-62773e5bd1d7,1964-01-10,1970-12-16
927573153770468bad29ff038e4e829e,5a911a22-b39d-5103-bb54-ad725a2f95c8,1925-01-10,1936-06-27
927573153770468bad29ff038e4e829e,060a7a45-fe70-554c-8395-60d9d522d523,1937-01-11,1948-12-23
927573153770468bad29ff038e4e829e,899ddaec-b4d0-557f-b637-39829a0fe0f1,1949-01-10,1970-12-16
9294f2f939bb4815b2f76ceb8f955be5,c94900a7-e6d3-53ad-8ee2-5badba7c9876,1925-01-10,1932-06-20
9294f2f939bb4815b2f76ceb8f955be5,1b9b3b5b-7c11-5f64-978c-e1d1b2002a5c,1933-01-10,1936-06-27
9294f2f939bb4815b2f76ceb8f955be5,c94900a7-e6d3-53ad-8ee2-5badba7c9876,1937-01-11,1948-12-23
9294f2f939bb4815b2f76ceb8f955be5,1b9b3b5b-7c11-5f64-978c-e1d1b2002a5c,1949-01-10,1964-12-17
9294f2f939bb4815b2f76ceb8f955be5,32a49115-dad0-5644-afea-6515d72a2fa2,1965-01-11,1970-12-16
938c963f52644016b4a3198ba4cf41aa,335f9c5a-a060-59bd-8e10-95c79ced3c98,1971-01-11,1976-06-04
938c963f52644016b4a3198ba4cf41aa,0513f834-f476-5c55-878b-e62d2d14087d,1976-10-04,1979-06-09
938c963f52644016b4a3198ba4cf41aa,335f9c5a-a060-59bd-8e10-95c79ced3c98,1979-10-01,2006-09-30
938c963f52644016b4a3198ba4cf41aa,75402d16-31ae-5692-a5a7-1008706a092a,2006-10-02,2026-09-15
93ceb51322ca4b2b9a356983bacc5dbe,c94900a7-e6d3-53ad-8ee2-5badba7c9876,1925-01-10,1948-12-23
93ceb51322ca4b2b9a356983bacc5dbe,1b9b3b5b-7c11-5f64-978c-e1d1b2002a5c,1949-01-10,1968-12-12
93ceb51322ca4b2b9a356983bacc5dbe,32a49115-dad0-5644-afea-6515d72a2fa2,1969-01-10,1970-12-16
9463412c31a644389b8c79992a9db915,95fb07b4-04ab-5bf8-897a-40679b4451c4,1971-01-11,1998-09-14
9463412c31a644389b8c79992a9db915,3b8cf955-bf93-520c-a3fe-c4a47a38a4bb,1998-09-15,2006-09-30
9463412c31a644389b8c79992a9db915,d14f5900-dbaa-535e-9291-6d184dee2316,2006-10-02,2010-10-04
9463412c31a644389b8c79992a9db915,0af335ba-25f1-581d-858f-437ea3adecea,2010-10-04,2022-09-26
9463412c31a644389b8c79992a9db915,d14f5900-dbaa-535e-9291-6d184dee2316,2022-09-26,2026-09-15
946d5f74389e40938d8a59bf66130778,e8fdd33e-33e7-5173-b67a-6f4fba71e4c2,1925-01-10,1970-12-16
951a470dd5fc40c7a87bd1fc820d31a6,3ffdbc9c-5dee-555c-98e7-92f3c88684af,1925-01-10,1951-12-13
951a470dd5fc40c7a87bd1fc820d31a6,c1806dd8-c00e-56de-bec3-c28973b02d73,1952-01-10,1970-12-16
952e41a7f1d74ee68e3666d63e817280,789d2e28-3b2d-5bc6-9425-4c454f3efeec,1925-01-10,1970-12-16
956780d154af4e7684dfefb4a399106a,9921f6f7-beb1-5224-826d-9b6e7c4114ed,1925-01-10,1928-06-08
956780d154af4e7684dfefb4a399106a,5b619cc8-3825-577f-97f2-791ed8cbbf05,1929-01-10,1968-12-12
956780d154af4e7684dfefb4a399106a,66c4e12f-d764-5309-805a-f277d91aeb7a,1969-01-10,1970-12-16
95d1b5e4c9f44e848aa77d45151bc174,32a49115-dad0-5644-afea-6515d72a2fa2,1925-01-10,1948-12-23
95d1b5e4c9f44e848aa77d45151bc174,40f4f3db-cc8b-56b3-9b72-ec5a1a7070f7,1949-01-10,1968-12-12
95d1b5e4c9f44e848aa77d45151bc174,ab10f2c3-d083-5c5a-b2ca-4a97f0410be8,1969-01-10,1970-12-16
95d6a228bf4d4fc3a43dce1784d3636a,c1806dd8-c00e-56de-bec3-c28973b02d73,1925-01-10,1951-12-13
95d6a228bf4d4fc3a43dce1784d3636a,b4e172a0-46d7-5354-96b4-2d766739c3d2,1952-01-10,1970-12-16
95ed2b40df5f4b73a3a896ef0e2524c8,b4e172a0-46d7-5354-96b4-2d766739c3d2,1925-01-10,1933-06-30
95ed2b40df5f4b73a3a896ef0e2524c8,d534300a-5530-5600-b1af-7b1dd6723046,1934-01-10,1934-06-21
95ed2b40df5f4b73a3a896ef0e2524c8,b4e172a0-46d7-5354-96b4-2d766739c3d2,1935-01-10,1941-12-30
95ed2b40df5f4b73a3a896ef0e2524c8,d534300a-5530-5600-b1af-7b1dd6723046,1942-01-10,1970-12-16
960d8ee2b0fc40a0aa332f2f1f9c1502,7671d1a1-b494-53ab-9ea8-59b8fbcdffc5,1925-01-10,1964-12-17
960d8ee2b0fc40a0aa332f2f1f9c1502,789d2e28-3b2d-5bc6-9425-4c454f3efeec,1965-01-11,1970-12-16
9693d40cfa284e0ea338f1634e06e9e7,75402d16-31ae-5692-a5a7-1008706a092a,1971-01-11,2006-09-30
9693d40cfa284e0ea338f1634e06e9e7,949c1729-b7ab-521d-ad1b-60772ec2276f,2006-10-02,2026-09-15
96b6ec42dfeb465897c0c99ed897d5d3,88dc2372-1608-57b0-b0e6-1a789be8dec9,1971-01-11,2006-09-30
96b6ec42dfeb465897c0c99ed897d5d3,66149692-b5cc-50f8-a778-2131f28fe57d,2006-10-02,2014-09-29
96b6ec42dfeb465897c0c99ed897d5d3,6a5c15bf-688e-5a49-a539-c0eab6478b72,2014-09-29,2018-09-24
96b6ec42dfeb465897c0c99ed897d5d3,b4b85329-707b-5b48-8276-04b0980850d3,2018-09-24,2022-09-26
96b6ec42dfeb465897c0c99ed897d5d3,e1bb0035-d8f1-5350-8aa8-962b52b0553f,2022-09-26,2026-09-15
970284af79714d708e26920b58142d73,52d3be74-04c2-5ef4-ac33-10731fc6f074,1925-01-10,1931-06-08
970284af79714d708e26920b58142d73,2e90b3ff-5244-5c1b-a4d6-62773e5bd1d7,1932-01-11,1934-06-21
970284af79714d708e26920b58142d73,52d3be74-04c2-5ef4-ac33-10731fc6f074,1935-01-10,1941-12-30
970284af79714d708e26920b58142d73,2e90b3ff-5244-5c1b-a4d6-62773e5bd1d7,1942-01-10,1970-12-16
9759f36e865542ccb18ae2b2a403bcc9,b7bcdd69-c525-5716-a985-a12260f20f70,1925-01-10,1970-12-16
9825ee18725c4dc2bd1c51b710e650fc,e81abcf9-5188-5367-ad40-4e793d4f55e3,1971-01-11,1988-06-10
9825ee18725c4dc2bd1c51b710e650fc,88dc2372-1608-57b0-b0e6-1a789be8dec9,1988-10-03,1991-06-20
9825ee18725c4dc2bd1c51b710e650fc,e81abcf9-5188-5367-ad40-4e793d4f55e3,1991-09-30,1998-09-14
9825ee18725c4dc2bd1c51b710e650fc,88dc2372-1608-57b0-b0e6-1a789be8dec9,1998-09-15,2006-09-30
9825ee18725c4dc2bd1c51b710e650fc,9bef2d8f-9970-5df1-97fa-4941035d4740,2006-10-02,2010-10-04
9825ee18725c4dc2bd1c51b710e650fc,1aed974b-1504-5223-9940-b9a0d45845cd,2010-10-04,2018-09-24
9825ee18725c4dc2bd1c51b710e650fc,03c44b66-74b5-5b6f-a92f-365fcb5806de,2018-09-24,2022-09-26
9825ee18725c4dc2bd1c51b710e650fc,9bef2d8f-9970-5df1-97fa-4941035d4740,2022-09-26,2026-09-15
98675ceb490e46f79181f48e0ae079bc,5b619cc8-3825-577f-97f2-791ed8cbbf05,1925-01-10,1928-06-08
98675ceb490e46f79181f48e0ae079bc,66c4e12f-d764-5309-805a-f277d91aeb7a,1929-01-10,1956-12-13
98675ceb490e46f79181f48e0ae079bc,46761fb0-8ace-53c0-8fbd-0a16c7fdc91d,1957-01-10,1968-12-12
98675ceb490e46f79181f48e0ae079bc,29c5f935-4b82-58f0-84b9-38fddeb478af,1969-01-10,1970-12-16
9905567cf25d470db6f0d46eebbdb0e9,7113b2cc-9972-5065-b2dd-77a7e868113a,1971-01-11,1998-09-14
9905567cf25d470db6f0d46eebbdb0e9,9b204dc5-542a-5e3a-ac60-fe14c1cb46de,1998-09-15,2002-09-29
9905567cf25d470db6f0d46eebbdb0e9,7113b2cc-9972-5065-b2dd-77a7e868113a,2002-09-30,2006-09-30
9905567cf25d470db6f0d46eebbdb0e9,e81abcf9-5188-5367-ad40-4e793d4f55e3,2006-10-02,2010-10-04
9905567cf25d470db6f0d46eebbdb0e9,9bef2d8f-9970-5df1-97fa-4941035d4740,2010-10-04,2018-09-24
9905567cf25d470db6f0d46eebbdb0e9,3ed93b54-6eb2-5b8d-865d-7587a0486881,2018-09-24,2022-09-26
9905567cf25d470db6f0d46eebbdb0e9,e81abcf9-5188-5367-ad40-4e793d4f55e3,2022-09-26,2026-09-15
99284814e6994902b6a41b68b5aafca1,949c1729-b7ab-521d-ad1b-60772ec2276f,1971-01-11,1991-06-20
99284814e6994902b6a41b68b5aafca1,75402d16-31ae-5692-a5a7-1008706a092a,1991-09-30,1998-09-14
99284814e6994902b6a41b68b5aafca1,949c1729-b7ab-521d-ad1b-60772ec2276f,1998-09-15,2006-09-30
99284814e6994902b6a41b68b5aafca1,d14f5900-dbaa-535e-9291-6d184dee2316,2006-10-02,2010-10-04
99284814e6994902b6a41b68b5aafca1,0af335ba-25f1-581d-858f-437ea3adecea,2010-10-04,2018-09-24
99284814e6994902b6a41b68b5aafca1,75402d16-31ae-5692-a5a7-1008706a092a,2018-09-24,2026-09-15
99638dbf44cc4838bc2c5ddeca2b91e2,71e15575-7c78-51b0-9d82-5d2a233e8e87,1925-01-10,1964-12-17
99638dbf44cc4838bc2c5ddeca2b91e2,b7bcdd69-c525-5716-a985-a12260f20f70,1965-01-11,1970-12-16
99ee210c9a7e4a0fa472a73bc74dba39,335f9c5a-a060-59bd-8e10-95c79ced3c98,1971-01-11,1982-06-12
99ee210c9a7e4a0fa472a73bc74dba39,e81abcf9-5188-5367-ad40-4e793d4f55e3,1982-10-04,1985-06-11
99ee210c9a7e4a0fa472a73bc74dba39,335f9c5a-a060-59bd-8e10-95c79ced3c98,1985-09-30,1988-06-10
99ee210c9a7e4a0fa472a73bc74dba39,e81abcf9-5188-5367-ad40-4e793d4f55e3,1988-10-03,1994-06-21
99ee210c9a7e4a0fa472a73bc74dba39,335f9c5a-a060-59bd-8e10-95c79ced3c98,1994-10-03,1998-09-14
99ee210c9a7e4a0fa472a73bc74dba39,e81abcf9-5188-5367-ad40-4e793d4f55e3,1998-09-15,2006-09-30
99ee210c9a7e4a0fa472a73bc74dba39,7113b2cc-9972-5065-b2dd-77a7e868113a,2006-10-02,2022-09-26
99ee210c9a7e4a0fa472a73bc74dba39,9b204dc5-542a-5e3a-ac60-fe14c1cb46de,2022-09-26,2026-09-15
9a6880b96e0b489fa5c69924cfb1410b,6618cb64-f32d-5806-a07f-3b914964eb26,1925-01-10,1951-12-13
9a6880b96e0b489fa5c69924cfb1410b,52d3be74-04c2-5ef4-ac33-10731fc6f074,1952-01-10,1970-12-16
9ab11ba1830a4d8e9d4b51ebfcd7b41f,c29ab651-c882-5372-b400-c1315400b6b3,1925-01-10,1970-12-16
9b4d9293f11b466a8eb68e5cb4bcc055,71e15575-7c78-51b0-9d82-5d2a233e8e87,1925-01-10,1970-12-16
9b51dffc995646b397299de9e1c7e52f,f84e8ff2-b777-5e35-a14c-1a7e50855c36,1925-01-10,1948-12-23
9b51dffc995646b397299de9e1c7e52f,f190408c-0f9c-57ed-8318-9273dced4a38,1949-01-10,1970-12-16
9c4f20ffb02a447a8e5514bc3670dc1b,aba3654d-c18d-541b-b3cc-d11c7f96ec6f,1925-01-10,1968-12-12
9c4f20ffb02a447a8e5514bc3670dc1b,28620dd2-366d-501c-94a8-a4bec03c7e6d,1969-01-10,1970-12-16
9c6cf2e749ad4922b50afbe7e081395e,949c1729-b7ab-521d-ad1b-60772ec2276f,1971-01-11,2006-09-30
9c6cf2e749ad4922b50afbe7e081395e,0513f834-f476-5c55-878b-e62d2d14087d,2006-10-02,2010-10-04
9c6cf2e749ad4922b50afbe7e081395e,98941c5a-79d5-5f93-bb5b-00774f03d021,2010-10-04,2018-09-24
9c6cf2e749ad4922b50afbe7e081395e,335f9c5a-a060-59bd-8e10-95c79ced3c98,2018-09-24,2022-09-26
9c6cf2e749ad4922b50afbe7e081395e,98941c5a-79d5-5f93-bb5b-00774f03d021,2022-09-26,2026-09-15
9cda84a2fe5f4968bf852317b081eb53,e8fdd33e-33e7-5173-b67a-6f4fba71e4c2,1925-01-10,1956-12-13
9cda84a2fe5f4968bf852317b081eb53,7b5afbfc-aed1-5edb-913c-f89ce67b95a5,1957-01-10,1970-12-16
9d40e15a13ec4e5b82f764946339102b,52d3be74-04c2-5ef4-ac33-10731fc6f074,1925-01-10,1934-06-21
9d40e15a13ec4e5b82f764946339102b,6618cb64-f32d-5806-a07f-3b914964eb26,1935-01-10,1941-12-30
9d40e15a13ec4e5b82f764946339102b,52d3be74-04c2-5ef4-ac33-10731fc6f074,1942-01-10,1970-12-16
9de0231f168248c2bb43e6d9365269c4,899ddaec-b4d0-557f-b637-39829a0fe0f1,1925-01-10,1970-12-16
9df753bf576a41dc97fd2456cc90be45,40f4f3db-cc8b-56b3-9b72-ec5a1a7070f7,1925-01-10,1948-12-23
9df753bf576a41dc97fd2456cc90be45,ab10f2c3-d083-5c5a-b2ca-4a97f0410be8,1949-01-10,1970-12-16
a0ba03a77de7412b9e23a2429df2d1dd,9ccaac05-e6d0-5ae0-af81-84815d9ba0e0,1971-01-11,1998-09-14
a0ba03a77de7412b9e23a2429df2d1dd,95fb07b4-04ab-5bf8-897a-40679b4451c4,1998-09-15,2006-09-30
a0ba03a77de7412b9e23a2429df2d1dd,e1bb0035-d8f1-5350-8aa8-962b52b0553f,2006-10-02,2010-10-04
a0ba03a77de7412b9e23a2429df2d1dd,b4b85329-707b-5b48-8276-04b0980850d3,2010-10-04,2014-09-29
a0ba03a77de7412b9e23a2429df2d1dd,e1bb0035-d8f1-5350-8aa8-962b52b0553f,2014-09-29,2026-09-15
a181e38f01bf447d8a6b71da9ce48393,e81abcf9-5188-5367-ad40-4e793d4f55e3,1971-01-11,2002-09-29
a181e38f01bf447d8a6b71da9ce48393,88dc2372-1608-57b0-b0e6-1a789be8dec9,2002-09-30,2006-09-30
a181e38f01bf447d8a6b71da9ce48393,e81abcf9-5188-5367-ad40-4e793d4f55e3,2006-10-02,2014-09-29
a181e38f01bf447d8a6b71da9ce48393,9bef2d8f-9970-5df1-97fa-4941035d4740,2014-09-29,2018-09-24
a181e38f01bf447d8a6b71da9ce48393,3ed93b54-6eb2-5b8d-865d-7587a0486881,2018-09-24,2022-09-26
a181e38f01bf447d8a6b71da9ce48393,88dc2372-1608-57b0-b0e6-1a789be8dec9,2022-09-26,2026-09-15
a20c46ef600c41cdb806552660c97cf8,c94900a7-e6d3-53ad-8ee2-5badba7c9876,1925-01-10,1928-06-08
a20c46ef600c41cdb806552660c97cf8,1b9b3b5b-7c11-5f64-978c-e1d1b2002a5c,1929-01-10,1960-12-14
a20c46ef600c41cdb806552660c97cf8,32a49115-dad0-5644-afea-6515d72a2fa2,1961-01-10,1970-12-16
a2461ac4834b422b93b0094d708fa08e,3dcfde6e-898d-5524-ad57-3dd1df3ddd34,1925-01-10,1970-12-16
a2bf1a406034435f883398bc1719d455,be377f3a-8cd1-587c-a143-bf5d0cf4b3a0,1925-01-10,1970-12-16
a2fb620212694e1c8cc1482540be7faf,e86227ba-7ea9-5302-81b6-461749b8b4fd,1925-01-10,1931-06-08
a2fb620212694e1c8cc1482540be7faf,79c143d0-423e-582c-881d-0abf0a4cea5c,1932-01-11,1970-12-16
a3192dd6a8394aaa8e217905fc1d7744,75402d16-31ae-5692-a5a7-1008706a092a,1971-01-11,2006-09-30
a3192dd6a8394aaa8e217905fc1d7744,dec7e907-68a3-5977-b0b2-267422de26fb,2006-10-02,2022-09-26
a3192dd6a8394aaa8e217905fc1d7744,d14f5900-dbaa-535e-9291-6d184dee2316,2022-09-26,2026-09-15
a340d50dda194694b178264d67bd5870,592c89e6-ed06-5678-85d5-3a81f32dd83f,1971-01-11,1973-12-15
a340d50dda194694b178264d67bd5870,352b9fa6-6250-564e-9522-46f6a36097fe,1974-01-10,1976-06-04
a340d50dda194694b178264d67bd5870,9ccaac05-e6d0-5ae0-af81-84815d9ba0e0,1976-10-04,1979-06-09
a340d50dda194694b178264d67bd5870,592c89e6-ed06-5678-85d5-3a81f32dd83f,1979-10-01,1991-06-20
a340d50dda194694b178264d67bd5870,9ccaac05-e6d0-5ae0-af81-84815d9ba0e0,1991-09-30,1994-06-21
a340d50dda194694b178264d67bd5870,592c89e6-ed06-5678-85d5-3a81f32dd83f,1994-10-03,1998-09-14
a340d50dda194694b178264d67bd5870,9ccaac05-e6d0-5ae0-af81-84815d9ba0e0,1998-09-15,2006-09-30
a340d50dda194694b178264d67bd5870,88dc2372-1608-57b0-b0e6-1a789be8dec9,2006-10-02,2026-09-15
a3edfed4d6794d83be5e266a497f1eba,7b5afbfc-aed1-5edb-913c-f89ce67b95a5,1925-01-10,1936-06-27
a3edfed4d6794d83be5e266a497f1eba,e8fdd33e-33e7-5173-b67a-6f4fba71e4c2,1937-01-11,1948-12-23
a3edfed4d6794d83be5e266a497f1eba,7b5afbfc-aed1-5edb-913c-f89ce67b95a5,1949-01-10,1970-12-16
a40499d2fa374bc3b58812c19c3f5e03,060a7a45-fe70-554c-8395-60d9d522d523,1925-01-10,1940-12-30
a40499d2fa374bc3b58812c19c3f5e03,899ddaec-b4d0-557f-b637-39829a0fe0f1,1941-01-10,1970-12-16
a57019c7b835422ead063fe9f974e5d8,39f50a3e-9748-5cbb-899c-fce5af24b249,1925-01-10,1941-12-30
a57019c7b835422ead063fe9f974e5d8,e86227ba-7ea9-5302-81b6-461749b8b4fd,1942-01-10,1970-12-16
a5c5ed52b12543a08cbbce0ddcec1e65,77564945-b88d-5e96-9332-e474481cfc5c,1971-01-11,1976-06-04
a5c5ed52b12543a08cbbce0ddcec1e65,d5171f25-e144-57e0-8818-475a87cc5809,1976-10-04,1979-06-09
a5c5ed52b12543a08cbbce0ddcec1e65,77564945-b88d-5e96-9332-e474481cfc5c,1979-10-01,1988-06-10
a5c5ed52b12543a08cbbce0ddcec1e65,d5171f25-e144-57e0-8818-475a87cc5809,1988-10-03,1994-06-21
a5c5ed52b12543a08cbbce0ddcec1e65,90a5c436-9d88-53bb-b9e9-7314a438703f,1994-10-03,1998-09-14
a5c5ed52b12543a08cbbce0ddcec1e65,e1bb0035-d8f1-5350-8aa8-962b52b0553f,1998-09-15,2001-09-07
a5c5ed52b12543a08cbbce0ddcec1e65,0259c4e5-f8dc-555a-a982-bc145e6182ca,2001-09-08,2002-09-29
a5c5ed52b12543a08cbbce0ddcec1e65,90a5c436-9d88-53bb-b9e9-7314a438703f,2002-09-30,2010-10-04
a5c5ed52b12543a08cbbce0ddcec1e65,0259c4e5-f8dc-555a-a982-bc145e6182ca,2010-10-04,2014-09-29
a5c5ed52b12543a08cbbce0ddcec1e65,90a5c436-9d88-53bb-b9e9-7314a438703f,2014-09-29,2022-09-26
a5c5ed52b12543a08cbbce0ddcec1e65,352b9fa6-6250-564e-9522-46f6a36097fe,2022-09-26,2026-09-15
a5fcc6680f4148d788ce33ddff21d9e9,66c4e12f-d764-5309-805a-f277d91aeb7a,1925-01-10,1928-06-08
a5fcc6680f4148d788ce33ddff21d9e9,46761fb0-8ace-53c0-8fbd-0a16c7fdc91d,1929-01-10,1944-12-30
a5fcc6680f4148d788ce33ddff21d9e9,29c5f935-4b82-58f0-84b9-38fddeb478af,1945-01-10,1968-12-12
a5fcc6680f4148d788ce33ddff21d9e9,b3d2ec8f-3f84-5cdd-90b2-eda30fe3e65d,1969-01-10,1970-12-16
a78cc75088d9458ba496d334b1d568ba,72b06389-e8cc-5a7f-97bd-b697e29d92e9,1971-01-11,1988-06-10
a78cc75088d9458ba496d334b1d568ba,66149692-b5cc-50f8-a778-2131f28fe57d,1988-10-03,1991-06-20
a78cc75088d9458ba496d334b1d568ba,72b06389-e8cc-5a7f-97bd-b697e29d92e9,1991-09-30,1998-09-14
a78cc75088d9458ba496d334b1d568ba,66149692-b5cc-50f8-a778-2131f28fe57d,1998-09-15,2006-09-30
a78cc75088d9458ba496d334b1d568ba,75402d16-31ae-5692-a5a7-1008706a092a,2006-10-02,2026-09-15
a78ea7f1333743cfa0679da57363ca7d,40f4f3db-cc8b-56b3-9b72-ec5a1a7070f7,1925-01-10,1928-06-08
a78ea7f1333743cfa0679da57363ca7d,ab10f2c3-d083-5c5a-b2ca-4a97f0410be8,1929-01-10,1968-12-12
a78ea7f1333743cfa0679da57363ca7d,9921f6f7-beb1-5224-826d-9b6e7c4114ed,1969-01-10,1970-12-16
a7c623585aa44c55bdc3d83e37c3d001,ff31e42c-ce65-53e9-94c9-75a3487f1284,1925-01-10,1956-12-13
a7c623585aa44c55bdc3d83e37c3d001,632495bb-e961-5581-9345-278a353d0405,1957-01-10,1970-12-16
a841ca1839f042e59cb95e2763df8a4a,c29ab651-c882-5372-b400-c1315400b6b3,1925-01-10,1970-12-16
a924d54489224b54b745687686ecfe93,899d0c00-1af8-56c6-bd46-79a83dfcf8c1,1925-01-10,1960-12-14
a924d54489224b54b745687686ecfe93,aba3654d-c18d-541b-b3cc-d11c7f96ec6f,1961-01-10,1970-12-16
a99dc73215284aa3afd3f1f4e492b659,71e15575-7c78-51b0-9d82-5d2a233e8e87,1925-01-10,1957-12-18
a99dc73215284aa3afd3f1f4e492b659,b7bcdd69-c525-5716-a985-a12260f20f70,1958-01-10,1970-12-16
aa14158eaa1e4cc4a578dc43733f8fe2,c94900a7-e6d3-53ad-8ee2-5badba7c9876,1925-01-10,1948-12-23
aa14158eaa1e4cc4a578dc43733f8fe2,1b9b3b5b-7c11-5f64-978c-e1d1b2002a5c,1949-01-10,1968-12-12
aa14158eaa1e4cc4a578dc43733f8fe2,32a49115-dad0-5644-afea-6515d72a2fa2,1969-01-10,1970-12-16
aa946ed3769f4fcd92e258a6854a17f1,2ccd1e63-c4b8-53cc-8ef3-e9e95931d8f5,1925-01-10,1970-12-16
ab07529476d2486db7dcb6bd6a0d712a,352b9fa6-6250-564e-9522-46f6a36097fe,1971-01-11,1976-06-04
ab07529476d2486db7dcb6bd6a0d712a,592c89e6-ed06-5678-85d5-3a81f32dd83f,1976-10-04,1979-06-09
ab07529476d2486db7dcb6bd6a0d712a,352b9fa6-6250-564e-9522-46f6a36097fe,1979-10-01,1991-06-20
ab07529476d2486db7dcb6bd6a0d712a,592c89e6-ed06-5678-85d5-3a81f32dd83f,1991-09-30,1994-06-21
ab07529476d2486db7dcb6bd6a0d712a,352b9fa6-6250-564e-9522-46f6a36097fe,1994-10-03,1998-09-14
ab07529476d2486db7dcb6bd6a0d712a,592c89e6-ed06-5678-85d5-3a81f32dd83f,1998-09-15,2002-09-29
ab07529476d2486db7dcb6bd6a0d712a,9ccaac05-e6d0-5ae0-af81-84815d9ba0e0,2002-09-30,2006-09-30
ab07529476d2486db7dcb6bd6a0d712a,0513f834-f476-5c55-878b-e62d2d14087d,2006-10-02,2018-09-24
ab07529476d2486db7dcb6bd6a0d712a,335f9c5a-a060-59bd-8e10-95c79ced3c98,2018-09-24,2022-09-26
ab07529476d2486db7dcb6bd6a0d712a,0513f834-f476-5c55-878b-e62d2d14087d,2022-09-26,2026-09-15
ab367aa4cce5450ebd270efb18660791,d14f5900-dbaa-535e-9291-6d184dee2316,1971-01-11,1988-06-10
ab367aa4cce5450ebd270efb18660791,0af335ba-25f1-581d-858f-437ea3adecea,1988-10-03,1991-06-20
ab367aa4cce5450ebd270efb18660791,d14f5900-dbaa-535e-9291-6d184dee2316,1991-09-30,1998-09-14
ab367aa4cce5450ebd270efb18660791,0af335ba-25f1-581d-858f-437ea3adecea,1998-09-15,2006-09-30
ab367aa4cce5450ebd270efb18660791,9b204dc5-542a-5e3a-ac60-fe14c1cb46de,2006-10-02,2018-09-24
ab367aa4cce5450ebd270efb18660791,88073719-4eb3-5370-acd3-f061ef80e1f6,2018-09-24,2022-09-26
ab367aa4cce5450ebd270efb18660791,7113b2cc-9972-5065-b2dd-77a7e868113a,2022-09-26,2026-09-15
ab493031aef9425cbfba51d9b278bf34,e86227ba-7ea9-5302-81b6-461749b8b4fd,1925-01-10,1961-12-15
ab493031aef9425cbfba51d9b278bf34,79c143d0-423e-582c-881d-0abf0a4cea5c,1962-01-10,1970-12-16
ab823ebc1e83448899289b5696c03f59,ab10f2c3-d083-5c5a-b2ca-4a97f0410be8,1925-01-10,1956-12-13
ab823ebc1e83448899289b5696c03f59,9921f6f7-beb1-5224-826d-9b6e7c4114ed,1957-01-10,1970-12-16
ab8b3560e6a44d539f7073c9c24a080a,d5171f25-e144-57e0-8818-475a87cc5809,1971-01-11,1998-09-14
ab8b3560e6a44d539f7073c9c24a080a,90a5c436-9d88-53bb-b9e9-7314a438703f,1998-09-15,2006-09-30
ab8b3560e6a44d539f7073c9c24a080a,dec7e907-68a3-5977-b0b2-267422de26fb,2006-10-02,2026-09-15
abe6a0a721a1445ea6886d91aa50faa6,7113b2cc-9972-5065-b2dd-77a7e868113a,1971-01-11,2006-09-30
abe6a0a721a1445ea6886d91aa50faa6,e81abcf9-5188-5367-ad40-4e793d4f55e3,2006-10-02,2014-09-29
abe6a0a721a1445ea6886d91aa50faa6,9bef2d8f-9970-5df1-97fa-4941035d4740,2014-09-29,2018-09-24
abe6a0a721a1445ea6886d91aa50faa6,3ed93b54-6eb2-5b8d-865d-7587a0486881,2018-09-24,2022-09-26
abe6a0a721a1445ea6886d91aa50faa6,e81abcf9-5188-5367-ad40-4e793d4f55e3,2022-09-26,2026-09-15
ac5f6bc99996446b8abcd26557eb2a4d,9bef2d8f-9970-5df1-97fa-4941035d4740,1971-01-11,1988-06-10
ac5f6bc99996446b8abcd26557eb2a4d,23ff6cf2-07be-5de2-b01f-a4aa39503e46,1988-10-03,1991-06-20
ac5f6bc99996446b8abcd26557eb2a4d,9bef2d8f-9970-5df1-97fa-4941035d4740,1991-09-30,1998-09-14
ac5f6bc99996446b8abcd26557eb2a4d,1aed974b-1504-5223-9940-b9a0d45845cd,1998-09-15,2006-09-30
ac5f6bc99996446b8abcd26557eb2a4d,136bd5a8-3576-5b75-bc02-5e42ba984200,2006-10-02,2010-10-04
ac5f6bc99996446b8abcd26557eb2a4d,335f9c5a-a060-59bd-8e10-95c79ced3c98,2010-10-04,2018-09-24
ac5f6bc99996446b8abcd26557eb2a4d,0513f834-f476-5c55-878b-e62d2d14087d,2018-09-24,2022-09-26
ac5f6bc99996446b8abcd26557eb2a4d,335f9c5a-a060-59bd-8e10-95c79ced3c98,2022-09-26,2026-09-15
ac9723011992478e94f55cc217227843,060a7a45-fe70-554c-8395-60d9d522d523,1925-01-10,1936-06-27
ac9723011992478e94f55cc217227843,899ddaec-b4d0-557f-b637-39829a0fe0f1,1937-01-11,1970-12-16
ad114b96c1ef4df18f8fdde69739d46d,f84e8ff2-b777-5e35-a14c-1a7e50855c36,1925-01-10,1928-06-08
ad114b96c1ef4df18f8fdde69739d46d,f190408c-0f9c-57ed-8318-9273dced4a38,1929-01-10,1964-12-17
ad114b96c1ef4df18f8fdde69739d46d,5a911a22-b39d-5103-bb54-ad725a2f95c8,1965-01-11,1970-12-16
ad5201cb32104fe89254ce072ed0c1bc,1b9b3b5b-7c11-5f64-978c-e1d1b2002a5c,1925-01-10,1932-06-20
ad5201cb32104fe89254ce072ed0c1bc,32a49115-dad0-5644-afea-6515d72a2fa2,1933-01-10,1936-06-27
ad5201cb32104fe89254ce072ed0c1bc,1b9b3b5b-7c11-5f64-978c-e1d1b2002a5c,1937-01-11,1940-12-30
ad5201cb32104fe89254ce072ed0c1bc,32a49115-dad0-5644-afea-6515d72a2fa2,1941-01-10,1970-12-16
adcb761d94214f089c6835013a1303aa,3dcfde6e-898d-5524-ad57-3dd1df3ddd34,1925-01-10,1970-12-16
ae4bcc9a33c64550bb4397c8a6c85155,060a7a45-fe70-554c-8395-60d9d522d523,1925-01-10,1932-06-20
ae4bcc9a33c64550bb4397c8a6c85155,899ddaec-b4d0-557f-b637-39829a0fe0f1,1933-01-10,1970-12-16
ae5431db23784e6e84dfc0a554a92c9a,3ffdbc9c-5dee-555c-98e7-92f3c88684af,1925-01-10,1943-12-30
ae5431db23784e6e84dfc0a554a92c9a,c1806dd8-c00e-56de-bec3-c28973b02d73,1944-01-10,1970-12-16
ae93a24711c54cb8a7cf45a46623f5d7,1b9b3b5b-7c11-5f64-978c-e1d1b2002a5c,1925-01-10,1928-06-08
ae93a24711c54cb8a7cf45a46623f5d7,32a49115-dad0-5644-afea-6515d72a2fa2,1929-01-10,1968-12-12
ae93a24711c54cb8a7cf45a46623f5d7,40f4f3db-cc8b-56b3-9b72-ec5a1a7070f7,1969-01-10,1970-12-16
aea6ce3433a54c61986fa1e684da21a0,0513f834-f476-5c55-878b-e62d2d14087d,1971-01-11,1976-06-04
aea6ce3433a54c61986fa1e684da21a0,98941c5a-79d5-5f93-bb5b-00774f03d021,1976-10-04,1979-06-09
aea6ce3433a54c61986fa1e684da21a0,0513f834-f476-5c55-878b-e62d2d14087d,1979-10-01,2006-09-30
aea6ce3433a54c61986fa1e684da21a0,66149692-b5cc-50f8-a778-2131f28fe57d,2006-10-02,2014-09-29
aea6ce3433a54c61986fa1e684da21a0,6a5c15bf-688e-5a49-a539-c0eab6478b72,2014-09-29,2018-09-24
aea6ce3433a54c61986fa1e684da21a0,b4b85329-707b-5b48-8276-04b0980850d3,2018-09-24,2022-09-26
aea6ce3433a54c61986fa1e684da21a0,e1bb0035-d8f1-5350-8aa8-962b52b0553f,2022-09-26,2026-09-15
aea92b518b7a45508bec18064562ffd1,136bd5a8-3576-5b75-bc02-5e42ba984200,1971-01-11,2006-09-30
aea92b518b7a45508bec18064562ffd1,75402d16-31ae-5692-a5a7-1008706a092a,2006-10-02,2010-10-04
aea92b518b7a45508bec18064562ffd1,d14f5900-dbaa-535e-9291-6d184dee2316,2010-10-04,2014-09-29
aea92b518b7a45508bec18064562ffd1,75402d16-31ae-5692-a5a7-1008706a092a,2014-09-29,2026-09-15
aeccb65dd925406ca302ad02117ce044,949c1729-b7ab-521d-ad1b-60772ec2276f,1971-01-11,2006-09-30
aeccb65dd925406ca302ad02117ce044,136bd5a8-3576-5b75-bc02-5e42ba984200,2006-10-02,2010-10-04
aeccb65dd925406ca302ad02117ce044,e1bb0035-d8f1-5350-8aa8-962b52b0553f,2010-10-04,2014-09-29
aeccb65dd925406ca302ad02117ce044,75402d16-31ae-5692-a5a7-1008706a092a,2014-09-29,2018-09-24
aeccb65dd925406ca302ad02117ce044,d14f5900-dbaa-535e-9291-6d184dee2316,2018-09-24,2022-09-26
aeccb65dd925406ca302ad02117ce044,75402d16-31ae-5692-a5a7-1008706a092a,2022-09-26,2026-09-15
af0ebaa9aed64c2d91750aa72651ea74,7113b2cc-9972-5065-b2dd-77a7e868113a,1971-01-11,1976-06-04
af4173fa24ce4b93b6c2d6fac28ec7db,79c143d0-423e-582c-881d-0abf0a4cea5c,1925-01-10,1970-12-16
af513bf683e944168c2c5b27fe9053ca,949c1729-b7ab-521d-ad1b-60772ec2276f,1971-01-11,1985-06-11
af513bf683e944168c2c5b27fe9053ca,75402d16-31ae-5692-a5a7-1008706a092a,1985-09-30,1988-06-10
af513bf683e944168c2c5b27fe9053ca,949c1729-b7ab-521d-ad1b-60772ec2276f,1988-10-03,1991-06-20
af513bf683e944168c2c5b27fe9053ca,75402d16-31ae-5692-a5a7-1008706a092a,1991-09-30,2006-09-30
af513bf683e944168c2c5b27fe9053ca,dec7e907-68a3-5977-b0b2-267422de26fb,2006-10-02,2018-09-24
af513bf683e944168c2c5b27fe9053ca,0af335ba-25f1-581d-858f-437ea3adecea,2018-09-24,2022-09-26
af513bf683e944168c2c5b27fe9053ca,d14f5900-dbaa-535e-9291-6d184dee2316,2022-09-26,2026-09-15
afb357ac83b94552b6efb482b1f9114e,77564945-b88d-5e96-9332-e474481cfc5c,1971-01-11,1994-06-21
afb357ac83b94552b6efb482b1f9114e,8d210c34-becf-5dbd-b1fe-15d608635374,1994-10-03,1998-09-14
afb357ac83b94552b6efb482b1f9114e,e1bb0035-d8f1-5350-8aa8-962b52b0553f,1998-09-15,2006-09-30
afb357ac83b94552b6efb482b1f9114e,0513f834-f476-5c55-878b-e62d2d14087d,2006-10-02,2018-09-24
afb357ac83b94552b6efb482b1f9114e,335f9c5a-a060-59bd-8e10-95c79ced3c98,2018-09-24,2022-09-26
afb357ac83b94552b6efb482b1f9114e,0513f834-f476-5c55-878b-e62d2d14087d,2022-09-26,2026-09-15
b00577f775124427b821d107e3ed34a6,3dcfde6e-898d-5524-ad57-3dd1df3ddd34,1925-01-10,1970-12-16
b04587adafb54b9094ef1523e0af1fc3,71e15575-7c78-51b0-9d82-5d2a233e8e87,1925-01-10,1970-12-16
b05f2f2023344dd5b65a1f4f6eb3c2f0,5a911a22-b39d-5103-bb54-ad725a2f95c8,1925-01-10,1940-12-30
b05f2f2023344dd5b65a1f4f6eb3c2f0,060a7a45-fe70-554c-8395-60d9d522d523,1941-01-10,1948-12-23
b05f2f2023344dd5b65a1f4f6eb3c2f0,899ddaec-b4d0-557f-b637-39829a0fe0f1,1949-01-10,1970-12-16
b0ea1fc3d9354ae3929446ed7428283d,95fb07b4-04ab-5bf8-897a-40679b4451c4,1971-01-11,1976-06-04
b0ea1fc3d9354ae3929446ed7428283d,3b8cf955-bf93-520c-a3fe-c4a47a38a4bb,1976-10-04,1985-06-11
b0ea1fc3d9354ae3929446ed7428283d,95fb07b4-04ab-5bf8-897a-40679b4451c4,1985-09-30,1988-06-10
b0ea1fc3d9354ae3929446ed7428283d,3b8cf955-bf93-520c-a3fe-c4a47a38a4bb,1988-10-03,1991-06-20
b0ea1fc3d9354ae3929446ed7428283d,95fb07b4-04ab-5bf8-897a-40679b4451c4,1991-09-30,1998-09-14
b0ea1fc3d9354ae3929446ed7428283d,3b8cf955-bf93-520c-a3fe-c4a47a38a4bb,1998-09-15,2006-09-30
b0ea1fc3d9354ae3929446ed7428283d,75402d16-31ae-5692-a5a7-1008706a092a,2006-10-02,2026-09-15
b0f3083398294ca4a99c80e8cb6f3372,d14f5900-dbaa-535e-9291-6d184dee2316,1971-01-11,1973-12-15
b0f3083398294ca4a99c80e8cb6f3372,0af335ba-25f1-581d-858f-437ea3adecea,1974-01-10,2006-09-30
b0f3083398294ca4a99c80e8cb6f3372,88dc2372-1608-57b0-b0e6-1a789be8dec9,2006-10-02,2022-09-26
b0f3083398294ca4a99c80e8cb6f3372,3ed93b54-6eb2-5b8d-865d-7587a0486881,2022-09-26,2026-09-15
b145dbb193fc4d09a80fab995767c7e1,98941c5a-79d5-5f93-bb5b-00774f03d021,1971-01-11,2006-09-30
b145dbb193fc4d09a80fab995767c7e1,335f9c5a-a060-59bd-8e10-95c79ced3c98,2006-10-02,2014-09-29
b145dbb193fc4d09a80fab995767c7e1,e81abcf9-5188-5367-ad40-4e793d4f55e3,2014-09-29,2026-09-15
b19ad59bb6964059aff6b1a27b6fbe81,66149692-b5cc-50f8-a778-2131f28fe57d,1971-01-11,1998-09-14
b19ad59bb6964059aff6b1a27b6fbe81,6a5c15bf-688e-5a49-a539-c0eab6478b72,1998-09-15,2006-09-30
b19ad59bb6964059aff6b1a27b6fbe81,e81abcf9-5188-5367-ad40-4e793d4f55e3,2006-10-02,2018-09-24
b19ad59bb6964059aff6b1a27b6fbe81,3ed93b54-6eb2-5b8d-865d-7587a0486881,2018-09-24,2022-09-26
b19ad59bb6964059aff6b1a27b6fbe81,88dc2372-1608-57b0-b0e6-1a789be8dec9,2022-09-26,2026-09-15
b1fadb232a124601af471f41d72f9468,66149692-b5cc-50f8-a778-2131f28fe57d,1971-01-11,2006-09-30
b1fadb232a124601af471f41d72f9468,9b204dc5-542a-5e3a-ac60-fe14c1cb46de,2006-10-02,2014-09-29
b1fadb232a124601af471f41d72f9468,136bd5a8-3576-5b75-bc02-5e42ba984200,2014-09-29,2018-09-24
b1fadb232a124601af471f41d72f9468,9b204dc5-542a-5e3a-ac60-fe14c1cb46de,2018-09-24,2022-09-26
b1fadb232a124601af471f41d72f9468,88073719-4eb3-5370-acd3-f061ef80e1f6,2022-09-26,2026-09-15
b310dec698c24840a624967782b8c111,b7bcdd69-c525-5716-a985-a12260f20f70,1925-01-10,1970-12-16
b3345bd235564e01905f5816e802af56,dec7e907-68a3-5977-b0b2-267422de26fb,1971-01-11,2006-09-30
b3345bd235564e01905f5816e802af56,3ed93b54-6eb2-5b8d-865d-7587a0486881,2006-10-02,2018-09-24
b3345bd235564e01905f5816e802af56,1aed974b-1504-5223-9940-b9a0d45845cd,2018-09-24,2026-09-15
b4a84e17dcb6467da2da8f58378f4c26,f190408c-0f9c-57ed-8318-9273dced4a38,1925-01-10,1932-06-20
b4a84e17dcb6467da2da8f58378f4c26,5a911a22-b39d-5103-bb54-ad725a2f95c8,1933-01-10,1948-12-23
b4a84e17dcb6467da2da8f58378f4c26,060a7a45-fe70-554c-8395-60d9d522d523,1949-01-10,1968-12-12
b4a84e17dcb6467da2da8f58378f4c26,899ddaec-b4d0-557f-b637-39829a0fe0f1,1969-01-10,1970-12-16
b5a8ba313c464090b11b0ba78533470f,40f4f3db-cc8b-56b3-9b72-ec5a1a7070f7,1925-01-10,1948-12-23
b5a8ba313c464090b11b0ba78533470f,ab10f2c3-d083-5c5a-b2ca-4a97f0410be8,1949-01-10,1952-12-17
b5a8ba313c464090b11b0ba78533470f,40f4f3db-cc8b-56b3-9b72-ec5a1a7070f7,1953-01-10,1956-12-13
b5a8ba313c464090b11b0ba78533470f,ab10f2c3-d083-5c5a-b2ca-4a97f0410be8,1957-01-10,1970-12-16
b5f789a357914040861eeb3ffe1c8dfa,39f50a3e-9748-5cbb-899c-fce5af24b249,1925-01-10,1961-12-15
b5f789a357914040861eeb3ffe1c8dfa,e86227ba-7ea9-5302-81b6-461749b8b4fd,1962-01-10,1970-12-16
b8771c8dc0884277a42332acf005ca80,6a5c15bf-688e-5a49-a539-c0eab6478b72,1971-01-11,2006-09-30
b8771c8dc0884277a42332acf005ca80,66149692-b5cc-50f8-a778-2131f28fe57d,2006-10-02,2012-09-18
b8771c8dc0884277a42332acf005ca80,6a5c15bf-688e-5a49-a539-c0eab6478b72,2012-09-18,2014-09-29
b8771c8dc0884277a42332acf005ca80,66149692-b5cc-50f8-a778-2131f28fe57d,2014-09-29,2022-09-26
b8771c8dc0884277a42332acf005ca80,6a5c15bf-688e-5a49-a539-c0eab6478b72,2022-09-26,2026-09-15
b89aa8010f524065a775313249dbd092,0af335ba-25f1-581d-858f-437ea3adecea,1971-01-11,2006-09-30
b89aa8010f524065a775313249dbd092,88dc2372-1608-57b0-b0e6-1a789be8dec9,2006-10-02,2022-09-26
b89aa8010f524065a775313249dbd092,3ed93b54-6eb2-5b8d-865d-7587a0486881,2022-09-26,2026-09-15
b9218b7d4dfd4134a6009609d11eeece,6a5c15bf-688e-5a49-a539-c0eab6478b72,1971-01-11,2002-09-29
b9218b7d4dfd4134a6009609d11eeece,b4b85329-707b-5b48-8276-04b0980850d3,2002-09-30,2006-09-30
b9218b7d4dfd4134a6009609d11eeece,e1bb0035-d8f1-5350-8aa8-962b52b0553f,2006-10-02,2022-09-26
b9218b7d4dfd4134a6009609d11eeece,0259c4e5-f8dc-555a-a982-bc145e6182ca,2022-09-26,2026-09-15
b94cdffdc35a405ea3c95a7f0a5f996a,1a7d6b60-4c46-50ef-97fa-502f0b3ced2c,1925-01-10,1948-12-23
b94cdffdc35a405ea3c95a7f0a5f996a,43274040-7203-53fb-845b-2b1afddb308c,1949-01-10,1968-12-12
b94cdffdc35a405ea3c95a7f0a5f996a,c94900a7-e6d3-53ad-8ee2-5badba7c9876,1969-01-10,1970-12-16
b9d139858a9b4d638753fe2bdc6aa35f,88dc2372-1608-57b0-b0e6-1a789be8dec9,1971-01-11,1988-06-10
b9d139858a9b4d638753fe2bdc6aa35f,d34944b2-a7de-580f-a21e-a5691c785c8b,1988-10-03,1991-06-20
b9d139858a9b4d638753fe2bdc6aa35f,88dc2372-1608-57b0-b0e6-1a789be8dec9,1991-09-30,1998-09-14
b9d139858a9b4d638753fe2bdc6aa35f,3ed93b54-6eb2-5b8d-865d-7587a0486881,1998-09-15,2006-09-30
b9d139858a9b4d638753fe2bdc6aa35f,95fb07b4-04ab-5bf8-897a-40679b4451c4,2006-10-02,2010-10-04
b9d139858a9b4d638753fe2bdc6aa35f,9ccaac05-e6d0-5ae0-af81-84815d9ba0e0,2010-10-04,2014-09-29
b9d139858a9b4d638753fe2bdc6aa35f,95fb07b4-04ab-5bf8-897a-40679b4451c4,2014-09-29,2018-09-24
b9d139858a9b4d638753fe2bdc6aa35f,3b8cf955-bf93-520c-a3fe-c4a47a38a4bb,2018-09-24,2022-09-26
b9d139858a9b4d638753fe2bdc6aa35f,95fb07b4-04ab-5bf8-897a-40679b4451c4,2022-09-26,2026-09-15
ba28e28c0e6f43dfb8fedef6dbbdea1c,be377f3a-8cd1-587c-a143-bf5d0cf4b3a0,1925-01-10,1936-06-27
ba28e28c0e6f43dfb8fedef6dbbdea1c,ac735033-812d-52c5-a8ef-5254c0709510,1937-01-11,1952-12-17
ba28e28c0e6f43dfb8fedef6dbbdea1c,be377f3a-8cd1-587c-a143-bf5d0cf4b3a0,1953-01-10,1970-12-16
ba956c8ad3fc4debb49aba91e1c1651d,d34944b2-a7de-580f-a21e-a5691c785c8b,1971-01-11,1976-06-04
ba956c8ad3fc4debb49aba91e1c1651d,9bef2d8f-9970-5df1-97fa-4941035d4740,1976-10-04,1982-06-12
ba956c8ad3fc4debb49aba91e1c1651d,d34944b2-a7de-580f-a21e-a5691c785c8b,1982-10-04,1985-06-11
ba956c8ad3fc4debb49aba91e1c1651d,9bef2d8f-9970-5df1-97fa-4941035d4740,1985-09-30,1994-06-21
ba956c8ad3fc4debb49aba91e1c1651d,d34944b2-a7de-580f-a21e-a5691c785c8b,1994-10-03,1998-09-14
ba956c8ad3fc4debb49aba91e1c1651d,9bef2d8f-9970-5df1-97fa-4941035d4740,1998-09-15,2002-09-29
ba956c8ad3fc4debb49aba91e1c1651d,1aed974b-1504-5223-9940-b9a0d45845cd,2002-09-30,2006-09-30
ba956c8ad3fc4debb49aba91e1c1651d,7113b2cc-9972-5065-b2dd-77a7e868113a,2006-10-02,2022-09-26
ba956c8ad3fc4debb49aba91e1c1651d,9b204dc5-542a-5e3a-ac60-fe14c1cb46de,2022-09-26,2026-09-15
bba90f0b9a8d4eb5a5b7e40088809910,949c1729-b7ab-521d-ad1b-60772ec2276f,1971-01-11,2006-09-30
bba90f0b9a8d4eb5a5b7e40088809910,75402d16-31ae-5692-a5a7-1008706a092a,2006-10-02,2018-09-24
bba90f0b9a8d4eb5a5b7e40088809910,949c1729-b7ab-521d-ad1b-60772ec2276f,2018-09-24,2026-09-15
bc20b93feed64a93955ac3648276fa0c,28620dd2-366d-501c-94a8-a4bec03c7e6d,1925-01-10,1928-06-08
bc20b93feed64a93955ac3648276fa0c,1a7d6b60-4c46-50ef-97fa-502f0b3ced2c,1929-01-10,1968-12-12
bc20b93feed64a93955ac3648276fa0c,43274040-7203-53fb-845b-2b1afddb308c,1969-01-10,1970-12-16
bc3c43a0aa7c4f409860a9228e4323a0,be377f3a-8cd1-587c-a143-bf5d0cf4b3a0,1925-01-10,1970-12-16
bcf625972e3f49378f92277440a6f029,949c1729-b7ab-521d-ad1b-60772ec2276f,1971-01-11,2006-09-30
bcf625972e3f49378f92277440a6f029,d14f5900-dbaa-535e-9291-6d184dee2316,2006-10-02,2012-09-18
bcf625972e3f49378f92277440a6f029,6a5c15bf-688e-5a49-a539-c0eab6478b72,2012-09-18,2014-09-29
bcf625972e3f49378f92277440a6f029,75402d16-31ae-5692-a5a7-1008706a092a,2014-09-29,2026-09-15
bcfac37a6fe7429bb92efaec464473cf,2ccd1e63-c4b8-53cc-8ef3-e9e95931d8f5,1925-01-10,1970-12-16
bd3e6b46634342fba6123523c72f245a,949c1729-b7ab-521d-ad1b-60772ec2276f,1971-01-11,2006-09-30
bd3e6b46634342fba6123523c72f245a,352b9fa6-6250-564e-9522-46f6a36097fe,2006-10-02,2010-10-04
bd3e6b46634342fba6123523c72f245a,136bd5a8-3576-5b75-bc02-5e42ba984200,2010-10-04,2014-09-29
bd3e6b46634342fba6123523c72f245a,90a5c436-9d88-53bb-b9e9-7314a438703f,2014-09-29,2017-09-12
bd3e6b46634342fba6123523c72f245a,e1bb0035-d8f1-5350-8aa8-962b52b0553f,2017-09-12,2018-09-24
bd3e6b46634342fba6123523c72f245a,98941c5a-79d5-5f93-bb5b-00774f03d021,2018-09-24,2022-09-26
bd3e6b46634342fba6123523c72f245a,03c44b66-74b5-5b6f-a92f-365fcb5806de,2022-09-26,2026-09-15
be8ba91c91cb401a86fe8ab27c348dec,2e90b3ff-5244-5c1b-a4d6-62773e5bd1d7,1925-01-10,1963-12-12
be8ba91c91cb401a86fe8ab27c348dec,ff31e42c-ce65-53e9-94c9-75a3487f1284,1964-01-10,1970-12-16
bed147ecde4e43acb072407d7cd716bd,66149692-b5cc-50f8-a778-2131f28fe57d,1971-01-11,2002-09-29
bed147ecde4e43acb072407d7cd716bd,6a5c15bf-688e-5a49-a539-c0eab6478b72,2002-09-30,2006-09-30
bed147ecde4e43acb072407d7cd716bd,98941c5a-79d5-5f93-bb5b-00774f03d021,2006-10-02,2014-09-29
bed147ecde4e43acb072407d7cd716bd,136bd5a8-3576-5b75-bc02-5e42ba984200,2014-09-29,2018-09-24
bed147ecde4e43acb072407d7cd716bd,0513f834-f476-5c55-878b-e62d2d14087d,2018-09-24,2022-09-26
bed147ecde4e43acb072407d7cd716bd,335f9c5a-a060-59bd-8e10-95c79ced3c98,2022-09-26,2026-09-15
bfd0389911fe435eb65a81ee005f811e,9921f6f7-beb1-5224-826d-9b6e7c4114ed,1925-01-10,1948-12-23
bfd0389911fe435eb65a81ee005f811e,5b619cc8-3825-577f-97f2-791ed8cbbf05,1949-01-10,1952-12-17
bfd0389911fe435eb65a81ee005f811e,9921f6f7-beb1-5224-826d-9b6e7c4114ed,1953-01-10,1956-12-13
bfd0389911fe435eb65a81ee005f811e,5b619cc8-3825-577f-97f2-791ed8cbbf05,1957-01-10,1970-12-16
bfeea6e3ccbe4ed4948a265a1923248b,2e90b3ff-5244-5c1b-a4d6-62773e5bd1d7,1925-01-10,1931-06-08
bfeea6e3ccbe4ed4948a265a1923248b,ff31e42c-ce65-53e9-94c9-75a3487f1284,1932-01-11,1934-06-21
bfeea6e3ccbe4ed4948a265a1923248b,2e90b3ff-5244-5c1b-a4d6-62773e5bd1d7,1935-01-10,1941-12-30
bfeea6e3ccbe4ed4948a265a1923248b,ff31e42c-ce65-53e9-94c9-75a3487f1284,1942-01-10,1970-12-16
c056e8a8d73a45818ec5b1b9d5e68761,977a727a-b31d-5b48-ac60-f7538811f206,1925-01-10,1970-12-16
c066aaeed49f4398817c37f043d971d7,949c1729-b7ab-521d-ad1b-60772ec2276f,1971-01-11,1985-06-11
c066aaeed49f4398817c37f043d971d7,75402d16-31ae-5692-a5a7-1008706a092a,1985-09-30,2006-09-30
c066aaeed49f4398817c37f043d971d7,dec7e907-68a3-5977-b0b2-267422de26fb,2006-10-02,2022-09-26
c066aaeed49f4398817c37f043d971d7,d14f5900-dbaa-535e-9291-6d184dee2316,2022-09-26,2026-09-15
c06776395c794a219e12c6a4e89a4186,5b619cc8-3825-577f-97f2-791ed8cbbf05,1925-01-10,1948-12-23
c06776395c794a219e12c6a4e89a4186,66c4e12f-d764-5309-805a-f277d91aeb7a,1949-01-10,1968-12-12
c06776395c794a219e12c6a4e89a4186,46761fb0-8ace-53c0-8fbd-0a16c7fdc91d,1969-01-10,1970-12-16
c14b1f51d45b46d9b7664fe46635f00e,977a727a-b31d-5b48-ac60-f7538811f206,1925-01-10,1970-12-16
c1b3e6efc5334b0c961f7b04acef7463,949c1729-b7ab-521d-ad1b-60772ec2276f,1971-01-11,2006-09-30
c1b3e6efc5334b0c961f7b04acef7463,352b9fa6-6250-564e-9522-46f6a36097fe,2006-10-02,2010-10-04
c1b3e6efc5334b0c961f7b04acef7463,90a5c436-9d88-53bb-b9e9-7314a438703f,2010-10-04,2014-09-29
c1b3e6efc5334b0c961f7b04acef7463,352b9fa6-6250-564e-9522-46f6a36097fe,2014-09-29,2018-09-24
c1b3e6efc5334b0c961f7b04acef7463,592c89e6-ed06-5678-85d5-3a81f32dd83f,2018-09-24,2022-09-26
c1b3e6efc5334b0c961f7b04acef7463,90a5c436-9d88-53bb-b9e9-7314a438703f,2022-09-26,2026-09-15
c24e04f4d7bc4f4287a19204cc3b45a6,9b204dc5-542a-5e3a-ac60-fe14c1cb46de,1971-01-11,2006-09-30
c24e04f4d7bc4f4287a19204cc3b45a6,66149692-b5cc-50f8-a778-2131f28fe57d,2006-10-02,2014-09-29
c24e04f4d7bc4f4287a19204cc3b45a6,6a5c15bf-688e-5a49-a539-c0eab6478b72,2014-09-29,2018-09-24
c24e04f4d7bc4f4287a19204cc3b45a6,b4b85329-707b-5b48-8276-04b0980850d3,2018-09-24,2022-09-26
c24e04f4d7bc4f4287a19204cc3b45a6,e1bb0035-d8f1-5350-8aa8-962b52b0553f,2022-09-26,2026-09-15
c26e9d6a8fae4798acf801a736006d6b,e81abcf9-5188-5367-ad40-4e793d4f55e3,1971-01-11,2006-09-30
c26e9d6a8fae4798acf801a736006d6b,136bd5a8-3576-5b75-bc02-5e42ba984200,2006-10-02,2010-10-04
c26e9d6a8fae4798acf801a736006d6b,335f9c5a-a060-59bd-8e10-95c79ced3c98,2010-10-04,2018-09-24
c26e9d6a8fae4798acf801a736006d6b,0513f834-f476-5c55-878b-e62d2d14087d,2018-09-24,2022-09-26
c26e9d6a8fae4798acf801a736006d6b,335f9c5a-a060-59bd-8e10-95c79ced3c98,2022-09-26,2026-09-15
c2d1125f002b4a7b9be3b3e12cc1da81,d5171f25-e144-57e0-8818-475a87cc5809,1971-01-11,1976-06-04
c2d1125f002b4a7b9be3b3e12cc1da81,352b9fa6-6250-564e-9522-46f6a36097fe,1976-10-04,1979-06-09
c2d1125f002b4a7b9be3b3e12cc1da81,d5171f25-e144-57e0-8818-475a87cc5809,1979-10-01,1998-09-14
c2d1125f002b4a7b9be3b3e12cc1da81,352b9fa6-6250-564e-9522-46f6a36097fe,1998-09-15,2006-09-30
c2d1125f002b4a7b9be3b3e12cc1da81,75402d16-31ae-5692-a5a7-1008706a092a,2006-10-02,2014-09-29
c2d1125f002b4a7b9be3b3e12cc1da81,949c1729-b7ab-521d-ad1b-60772ec2276f,2014-09-29,2018-09-24
c2d1125f002b4a7b9be3b3e12cc1da81,75402d16-31ae-5692-a5a7-1008706a092a,2018-09-24,2022-09-26
c2d1125f002b4a7b9be3b3e12cc1da81,949c1729-b7ab-521d-ad1b-60772ec2276f,2022-09-26,2026-09-15
c308e7f7a0644bbe9ee20934686e9062,dec7e907-68a3-5977-b0b2-267422de26fb,1971-01-11,2006-09-30
c308e7f7a0644bbe9ee20934686e9062,90a5c436-9d88-53bb-b9e9-7314a438703f,2006-10-02,2026-09-15
c30ed54feeaf4aebbea63f367f3370f7,899ddaec-b4d0-557f-b637-39829a0fe0f1,1925-01-10,1948-12-23
c30ed54feeaf4aebbea63f367f3370f7,c29ab651-c882-5372-b400-c1315400b6b3,1949-01-10,1968-12-12
c30ed54feeaf4aebbea63f367f3370f7,899ddaec-b4d0-557f-b637-39829a0fe0f1,1969-01-10,1970-12-16
c334f62ad97e4591b03a93bc5bae92f3,d5171f25-e144-57e0-8818-475a87cc5809,1971-01-11,1998-09-14
c334f62ad97e4591b03a93bc5bae92f3,90a5c436-9d88-53bb-b9e9-7314a438703f,1998-09-15,2006-09-30
c334f62ad97e4591b03a93bc5bae92f3,9ccaac05-e6d0-5ae0-af81-84815d9ba0e0,2006-10-02,2018-09-24
c334f62ad97e4591b03a93bc5bae92f3,95fb07b4-04ab-5bf8-897a-40679b4451c4,2018-09-24,2022-09-26
c334f62ad97e4591b03a93bc5bae92f3,3b8cf955-bf93-520c-a3fe-c4a47a38a4bb,2022-09-26,2026-09-15
c3fe00b4ed6b4fe3aa6d2cef03c88cea,136bd5a8-3576-5b75-bc02-5e42ba984200,1971-01-11,2006-09-30
c3fe00b4ed6b4fe3aa6d2cef03c88cea,949c1729-b7ab-521d-ad1b-60772ec2276f,2006-10-02,2026-09-15
c43f1d3f92864ecd896b75e532383686,66149692-b5cc-50f8-a778-2131f28fe57d,1971-01-11,1994-06-21
c43f1d3f92864ecd896b75e532383686,72b06389-e8cc-5a7f-97bd-b697e29d92e9,1994-10-03,1998-09-14
c43f1d3f92864ecd896b75e532383686,66149692-b5cc-50f8-a778-2131f28fe57d,1998-09-15,2006-09-30
c43f1d3f92864ecd896b75e532383686,949c1729-b7ab-521d-ad1b-60772ec2276f,2006-10-02,2026-09-15
c47014edcf0543e4bedc56a89b8d6f4c,9921f6f7-beb1-5224-826d-9b6e7c4114ed,1925-01-10,1948-12-23
c47014edcf0543e4bedc56a89b8d6f4c,5b619cc8-3825-577f-97f2-791ed8cbbf05,1949-01-10,1970-12-16
c48bdce734884a10a756fe97b603d9c8,1a7d6b60-4c46-50ef-97fa-502f0b3ced2c,1925-01-10,1948-12-23
c48bdce734884a10a756fe97b603d9c8,43274040-7203-53fb-845b-2b1afddb308c,1949-01-10,1964-12-17
c48bdce734884a10a756fe97b603d9c8,c94900a7-e6d3-53ad-8ee2-5badba7c9876,1965-01-11,1970-12-16
c4b6816a5c684c6fb2d57a6ebe440e00,77564945-b88d-5e96-9332-e474481cfc5c,1971-01-11,1982-06-12
c4b6816a5c684c6fb2d57a6ebe440e00,ce2cfedc-94fe-5e5e-9134-ce27a7ce4f48,1982-10-04,1985-06-11
c4b6816a5c684c6fb2d57a6ebe440e00,77564945-b88d-5e96-9332-e474481cfc5c,1985-09-30,1994-06-21
c4b6816a5c684c6fb2d57a6ebe440e00,c8cd016a-8b2b-5bc2-8fc9-e8ac0f5ba65a,1994-10-03,1998-09-14
c4b6816a5c684c6fb2d57a6ebe440e00,e1bb0035-d8f1-5350-8aa8-962b52b0553f,1998-09-15,2006-09-30
c4b6816a5c684c6fb2d57a6ebe440e00,949c1729-b7ab-521d-ad1b-60772ec2276f,2006-10-02,2026-09-15
c4f4605fb15548bf85cf1390dc2e46a1,7b5afbfc-aed1-5edb-913c-f89ce67b95a5,1925-01-10,1948-12-23
c4f4605fb15548bf85cf1390dc2e46a1,899d0c00-1af8-56c6-bd46-79a83dfcf8c1,1949-01-10,1970-12-16
c5fe3810b7f4454db20bc7152347a082,dec7e907-68a3-5977-b0b2-267422de26fb,1971-01-11,2006-09-30
c5fe3810b7f4454db20bc7152347a082,b4b85329-707b-5b48-8276-04b0980850d3,2006-10-02,2018-09-24
c5fe3810b7f4454db20bc7152347a082,e1bb0035-d8f1-5350-8aa8-962b52b0553f,2018-09-24,2022-09-26
c5fe3810b7f4454db20bc7152347a082,b4b85329-707b-5b48-8276-04b0980850d3,2022-09-26,2026-09-15
c60a53bc12c44e158db9e8c72acd4a8f,f84e8ff2-b777-5e35-a14c-1a7e50855c36,1925-01-10,1944-12-30
c60a53bc12c44e158db9e8c72acd4a8f,f190408c-0f9c-57ed-8318-9273dced4a38,1945-01-10,1970-12-16
c63cfa3a99ec482aa74bfdd07556e338,77564945-b88d-5e96-9332-e474481cfc5c,1971-01-11,1994-06-21
c63cfa3a99ec482aa74bfdd07556e338,8d210c34-becf-5dbd-b1fe-15d608635374,1994-10-03,1998-09-14
c63cfa3a99ec482aa74bfdd07556e338,0259c4e5-f8dc-555a-a982-bc145e6182ca,1998-09-15,2001-09-07
c63cfa3a99ec482aa74bfdd07556e338,e1bb0035-d8f1-5350-8aa8-962b52b0553f,2001-09-08,2002-09-29
c63cfa3a99ec482aa74bfdd07556e338,0259c4e5-f8dc-555a-a982-bc145e6182ca,2002-09-30,2006-09-30
c63cfa3a99ec482aa74bfdd07556e338,3ed93b54-6eb2-5b8d-865d-7587a0486881,2006-10-02,2014-09-29
c63cfa3a99ec482aa74bfdd07556e338,1aed974b-1504-5223-9940-b9a0d45845cd,2014-09-29,2022-09-26
c63cfa3a99ec482aa74bfdd07556e338,9bef2d8f-9970-5df1-97fa-4941035d4740,2022-09-26,2026-09-15
c67f9a38c8c742f48b3469e1bce25cc0,88073719-4eb3-5370-acd3-f061ef80e1f6,1971-01-11,1976-06-04
c67f9a38c8c742f48b3469e1bce25cc0,9b204dc5-542a-5e3a-ac60-fe14c1cb46de,1976-10-04,1979-06-09
c67f9a38c8c742f48b3469e1bce25cc0,88073719-4eb3-5370-acd3-f061ef80e1f6,1979-10-01,1985-06-11
c67f9a38c8c742f48b3469e1bce25cc0,9b204dc5-542a-5e3a-ac60-fe14c1cb46de,1985-09-30,1988-06-10
c67f9a38c8c742f48b3469e1bce25cc0,88073719-4eb3-5370-acd3-f061ef80e1f6,1988-10-03,1994-06-21
c67f9a38c8c742f48b3469e1bce25cc0,9b204dc5-542a-5e3a-ac60-fe14c1cb46de,1994-10-03,1998-09-14
c67f9a38c8c742f48b3469e1bce25cc0,88073719-4eb3-5370-acd3-f061ef80e1f6,1998-09-15,2002-09-29
c67f9a38c8c742f48b3469e1bce25cc0,9b204dc5-542a-5e3a-ac60-fe14c1cb46de,2002-09-30,2006-09-30
c67f9a38c8c742f48b3469e1bce25cc0,0259c4e5-f8dc-555a-a982-bc145e6182ca,2006-10-02,2010-10-04
c67f9a38c8c742f48b3469e1bce25cc0,95fb07b4-04ab-5bf8-897a-40679b4451c4,2010-10-04,2014-09-29
c67f9a38c8c742f48b3469e1bce25cc0,3b8cf955-bf93-520c-a3fe-c4a47a38a4bb,2014-09-29,2018-09-24
c67f9a38c8c742f48b3469e1bce25cc0,0259c4e5-f8dc-555a-a982-bc145e6182ca,2018-09-24,2022-09-26
c67f9a38c8c742f48b3469e1bce25cc0,9ccaac05-e6d0-5ae0-af81-84815d9ba0e0,2022-09-26,2026-09-15
c6f4ed5433324119a6f6cfabf4050929,d534300a-5530-5600-b1af-7b1dd6723046,1925-01-10,1956-12-13
c6f4ed5433324119a6f6cfabf4050929,6618cb64-f32d-5806-a07f-3b914964eb26,1957-01-10,1970-12-16
c76d9a82f6234851aafbb987b50f5c67,789d2e28-3b2d-5bc6-9425-4c454f3efeec,1925-01-10,1964-12-17
c76d9a82f6234851aafbb987b50f5c67,483bb97a-ce72-54f6-a4c4-49b240eb5341,1965-01-11,1970-12-16
c77cdeebf789416e98cf8afb05b75a23,850638eb-f41d-5b5e-91bc-07a7ef818918,1965-01-11,1970-12-16
c7de95441b014a03aeb7c54a4c5b9325,7113b2cc-9972-5065-b2dd-77a7e868113a,1971-01-11,2022-09-26
c7de95441b014a03aeb7c54a4c5b9325,9b204dc5-542a-5e3a-ac60-fe14c1cb46de,2022-09-26,2026-09-15
c7df14b6abdb463dab2aadae45e29913,6618cb64-f32d-5806-a07f-3b914964eb26,1925-01-10,1956-12-13
c7df14b6abdb463dab2aadae45e29913,52d3be74-04c2-5ef4-ac33-10731fc6f074,1957-01-10,1970-12-16
c8153eb73c5840349e50c7ba1fa65302,e86227ba-7ea9-5302-81b6-461749b8b4fd,1925-01-10,1963-12-12
c8153eb73c5840349e50c7ba1fa65302,79c143d0-423e-582c-881d-0abf0a4cea5c,1964-01-10,1970-12-16
c83afa1ed4f443d19ccb9f8b3e4828ea,ce2cfedc-94fe-5e5e-9134-ce27a7ce4f48,1971-01-11,1994-06-21
c83afa1ed4f443d19ccb9f8b3e4828ea,c8cd016a-8b2b-5bc2-8fc9-e8ac0f5ba65a,1994-10-03,1998-09-14
c83afa1ed4f443d19ccb9f8b3e4828ea,b4b85329-707b-5b48-8276-04b0980850d3,1998-09-15,2002-09-29
c83afa1ed4f443d19ccb9f8b3e4828ea,e1bb0035-d8f1-5350-8aa8-962b52b0553f,2002-09-30,2006-09-30
c83afa1ed4f443d19ccb9f8b3e4828ea,75402d16-31ae-5692-a5a7-1008706a092a,2006-10-02,2026-09-15
c8d0e1ef88a74e0d96f22bb0249006e6,850638eb-f41d-5b5e-91bc-07a7ef818918,1925-01-10,1970-12-16
c9603ace5e374b5bb8483017705a1296,3dcfde6e-898d-5524-ad57-3dd1df3ddd34,1925-01-10,1970-12-16
ca035a91da2542d8b2ff1c3343c08eb0,789d2e28-3b2d-5bc6-9425-4c454f3efeec,1925-01-10,1957-12-18
ca035a91da2542d8b2ff1c3343c08eb0,483bb97a-ce72-54f6-a4c4-49b240eb5341,1958-01-10,1970-12-16
ca3269272a414cffb520adcbc53bd58d,d34944b2-a7de-580f-a21e-a5691c785c8b,1971-01-11,1973-12-15
ca3269272a414cffb520adcbc53bd58d,9bef2d8f-9970-5df1-97fa-4941035d4740,1974-01-10,1998-09-14
ca3269272a414cffb520adcbc53bd58d,1aed974b-1504-5223-9940-b9a0d45845cd,1998-09-15,2006-09-30
ca3269272a414cffb520adcbc53bd58d,88073719-4eb3-5370-acd3-f061ef80e1f6,2006-10-02,2014-09-29
ca3269272a414cffb520adcbc53bd58d,136bd5a8-3576-5b75-bc02-5e42ba984200,2014-09-29,2018-09-24
ca3269272a414cffb520adcbc53bd58d,98941c5a-79d5-5f93-bb5b-00774f03d021,2018-09-24,2022-09-26
ca3269272a414cffb520adcbc53bd58d,88073719-4eb3-5370-acd3-f061ef80e1f6,2022-09-26,2026-09-15
ca33b1c3b11b46c5b872b5c31d6f3127,e81abcf9-5188-5367-ad40-4e793d4f55e3,1971-01-11,1988-06-10
ca33b1c3b11b46c5b872b5c31d6f3127,88dc2372-1608-57b0-b0e6-1a789be8dec9,1988-10-03,1991-06-20
ca33b1c3b11b46c5b872b5c31d6f3127,e81abcf9-5188-5367-ad40-4e793d4f55e3,1991-09-30,1998-09-14
ca33b1c3b11b46c5b872b5c31d6f3127,88dc2372-1608-57b0-b0e6-1a789be8dec9,1998-09-15,2006-09-30
ca33b1c3b11b46c5b872b5c31d6f3127,1aed974b-1504-5223-9940-b9a0d45845cd,2006-10-02,2014-09-29
ca33b1c3b11b46c5b872b5c31d6f3127,66149692-b5cc-50f8-a778-2131f28fe57d,2014-09-29,2018-09-24
ca33b1c3b11b46c5b872b5c31d6f3127,03c44b66-74b5-5b6f-a92f-365fcb5806de,2018-09-24,2022-09-26
ca33b1c3b11b46c5b872b5c31d6f3127,66149692-b5cc-50f8-a778-2131f28fe57d,2022-09-26,2026-09-15
cafcc7c39379416797f370f365d5a2ca,77564945-b88d-5e96-9332-e474481cfc5c,1971-01-11,1994-06-21
cafcc7c39379416797f370f365d5a2ca,90a5c436-9d88-53bb-b9e9-7314a438703f,1994-10-03,1998-09-14
cafcc7c39379416797f370f365d5a2ca,0259c4e5-f8dc-555a-a982-bc145e6182ca,1998-09-15,2006-09-30
cafcc7c39379416797f370f365d5a2ca,6a5c15bf-688e-5a49-a539-c0eab6478b72,2006-10-02,2018-09-24
cafcc7c39379416797f370f365d5a2ca,66149692-b5cc-50f8-a778-2131f28fe57d,2018-09-24,2022-09-26
cafcc7c39379416797f370f365d5a2ca,6a5c15bf-688e-5a49-a539-c0eab6478b72,2022-09-26,2026-09-15
cb33c4e3bfdc4a8a8f7c1616d35aac8b,e81abcf9-5188-5367-ad40-4e793d4f55e3,1971-01-11,1998-09-14
cb33c4e3bfdc4a8a8f7c1616d35aac8b,88dc2372-1608-57b0-b0e6-1a789be8dec9,1998-09-15,2006-09-30
cb33c4e3bfdc4a8a8f7c1616d35aac8b,9bef2d8f-9970-5df1-97fa-4941035d4740,2006-10-02,2010-10-04
cb33c4e3bfdc4a8a8f7c1616d35aac8b,e81abcf9-5188-5367-ad40-4e793d4f55e3,2010-10-04,2014-09-29
cb33c4e3bfdc4a8a8f7c1616d35aac8b,1aed974b-1504-5223-9940-b9a0d45845cd,2014-09-29,2018-09-24
cb33c4e3bfdc4a8a8f7c1616d35aac8b,03c44b66-74b5-5b6f-a92f-365fcb5806de,2018-09-24,2022-09-26
cb33c4e3bfdc4a8a8f7c1616d35aac8b,9bef2d8f-9970-5df1-97fa-4941035d4740,2022-09-26,2026-09-15
cb557511cbfa4040832f5c10c72fd543,352b9fa6-6250-564e-9522-46f6a36097fe,1971-01-11,1998-09-14
cb557511cbfa4040832f5c10c72fd543,592c89e6-ed06-5678-85d5-3a81f32dd83f,1998-09-15,2002-09-29
cb557511cbfa4040832f5c10c72fd543,9ccaac05-e6d0-5ae0-af81-84815d9ba0e0,2002-09-30,2006-09-30
cb557511cbfa4040832f5c10c72fd543,98941c5a-79d5-5f93-bb5b-00774f03d021,2006-10-02,2018-09-24
cb557511cbfa4040832f5c10c72fd543,136bd5a8-3576-5b75-bc02-5e42ba984200,2018-09-24,2022-09-26
cb557511cbfa4040832f5c10c72fd543,98941c5a-79d5-5f93-bb5b-00774f03d021,2022-09-26,2026-09-15
cb861401ca0845db91d456e994efca13,949c1729-b7ab-521d-ad1b-60772ec2276f,1971-01-11,2006-09-30
cb861401ca0845db91d456e994efca13,d14f5900-dbaa-535e-9291-6d184dee2316,2006-10-02,2010-10-04
cb861401ca0845db91d456e994efca13,0af335ba-25f1-581d-858f-437ea3adecea,2010-10-04,2018-09-24
cb861401ca0845db91d456e994efca13,75402d16-31ae-5692-a5a7-1008706a092a,2018-09-24,2026-09-15
cbb1e337319e48b886a7f44d8d038e04,3ffdbc9c-5dee-555c-98e7-92f3c88684af,1925-01-10,1957-12-18
cbb1e337319e48b886a7f44d8d038e04,c1806dd8-c00e-56de-bec3-c28973b02d73,1958-01-10,1970-12-16
cc3f1ae939da4c58bce30184f7246d56,7113b2cc-9972-5065-b2dd-77a7e868113a,1971-01-11,2022-09-26
cc3f1ae939da4c58bce30184f7246d56,136bd5a8-3576-5b75-bc02-5e42ba984200,2022-09-26,2026-09-15
ccb426a255894b2191f2876586ece0be,977a727a-b31d-5b48-ac60-f7538811f206,1925-01-10,1970-12-16
ccc80bbe1a1744139252421b9ba24c1e,23ff6cf2-07be-5de2-b01f-a4aa39503e46,1971-01-11,1998-09-14
ccc80bbe1a1744139252421b9ba24c1e,1aed974b-1504-5223-9940-b9a0d45845cd,1998-09-15,2002-09-29
ccc80bbe1a1744139252421b9ba24c1e,03c44b66-74b5-5b6f-a92f-365fcb5806de,2002-09-30,2006-09-30
ccc80bbe1a1744139252421b9ba24c1e,9bef2d8f-9970-5df1-97fa-4941035d4740,2006-10-02,2010-10-04
ccc80bbe1a1744139252421b9ba24c1e,1aed974b-1504-5223-9940-b9a0d45845cd,2010-10-04,2022-09-26
ccc80bbe1a1744139252421b9ba24c1e,9bef2d8f-9970-5df1-97fa-4941035d4740,2022-09-26,2026-09-15
cd4c1eeac7ba46cca7a8a6f6b994dd89,1b9b3b5b-7c11-5f64-978c-e1d1b2002a5c,1925-01-10,1948-12-23
cd4c1eeac7ba46cca7a8a6f6b994dd89,32a49115-dad0-5644-afea-6515d72a2fa2,1949-01-10,1970-12-16
cd69eac78c834852ae33fbd1f12ecc26,c29ab651-c882-5372-b400-c1315400b6b3,1925-01-10,1970-12-16
cdaeaae988df49aab69c6af8264408a6,ab10f2c3-d083-5c5a-b2ca-4a97f0410be8,1925-01-10,1940-12-30
cdaeaae988df49aab69c6af8264408a6,9921f6f7-beb1-5224-826d-9b6e7c4114ed,1941-01-10,1970-12-16
ce8af8d3437149e7be77a212d449abe8,632495bb-e961-5581-9345-278a353d0405,1925-01-10,1941-12-30
ce8af8d3437149e7be77a212d449abe8,39f50a3e-9748-5cbb-899c-fce5af24b249,1942-01-10,1970-12-16
cee1be95845140b9b37986597fa1fe15,ff31e42c-ce65-53e9-94c9-75a3487f1284,1925-01-10,1941-12-30
cee1be95845140b9b37986597fa1fe15,632495bb-e961-5581-9345-278a353d0405,1942-01-10,1970-12-16
ceef21ed3610405c99eb0c1ed1f6072f,5b619cc8-3825-577f-97f2-791ed8cbbf05,1925-01-10,1944-12-30
ceef21ed3610405c99eb0c1ed1f6072f,66c4e12f-d764-5309-805a-f277d91aeb7a,1945-01-10,1960-12-14
ceef21ed3610405c99eb0c1ed1f6072f,46761fb0-8ace-53c0-8fbd-0a16c7fdc91d,1961-01-10,1968-12-12
ceef21ed3610405c99eb0c1ed1f6072f,29c5f935-4b82-58f0-84b9-38fddeb478af,1969-01-10,1970-12-16
cfc72354e2ff43139910b3652ddb8061,9b204dc5-542a-5e3a-ac60-fe14c1cb46de,1971-01-11,1973-12-15
cfc72354e2ff43139910b3652ddb8061,88073719-4eb3-5370-acd3-f061ef80e1f6,1974-01-10,1976-06-04
cfc72354e2ff43139910b3652ddb8061,9b204dc5-542a-5e3a-ac60-fe14c1cb46de,1976-10-04,1982-06-12
cfc72354e2ff43139910b3652ddb8061,88073719-4eb3-5370-acd3-f061ef80e1f6,1982-10-04,1985-06-11
cfc72354e2ff43139910b3652ddb8061,9b204dc5-542a-5e3a-ac60-fe14c1cb46de,1985-09-30,1991-06-20
cfc72354e2ff43139910b3652ddb8061,88073719-4eb3-5370-acd3-f061ef80e1f6,1991-09-30,1994-06-21
cfc72354e2ff43139910b3652ddb8061,9b204dc5-542a-5e3a-ac60-fe14c1cb46de,1994-10-03,2006-09-30
cfc72354e2ff43139910b3652ddb8061,0259c4e5-f8dc-555a-a982-bc145e6182ca,2006-10-02,2010-10-04
cfc72354e2ff43139910b3652ddb8061,95fb07b4-04ab-5bf8-897a-40679b4451c4,2010-10-04,2014-09-29
cfc72354e2ff43139910b3652ddb8061,0259c4e5-f8dc-555a-a982-bc145e6182ca,2014-09-29,2022-09-26
cfc72354e2ff43139910b3652ddb8061,9ccaac05-e6d0-5ae0-af81-84815d9ba0e0,2022-09-26,2026-09-15
cff74b85d1894cd99ee683f5677a77a8,ce2cfedc-94fe-5e5e-9134-ce27a7ce4f48,1971-01-11,1994-06-21
cff74b85d1894cd99ee683f5677a77a8,c8cd016a-8b2b-5bc2-8fc9-e8ac0f5ba65a,1994-10-03,1998-09-14
cff74b85d1894cd99ee683f5677a77a8,b4b85329-707b-5b48-8276-04b0980850d3,1998-09-15,2002-09-29
cff74b85d1894cd99ee683f5677a77a8,e1bb0035-d8f1-5350-8aa8-962b52b0553f,2002-09-30,2006-09-30
cff74b85d1894cd99ee683f5677a77a8,75402d16-31ae-5692-a5a7-1008706a092a,2006-10-02,2026-09-15
d0893749dbea4253a9c73e1768fce364,3b8cf955-bf93-520c-a3fe-c4a47a38a4bb,1971-01-11,1976-06-04
d0893749dbea4253a9c73e1768fce364,dec7e907-68a3-5977-b0b2-267422de26fb,1976-10-04,1994-06-21
d0893749dbea4253a9c73e1768fce364,3b8cf955-bf93-520c-a3fe-c4a47a38a4bb,1994-10-03,1998-09-14
d0893749dbea4253a9c73e1768fce364,dec7e907-68a3-5977-b0b2-267422de26fb,1998-09-15,2006-09-30
d0893749dbea4253a9c73e1768fce364,3ed93b54-6eb2-5b8d-865d-7587a0486881,2006-10-02,2018-09-24
d0893749dbea4253a9c73e1768fce364,9bef2d8f-9970-5df1-97fa-4941035d4740,2018-09-24,2022-09-26
d0893749dbea4253a9c73e1768fce364,1aed974b-1504-5223-9940-b9a0d45845cd,2022-09-26,2026-09-15
d0d83ed4fd9046c18cb2b6985e3d99d3,95fb07b4-04ab-5bf8-897a-40679b4451c4,1971-01-11,2002-09-29
d0d83ed4fd9046c18cb2b6985e3d99d3,3b8cf955-bf93-520c-a3fe-c4a47a38a4bb,2002-09-30,2006-09-30
d0d83ed4fd9046c18cb2b6985e3d99d3,dec7e907-68a3-5977-b0b2-267422de26fb,2006-10-02,2026-09-15
d280b30bdfe843fba82fd65ec7d1504b,335f9c5a-a060-59bd-8e10-95c79ced3c98,1971-01-11,2006-09-30
d280b30bdfe843fba82fd65ec7d1504b,75402d16-31ae-5692-a5a7-1008706a092a,2006-10-02,2026-09-15
d332c6b6ac6e4aa1afd716bbc8123fc8,72b06389-e8cc-5a7f-97bd-b697e29d92e9,1971-01-11,1998-09-14
d332c6b6ac6e4aa1afd716bbc8123fc8,03c44b66-74b5-5b6f-a92f-365fcb5806de,1998-09-15,2002-09-29
d332c6b6ac6e4aa1afd716bbc8123fc8,66149692-b5cc-50f8-a778-2131f28fe57d,2002-09-30,2006-09-30
d332c6b6ac6e4aa1afd716bbc8123fc8,3b8cf955-bf93-520c-a3fe-c4a47a38a4bb,2006-10-02,2018-09-24
d332c6b6ac6e4aa1afd716bbc8123fc8,dec7e907-68a3-5977-b0b2-267422de26fb,2018-09-24,2026-09-15
d346f8b2f2c5453092946681c6735d80,29c5f935-4b82-58f0-84b9-38fddeb478af,1925-01-10,1944-12-30
d346f8b2f2c5453092946681c6735d80,b3d2ec8f-3f84-5cdd-90b2-eda30fe3e65d,1945-01-10,1956-12-13
d346f8b2f2c5453092946681c6735d80,f84e8ff2-b777-5e35-a14c-1a7e50855c36,1957-01-10,1970-12-16
d349f519505e44c08bba5c70af551dcd,949c1729-b7ab-521d-ad1b-60772ec2276f,1971-01-11,2006-09-30
d349f519505e44c08bba5c70af551dcd,75402d16-31ae-5692-a5a7-1008706a092a,2006-10-02,2014-09-29
d349f519505e44c08bba5c70af551dcd,949c1729-b7ab-521d-ad1b-60772ec2276f,2014-09-29,2026-09-15
d3978b95f2a64599b6046935a2eaa83c,3dcfde6e-898d-5524-ad57-3dd1df3ddd34,1925-01-10,1970-12-16
d3a6bee4a5df4f86848a1fbebb19f2eb,352b9fa6-6250-564e-9522-46f6a36097fe,1971-01-11,2002-09-29
d3a6bee4a5df4f86848a1fbebb19f2eb,592c89e6-ed06-5678-85d5-3a81f32dd83f,2002-09-30,2006-09-30
d3a6bee4a5df4f86848a1fbebb19f2eb,9b204dc5-542a-5e3a-ac60-fe14c1cb46de,2006-10-02,2022-09-26
d3a6bee4a5df4f86848a1fbebb19f2eb,7113b2cc-9972-5065-b2dd-77a7e868113a,2022-09-26,2026-09-15
d3aa3893cdc94695adec6af44f11a515,52d3be74-04c2-5ef4-ac33-10731fc6f074,1925-01-10,1961-12-15
d3aa3893cdc94695adec6af44f11a515,2e90b3ff-5244-5c1b-a4d6-62773e5bd1d7,1962-01-10,1970-12-16
d3fa3dcc165843c0b8a221dcfa671af6,29c5f935-4b82-58f0-84b9-38fddeb478af,1925-01-10,1948-12-23
d3fa3dcc165843c0b8a221dcfa671af6,b3d2ec8f-3f84-5cdd-90b2-eda30fe3e65d,1949-01-10,1964-12-17
d3fa3dcc165843c0b8a221dcfa671af6,f84e8ff2-b777-5e35-a14c-1a7e50855c36,1965-01-11,1970-12-16
d423710cb9e64b17b93484e120f07e66,850638eb-f41d-5b5e-91bc-07a7ef818918,1961-01-10,1970-12-16
d42eca5335db45bc9bdb03511fd060e3,c29ab651-c882-5372-b400-c1315400b6b3,1925-01-10,1970-12-16
d4591af6d77541b9acb248df5ba9ebd2,949c1729-b7ab-521d-ad1b-60772ec2276f,1971-01-11,2006-09-30
d4591af6d77541b9acb248df5ba9ebd2,88dc2372-1608-57b0-b0e6-1a789be8dec9,2006-10-02,2014-09-29
d4591af6d77541b9acb248df5ba9ebd2,0513f834-f476-5c55-878b-e62d2d14087d,2014-09-29,2018-09-24
d4591af6d77541b9acb248df5ba9ebd2,88dc2372-1608-57b0-b0e6-1a789be8dec9,2018-09-24,2022-09-26
d4591af6d77541b9acb248df5ba9ebd2,3ed93b54-6eb2-5b8d-865d-7587a0486881,2022-09-26,2026-09-15
d4afdd5d28d84198b58ee00b8ce36009,3dcfde6e-898d-5524-ad57-3dd1df3ddd34,1925-01-10,1970-12-16
d4f1a4a6079b4e83a1868a92c5370a4a,75402d16-31ae-5692-a5a7-1008706a092a,1971-01-11,2006-09-30
d4f1a4a6079b4e83a1868a92c5370a4a,b4b85329-707b-5b48-8276-04b0980850d3,2006-10-02,2018-09-24
d4f1a4a6079b4e83a1868a92c5370a4a,e1bb0035-d8f1-5350-8aa8-962b52b0553f,2018-09-24,2022-09-26
d4f1a4a6079b4e83a1868a92c5370a4a,b4b85329-707b-5b48-8276-04b0980850d3,2022-09-26,2026-09-15
d525cf98050b41bcad247a43873b85aa,949c1729-b7ab-521d-ad1b-60772ec2276f,1971-01-11,1991-06-20
d525cf98050b41bcad247a43873b85aa,75402d16-31ae-5692-a5a7-1008706a092a,1991-09-30,1998-09-14
d525cf98050b41bcad247a43873b85aa,949c1729-b7ab-521d-ad1b-60772ec2276f,1998-09-15,2006-09-30
d525cf98050b41bcad247a43873b85aa,75402d16-31ae-5692-a5a7-1008706a092a,2006-10-02,2010-10-04
d525cf98050b41bcad247a43873b85aa,0af335ba-25f1-581d-858f-437ea3adecea,2010-10-04,2018-09-24
d525cf98050b41bcad247a43873b85aa,75402d16-31ae-5692-a5a7-1008706a092a,2018-09-24,2026-09-15
d526d32e659640e9a85934f9516d1a15,899d0c00-1af8-56c6-bd46-79a83dfcf8c1,1925-01-10,1948-12-23
d526d32e659640e9a85934f9516d1a15,aba3654d-c18d-541b-b3cc-d11c7f96ec6f,1949-01-10,1970-12-16
d56677dfeb7e4f7c982416bb9bbafd3b,29c5f935-4b82-58f0-84b9-38fddeb478af,1925-01-10,1932-06-20
d56677dfeb7e4f7c982416bb9bbafd3b,b3d2ec8f-3f84-5cdd-90b2-eda30fe3e65d,1933-01-10,1948-12-23
d56677dfeb7e4f7c982416bb9bbafd3b,f84e8ff2-b777-5e35-a14c-1a7e50855c36,1949-01-10,1970-12-16
d599bbf4dcae4de09a2f414e149131c5,483bb97a-ce72-54f6-a4c4-49b240eb5341,1925-01-10,1970-12-16
d619319c79384277b57de782857ce378,52d3be74-04c2-5ef4-ac33-10731fc6f074,1925-01-10,1970-12-16
d6444606af704990b4a302fdca7f375a,5a911a22-b39d-5103-bb54-ad725a2f95c8,1925-01-10,1928-06-08
d6444606af704990b4a302fdca7f375a,060a7a45-fe70-554c-8395-60d9d522d523,1929-01-10,1944-12-30
d6444606af704990b4a302fdca7f375a,899ddaec-b4d0-557f-b637-39829a0fe0f1,1945-01-10,1970-12-16
d6551be8b3e24b889a2b38ca8bd5cb70,3ffdbc9c-5dee-555c-98e7-92f3c88684af,1925-01-10,1964-12-17
d6551be8b3e24b889a2b38ca8bd5cb70,c1806dd8-c00e-56de-bec3-c28973b02d73,1965-01-11,1970-12-16
d6d29d76c10445a1858ee3bf13b5d8db,77564945-b88d-5e96-9332-e474481cfc5c,1971-01-11,1994-06-21
d6d29d76c10445a1858ee3bf13b5d8db,8d210c34-becf-5dbd-b1fe-15d608635374,1994-10-03,1998-09-14
d6d29d76c10445a1858ee3bf13b5d8db,e1bb0035-d8f1-5350-8aa8-962b52b0553f,1998-09-15,2006-09-30
d6d29d76c10445a1858ee3bf13b5d8db,9b204dc5-542a-5e3a-ac60-fe14c1cb46de,2006-10-02,2022-09-26
d6d29d76c10445a1858ee3bf13b5d8db,7113b2cc-9972-5065-b2dd-77a7e868113a,2022-09-26,2026-09-15
d730a88250944e5b86665ac3393200c3,88dc2372-1608-57b0-b0e6-1a789be8dec9,1971-01-11,1976-06-04
d730a88250944e5b86665ac3393200c3,d34944b2-a7de-580f-a21e-a5691c785c8b,1976-10-04,1979-06-09
d730a88250944e5b86665ac3393200c3,88dc2372-1608-57b0-b0e6-1a789be8dec9,1979-10-01,1982-06-12
d730a88250944e5b86665ac3393200c3,d34944b2-a7de-580f-a21e-a5691c785c8b,1982-10-04,1994-06-21
d730a88250944e5b86665ac3393200c3,88dc2372-1608-57b0-b0e6-1a789be8dec9,1994-10-03,1998-09-14
d730a88250944e5b86665ac3393200c3,3ed93b54-6eb2-5b8d-865d-7587a0486881,1998-09-15,2006-09-30
d730a88250944e5b86665ac3393200c3,0af335ba-25f1-581d-858f-437ea3adecea,2006-10-02,2010-10-04
d730a88250944e5b86665ac3393200c3,d14f5900-dbaa-535e-9291-6d184dee2316,2010-10-04,2022-09-26
d730a88250944e5b86665ac3393200c3,0af335ba-25f1-581d-858f-437ea3adecea,2022-09-26,2026-09-15
d815b12b54eb4036bd799dc8223725dc,949c1729-b7ab-521d-ad1b-60772ec2276f,1971-01-11,2006-09-30
d815b12b54eb4036bd799dc8223725dc,03c44b66-74b5-5b6f-a92f-365fcb5806de,2006-10-02,2014-09-29
d815b12b54eb4036bd799dc8223725dc,3ed93b54-6eb2-5b8d-865d-7587a0486881,2014-09-29,2018-09-24
d815b12b54eb4036bd799dc8223725dc,6a5c15bf-688e-5a49-a539-c0eab6478b72,2018-09-24,2022-09-26
d815b12b54eb4036bd799dc8223725dc,66149692-b5cc-50f8-a778-2131f28fe57d,2022-09-26,2026-09-15
d893207d7f4642b28b5c7ba57deb5d4d,dec7e907-68a3-5977-b0b2-267422de26fb,1971-01-11,1982-06-12
d893207d7f4642b28b5c7ba57deb5d4d,d14f5900-dbaa-535e-9291-6d184dee2316,1982-10-04,1985-06-11
d893207d7f4642b28b5c7ba57deb5d4d,dec7e907-68a3-5977-b0b2-267422de26fb,1985-09-30,1988-06-10
d893207d7f4642b28b5c7ba57deb5d4d,d14f5900-dbaa-535e-9291-6d184dee2316,1988-10-03,1991-06-20
d893207d7f4642b28b5c7ba57deb5d4d,dec7e907-68a3-5977-b0b2-267422de26fb,1991-09-30,1998-09-14
d893207d7f4642b28b5c7ba57deb5d4d,d14f5900-dbaa-535e-9291-6d184dee2316,1998-09-15,2010-10-04
d893207d7f4642b28b5c7ba57deb5d4d,0af335ba-25f1-581d-858f-437ea3adecea,2010-10-04,2022-09-26
d893207d7f4642b28b5c7ba57deb5d4d,d14f5900-dbaa-535e-9291-6d184dee2316,2022-09-26,2026-09-15
d936a5efa3dc4b12acdc1b22b76a0b69,060a7a45-fe70-554c-8395-60d9d522d523,1925-01-10,1928-06-08
d936a5efa3dc4b12acdc1b22b76a0b69,899ddaec-b4d0-557f-b637-39829a0fe0f1,1929-01-10,1970-12-16
d9749a256fc945e1b1726e9123b9fc93,95fb07b4-04ab-5bf8-897a-40679b4451c4,1971-01-11,1976-06-04
d9749a256fc945e1b1726e9123b9fc93,3b8cf955-bf93-520c-a3fe-c4a47a38a4bb,1976-10-04,1991-06-20
d9749a256fc945e1b1726e9123b9fc93,95fb07b4-04ab-5bf8-897a-40679b4451c4,1991-09-30,1994-06-21
d9749a256fc945e1b1726e9123b9fc93,3b8cf955-bf93-520c-a3fe-c4a47a38a4bb,1994-10-03,2006-09-30
d9749a256fc945e1b1726e9123b9fc93,75402d16-31ae-5692-a5a7-1008706a092a,2006-10-02,2026-09-15
d9d826d831c84ee59c1efce7951ad614,77564945-b88d-5e96-9332-e474481cfc5c,1971-01-11,1994-06-21
d9d826d831c84ee59c1efce7951ad614,90a5c436-9d88-53bb-b9e9-7314a438703f,1994-10-03,1998-09-14
d9d826d831c84ee59c1efce7951ad614,0259c4e5-f8dc-555a-a982-bc145e6182ca,1998-09-15,2006-09-30
d9d826d831c84ee59c1efce7951ad614,6a5c15bf-688e-5a49-a539-c0eab6478b72,2006-10-02,2018-09-24
d9d826d831c84ee59c1efce7951ad614,b4b85329-707b-5b48-8276-04b0980850d3,2018-09-24,2022-09-26
d9d826d831c84ee59c1efce7951ad614,6a5c15bf-688e-5a49-a539-c0eab6478b72,2022-09-26,2026-09-15
daa0233d56174815b08a9fcef34384ca,f190408c-0f9c-57ed-8318-9273dced4a38,1925-01-10,1956-12-13
daa0233d56174815b08a9fcef34384ca,5a911a22-b39d-5103-bb54-ad725a2f95c8,1957-01-10,1970-12-16
daee5dd001834e4c9f65a79eb385c688,98941c5a-79d5-5f93-bb5b-00774f03d021,1971-01-11,1973-12-15
daee5dd001834e4c9f65a79eb385c688,0513f834-f476-5c55-878b-e62d2d14087d,1974-01-10,1976-06-04
daee5dd001834e4c9f65a79eb385c688,98941c5a-79d5-5f93-bb5b-00774f03d021,1976-10-04,1979-06-09
daee5dd001834e4c9f65a79eb385c688,0513f834-f476-5c55-878b-e62d2d14087d,1979-10-01,2006-09-30
daee5dd001834e4c9f65a79eb385c688,66149692-b5cc-50f8-a778-2131f28fe57d,2006-10-02,2022-09-26
daee5dd001834e4c9f65a79eb385c688,03c44b66-74b5-5b6f-a92f-365fcb5806de,2022-09-26,2026-09-15
db10d783c9e04d26a0b1731a5850bcd0,f190408c-0f9c-57ed-8318-9273dced4a38,1925-01-10,1928-06-08
db10d783c9e04d26a0b1731a5850bcd0,5a911a22-b39d-5103-bb54-ad725a2f95c8,1929-01-10,1948-12-23
db10d783c9e04d26a0b1731a5850bcd0,060a7a45-fe70-554c-8395-60d9d522d523,1949-01-10,1960-12-14
db10d783c9e04d26a0b1731a5850bcd0,899ddaec-b4d0-557f-b637-39829a0fe0f1,1961-01-10,1970-12-16
db40249556da4ba0892ea57618072ec1,d5171f25-e144-57e0-8818-475a87cc5809,1971-01-11,1976-06-04
db40249556da4ba0892ea57618072ec1,352b9fa6-6250-564e-9522-46f6a36097fe,1976-10-04,1985-06-11
db40249556da4ba0892ea57618072ec1,d5171f25-e144-57e0-8818-475a87cc5809,1985-09-30,1988-06-10
db40249556da4ba0892ea57618072ec1,352b9fa6-6250-564e-9522-46f6a36097fe,1988-10-03,1994-06-21
db40249556da4ba0892ea57618072ec1,d5171f25-e144-57e0-8818-475a87cc5809,1994-10-03,1998-09-14
db40249556da4ba0892ea57618072ec1,352b9fa6-6250-564e-9522-46f6a36097fe,1998-09-15,2006-09-30
db40249556da4ba0892ea57618072ec1,949c1729-b7ab-521d-ad1b-60772ec2276f,2006-10-02,2026-09-15
db681a21847445a69545ddbbd91c411b,28620dd2-366d-501c-94a8-a4bec03c7e6d,1925-01-10,1928-06-08
db681a21847445a69545ddbbd91c411b,1a7d6b60-4c46-50ef-97fa-502f0b3ced2c,1929-01-10,1936-06-27
db681a21847445a69545ddbbd91c411b,28620dd2-366d-501c-94a8-a4bec03c7e6d,1937-01-11,1948-12-23
db681a21847445a69545ddbbd91c411b,1a7d6b60-4c46-50ef-97fa-502f0b3ced2c,1949-01-10,1968-12-12
db681a21847445a69545ddbbd91c411b,43274040-7203-53fb-845b-2b1afddb308c,1969-01-10,1970-12-16
db860a56f01f465192e47ca7db6bc402,e81abcf9-5188-5367-ad40-4e793d4f55e3,1971-01-11,2006-09-30
db860a56f01f465192e47ca7db6bc402,136bd5a8-3576-5b75-bc02-5e42ba984200,2006-10-02,2010-10-04
db860a56f01f465192e47ca7db6bc402,335f9c5a-a060-59bd-8e10-95c79ced3c98,2010-10-04,2018-09-24
db860a56f01f465192e47ca7db6bc402,0513f834-f476-5c55-878b-e62d2d14087d,2018-09-24,2022-09-26
db860a56f01f465192e47ca7db6bc402,335f9c5a-a060-59bd-8e10-95c79ced3c98,2022-09-26,2026-09-15
dba05ba531984b86949b65f50df4fd27,6a5c15bf-688e-5a49-a539-c0eab6478b72,1971-01-11,2002-09-29
dba05ba531984b86949b65f50df4fd27,b4b85329-707b-5b48-8276-04b0980850d3,2002-09-30,2006-09-30
dba05ba531984b86949b65f50df4fd27,6a5c15bf-688e-5a49-a539-c0eab6478b72,2006-10-02,2012-09-18
dba05ba531984b86949b65f50df4fd27,e1bb0035-d8f1-5350-8aa8-962b52b0553f,2012-09-18,2014-09-29
dba05ba531984b86949b65f50df4fd27,6a5c15bf-688e-5a49-a539-c0eab6478b72,2014-09-29,2018-09-24
dba05ba531984b86949b65f50df4fd27,b4b85329-707b-5b48-8276-04b0980850d3,2018-09-24,2022-09-26
dba05ba531984b86949b65f50df4fd27,e1bb0035-d8f1-5350-8aa8-962b52b0553f,2022-09-26,2026-09-15
dbb02066e1894a76b8d451b63e4ac23a,7671d1a1-b494-53ab-9ea8-59b8fbcdffc5,1925-01-10,1970-12-16
dbb1d570c1424d968cd31867248d77e9,7b5afbfc-aed1-5edb-913c-f89ce67b95a5,1925-01-10,1964-12-17
dbb1d570c1424d968cd31867248d77e9,899d0c00-1af8-56c6-bd46-79a83dfcf8c1,1965-01-11,1970-12-16
dbba774ae2514793835c0b322200eb37,136bd5a8-3576-5b75-bc02-5e42ba984200,1971-01-11,2006-09-30
dbba774ae2514793835c0b322200eb37,75402d16-31ae-5692-a5a7-1008706a092a,2006-10-02,2026-09-15
dbeecd82c79b41d3b344271ab8bc0013,ff31e42c-ce65-53e9-94c9-75a3487f1284,1925-01-10,1951-12-13
dbeecd82c79b41d3b344271ab8bc0013,632495bb-e961-5581-9345-278a353d0405,1952-01-10,1970-12-16
dbfe3520013c44c5ad0a25b65a3ecf3a,3dcfde6e-898d-5524-ad57-3dd1df3ddd34,1925-01-10,1970-12-16
dca08c7f4b6d45f192686d5dee6ee321,f190408c-0f9c-57ed-8318-9273dced4a38,1925-01-10,1944-12-30
dca08c7f4b6d45f192686d5dee6ee321,5a911a22-b39d-5103-bb54-ad725a2f95c8,1945-01-10,1964-12-17
dca08c7f4b6d45f192686d5dee6ee321,060a7a45-fe70-554c-8395-60d9d522d523,1965-01-11,1970-12-16
dcaf94f0c95740daa625c5ba134ce34a,dec7e907-68a3-5977-b0b2-267422de26fb,1971-01-11,2002-09-29
dcaf94f0c95740daa625c5ba134ce34a,d14f5900-dbaa-535e-9291-6d184dee2316,2002-09-30,2006-09-30
dcaf94f0c95740daa625c5ba134ce34a,dec7e907-68a3-5977-b0b2-267422de26fb,2006-10-02,2026-09-15
dcb9d72478b048f2bea66b57475012da,ab10f2c3-d083-5c5a-b2ca-4a97f0410be8,1925-01-10,1964-12-17
dcb9d72478b048f2bea66b57475012da,9921f6f7-beb1-5224-826d-9b6e7c4114ed,1965-01-11,1970-12-16
dcbb8b0f82f34a248a14e8069b83f048,29c5f935-4b82-58f0-84b9-38fddeb478af,1925-01-10,1940-12-30
dcbb8b0f82f34a248a14e8069b83f048,b3d2ec8f-3f84-5cdd-90b2-eda30fe3e65d,1941-01-10,1956-12-13
dcbb8b0f82f34a248a14e8069b83f048,f84e8ff2-b777-5e35-a14c-1a7e50855c36,1957-01-10,1970-12-16
dccb259567fe4fb4887597894da8b1ca,5b619cc8-3825-577f-97f2-791ed8cbbf05,1925-01-10,1928-06-08
dccb259567fe4fb4887597894da8b1ca,66c4e12f-d764-5309-805a-f277d91aeb7a,1929-01-10,1948-12-23
dccb259567fe4fb4887597894da8b1ca,46761fb0-8ace-53c0-8fbd-0a16c7fdc91d,1949-01-10,1964-12-17
dccb259567fe4fb4887597894da8b1ca,29c5f935-4b82-58f0-84b9-38fddeb478af,1965-01-11,1970-12-16
dcfb48c9966c400685e69a1b8b10af3a,98941c5a-79d5-5f93-bb5b-00774f03d021,1971-01-11,2006-09-30
dcfb48c9966c400685e69a1b8b10af3a,136bd5a8-3576-5b75-bc02-5e42ba984200,2006-10-02,2014-09-29
dcfb48c9966c400685e69a1b8b10af3a,335f9c5a-a060-59bd-8e10-95c79ced3c98,2014-09-29,2018-09-24
dcfb48c9966c400685e69a1b8b10af3a,0513f834-f476-5c55-878b-e62d2d14087d,2018-09-24,2022-09-26
dcfb48c9966c400685e69a1b8b10af3a,335f9c5a-a060-59bd-8e10-95c79ced3c98,2022-09-26,2026-09-15
de66cf75ca8642fcb647b2b382c80f23,7b5afbfc-aed1-5edb-913c-f89ce67b95a5,1925-01-10,1968-12-12
de66cf75ca8642fcb647b2b382c80f23,899d0c00-1af8-56c6-bd46-79a83dfcf8c1,1969-01-10,1970-12-16
dea59cc70ec84110a8b2fa96c44e1afe,aba3654d-c18d-541b-b3cc-d11c7f96ec6f,1925-01-10,1964-12-17
dea59cc70ec84110a8b2fa96c44e1afe,28620dd2-366d-501c-94a8-a4bec03c7e6d,1965-01-11,1970-12-16
debc6c5168c24032a4c1f03641c1d441,75402d16-31ae-5692-a5a7-1008706a092a,1971-01-11,2006-09-30
debc6c5168c24032a4c1f03641c1d441,9ccaac05-e6d0-5ae0-af81-84815d9ba0e0,2006-10-02,2010-10-04
debc6c5168c24032a4c1f03641c1d441,352b9fa6-6250-564e-9522-46f6a36097fe,2010-10-04,2014-09-29
debc6c5168c24032a4c1f03641c1d441,9ccaac05-e6d0-5ae0-af81-84815d9ba0e0,2014-09-29,2022-09-26
debc6c5168c24032a4c1f03641c1d441,3b8cf955-bf93-520c-a3fe-c4a47a38a4bb,2022-09-26,2026-09-15
df07193ae4084d12a67c66da37ddd348,899d0c00-1af8-56c6-bd46-79a83dfcf8c1,1925-01-10,1928-06-08
df07193ae4084d12a67c66da37ddd348,aba3654d-c18d-541b-b3cc-d11c7f96ec6f,1929-01-10,1936-06-27
df07193ae4084d12a67c66da37ddd348,899d0c00-1af8-56c6-bd46-79a83dfcf8c1,1937-01-11,1948-12-23
df07193ae4084d12a67c66da37ddd348,aba3654d-c18d-541b-b3cc-d11c7f96ec6f,1949-01-10,1970-12-16
df5bbaa3a1d44bc68f84d4ee9ac0d1d8,ac735033-812d-52c5-a8ef-5254c0709510,1925-01-10,1970-12-16
df75003284d04780bc821d3eb048e2f5,e8fdd33e-33e7-5173-b67a-6f4fba71e4c2,1925-01-10,1952-12-17
df75003284d04780bc821d3eb048e2f5,7b5afbfc-aed1-5edb-913c-f89ce67b95a5,1953-01-10,1970-12-16
dfd60d51b7554ba29763bd6e5114aad4,88073719-4eb3-5370-acd3-f061ef80e1f6,1971-01-11,2006-09-30
dfd60d51b7554ba29763bd6e5114aad4,3b8cf955-bf93-520c-a3fe-c4a47a38a4bb,2006-10-02,2018-09-24
dfd60d51b7554ba29763bd6e5114aad4,d14f5900-dbaa-535e-9291-6d184dee2316,2018-09-24,2022-09-26
dfd60d51b7554ba29763bd6e5114aad4,dec7e907-68a3-5977-b0b2-267422de26fb,2022-09-26,2026-09-15
e0c2c1265cbc4e0ab0caa72da63c4895,9ccaac05-e6d0-5ae0-af81-84815d9ba0e0,1971-01-11,2002-09-29
e0c2c1265cbc4e0ab0caa72da63c4895,95fb07b4-04ab-5bf8-897a-40679b4451c4,2002-09-30,2006-09-30
e0c2c1265cbc4e0ab0caa72da63c4895,6a5c15bf-688e-5a49-a539-c0eab6478b72,2006-10-02,2014-09-29
e0c2c1265cbc4e0ab0caa72da63c4895,b4b85329-707b-5b48-8276-04b0980850d3,2014-09-29,2018-09-24
e0c2c1265cbc4e0ab0caa72da63c4895,6a5c15bf-688e-5a49-a539-c0eab6478b72,2018-09-24,2026-09-15
e148b6b0bae74ec886060a09d8a7c2b0,136bd5a8-3576-5b75-bc02-5e42ba984200,1971-01-11,1976-06-04
e148b6b0bae74ec886060a09d8a7c2b0,88073719-4eb3-5370-acd3-f061ef80e1f6,1976-10-04,1979-06-09
e148b6b0bae74ec886060a09d8a7c2b0,136bd5a8-3576-5b75-bc02-5e42ba984200,1979-10-01,1985-06-11
e148b6b0bae74ec886060a09d8a7c2b0,88073719-4eb3-5370-acd3-f061ef80e1f6,1985-09-30,1988-06-10
e148b6b0bae74ec886060a09d8a7c2b0,136bd5a8-3576-5b75-bc02-5e42ba984200,1988-10-03,1994-06-21
e148b6b0bae74ec886060a09d8a7c2b0,88073719-4eb3-5370-acd3-f061ef80e1f6,1994-10-03,1998-09-14
e148b6b0bae74ec886060a09d8a7c2b0,136bd5a8-3576-5b75-bc02-5e42ba984200,1998-09-15,2002-09-29
e148b6b0bae74ec886060a09d8a7c2b0,88073719-4eb3-5370-acd3-f061ef80e1f6,2002-09-30,2006-09-30
e148b6b0bae74ec886060a09d8a7c2b0,0af335ba-25f1-581d-858f-437ea3adecea,2006-10-02,2010-10-04
e148b6b0bae74ec886060a09d8a7c2b0,d14f5900-dbaa-535e-9291-6d184dee2316,2010-10-04,2012-09-18
e148b6b0bae74ec886060a09d8a7c2b0,3b8cf955-bf93-520c-a3fe-c4a47a38a4bb,2012-09-18,2014-09-29
e148b6b0bae74ec886060a09d8a7c2b0,d14f5900-dbaa-535e-9291-6d184dee2316,2014-09-29,2022-09-26
e148b6b0bae74ec886060a09d8a7c2b0,0af335ba-25f1-581d-858f-437ea3adecea,2022-09-26,2026-09-15
e1a0d541d9004bb2b1d5600466e668d1,71e15575-7c78-51b0-9d82-5d2a233e8e87,1925-01-10,1970-12-16
e1b3ef1fad634216a369f7552fc5c72b,d34944b2-a7de-580f-a21e-a5691c785c8b,1971-01-11,1998-09-14
e1b3ef1fad634216a369f7552fc5c72b,9bef2d8f-9970-5df1-97fa-4941035d4740,1998-09-15,2006-09-30
e1b3ef1fad634216a369f7552fc5c72b,949c1729-b7ab-521d-ad1b-60772ec2276f,2006-10-02,2026-09-15
e218df544b4a44d383015a56e34e27c3,6a5c15bf-688e-5a49-a539-c0eab6478b72,1971-01-11,2002-09-29
e218df544b4a44d383015a56e34e27c3,b4b85329-707b-5b48-8276-04b0980850d3,2002-09-30,2006-09-30
e218df544b4a44d383015a56e34e27c3,e1bb0035-d8f1-5350-8aa8-962b52b0553f,2006-10-02,2022-09-26
e218df544b4a44d383015a56e34e27c3,0259c4e5-f8dc-555a-a982-bc145e6182ca,2022-09-26,2026-09-15
e268547f684049cd90ee06d703d207a0,335f9c5a-a060-59bd-8e10-95c79ced3c98,1971-01-11,1998-09-14
e268547f684049cd90ee06d703d207a0,e81abcf9-5188-5367-ad40-4e793d4f55e3,1998-09-15,2006-09-30
e268547f684049cd90ee06d703d207a0,949c1729-b7ab-521d-ad1b-60772ec2276f,2006-10-02,2026-09-15
e2dfcabfbef34eac8a76040b384f30e9,79c143d0-423e-582c-881d-0abf0a4cea5c,1925-01-10,1970-12-16
e31c0684613b4dd2931c4772c146b2a3,e81abcf9-5188-5367-ad40-4e793d4f55e3,1971-01-11,2006-09-30
e31c0684613b4dd2931c4772c146b2a3,88073719-4eb3-5370-acd3-f061ef80e1f6,2006-10-02,2014-09-29
e31c0684613b4dd2931c4772c146b2a3,136bd5a8-3576-5b75-bc02-5e42ba984200,2014-09-29,2018-09-24
e31c0684613b4dd2931c4772c146b2a3,98941c5a-79d5-5f93-bb5b-00774f03d021,2018-09-24,2022-09-26
e31c0684613b4dd2931c4772c146b2a3,136bd5a8-3576-5b75-bc02-5e42ba984200,2022-09-26,2026-09-15
e324daba3b3e4ba6939ab3fb2b2c4996,5b619cc8-3825-577f-97f2-791ed8cbbf05,1925-01-10,1948-12-23
e324daba3b3e4ba6939ab3fb2b2c4996,66c4e12f-d764-5309-805a-f277d91aeb7a,1949-01-10,1964-12-17
e324daba3b3e4ba6939ab3fb2b2c4996,46761fb0-8ace-53c0-8fbd-0a16c7fdc91d,1965-01-11,1970-12-16
e3f0e52db4ff45aca19d5a700f3809ca,23ff6cf2-07be-5de2-b01f-a4aa39503e46,1971-01-11,1988-06-10
e3f0e52db4ff45aca19d5a700f3809ca,72b06389-e8cc-5a7f-97bd-b697e29d92e9,1988-10-03,1991-06-20
e3f0e52db4ff45aca19d5a700f3809ca,23ff6cf2-07be-5de2-b01f-a4aa39503e46,1991-09-30,1998-09-14
e3f0e52db4ff45aca19d5a700f3809ca,03c44b66-74b5-5b6f-a92f-365fcb5806de,1998-09-15,2006-09-30
e3f0e52db4ff45aca19d5a700f3809ca,66149692-b5cc-50f8-a778-2131f28fe57d,2006-10-02,2022-09-26
e3f0e52db4ff45aca19d5a700f3809ca,6a5c15bf-688e-5a49-a539-c0eab6478b72,2022-09-26,2026-09-15
e4110932ffcf424284e739970ebff4ea,77564945-b88d-5e96-9332-e474481cfc5c,1971-01-11,1982-06-12
e4110932ffcf424284e739970ebff4ea,ce2cfedc-94fe-5e5e-9134-ce27a7ce4f48,1982-10-04,1988-06-10
e4110932ffcf424284e739970ebff4ea,77564945-b88d-5e96-9332-e474481cfc5c,1988-10-03,1991-06-20
e4110932ffcf424284e739970ebff4ea,ce2cfedc-94fe-5e5e-9134-ce27a7ce4f48,1991-09-30,1994-06-21
e4110932ffcf424284e739970ebff4ea,c8cd016a-8b2b-5bc2-8fc9-e8ac0f5ba65a,1994-10-03,1998-09-14
e4110932ffcf424284e739970ebff4ea,e1bb0035-d8f1-5350-8aa8-962b52b0553f,1998-09-15,2006-09-30
e4110932ffcf424284e739970ebff4ea,949c1729-b7ab-521d-ad1b-60772ec2276f,2006-10-02,2026-09-15
e465c2c864ef48bd8c0da1094da44768,949c1729-b7ab-521d-ad1b-60772ec2276f,1971-01-11,2006-09-30
e465c2c864ef48bd8c0da1094da44768,b4b85329-707b-5b48-8276-04b0980850d3,2006-10-02,2018-09-24
e465c2c864ef48bd8c0da1094da44768,e1bb0035-d8f1-5350-8aa8-962b52b0553f,2018-09-24,2022-09-26
e465c2c864ef48bd8c0da1094da44768,b4b85329-707b-5b48-8276-04b0980850d3,2022-09-26,2026-09-15
e4a4aa99392040eb8132ff7f1168d63d,9ccaac05-e6d0-5ae0-af81-84815d9ba0e0,1971-01-11,2002-09-29
e4a4aa99392040eb8132ff7f1168d63d,95fb07b4-04ab-5bf8-897a-40679b4451c4,2002-09-30,2006-09-30
e4a4aa99392040eb8132ff7f1168d63d,03c44b66-74b5-5b6f-a92f-365fcb5806de,2006-10-02,2018-09-24
e4a4aa99392040eb8132ff7f1168d63d,66149692-b5cc-50f8-a778-2131f28fe57d,2018-09-24,2026-09-15
e59f6d6988914d7eb20e720f7ed452af,ce2cfedc-94fe-5e5e-9134-ce27a7ce4f48,1971-01-11,1994-06-21
e59f6d6988914d7eb20e720f7ed452af,c8cd016a-8b2b-5bc2-8fc9-e8ac0f5ba65a,1994-10-03,1998-09-14
e59f6d6988914d7eb20e720f7ed452af,b4b85329-707b-5b48-8276-04b0980850d3,1998-09-15,2002-09-29
e59f6d6988914d7eb20e720f7ed452af,e1bb0035-d8f1-5350-8aa8-962b52b0553f,2002-09-30,2006-09-30
e59f6d6988914d7eb20e720f7ed452af,75402d16-31ae-5692-a5a7-1008706a092a,2006-10-02,2026-09-15
e5fdac6866c74a729f3c61c2dc3c6ecb,949c1729-b7ab-521d-ad1b-60772ec2276f,1971-01-11,2006-09-30
e5fdac6866c74a729f3c61c2dc3c6ecb,dec7e907-68a3-5977-b0b2-267422de26fb,2006-10-02,2022-09-26
e5fdac6866c74a729f3c61c2dc3c6ecb,d14f5900-dbaa-535e-9291-6d184dee2316,2022-09-26,2026-09-15
e61dcbce607d4857aa2c13f09bb75d2c,3b8cf955-bf93-520c-a3fe-c4a47a38a4bb,1971-01-11,2006-09-30
e61dcbce607d4857aa2c13f09bb75d2c,949c1729-b7ab-521d-ad1b-60772ec2276f,2006-10-02,2026-09-15
e7908b017c364881b9686f476ac188d4,32a49115-dad0-5644-afea-6515d72a2fa2,1925-01-10,1964-12-17
e7908b017c364881b9686f476ac188d4,40f4f3db-cc8b-56b3-9b72-ec5a1a7070f7,1965-01-11,1970-12-16
e7d33e9409314541816047b578be3f04,7113b2cc-9972-5065-b2dd-77a7e868113a,1971-01-11,1973-12-15
e7d33e9409314541816047b578be3f04,9b204dc5-542a-5e3a-ac60-fe14c1cb46de,1974-01-10,1976-06-04
e7d33e9409314541816047b578be3f04,7113b2cc-9972-5065-b2dd-77a7e868113a,1976-10-04,1982-06-12
e7d33e9409314541816047b578be3f04,9b204dc5-542a-5e3a-ac60-fe14c1cb46de,1982-10-04,1985-06-11
e7d33e9409314541816047b578be3f04,7113b2cc-9972-5065-b2dd-77a7e868113a,1985-09-30,1991-06-20
e7d33e9409314541816047b578be3f04,9b204dc5-542a-5e3a-ac60-fe14c1cb46de,1991-09-30,1994-06-21
e7d33e9409314541816047b578be3f04,7113b2cc-9972-5065-b2dd-77a7e868113a,1994-10-03,1998-09-14
e7d33e9409314541816047b578be3f04,9b204dc5-542a-5e3a-ac60-fe14c1cb46de,1998-09-15,2002-09-29
e7d33e9409314541816047b578be3f04,7113b2cc-9972-5065-b2dd-77a7e868113a,2002-09-30,2006-09-30
e7d33e9409314541816047b578be3f04,9bef2d8f-9970-5df1-97fa-4941035d4740,2006-10-02,2014-09-29
e7d33e9409314541816047b578be3f04,1aed974b-1504-5223-9940-b9a0d45845cd,2014-09-29,2018-09-24
e7d33e9409314541816047b578be3f04,03c44b66-74b5-5b6f-a92f-365fcb5806de,2018-09-24,2026-09-15
e803d895de6144d6aa3d16a4f05151f0,d534300a-5530-5600-b1af-7b1dd6723046,1925-01-10,1964-12-17
e803d895de6144d6aa3d16a4f05151f0,6618cb64-f32d-5806-a07f-3b914964eb26,1965-01-11,1970-12-16
e875fd05a7f34f0f998b7deb44c2461e,40f4f3db-cc8b-56b3-9b72-ec5a1a7070f7,1925-01-10,1948-12-23
e875fd05a7f34f0f998b7deb44c2461e,ab10f2c3-d083-5c5a-b2ca-4a97f0410be8,1949-01-10,1970-12-16
e878980a98b34073be10a602ecf37874,5a911a22-b39d-5103-bb54-ad725a2f95c8,1925-01-10,1928-06-08
e878980a98b34073be10a602ecf37874,060a7a45-fe70-554c-8395-60d9d522d523,1929-01-10,1944-12-30
e878980a98b34073be10a602ecf37874,899ddaec-b4d0-557f-b637-39829a0fe0f1,1945-01-10,1970-12-16
e8a6f33fb5ea48dfa097592ca20b8248,2e90b3ff-5244-5c1b-a4d6-62773e5bd1d7,1925-01-10,1970-12-16
e8b88cc8c3c4482caccb80c5fea9e125,d34944b2-a7de-580f-a21e-a5691c785c8b,1971-01-11,1998-09-14
e8b88cc8c3c4482caccb80c5fea9e125,3ed93b54-6eb2-5b8d-865d-7587a0486881,1998-09-15,2002-09-29
e8b88cc8c3c4482caccb80c5fea9e125,9bef2d8f-9970-5df1-97fa-4941035d4740,2002-09-30,2006-09-30
e8b88cc8c3c4482caccb80c5fea9e125,75402d16-31ae-5692-a5a7-1008706a092a,2006-10-02,2026-09-15
e96bcf9078f743bd9d4c50a0fb6d9316,9ccaac05-e6d0-5ae0-af81-84815d9ba0e0,1971-01-11,1973-12-15
e96bcf9078f743bd9d4c50a0fb6d9316,592c89e6-ed06-5678-85d5-3a81f32dd83f,1974-01-10,1976-06-04
e96bcf9078f743bd9d4c50a0fb6d9316,9ccaac05-e6d0-5ae0-af81-84815d9ba0e0,1976-10-04,2006-09-30
e96bcf9078f743bd9d4c50a0fb6d9316,3ed93b54-6eb2-5b8d-865d-7587a0486881,2006-10-02,2018-09-24
e96bcf9078f743bd9d4c50a0fb6d9316,1aed974b-1504-5223-9940-b9a0d45845cd,2018-09-24,2026-09-15
e9b5f3b4588d4044928e88335965fa3f,136bd5a8-3576-5b75-bc02-5e42ba984200,1971-01-11,2006-09-30
e9b5f3b4588d4044928e88335965fa3f,75402d16-31ae-5692-a5a7-1008706a092a,2006-10-02,2026-09-15
e9d77450acb141c1b5d1454b726dc81e,72b06389-e8cc-5a7f-97bd-b697e29d92e9,1971-01-11,1988-06-10
e9d77450acb141c1b5d1454b726dc81e,66149692-b5cc-50f8-a778-2131f28fe57d,1988-10-03,1991-06-20
e9d77450acb141c1b5d1454b726dc81e,72b06389-e8cc-5a7f-97bd-b697e29d92e9,1991-09-30,1998-09-14
e9d77450acb141c1b5d1454b726dc81e,03c44b66-74b5-5b6f-a92f-365fcb5806de,1998-09-15,2002-09-29
e9d77450acb141c1b5d1454b726dc81e,66149692-b5cc-50f8-a778-2131f28fe57d,2002-09-30,2006-09-30
e9d77450acb141c1b5d1454b726dc81e,0af335ba-25f1-581d-858f-437ea3adecea,2006-10-02,2010-10-04
e9d77450acb141c1b5d1454b726dc81e,d14f5900-dbaa-535e-9291-6d184dee2316,2010-10-04,2022-09-26
e9d77450acb141c1b5d1454b726dc81e,0af335ba-25f1-581d-858f-437ea3adecea,2022-09-26,2026-09-15
e9f0c39448084b82b1f671e667aab9bf,75402d16-31ae-5692-a5a7-1008706a092a,1971-01-11,1994-06-21
e9f0c39448084b82b1f671e667aab9bf,0af335ba-25f1-581d-858f-437ea3adecea,1994-10-03,1998-09-14
e9f0c39448084b82b1f671e667aab9bf,75402d16-31ae-5692-a5a7-1008706a092a,1998-09-15,2006-09-30
e9f0c39448084b82b1f671e667aab9bf,90a5c436-9d88-53bb-b9e9-7314a438703f,2006-10-02,2018-09-24
e9f0c39448084b82b1f671e667aab9bf,352b9fa6-6250-564e-9522-46f6a36097fe,2018-09-24,2022-09-26
e9f0c39448084b82b1f671e667aab9bf,90a5c436-9d88-53bb-b9e9-7314a438703f,2022-09-26,2026-09-15
ea5bd7220e214b4d9e298988f796a2b0,949c1729-b7ab-521d-ad1b-60772ec2276f,1971-01-11,2006-09-30
ea5bd7220e214b4d9e298988f796a2b0,88dc2372-1608-57b0-b0e6-1a789be8dec9,2006-10-02,2010-10-04
ea5bd7220e214b4d9e298988f796a2b0,0513f834-f476-5c55-878b-e62d2d14087d,2010-10-04,2014-09-29
ea5bd7220e214b4d9e298988f796a2b0,98941c5a-79d5-5f93-bb5b-00774f03d021,2014-09-29,2018-09-24
ea5bd7220e214b4d9e298988f796a2b0,88dc2372-1608-57b0-b0e6-1a789be8dec9,2018-09-24,2022-09-26
ea5bd7220e214b4d9e298988f796a2b0,0513f834-f476-5c55-878b-e62d2d14087d,2022-09-26,2026-09-15
eb3996065fc9485a851980f81eb62c67,7b5afbfc-aed1-5edb-913c-f89ce67b95a5,1925-01-10,1952-12-17
eb3996065fc9485a851980f81eb62c67,899d0c00-1af8-56c6-bd46-79a83dfcf8c1,1953-01-10,1970-12-16
eb4662b7087f43b4a655148f9d2c5652,f84e8ff2-b777-5e35-a14c-1a7e50855c36,1925-01-10,1944-12-30
eb4662b7087f43b4a655148f9d2c5652,f190408c-0f9c-57ed-8318-9273dced4a38,1945-01-10,1970-12-16
eb8b238b845a49d086817996751c44cb,75402d16-31ae-5692-a5a7-1008706a092a,1971-01-11,2006-09-30
eb8b238b845a49d086817996751c44cb,0513f834-f476-5c55-878b-e62d2d14087d,2006-10-02,2014-09-29
eb8b238b845a49d086817996751c44cb,98941c5a-79d5-5f93-bb5b-00774f03d021,2014-09-29,2018-09-24
eb8b238b845a49d086817996751c44cb,88073719-4eb3-5370-acd3-f061ef80e1f6,2018-09-24,2022-09-26
eb8b238b845a49d086817996751c44cb,98941c5a-79d5-5f93-bb5b-00774f03d021,2022-09-26,2026-09-15
eb8e69a1a3a84f9680c439810578d3c1,52d3be74-04c2-5ef4-ac33-10731fc6f074,1925-01-10,1970-12-16
ec12166884cc4870a9b04006024e59ec,c29ab651-c882-5372-b400-c1315400b6b3,1925-01-10,1970-12-16
ec7001476bbe40ef8df5d510e9b180a7,c94900a7-e6d3-53ad-8ee2-5badba7c9876,1925-01-10,1928-06-08
ec7001476bbe40ef8df5d510e9b180a7,1b9b3b5b-7c11-5f64-978c-e1d1b2002a5c,1929-01-10,1964-12-17
ec7001476bbe40ef8df5d510e9b180a7,32a49115-dad0-5644-afea-6515d72a2fa2,1965-01-11,1970-12-16
ecb893eb67c049ecbf5d2150d8273b13,dec7e907-68a3-5977-b0b2-267422de26fb,1971-01-11,1982-06-12
ecb893eb67c049ecbf5d2150d8273b13,d14f5900-dbaa-535e-9291-6d184dee2316,1982-10-04,1985-06-11
ecb893eb67c049ecbf5d2150d8273b13,dec7e907-68a3-5977-b0b2-267422de26fb,1985-09-30,1988-06-10
ecb893eb67c049ecbf5d2150d8273b13,d14f5900-dbaa-535e-9291-6d184dee2316,1988-10-03,1991-06-20
ecb893eb67c049ecbf5d2150d8273b13,dec7e907-68a3-5977-b0b2-267422de26fb,1991-09-30,1998-09-14
ecb893eb67c049ecbf5d2150d8273b13,d14f5900-dbaa-535e-9291-6d184dee2316,1998-09-15,2010-10-04
ecb893eb67c049ecbf5d2150d8273b13,0af335ba-25f1-581d-858f-437ea3adecea,2010-10-04,2022-09-26
ecb893eb67c049ecbf5d2150d8273b13,d14f5900-dbaa-535e-9291-6d184dee2316,2022-09-26,2026-09-15
ed60e48df86745b088752ca03e7e8c06,b3d2ec8f-3f84-5cdd-90b2-eda30fe3e65d,1925-01-10,1932-06-20
ed60e48df86745b088752ca03e7e8c06,f84e8ff2-b777-5e35-a14c-1a7e50855c36,1933-01-10,1960-12-14
ed60e48df86745b088752ca03e7e8c06,f190408c-0f9c-57ed-8318-9273dced4a38,1961-01-10,1970-12-16
ed7e768dd900416f848db73c18c0ff0d,e8fdd33e-33e7-5173-b67a-6f4fba71e4c2,1925-01-10,1964-12-17
ed7e768dd900416f848db73c18c0ff0d,7b5afbfc-aed1-5edb-913c-f89ce67b95a5,1965-01-11,1970-12-16
ee0309e299f74959a14fbd04400231d1,7b5afbfc-aed1-5edb-913c-f89ce67b95a5,1925-01-10,1928-06-08
ee0309e299f74959a14fbd04400231d1,899d0c00-1af8-56c6-bd46-79a83dfcf8c1,1929-01-10,1936-06-27
ee0309e299f74959a14fbd04400231d1,7b5afbfc-aed1-5edb-913c-f89ce67b95a5,1937-01-11,1948-12-23
ee0309e299f74959a14fbd04400231d1,899d0c00-1af8-56c6-bd46-79a83dfcf8c1,1949-01-10,1968-12-12
ee0309e299f74959a14fbd04400231d1,aba3654d-c18d-541b-b3cc-d11c7f96ec6f,1969-01-10,1970-12-16
ee1f47cbe0da4522983f30f18f36edab,79c143d0-423e-582c-881d-0abf0a4cea5c,1925-01-10,1931-06-08
ee1f47cbe0da4522983f30f18f36edab,3dcfde6e-898d-5524-ad57-3dd1df3ddd34,1932-01-11,1970-12-16
eeff7d0330e9488cb680bb76b78ebc67,9b204dc5-542a-5e3a-ac60-fe14c1cb46de,1971-01-11,2006-09-30
eeff7d0330e9488cb680bb76b78ebc67,66149692-b5cc-50f8-a778-2131f28fe57d,2006-10-02,2022-09-26
eeff7d0330e9488cb680bb76b78ebc67,03c44b66-74b5-5b6f-a92f-365fcb5806de,2022-09-26,2026-09-15
ef4e8abad53546ab9b27d1cee3eebb69,e86227ba-7ea9-5302-81b6-461749b8b4fd,1925-01-10,1956-12-13
ef4e8abad53546ab9b27d1cee3eebb69,79c143d0-423e-582c-881d-0abf0a4cea5c,1957-01-10,1970-12-16
efc2186a51454c5a8664c9f1e1655990,850638eb-f41d-5b5e-91bc-07a7ef818918,1925-01-10,1960-12-14
efc2186a51454c5a8664c9f1e1655990,2ccd1e63-c4b8-53cc-8ef3-e9e95931d8f5,1961-01-10,1970-12-16
f01637ab84b04f049f952ff8aaf6a8cf,be377f3a-8cd1-587c-a143-bf5d0cf4b3a0,1925-01-10,1960-12-14
f01637ab84b04f049f952ff8aaf6a8cf,e8fdd33e-33e7-5173-b67a-6f4fba71e4c2,1961-01-10,1970-12-16
f086f1a2a5ff4a2e9540358b0dd28b1b,39f50a3e-9748-5cbb-899c-fce5af24b249,1925-01-10,1941-12-30
f086f1a2a5ff4a2e9540358b0dd28b1b,e86227ba-7ea9-5302-81b6-461749b8b4fd,1942-01-10,1970-12-16
f0c6e9f1ab47428ca386249438d2c7dc,7b5afbfc-aed1-5edb-913c-f89ce67b95a5,1925-01-10,1970-12-16
f11acd8f03764aa381ba36597b009908,77564945-b88d-5e96-9332-e474481cfc5c,1971-01-11,1994-06-21
f11acd8f03764aa381ba36597b009908,8d210c34-becf-5dbd-b1fe-15d608635374,1994-10-03,1998-09-14
f11acd8f03764aa381ba36597b009908,e1bb0035-d8f1-5350-8aa8-962b52b0553f,1998-09-15,2002-09-29
f11acd8f03764aa381ba36597b009908,0259c4e5-f8dc-555a-a982-bc145e6182ca,2002-09-30,2006-09-30
f11acd8f03764aa381ba36597b009908,e81abcf9-5188-5367-ad40-4e793d4f55e3,2006-10-02,2010-10-04
f11acd8f03764aa381ba36597b009908,88dc2372-1608-57b0-b0e6-1a789be8dec9,2010-10-04,2018-09-24
f11acd8f03764aa381ba36597b009908,e81abcf9-5188-5367-ad40-4e793d4f55e3,2018-09-24,2022-09-26
f11acd8f03764aa381ba36597b009908,88dc2372-1608-57b0-b0e6-1a789be8dec9,2022-09-26,2026-09-15
f1311aa688ca4700ad7f4ff0de25dbc5,71e15575-7c78-51b0-9d82-5d2a233e8e87,1925-01-10,1970-12-16
f160e4d40f02427ca620b6bfb7d02311,75402d16-31ae-5692-a5a7-1008706a092a,1971-01-11,2026-09-15
f21a3346623646e9a84f063bf8b42f48,949c1729-b7ab-521d-ad1b-60772ec2276f,1971-01-11,1973-12-15
f21a3346623646e9a84f063bf8b42f48,75402d16-31ae-5692-a5a7-1008706a092a,1974-01-10,2006-09-30
f21a3346623646e9a84f063bf8b42f48,592c89e6-ed06-5678-85d5-3a81f32dd83f,2006-10-02,2010-10-04
f21a3346623646e9a84f063bf8b42f48,90a5c436-9d88-53bb-b9e9-7314a438703f,2010-10-04,2018-09-24
f21a3346623646e9a84f063bf8b42f48,9ccaac05-e6d0-5ae0-af81-84815d9ba0e0,2018-09-24,2022-09-26
f21a3346623646e9a84f063bf8b42f48,90a5c436-9d88-53bb-b9e9-7314a438703f,2022-09-26,2026-09-15
f2509075845c4951bb7f14df121442ed,3b8cf955-bf93-520c-a3fe-c4a47a38a4bb,1971-01-11,1982-06-12
f2509075845c4951bb7f14df121442ed,dec7e907-68a3-5977-b0b2-267422de26fb,1982-10-04,1985-06-11
f2509075845c4951bb7f14df121442ed,3b8cf955-bf93-520c-a3fe-c4a47a38a4bb,1985-09-30,1988-06-10
f2509075845c4951bb7f14df121442ed,dec7e907-68a3-5977-b0b2-267422de26fb,1988-10-03,1991-06-20
f2509075845c4951bb7f14df121442ed,3b8cf955-bf93-520c-a3fe-c4a47a38a4bb,1991-09-30,1998-09-14
f2509075845c4951bb7f14df121442ed,dec7e907-68a3-5977-b0b2-267422de26fb,1998-09-15,2006-09-30
f2509075845c4951bb7f14df121442ed,88dc2372-1608-57b0-b0e6-1a789be8dec9,2006-10-02,2022-09-26
f2509075845c4951bb7f14df121442ed,3ed93b54-6eb2-5b8d-865d-7587a0486881,2022-09-26,2026-09-15
f31998bda6294b039967678fbec2d67f,949c1729-b7ab-521d-ad1b-60772ec2276f,1971-01-11,2006-09-30
f31998bda6294b039967678fbec2d67f,dec7e907-68a3-5977-b0b2-267422de26fb,2006-10-02,2014-09-29
f31998bda6294b039967678fbec2d67f,352b9fa6-6250-564e-9522-46f6a36097fe,2014-09-29,2018-09-24
f31998bda6294b039967678fbec2d67f,dec7e907-68a3-5977-b0b2-267422de26fb,2018-09-24,2022-09-26
f31998bda6294b039967678fbec2d67f,3b8cf955-bf93-520c-a3fe-c4a47a38a4bb,2022-09-26,2026-09-15
f3c0db374ef346d1817f5ef23a0971da,977a727a-b31d-5b48-ac60-f7538811f206,1925-01-10,1970-12-16
f466c2ad252b4e9084989bacb324d5b2,7671d1a1-b494-53ab-9ea8-59b8fbcdffc5,1925-01-10,1970-12-16
f4d71327967a422b8d68d56615ec8034,28620dd2-366d-501c-94a8-a4bec03c7e6d,1925-01-10,1968-12-12
f4d71327967a422b8d68d56615ec8034,1a7d6b60-4c46-50ef-97fa-502f0b3ced2c,1969-01-10,1970-12-16
f553ccc1fcb948ae9a4ac119a6caba95,6a5c15bf-688e-5a49-a539-c0eab6478b72,1971-01-11,1988-06-10
f553ccc1fcb948ae9a4ac119a6caba95,ce2cfedc-94fe-5e5e-9134-ce27a7ce4f48,1988-10-03,1991-06-20
f553ccc1fcb948ae9a4ac119a6caba95,6a5c15bf-688e-5a49-a539-c0eab6478b72,1991-09-30,1998-09-14
f553ccc1fcb948ae9a4ac119a6caba95,b4b85329-707b-5b48-8276-04b0980850d3,1998-09-15,2006-09-30
f553ccc1fcb948ae9a4ac119a6caba95,0259c4e5-f8dc-555a-a982-bc145e6182ca,2006-10-02,2018-09-24
f553ccc1fcb948ae9a4ac119a6caba95,90a5c436-9d88-53bb-b9e9-7314a438703f,2018-09-24,2022-09-26
f553ccc1fcb948ae9a4ac119a6caba95,352b9fa6-6250-564e-9522-46f6a36097fe,2022-09-26,2026-09-15
f56cd66185584936af6939701edbba0e,dec7e907-68a3-5977-b0b2-267422de26fb,1971-01-11,2006-09-30
f56cd66185584936af6939701edbba0e,b4b85329-707b-5b48-8276-04b0980850d3,2006-10-02,2018-09-24
f56cd66185584936af6939701edbba0e,e1bb0035-d8f1-5350-8aa8-962b52b0553f,2018-09-24,2022-09-26
f56cd66185584936af6939701edbba0e,b4b85329-707b-5b48-8276-04b0980850d3,2022-09-26,2026-09-15
f57caf3990244742b1d60ea841c13ed5,c29ab651-c882-5372-b400-c1315400b6b3,1925-01-10,1970-12-16
f5e0e18961994aada68bb6e432069f16,f84e8ff2-b777-5e35-a14c-1a7e50855c36,1925-01-10,1948-12-23
f5e0e18961994aada68bb6e432069f16,f190408c-0f9c-57ed-8318-9273dced4a38,1949-01-10,1970-12-16
f611f7b3f67e4cbdae707bfd3e283e51,66149692-b5cc-50f8-a778-2131f28fe57d,1971-01-11,1988-06-10
f611f7b3f67e4cbdae707bfd3e283e51,6a5c15bf-688e-5a49-a539-c0eab6478b72,1988-10-03,1991-06-20
f611f7b3f67e4cbdae707bfd3e283e51,66149692-b5cc-50f8-a778-2131f28fe57d,1991-09-30,1998-09-14
f611f7b3f67e4cbdae707bfd3e283e51,6a5c15bf-688e-5a49-a539-c0eab6478b72,1998-09-15,2006-09-30
f611f7b3f67e4cbdae707bfd3e283e51,e81abcf9-5188-5367-ad40-4e793d4f55e3,2006-10-02,2018-09-24
f611f7b3f67e4cbdae707bfd3e283e51,3ed93b54-6eb2-5b8d-865d-7587a0486881,2018-09-24,2022-09-26
f611f7b3f67e4cbdae707bfd3e283e51,88dc2372-1608-57b0-b0e6-1a789be8dec9,2022-09-26,2026-09-15
f6697846888f47c8bf1c39cf294b2084,9921f6f7-beb1-5224-826d-9b6e7c4114ed,1925-01-10,1964-12-17
f6697846888f47c8bf1c39cf294b2084,5b619cc8-3825-577f-97f2-791ed8cbbf05,1965-01-11,1970-12-16
f7452db98c6149afb35f86ac6bdd6993,c29ab651-c882-5372-b400-c1315400b6b3,1925-01-10,1970-12-16
f74931e7475145358c92c2e48a4d1c8d,77564945-b88d-5e96-9332-e474481cfc5c,1971-01-11,1994-06-21
f74931e7475145358c92c2e48a4d1c8d,8d210c34-becf-5dbd-b1fe-15d608635374,1994-10-03,1998-09-14
f74931e7475145358c92c2e48a4d1c8d,0259c4e5-f8dc-555a-a982-bc145e6182ca,1998-09-15,2006-09-30
f74931e7475145358c92c2e48a4d1c8d,3ed93b54-6eb2-5b8d-865d-7587a0486881,2006-10-02,2014-09-29
f74931e7475145358c92c2e48a4d1c8d,1aed974b-1504-5223-9940-b9a0d45845cd,2014-09-29,2022-09-26
f74931e7475145358c92c2e48a4d1c8d,9bef2d8f-9970-5df1-97fa-4941035d4740,2022-09-26,2026-09-15
f75dd03a26474307b1068d13ac26b5ed,e8fdd33e-33e7-5173-b67a-6f4fba71e4c2,1925-01-10,1960-12-14
f75dd03a26474307b1068d13ac26b5ed,7b5afbfc-aed1-5edb-913c-f89ce67b95a5,1961-01-10,1970-12-16
f788ad49969e4df2bbdab404e38e38e0,66149692-b5cc-50f8-a778-2131f28fe57d,1971-01-11,2006-09-30
f788ad49969e4df2bbdab404e38e38e0,949c1729-b7ab-521d-ad1b-60772ec2276f,2006-10-02,2026-09-15
f833bc20f44f40e788b21b2a3770d5ed,949c1729-b7ab-521d-ad1b-60772ec2276f,1971-01-11,1991-06-20
f833bc20f44f40e788b21b2a3770d5ed,75402d16-31ae-5692-a5a7-1008706a092a,1991-09-30,2002-09-29
f833bc20f44f40e788b21b2a3770d5ed,949c1729-b7ab-521d-ad1b-60772ec2276f,2002-09-30,2006-09-30
f833bc20f44f40e788b21b2a3770d5ed,d14f5900-dbaa-535e-9291-6d184dee2316,2006-10-02,2010-10-04
f833bc20f44f40e788b21b2a3770d5ed,0af335ba-25f1-581d-858f-437ea3adecea,2010-10-04,2018-09-24
f833bc20f44f40e788b21b2a3770d5ed,75402d16-31ae-5692-a5a7-1008706a092a,2018-09-24,2026-09-15
f8a9440583a0487d9260dcdcc1ca8901,dec7e907-68a3-5977-b0b2-267422de26fb,1971-01-11,1973-12-15
f8a9440583a0487d9260dcdcc1ca8901,d14f5900-dbaa-535e-9291-6d184dee2316,1974-01-10,2006-09-30
f8a9440583a0487d9260dcdcc1ca8901,75402d16-31ae-5692-a5a7-1008706a092a,2006-10-02,2026-09-15
f8d50b0fcd5346bd87e803630b253a45,2ccd1e63-c4b8-53cc-8ef3-e9e95931d8f5,1925-01-10,1936-06-27
f8d50b0fcd5346bd87e803630b253a45,850638eb-f41d-5b5e-91bc-07a7ef818918,1937-01-11,1956-12-13
f8d50b0fcd5346bd87e803630b253a45,2ccd1e63-c4b8-53cc-8ef3-e9e95931d8f5,1957-01-10,1970-12-16
f912914cf69c451da9576b0dc214cbb2,72b06389-e8cc-5a7f-97bd-b697e29d92e9,1971-01-11,1998-09-14
f912914cf69c451da9576b0dc214cbb2,03c44b66-74b5-5b6f-a92f-365fcb5806de,1998-09-15,2006-09-30
f912914cf69c451da9576b0dc214cbb2,0259c4e5-f8dc-555a-a982-bc145e6182ca,2006-10-02,2018-09-24
f912914cf69c451da9576b0dc214cbb2,90a5c436-9d88-53bb-b9e9-7314a438703f,2018-09-24,2022-09-26
f912914cf69c451da9576b0dc214cbb2,352b9fa6-6250-564e-9522-46f6a36097fe,2022-09-26,2026-09-15
f9d602b655cf47aca23369778ea43a9a,9bef2d8f-9970-5df1-97fa-4941035d4740,1971-01-11,1988-06-10
f9d602b655cf47aca23369778ea43a9a,23ff6cf2-07be-5de2-b01f-a4aa39503e46,1988-10-03,1991-06-20
f9d602b655cf47aca23369778ea43a9a,9bef2d8f-9970-5df1-97fa-4941035d4740,1991-09-30,1998-09-14
f9d602b655cf47aca23369778ea43a9a,1aed974b-1504-5223-9940-b9a0d45845cd,1998-09-15,2006-09-30
f9d602b655cf47aca23369778ea43a9a,335f9c5a-a060-59bd-8e10-95c79ced3c98,2006-10-02,2014-09-29
f9d602b655cf47aca23369778ea43a9a,e81abcf9-5188-5367-ad40-4e793d4f55e3,2014-09-29,2026-09-15
f9d9069e712a4ac1abf5edc3e3ec8fae,aba3654d-c18d-541b-b3cc-d11c7f96ec6f,1925-01-10,1960-12-14
f9d9069e712a4ac1abf5edc3e3ec8fae,28620dd2-366d-501c-94a8-a4bec03c7e6d,1961-01-10,1970-12-16
fa184cbc458a40ba931f3f29fbfc5557,0513f834-f476-5c55-878b-e62d2d14087d,1971-01-11,2006-09-30
fa184cbc458a40ba931f3f29fbfc5557,e1bb0035-d8f1-5350-8aa8-962b52b0553f,2006-10-02,2018-09-24
fa184cbc458a40ba931f3f29fbfc5557,0259c4e5-f8dc-555a-a982-bc145e6182ca,2018-09-24,2026-09-15
fa20b849a4c3486eb1a82ff9f3cd3bbe,632495bb-e961-5581-9345-278a353d0405,1925-01-10,1951-12-13
fa20b849a4c3486eb1a82ff9f3cd3bbe,39f50a3e-9748-5cbb-899c-fce5af24b249,1952-01-10,1970-12-16
fa2a0df7dc694febb5c023000d9c1745,6618cb64-f32d-5806-a07f-3b914964eb26,1925-01-10,1970-12-16
fa3c40a28fdd46da99be4bad177e6464,136bd5a8-3576-5b75-bc02-5e42ba984200,1971-01-11,2006-09-30
fa3c40a28fdd46da99be4bad177e6464,949c1729-b7ab-521d-ad1b-60772ec2276f,2006-10-02,2026-09-15
fa6600b69e784c6d828bebefba5cc1a4,ff31e42c-ce65-53e9-94c9-75a3487f1284,1925-01-10,1970-12-16
faf274f72c874b0bb46f4e701b0a0451,3b8cf955-bf93-520c-a3fe-c4a47a38a4bb,1971-01-11,2006-09-30
faf274f72c874b0bb46f4e701b0a0451,9b204dc5-542a-5e3a-ac60-fe14c1cb46de,2006-10-02,2022-09-26
faf274f72c874b0bb46f4e701b0a0451,7113b2cc-9972-5065-b2dd-77a7e868113a,2022-09-26,2026-09-15
fb945d1781c8425699bbbe75ddc7ed34,7b5afbfc-aed1-5edb-913c-f89ce67b95a5,1925-01-10,1956-12-13
fb945d1781c8425699bbbe75ddc7ed34,899d0c00-1af8-56c6-bd46-79a83dfcf8c1,1957-01-10,1970-12-16
fbae2e9fe08049f5abf5a79450cea2c6,77564945-b88d-5e96-9332-e474481cfc5c,1971-01-11,1994-06-21
fbae2e9fe08049f5abf5a79450cea2c6,90a5c436-9d88-53bb-b9e9-7314a438703f,1994-10-03,1998-09-14
fbae2e9fe08049f5abf5a79450cea2c6,0259c4e5-f8dc-555a-a982-bc145e6182ca,1998-09-15,2006-09-30
fbae2e9fe08049f5abf5a79450cea2c6,03c44b66-74b5-5b6f-a92f-365fcb5806de,2006-10-02,2018-09-24
fbae2e9fe08049f5abf5a79450cea2c6,66149692-b5cc-50f8-a778-2131f28fe57d,2018-09-24,2026-09-15
fc74ba6669494981b716dc8cfb60d8e9,79c143d0-423e-582c-881d-0abf0a4cea5c,1925-01-10,1956-12-13
fc74ba6669494981b716dc8cfb60d8e9,3dcfde6e-898d-5524-ad57-3dd1df3ddd34,1957-01-10,1970-12-16
fc775f000a714e83b4412d3ab1b32e8d,aba3654d-c18d-541b-b3cc-d11c7f96ec6f,1925-01-10,1956-12-13
fc775f000a714e83b4412d3ab1b32e8d,28620dd2-366d-501c-94a8-a4bec03c7e6d,1957-01-10,1970-12-16
fc8d7e80d9544b0095ce2539a5bc6580,899ddaec-b4d0-557f-b637-39829a0fe0f1,1925-01-10,1948-12-23
fc8d7e80d9544b0095ce2539a5bc6580,c29ab651-c882-5372-b400-c1315400b6b3,1949-01-10,1968-12-12
fc8d7e80d9544b0095ce2539a5bc6580,899ddaec-b4d0-557f-b637-39829a0fe0f1,1969-01-10,1970-12-16
fcf026b601314ef6b92a92868b6f3b93,77564945-b88d-5e96-9332-e474481cfc5c,1971-01-11,1994-06-21
fcf026b601314ef6b92a92868b6f3b93,c8cd016a-8b2b-5bc2-8fc9-e8ac0f5ba65a,1994-10-03,1998-09-14
fcf026b601314ef6b92a92868b6f3b93,e1bb0035-d8f1-5350-8aa8-962b52b0553f,1998-09-15,2006-09-30
fcf026b601314ef6b92a92868b6f3b93,949c1729-b7ab-521d-ad1b-60772ec2276f,2006-10-02,2026-09-15
fd17da50d36843dd9e20b3e97096e7e4,1b9b3b5b-7c11-5f64-978c-e1d1b2002a5c,1925-01-10,1948-12-23
fd17da50d36843dd9e20b3e97096e7e4,32a49115-dad0-5644-afea-6515d72a2fa2,1949-01-10,1970-12-16
fd2681c849224481980cf2aaffb140d6,f190408c-0f9c-57ed-8318-9273dced4a38,1925-01-10,1940-12-30
fd2681c849224481980cf2aaffb140d6,5a911a22-b39d-5103-bb54-ad725a2f95c8,1941-01-10,1956-12-13
fd2681c849224481980cf2aaffb140d6,060a7a45-fe70-554c-8395-60d9d522d523,1957-01-10,1970-12-16
fd4fcc63e109478e863a7a8fac83d6be,ac735033-812d-52c5-a8ef-5254c0709510,1925-01-10,1932-06-20
fd4fcc63e109478e863a7a8fac83d6be,2ccd1e63-c4b8-53cc-8ef3-e9e95931d8f5,1933-01-10,1956-12-13
fd4fcc63e109478e863a7a8fac83d6be,ac735033-812d-52c5-a8ef-5254c0709510,1957-01-10,1970-12-16
fd5fb0924bf441d8a60277265bb69095,977a727a-b31d-5b48-ac60-f7538811f206,1925-01-10,1970-12-16
fd9a1a8f4106482c93fdb4e04c70a05b,0af335ba-25f1-581d-858f-437ea3adecea,1971-01-11,1988-06-10
fd9a1a8f4106482c93fdb4e04c70a05b,75402d16-31ae-5692-a5a7-1008706a092a,1988-10-03,1991-06-20
fd9a1a8f4106482c93fdb4e04c70a05b,0af335ba-25f1-581d-858f-437ea3adecea,1991-09-30,2002-09-29
fd9a1a8f4106482c93fdb4e04c70a05b,75402d16-31ae-5692-a5a7-1008706a092a,2002-09-30,2006-09-30
fd9a1a8f4106482c93fdb4e04c70a05b,6a5c15bf-688e-5a49-a539-c0eab6478b72,2006-10-02,2014-09-29
fd9a1a8f4106482c93fdb4e04c70a05b,b4b85329-707b-5b48-8276-04b0980850d3,2014-09-29,2018-09-24
fd9a1a8f4106482c93fdb4e04c70a05b,6a5c15bf-688e-5a49-a539-c0eab6478b72,2018-09-24,2022-09-26
fd9a1a8f4106482c93fdb4e04c70a05b,b4b85329-707b-5b48-8276-04b0980850d3,2022-09-26,2026-09-15
fed110666acb49a3a9c63356b46ade26,98941c5a-79d5-5f93-bb5b-00774f03d021,1971-01-11,2006-09-30
fed110666acb49a3a9c63356b46ade26,e81abcf9-5188-5367-ad40-4e793d4f55e3,2006-10-02,2010-10-04
fed110666acb49a3a9c63356b46ade26,9bef2d8f-9970-5df1-97fa-4941035d4740,2010-10-04,2018-09-24
fed110666acb49a3a9c63356b46ade26,3ed93b54-6eb2-5b8d-865d-7587a0486881,2018-09-24,2022-09-26
fed110666acb49a3a9c63356b46ade26,88dc2372-1608-57b0-b0e6-1a789be8dec9,2022-09-26,2026-09-15
ff33467704964fa9b047bb23147f187e,9ccaac05-e6d0-5ae0-af81-84815d9ba0e0,1971-01-11,1976-06-04
ff33467704964fa9b047bb23147f187e,95fb07b4-04ab-5bf8-897a-40679b4451c4,1976-10-04,1994-06-21
ff33467704964fa9b047bb23147f187e,9ccaac05-e6d0-5ae0-af81-84815d9ba0e0,1994-10-03,1998-09-14
ff33467704964fa9b047bb23147f187e,95fb07b4-04ab-5bf8-897a-40679b4451c4,1998-09-15,2002-09-29
ff33467704964fa9b047bb23147f187e,3b8cf955-bf93-520c-a3fe-c4a47a38a4bb,2002-09-30,2006-09-30
ff33467704964fa9b047bb23147f187e,9ccaac05-e6d0-5ae0-af81-84815d9ba0e0,2006-10-02,2010-10-04
ff33467704964fa9b047bb23147f187e,592c89e6-ed06-5678-85d5-3a81f32dd83f,2010-10-04,2014-09-29
ff33467704964fa9b047bb23147f187e,9ccaac05-e6d0-5ae0-af81-84815d9ba0e0,2014-09-29,2018-09-24
ff33467704964fa9b047bb23147f187e,95fb07b4-04ab-5bf8-897a-40679b4451c4,2018-09-24,2022-09-26
ff33467704964fa9b047bb23147f187e,3b8cf955-bf93-520c-a3fe-c4a47a38a4bb,2022-09-26,2026-09-15
ff8fca4c4fb04435abc2d4afe9476521,949c1729-b7ab-521d-ad1b-60772ec2276f,1971-01-11,2006-09-30
ff8fca4c4fb04435abc2d4afe9476521,b4b85329-707b-5b48-8276-04b0980850d3,2006-10-02,2014-09-29
ff8fca4c4fb04435abc2d4afe9476521,3ed93b54-6eb2-5b8d-865d-7587a0486881,2014-09-29,2018-09-24
ff8fca4c4fb04435abc2d4afe9476521,6a5c15bf-688e-5a49-a539-c0eab6478b72,2018-09-24,2022-09-26
ff8fca4c4fb04435abc2d4afe9476521,66149692-b5cc-50f8-a778-2131f28fe57d,2022-09-26,2026-09-15
ffae3663a5114c5dbdab8849398ba787,79c143d0-423e-582c-881d-0abf0a4cea5c,1925-01-10,1970-12-16
ffd94ac73f654b799c76489ffd68e1a0,d14f5900-dbaa-535e-9291-6d184dee2316,1971-01-11,1973-12-15
ffd94ac73f654b799c76489ffd68e1a0,0af335ba-25f1-581d-858f-437ea3adecea,1974-01-10,1979-06-09
ffd94ac73f654b799c76489ffd68e1a0,d14f5900-dbaa-535e-9291-6d184dee2316,1979-10-01,1982-06-12
ffd94ac73f654b799c76489ffd68e1a0,0af335ba-25f1-581d-858f-437ea3adecea,1982-10-04,1991-06-20
ffd94ac73f654b799c76489ffd68e1a0,d14f5900-dbaa-535e-9291-6d184dee2316,1991-09-30,1998-09-14
ffd94ac73f654b799c76489ffd68e1a0,0af335ba-25f1-581d-858f-437ea3adecea,1998-09-15,2006-09-30
ffd94ac73f654b799c76489ffd68e1a0,0513f834-f476-5c55-878b-e62d2d14087d,2006-10-02,2018-09-24
ffd94ac73f654b799c76489ffd68e1a0,335f9c5a-a060-59bd-8e10-95c79ced3c98,2018-09-24,2022-09-26
ffd94ac73f654b799c76489ffd68e1a0,0513f834-f476-5c55-878b-e62d2d14087d,2022-09-26,2026-09-15
