person_id,start,end,government,role
i-5oQ4xWUi5Nh3NjqrvZeiNp,,,Regeringen Andersson,bostadsminister
i-6eosMH8o1uMi1nCPvvh1tH,,,Regeringen Andersson,landsbygdsminister
i-74hLepsvAgUMEvVVtBCGuc,,,Regeringen Andersson,statsminister
i-8eXWd1vC6ZRoeQdNAwzhbS,,,Regeringen Andersson,utrikeshandelsminister
i-9VQB2AJUahVE6YUpda5FKN,,,Regeringen Andersson,miljöminister
i-D2uJEWzkUt2JAeCGbpSqPy,,,Regeringen Andersson,näringsminister
i-E4AiRv2UMsiA9KQkJbXB8E,,,Regeringen Andersson,finansmarknadsminister
i-HxcQkHC9fDSzkJWgvdhDEF,,,Regeringen Andersson,socialminister
i-KTYc2rBrcxPNyJRR5s4dQD,,,Regeringen Andersson,försvarsminister
i-LGnWAFHmtMWgHhZSuUL8EB,,,Regeringen Andersson,socialförsäkringsminister
i-LL8Bee3zYHnuxQrwejsiTf,,,Regeringen Andersson,civilminister
i-NW2TEoH8XmW9aSn2aKJ8EA,,,Regeringen Andersson,integrationsminister
i-NW2TEoH8XmW9aSn2aKJ8EA,,,Regeringen Andersson,migrationsminister
i-PMx51X9QbaLUMtQNq6sVfz,,,Regeringen Andersson,biståndsminister
i-Spsbo7A5zikEeUY3JEYcNV,,,Regeringen Andersson,finansminister
i-VUvkjV9kuKJcz4cxGcFQfn,,,Regeringen Andersson,energiminister
i-8s82sZqLm7pvUHTtpv2LZG,,,Regeringen Boström I,konsultativt statsråd
i-A6gx9dK7mRxJPJ5JedE7Z,,1892-12-16,Regeringen Boström I,sjöförsvarsminister
i-Dupw3qwYSE3y5mdMHBzQvA,,,Regeringen Boström I,statsminister
i-2b1P9oc6jJ6GnNxViy4qgD,,,Regeringen Boström II,landsbygdsminister
i-Dupw3qwYSE3y5mdMHBzQvA,,,Regeringen Boström II,statsminister
i-KQCpp7fPS6JnGzNC3a24bc,,,Regeringen Boström II,konsultativt statsråd
i-9iqLBgdAYEoR244dkazyYj,,1920-06-30,Regeringen Branting I,konsultativt statsråd
i-REC84EGSoQoYhpdGE1JHN9,,,Regeringen Branting I,landsbygdsminister
i-VM3kn4h4mTkLoFpEyrhy5t,,,Regeringen Branting I,statsminister
i-9iqLBgdAYEoR244dkazyYj,,,Regeringen Branting II,konsultativt statsråd
i-CWWYqdnnUFLvQEhYk3V8Wo,,,Regeringen Branting II,landsbygdsminister
i-GFbGCi8kh9TEUKXENMrEeH,,,Regeringen Branting II,infrastrukturminister
i-VM3kn4h4mTkLoFpEyrhy5t,,,Regeringen Branting II,statsminister
i-CWWYqdnnUFLvQEhYk3V8Wo,,,Regeringen Branting III,landsbygdsminister
i-MSbi6CmhoHjdUGidWdU69V,,,Regeringen Branting III,konsultativt statsråd
i-RUWzee5oy7xHjdBivdkTjR,,,Regeringen Branting III,konsultativt statsråd
i-UbnnZ7kVjVhJrHrUCyEV9K,,,Regeringen Branting III,infrastrukturminister
i-VM3kn4h4mTkLoFpEyrhy5t,,,Regeringen Branting III,statsminister
i-AZnaWEAg22YQ3HzVMfNSHR,,,Regeringen Carl Bildt,statsminister
i-CVa3GtLUphESXFxPuwSvNV,,,Regeringen Carl Bildt,landsbygdsminister
i-QrnhMBZLsGdbeBasmoTLpZ,,,Regeringen Carl Bildt,infrastrukturminister
i-2pEgGvjfozTyRxyzmLZFo2,,1986-10-10,Regeringen Carlsson I,landsbygdsminister
i-3M1s36ECJm8aj113TDC85w,,1988-10-04,Regeringen Carlsson I,civilminister
i-PNtNEDX6PkGV1MhkrC5uj1,,1989-01-29,Regeringen Carlsson I,infrastrukturminister
i-TgNr7w5KMUTB7gX5TMgE3U,,,Regeringen Carlsson I,sjukvårdsminister
i-WYkrZExE7jfwHjmfH1DPwg,,,Regeringen Carlsson I,statsminister
i-BZDMLaDZjTMLecbbyhYS3t,,,Regeringen Carlsson II,landsbygdsminister
i-BZDMLaDZjTMLecbbyhYS3t,,,Regeringen Carlsson II,minister för nordiskt samarbete
i-TgNr7w5KMUTB7gX5TMgE3U,,,Regeringen Carlsson II,sjukvårdsminister
i-WYkrZExE7jfwHjmfH1DPwg,,,Regeringen Carlsson II,statsminister
i-Xrj5P46hsif4EVQjEQc8eH,,,Regeringen Carlsson II,infrastrukturminister
i-3FEh1q844FM3qRDgqmfWSF,,,Regeringen Carlsson III,sjukvårdsminister
i-3sPbyicZy7gfbq8RdVTQMb,,,Regeringen Carlsson III,infrastrukturminister
i-4qJ1WSYreoe9MGDFPCwZKy,,,Regeringen Carlsson III,landsbygdsminister
i-WYkrZExE7jfwHjmfH1DPwg,,,Regeringen Carlsson III,statsminister
i-A1rXJfgfS6b5QQQgwn3Jm8,,1878-07-04,Regeringen De Geer d.ä. III,konsultativt statsråd
i-Co4TBMcmY1januJCiyZRoy,,,Regeringen De Geer d.ä. III,konsultativt statsråd
i-EMnZ9doEs8MQVGY2nAGkkE,,,Regeringen Edén,statsminister
i-FNvuqdN5bu7HwDNrzpb3ij,,,Regeringen Edén,konsultativt statsråd
i-8fp2gLHtWqnYwFqeVLu5w8,,,Regeringen Erlander I,statsminister
i-BSEtbZG4ePv3rfebXQWRkd,,,Regeringen Erlander I,infrastrukturminister
i-C35yyip4t5V4hBSBwnGD7Z,,1948-10-29,Regeringen Erlander I,landsbygdsminister
i-KPJFtzGBjuTE4Qx9bmhQnG,,,Regeringen Erlander I,konsultativt statsråd
i-MSbi6CmhoHjdUGidWdU69V,,1949-06-30,Regeringen Erlander I,finansminister
i-3R2qbKpVQbNv7BvXe7jvcr,,,Regeringen Fälldin I,landsbygdsminister
i-5FsdBgp7zC1W8jXSUkwwDq,,,Regeringen Fälldin I,Biträdande bostadsminister
i-5FsdBgp7zC1W8jXSUkwwDq,,,Regeringen Fälldin I,konsultativt statsråd
i-BjNiod8wotUabh41ByfhRU,,,Regeringen Fälldin I,infrastrukturminister
i-HdmXapeTq3DFBQub8j1ccm,,,Regeringen Fälldin I,försvarsminister
i-PDvEfAmYAgGTBhkGvyY7F4,,,Regeringen Fälldin I,statsminister
i-3R2qbKpVQbNv7BvXe7jvcr,,,Regeringen Fälldin II,landsbygdsminister
i-4uJEFdvmwfbMmozZhv5XDY,,,Regeringen Fälldin II,biståndsminister
i-5FsdBgp7zC1W8jXSUkwwDq,,,Regeringen Fälldin II,bostadsminister
i-HdmXapeTq3DFBQub8j1ccm,,1981-05-05,Regeringen Fälldin II,försvarsminister
i-PDvEfAmYAgGTBhkGvyY7F4,,,Regeringen Fälldin II,statsminister
i-Pe1ftVDt68xexZMLUFEKsL,,1981-05-05,Regeringen Fälldin II,infrastrukturminister
i-3R2qbKpVQbNv7BvXe7jvcr,,1982-10-04,Regeringen Fälldin III,landsbygdsminister
i-4uJEFdvmwfbMmozZhv5XDY,,,Regeringen Fälldin III,biståndsminister
i-5FsdBgp7zC1W8jXSUkwwDq,,,Regeringen Fälldin III,bostadsminister
i-9od8XMMEFpuGQ58mq2Csw5,,,Regeringen Fälldin III,försvarsminister
i-P4Whrc3PQ9jPwPpdLqCHem,,,Regeringen Fälldin III,infrastrukturminister
i-PDvEfAmYAgGTBhkGvyY7F4,,,Regeringen Fälldin III,statsminister
i-Co4TBMcmY1januJCiyZRoy,,,Regeringen Gillis Bildt,konsultativt statsråd
i-DdpGurNSK1gsC7JXZ7kFDP,,,Regeringen Gillis Bildt,statsminister
i-YW6AVxRNnSF96fpnZ8xTbh,,1888-09-28,Regeringen Gillis Bildt,konsultativt statsråd
i-A4jkDhz3Qhq16rRWcenUbw,,,Regeringen Hammarskjöld,statsminister
i-FSJ4kw3boEHgUkPEAcBMPU,,,Regeringen Hammarskjöld,landsbygdsminister
i-SQxGcy33CHFYpy2egM83wy,,,Regeringen Hammarskjöld,konsultativt statsråd
i-17q5suLEPiC6SEzqci5C4s,,1938-12-09,Regeringen Hansson II,försvarsminister
i-4WY5rtjroqEtDfCMpBFokU,,1938-12-16,Regeringen Hansson II,infrastrukturminister
i-9176GQUFtfs5bLdpQnVS9M,,,Regeringen Hansson II,ecklesiastikminister
i-KPJFtzGBjuTE4Qx9bmhQnG,,,Regeringen Hansson II,konsultativt statsråd
i-L7nvZ56RferP78KNpz2Uh1,,,Regeringen Hansson II,statsminister
i-MSbi6CmhoHjdUGidWdU69V,,,Regeringen Hansson II,finansminister
i-QSvXYSPnCaog2kVQuZMYmX,,,Regeringen Hansson II,landsbygdsminister
i-RUWzee5oy7xHjdBivdkTjR,,1938-08-31,Regeringen Hansson II,konsultativt statsråd
i-57VtU3DUgS6ebh11mtUQes,,1944-09-30,Regeringen Hansson III,infrastrukturminister
i-KPJFtzGBjuTE4Qx9bmhQnG,,1940-10-11,Regeringen Hansson III,konsultativt statsråd
i-L7nvZ56RferP78KNpz2Uh1,,,Regeringen Hansson III,statsminister
i-MSbi6CmhoHjdUGidWdU69V,,,Regeringen Hansson III,finansminister
i-QSvXYSPnCaog2kVQuZMYmX,,,Regeringen Hansson III,landsbygdsminister
i-TGQAAcWV8MQTMWbmXQXiUd,,,Regeringen Hansson III,konsultativt statsråd
i-BSEtbZG4ePv3rfebXQWRkd,,,Regeringen Hansson IV,infrastrukturminister
i-C35yyip4t5V4hBSBwnGD7Z,,,Regeringen Hansson IV,landsbygdsminister
i-KPJFtzGBjuTE4Qx9bmhQnG,,,Regeringen Hansson IV,konsultativt statsråd
i-L7nvZ56RferP78KNpz2Uh1,,,Regeringen Hansson IV,statsminister
i-MSbi6CmhoHjdUGidWdU69V,,,Regeringen Hansson IV,finansminister
i-C6h82v5qVtasAovgeXnC2a,,,Regeringen Lindman I,konsultativt statsråd
i-Fnu186BGHvvTJDuB7t6zMb,,,Regeringen Lindman I,statsminister
i-Hr1HTFqifdBa5H1eAGcaEu,,,Regeringen Lundeberg,konsultativt statsråd
i-LkZi3hQne6xsLtDL597mit,,,Regeringen Lundeberg,statsminister
i-SSfsoXw9GLxGZJpSxs9qgb,,,Regeringen Lundeberg,landsbygdsminister
i-9CH1KbWwyrj8DRqAQB3Fza,,,Regeringen Löfven I,utbildningsminister
i-CicdbyfBoitjsXT8ugY99b,,,Regeringen Löfven I,miljöminister
i-DjeBWa5GvkPtwGp5yfccUZ,,2016-08-15,Regeringen Löfven I,skolminister
i-KTYc2rBrcxPNyJRR5s4dQD,,,Regeringen Löfven I,försvarsminister
i-LGnWAFHmtMWgHhZSuUL8EB,,,Regeringen Löfven I,civilminister
i-Xzt52E3ZeNyJ9HLW4B5Sk1,,,Regeringen Löfven I,statsminister
i-9CuY4EZ971YdyxJ8sudKc,,,Regeringen Löfven II,integrationsminister
i-HYbURAzNUTvqh65pcPmmZx,,2019-09-10,Regeringen Löfven II,utrikeshandelsminister
i-HxcQkHC9fDSzkJWgvdhDEF,,,Regeringen Löfven II,socialminister
i-KTYc2rBrcxPNyJRR5s4dQD,,,Regeringen Löfven II,försvarsminister
i-LGnWAFHmtMWgHhZSuUL8EB,,2019-10-01,Regeringen Löfven II,civilminister
i-PAgTpr3nkZRPEoiqjPKQAf,,,Regeringen Löfven II,idrottsminister
i-PMx51X9QbaLUMtQNq6sVfz,,,Regeringen Löfven II,högskoleminister
i-Spsbo7A5zikEeUY3JEYcNV,,,Regeringen Löfven II,inrikesminister
i-Xzt52E3ZeNyJ9HLW4B5Sk1,,,Regeringen Löfven II,statsminister
i-aihY66rhb8LqCkSn8GhKt,,2019-09-10,Regeringen Löfven II,utrikesminister
i-8eXWd1vC6ZRoeQdNAwzhbS,,,Regeringen Löfven III,minister för nordiskt samarbete
i-8eXWd1vC6ZRoeQdNAwzhbS,,,Regeringen Löfven III,utrikeshandelsminister
i-9CuY4EZ971YdyxJ8sudKc,,,Regeringen Löfven III,biträdande finansminister
i-C2s3YhmmVmNkgvznmmnD4x,,,Regeringen Löfven III,vice statsminister
i-HxcQkHC9fDSzkJWgvdhDEF,,,Regeringen Löfven III,socialminister
i-KTYc2rBrcxPNyJRR5s4dQD,,,Regeringen Löfven III,försvarsminister
i-LGnWAFHmtMWgHhZSuUL8EB,,,Regeringen Löfven III,socialförsäkringsminister
i-PAgTpr3nkZRPEoiqjPKQAf,,,Regeringen Löfven III,idrottsminister
i-PMx51X9QbaLUMtQNq6sVfz,,,Regeringen Löfven III,högskoleminister
i-Spsbo7A5zikEeUY3JEYcNV,,,Regeringen Löfven III,inrikesminister
i-Xzt52E3ZeNyJ9HLW4B5Sk1,,,Regeringen Löfven III,statsminister
i-DKX1MP4aaNtFZSpMKXCwY,,,Regeringen Palme I,statsminister
i-PiA69Zron44x5fF1pHdUBo,,1973-11-03,Regeringen Palme I,landsbygdsminister
i-TRwqmRRb2L7vgDjft4i5Z,,,Regeringen Palme I,infrastrukturminister
i-UfrNEXnVucqnziLrBUKgPc,,1973-06-30,Regeringen Palme I,konsultativt statsråd
i-2pEgGvjfozTyRxyzmLZFo2,,,Regeringen Palme II,landsbygdsminister
i-DKX1MP4aaNtFZSpMKXCwY,,,Regeringen Palme II,statsminister
i-HGfALYBg5SLYb8z1er3XK1,,1985-06-30,Regeringen Palme II,infrastrukturminister
i-VMM8TcHsHyQxuWoK8Upj7W,,1982-12-01,Regeringen Palme II,försvarsminister
i-VxBS1HHcrVMPJcDXUTpFJS,,1985-10-17,Regeringen Palme II,biståndsminister
i-3kVCtR7mCK6mW2F6oaBMR5,,,Regeringen Persson,statsminister
i-3sPbyicZy7gfbq8RdVTQMb,,1998-10-06,Regeringen Persson,infrastrukturminister
i-4qJ1WSYreoe9MGDFPCwZKy,,1998-10-07,Regeringen Persson,minister för nordiskt samarbete
i-4tfAWyiZEpB3Ss1Fh6QzqC,,1996-06-30,Regeringen Persson,civilminister
i-QtJg9oNHiDkHLkgiCwmrBb,,1998-10-07,Regeringen Persson,landsbygdsminister
i-6ETHRvdQXy7JyB6UH2jtzU,,,Regeringen Posse,statsminister
i-Co4TBMcmY1januJCiyZRoy,,,Regeringen Posse,konsultativt statsråd
i-JfeGt9yjyj9GWsh4V8G87r,,,Regeringen Posse,konsultativt statsråd
i-2b1P9oc6jJ6GnNxViy4qgD,,,Regeringen Ramstedt,landsbygdsminister
i-Ah2GaXbPFmZmazHpBVHvGy,,,Regeringen Ramstedt,statsminister
i-EUSebT6iNRdbBryXZXBgSW,,,Regeringen Ramstedt,konsultativt statsråd
i-KQCpp7fPS6JnGzNC3a24bc,,1905-06-19,Regeringen Ramstedt,konsultativt statsråd
i-DnTstrvT1jenyw6pdMxfZi,,2007-09-05,Regeringen Reinfeldt,försvarsminister
i-XgRZtFgzPDL7KcwsDvGVej,,,Regeringen Reinfeldt,statsminister
i-9xnJYWRw1BWmFV8LVCC5EH,,,Regeringen Staaff I,landsbygdsminister
i-Hr1HTFqifdBa5H1eAGcaEu,,,Regeringen Staaff I,statsminister
i-FNvuqdN5bu7HwDNrzpb3ij,,,Regeringen Staaff II,konsultativt statsråd
i-Hr1HTFqifdBa5H1eAGcaEu,,,Regeringen Staaff II,statsminister
i-Co4TBMcmY1januJCiyZRoy,,,Regeringen Themptander,konsultativt statsråd
i-GZ8zgKrERmYzyqE3k77bWB,,1887-10-04,Regeringen Themptander,lantförsvarsminister
i-JfeGt9yjyj9GWsh4V8G87r,,,Regeringen Themptander,konsultativt statsråd
i-QUa4DaEpHiH6GESrfLsxWi,,1885-09-25,Regeringen Themptander,utrikesminister
i-WvZ8kwXQvoFrcSjSJt2YfH,,,Regeringen Themptander,statsminister
i-Co4TBMcmY1januJCiyZRoy,,,Regeringen Thyselius,konsultativt statsråd
i-DZAnqjUMmj8qFZsvGfjxRv,,,Regeringen Thyselius,statsminister
i-GZ8zgKrERmYzyqE3k77bWB,,,Regeringen Thyselius,lantförsvarsminister
i-JfeGt9yjyj9GWsh4V8G87r,,,Regeringen Thyselius,konsultativt statsråd
i-KaBa73f9cDZ3KHsxdHYgui,,1883-10-05,Regeringen Thyselius,civilminister
i-4BfdTWABvwYtdUHg7su5aZ,,,Regeringen Ullsten,försvarsminister
i-4uJEFdvmwfbMmozZhv5XDY,,,Regeringen Ullsten,statsminister
i-F4Pzs4iARRvqG686ESA9J,,,Regeringen Ullsten,infrastrukturminister
i-GebX3kmqSPBTWucSe5EXUh,,,Regeringen Ullsten,biståndsminister
i-TLnEcKgBYha1pdFTVEbAvk,,,Regeringen Ullsten,landsbygdsminister
i-8s82sZqLm7pvUHTtpv2LZG,,,Regeringen Åkerhielm,konsultativt statsråd
i-Yb23sPR2Dq5DQnFXhF6X1t,,,Regeringen Åkerhielm,civilminister
i-nScanqUU78nhbW9ef8XLW,,,Regeringen Åkerhielm,statsminister
i-HoKrvTnXU5eTu8LVqgLr9p,1840-05-16,1841-01-14,Regeringen Mauritz Posse I,konsultativt statsråd
i-HoKrvTnXU5eTu8LVqgLr9p,1840-05-16,1841-01-14,Regeringen Törnebladh,konsultativt statsråd
i-MnmWHgCQdxCxJPgqYFNWF9,1842-12-29,1848-04-10,Regeringen Gyllenhaal,finansminister
i-r1VTfFi2u63HbDnjDKUPf,1842-12-29,1844-05-18,Regeringen Gyllenhaal,ecklesiastikminister
i-MnmWHgCQdxCxJPgqYFNWF9,1842-12-29,1848-04-10,Regeringen Mauritz Posse II,finansminister
i-MnmWHgCQdxCxJPgqYFNWF9,1842-12-29,1848-04-10,Regeringen Nordenfalk,finansminister
i-r1VTfFi2u63HbDnjDKUPf,1842-12-29,1844-05-18,Regeringen Törnebladh,ecklesiastikminister
i-FQNi1j1M668gRqjAAsHwZU,1843-04-28,1844-05-18,Regeringen Gyllenhaal,lantförsvarsminister
i-2vQMFNG74R6NrMhiffezmV,1844-05-18,1844-12-28,Regeringen Gyllenhaal,konsultativt statsråd
i-MBdZLSXiN9wk7MJav1b56t,1844-05-18,1848-04-10,Regeringen Mauritz Posse II,ecklesiastikminister
i-Rt3io4SXncGB6WasaKyQXx,1844-05-18,1848-04-10,Regeringen Mauritz Posse II,lantförsvarsminister
i-Rt3io4SXncGB6WasaKyQXx,1844-05-18,1848-04-10,Regeringen Nordenfalk,lantförsvarsminister
i-QGnhyfdvdoYXLiJoNBw2sS,1844-06-20,1848-04-10,Regeringen Gyllenhaal,sjöförsvarsminister
i-QGnhyfdvdoYXLiJoNBw2sS,1844-06-20,1848-04-10,Regeringen Mauritz Posse II,sjöförsvarsminister
i-QGnhyfdvdoYXLiJoNBw2sS,1844-06-20,1848-04-10,Regeringen Nordenfalk,sjöförsvarsminister
i-71vobmtRM8VayAVJKWNYrF,1844-12-28,1848-04-10,Regeringen Mauritz Posse II,konsultativt statsråd
i-71vobmtRM8VayAVJKWNYrF,1844-12-28,1848-04-10,Regeringen Nordenfalk,konsultativt statsråd
i-9hXFBy6ojwu8oqarGUPSqM,1847-09-23,1856-12-16,Regeringen Mauritz Posse II,civilminister
i-9hXFBy6ojwu8oqarGUPSqM,1847-09-23,1856-12-16,Regeringen Sparre,civilminister
i-35xJbKo6VkrJQSnGvrd9Vj,1848-04-10,1856-05-28,Regeringen Sparre,konsultativt statsråd
i-CJ8VxhEn7B4ML38d2dZPgd,1848-04-10,1853-06-11,Regeringen Sparre,lantförsvarsminister
i-GJtdC1efJ8G38jWRyZ61q1,1848-04-10,1851-01-07,Regeringen Sparre,finansminister
i-HkbV7naLvKYhPjwbPjCEEY,1848-04-10,1852-04-03,Regeringen Sparre,ecklesiastikminister
i-TsMqhfCPmjcfSTFKWTpnLg,1848-04-10,1851-09-04,Regeringen Sparre,konsultativt statsråd
i-TxcRm9FeRsY9aHRjmbJL5q,1848-04-10,1849-04-27,Regeringen Sparre,sjöförsvarsminister
i-LCcpUNpbfh4oCj9DbmSZS3,1849-04-27,1852-04-08,Regeringen Sparre,sjöförsvarsminister
i-LwvcNaPMhAWjNbQCGw9TXs,1851,1856,Regeringen Sparre,finansminister
i-35xJbKo6VkrJQSnGvrd9Vj,1851-01-10,1851-10-21,Regeringen Sparre,finansminister
i-5NHFmpZ6u5oCn4Zk1mnptg,1852-04-03,1855-03-09,Regeringen Sparre,ecklesiastikminister
i-TW8WmQsY98uSVdhpY1vvem,1852-04-08,1857-12-30,Regeringen Günther,sjöförsvarsminister
i-TW8WmQsY98uSVdhpY1vvem,1852-04-08,1857-12-30,Regeringen Sparre,sjöförsvarsminister
i-FNweMv3T21DVohEFW14YxW,1853-06-11,1858-09-24,Regeringen De Geer d.ä. I,lantförsvarsminister
i-FNweMv3T21DVohEFW14YxW,1853-06-11,1858-09-24,Regeringen Günther,lantförsvarsminister
i-FNweMv3T21DVohEFW14YxW,1853-06-11,1858-09-24,Regeringen Sparre,lantförsvarsminister
i-PeSWcghEjEUi6cLuHSgiyF,1855-03-09,1859-01-29,Regeringen De Geer d.ä. I,ecklesiastikminister
i-PeSWcghEjEUi6cLuHSgiyF,1855-03-09,1859-01-29,Regeringen Günther,ecklesiastikminister
i-PeSWcghEjEUi6cLuHSgiyF,1855-03-09,1859-01-29,Regeringen Sparre,ecklesiastikminister
i-35xJbKo6VkrJQSnGvrd9Vj,1856-05-28,1866-07-04,Regeringen De Geer d.ä. I,finansminister
i-35xJbKo6VkrJQSnGvrd9Vj,1856-05-28,1866-07-04,Regeringen Günther,finansminister
i-35xJbKo6VkrJQSnGvrd9Vj,1856-05-28,1866-07-04,Regeringen Sparre,finansminister
i-wVG4QF5ZkrTTo5uHxD7ED,1856-12-16,1860,Regeringen De Geer d.ä. I,civilminister
i-8f854Dq4Vwz1HYKU3MS3A1,1857-12-30,1862-06-12,Regeringen De Geer d.ä. I,sjöförsvarsminister
i-8f854Dq4Vwz1HYKU3MS3A1,1857-12-30,1862-06-12,Regeringen Günther,sjöförsvarsminister
i-M6HZSzErrkvRs1tuZi7K48,1858,1870,Regeringen De Geer d.ä. I,justitiestatsminister
i-6tymTvb9PiygbXCXFfdMi6,1858-04-27,1859-01-29,Regeringen De Geer d.ä. I,konsultativt statsråd
i-2ehtmACUZPNJMNnS5o3dYB,1858-05-04,1860-11-02,Regeringen De Geer d.ä. I,konsultativt statsråd
i-Pg1UH24brFgKCM8CVnjJ3T,1858-09-24,1862-03-28,Regeringen De Geer d.ä. I,lantförsvarsminister
i-6tymTvb9PiygbXCXFfdMi6,1859-01-29,1860-11-02,Regeringen De Geer d.ä. I,ecklesiastikminister
i-HSP9LioPctrDbuGfZ5P4G,1859-01-29,1866-09,Regeringen De Geer d.ä. I,konsultativt statsråd
i-2ehtmACUZPNJMNnS5o3dYB,1860-11-02,1868-06-01,Regeringen De Geer d.ä. I,civilminister
i-DZAnqjUMmj8qFZsvGfjxRv,1860-11-02,1863-08-01,Regeringen De Geer d.ä. I,ecklesiastikminister
i-35gSvZSnGVngdKy4MQKZtS,1861-03-26,1868-06-04,Regeringen De Geer d.ä. I,konsultativt statsråd
i-9igV4UYxvovYHfEKhx7fdK,1862-03-28,1867-07-05,Regeringen De Geer d.ä. I,lantförsvarsminister
i-LCcpUNpbfh4oCj9DbmSZS3,1862-06-12,1868-06-04,Regeringen De Geer d.ä. I,sjöförsvarsminister
i-4vNUD3c1Zrcuq5QuVbNmhB,1863-08-01,1870-06-03,Regeringen De Geer d.ä. I,ecklesiastikminister
i-HiLh4CgUmPaDRYddeo7w7X,1866-09-04,1867-05-31,Regeringen De Geer d.ä. I,finansminister
i-NeTAuRpvnph7pbgbLpZxig,1867-07-05,1871-12-05,Regeringen Adlercreutz,lantförsvarsminister
i-NeTAuRpvnph7pbgbLpZxig,1867-07-05,1871-12-05,Regeringen De Geer d.ä. I,lantförsvarsminister
i-VJzAojg4oj9Du46UWXaaqZ,1867-08-23,1870-05-12,Regeringen De Geer d.ä. I,finansminister
i-2bVVLzWvNsURiiwq5jSQS9,1868,1870-06-03,Regeringen De Geer d.ä. I,civilminister
i-F25NVHcBHh8Wvt6w7kLUBA,1868-06-04,1875-05-11,Regeringen Adlercreutz,konsultativt statsråd
i-35gSvZSnGVngdKy4MQKZtS,1868-06-04,1870-01-14,Regeringen De Geer d.ä. I,sjöförsvarsminister
i-F25NVHcBHh8Wvt6w7kLUBA,1868-06-04,1875-05-11,Regeringen De Geer d.ä. I,konsultativt statsråd
i-SfiURaPHeMX8krVz378cGg,1870-01-14,1874-12-23,Regeringen Adlercreutz,sjöförsvarsminister
i-SfiURaPHeMX8krVz378cGg,1870-01-14,1874-12-23,Regeringen Carleson,sjöförsvarsminister
i-SfiURaPHeMX8krVz378cGg,1870-01-14,1874-12-23,Regeringen De Geer d.ä. I,sjöförsvarsminister
i-3DKytmgpnLCJYb8hSjHGUm,1870-06-03,1875-05-11,Regeringen Adlercreutz,civilminister
i-U1NfXLExmstEEYumsy2WHu,1870-06-03,1875-05-11,Regeringen Adlercreutz,ecklesiastikminister
i-YLE2WFqhUG9LaVo3997T4z,1870-06-03,1874-09-28,Regeringen Adlercreutz,finansminister
i-3DKytmgpnLCJYb8hSjHGUm,1870-06-03,1875-05-11,Regeringen Carleson,civilminister
i-U1NfXLExmstEEYumsy2WHu,1870-06-03,1875-05-11,Regeringen Carleson,ecklesiastikminister
i-YLE2WFqhUG9LaVo3997T4z,1870-06-03,1874-09-28,Regeringen Carleson,finansminister
i-LCcpUNpbfh4oCj9DbmSZS3,1871-11-10,1872-12-17,Regeringen Adlercreutz,utrikesstatsminister
i-M6haWJp8kv7KUkmMPYjX4C,1871-12-05,1877-09-11,Regeringen Adlercreutz,lantförsvarsminister
i-M6haWJp8kv7KUkmMPYjX4C,1871-12-05,1877-09-11,Regeringen Carleson,lantförsvarsminister
i-M6haWJp8kv7KUkmMPYjX4C,1871-12-05,1877-09-11,Regeringen De Geer d.ä. II,lantförsvarsminister
i-M6haWJp8kv7KUkmMPYjX4C,1871-12-05,1877-09-11,Regeringen De Geer d.ä. III,lantförsvarsminister
i-4yKLYX6bdK5Z7rBVKCN1RT,1872-12-17,1876-03-20,Regeringen Adlercreutz,utrikesstatsminister
i-4yKLYX6bdK5Z7rBVKCN1RT,1872-12-17,1876-03-20,Regeringen Carleson,utrikesstatsminister
i-nScanqUU78nhbW9ef8XLW,1874-09-28,1875-05-11,Regeringen Carleson,finansminister
i-FhLSLTTgMvsYGQ25DUwcvz,1874-12-23,1880-04-19,Regeringen Carleson,sjöförsvarsminister
i-FhLSLTTgMvsYGQ25DUwcvz,1874-12-23,1880-04-19,Regeringen De Geer d.ä. II,sjöförsvarsminister
i-FhLSLTTgMvsYGQ25DUwcvz,1874-12-23,1880-04-19,Regeringen De Geer d.ä. III,sjöförsvarsminister
i-M6HZSzErrkvRs1tuZi7K48,1875,1876,Regeringen De Geer d.ä. II,justitiestatsminister
i-2ehtmACUZPNJMNnS5o3dYB,1875-05-11,1879-06-06,Regeringen De Geer d.ä. II,konsultativt statsråd
i-4vNUD3c1Zrcuq5QuVbNmhB,1875-05-11,1878-11-01,Regeringen De Geer d.ä. II,ecklesiastikminister
i-DZAnqjUMmj8qFZsvGfjxRv,1875-05-11,1880-04-19,Regeringen De Geer d.ä. II,civilminister
i-MTzYDq8SmLi323wQgnM8TR,1875-05-11,1880-12-07,Regeringen De Geer d.ä. II,finansminister
i-2ehtmACUZPNJMNnS5o3dYB,1875-05-11,1879-06-06,Regeringen De Geer d.ä. III,konsultativt statsråd
i-4vNUD3c1Zrcuq5QuVbNmhB,1875-05-11,1878-11-01,Regeringen De Geer d.ä. III,ecklesiastikminister
i-DZAnqjUMmj8qFZsvGfjxRv,1875-05-11,1880-04-19,Regeringen De Geer d.ä. III,civilminister
i-MTzYDq8SmLi323wQgnM8TR,1875-05-11,1880-12-07,Regeringen De Geer d.ä. III,finansminister
i-MTzYDq8SmLi323wQgnM8TR,1875-05-11,1880-12-07,Regeringen Posse,finansminister
i-4yKLYX6bdK5Z7rBVKCN1RT,1876-03-20,1880-04-19,Regeringen De Geer d.ä. III,utrikesminister
i-M6HZSzErrkvRs1tuZi7K48,1876-03-20,1880-04-19,Regeringen De Geer d.ä. III,justitieminister
i-M6HZSzErrkvRs1tuZi7K48,1876-03-20,1880-04-19,Regeringen De Geer d.ä. III,statsminister
i-8pJuJ7cpFV75dB4vcHCzJA,1877-09-11,1880-04-19,Regeringen De Geer d.ä. III,lantförsvarsminister
i-FjD659tSC5Hi56fXrfmgbW,1878-07-04,1880-04-19,Regeringen De Geer d.ä. III,konsultativt statsråd
i-7v9HeYwTVq3hfeF6K7hYnB,1878-11-01,1880-08-27,Regeringen De Geer d.ä. III,ecklesiastikminister
i-7v9HeYwTVq3hfeF6K7hYnB,1878-11-01,1880-08-27,Regeringen Posse,ecklesiastikminister
i-wVG4QF5ZkrTTo5uHxD7ED,1879-06-06,1880-04-19,Regeringen De Geer d.ä. III,justitieminister
i-A6gx9dK7mRxJPJ5JedE7Z,1880-04-19,1892-12-16,Regeringen Gillis Bildt,sjöförsvarsminister
i-7wzFxMMpK5jPhoUdPZ1umN,1880-04-19,1882-06-16,Regeringen Posse,lantförsvarsminister
i-A6gx9dK7mRxJPJ5JedE7Z,1880-04-19,1892-12-16,Regeringen Posse,sjöförsvarsminister
i-FjD659tSC5Hi56fXrfmgbW,1880-04-19,1888-02-06,Regeringen Posse,justitieminister
i-KaBa73f9cDZ3KHsxdHYgui,1880-04-19,1883-06-13,Regeringen Posse,civilminister
i-RBwA6WtbjeTp4EH9rQG3me,1880-04-19,1880-08-27,Regeringen Posse,konsultativt statsråd
i-A6gx9dK7mRxJPJ5JedE7Z,1880-04-19,1892-12-16,Regeringen Themptander,sjöförsvarsminister
i-FjD659tSC5Hi56fXrfmgbW,1880-04-19,1888-02-06,Regeringen Themptander,justitieminister
i-A6gx9dK7mRxJPJ5JedE7Z,1880-04-19,1892-12-16,Regeringen Thyselius,sjöförsvarsminister
i-FjD659tSC5Hi56fXrfmgbW,1880-04-19,1888-02-06,Regeringen Thyselius,justitieminister
i-A6gx9dK7mRxJPJ5JedE7Z,1880-04-19,1892-12-16,Regeringen Åkerhielm,sjöförsvarsminister
i-QUa4DaEpHiH6GESrfLsxWi,1880-04-27,1885-09-25,Regeringen Posse,utrikesminister
i-QUa4DaEpHiH6GESrfLsxWi,1880-04-27,1885-09-25,Regeringen Thyselius,utrikesminister
i-RBwA6WtbjeTp4EH9rQG3me,1880-08-27,1888-02-06,Regeringen Posse,ecklesiastikminister
i-RBwA6WtbjeTp4EH9rQG3me,1880-08-27,1888-02-06,Regeringen Themptander,ecklesiastikminister
i-RBwA6WtbjeTp4EH9rQG3me,1880-08-27,1888-02-06,Regeringen Thyselius,ecklesiastikminister
i-6ETHRvdQXy7JyB6UH2jtzU,1880-12-07,1881-03-08,Regeringen Posse,finansminister
i-WvZ8kwXQvoFrcSjSJt2YfH,1880-12-07,1881-03-08,Regeringen Posse,konsultativt statsråd
i-WvZ8kwXQvoFrcSjSJt2YfH,1881-03-08,1886-05-28,Regeringen Posse,finansminister
i-WvZ8kwXQvoFrcSjSJt2YfH,1881-03-08,1886-05-28,Regeringen Themptander,finansminister
i-WvZ8kwXQvoFrcSjSJt2YfH,1881-03-08,1886-05-28,Regeringen Thyselius,finansminister
i-GZ8zgKrERmYzyqE3k77bWB,1882-06-16,,Regeringen Posse,lantförsvarsminister
i-8zp4he8AQrCEaqtn8kZcTc,1883-10-05,1883-11-30,Regeringen Thyselius,konsultativt statsråd
i-DZAnqjUMmj8qFZsvGfjxRv,1883-10-05,1883-11-30,Regeringen Thyselius,civilminister
i-8zp4he8AQrCEaqtn8kZcTc,1883-11-30,1889-10-12,Regeringen Gillis Bildt,civilminister
i-8zp4he8AQrCEaqtn8kZcTc,1883-11-30,1889-10-12,Regeringen Themptander,civilminister
i-8zp4he8AQrCEaqtn8kZcTc,1883-11-30,1889-10-12,Regeringen Thyselius,civilminister
i-8ixgVUJPYkLqwsarvdNvuT,1884-05-10,1886-05-28,Regeringen Themptander,konsultativt statsråd
i-9NyAqYQHXK6ctRb6HgHd9R,1885-09-25,1889-06-12,Regeringen Gillis Bildt,utrikesminister
i-9NyAqYQHXK6ctRb6HgHd9R,1885-09-25,1889-06-12,Regeringen Themptander,utrikesminister
i-8ixgVUJPYkLqwsarvdNvuT,1886-05-28,1888-02-06,Regeringen Themptander,finansminister
i-A9Ayvp3K9sd8Pmw311ondn,1887-10-04,1888-02-06,Regeringen Themptander,lantförsvarsminister
i-3stc3EB4Ftxe7oRQtxvBCm,1888-02-06,1892-06-22,Regeringen Boström I,lantförsvarsminister
i-RQ7DisaShnLmZ3DuVbxYXg,1888-02-06,1894-11-06,Regeringen Boström I,finansminister
i-U1NfXLExmstEEYumsy2WHu,1888-02-06,1891-11-06,Regeringen Boström I,ecklesiastikminister
i-3DKytmgpnLCJYb8hSjHGUm,1888-02-06,1888-09-28,Regeringen Gillis Bildt,justitieminister
i-3stc3EB4Ftxe7oRQtxvBCm,1888-02-06,1892-06-22,Regeringen Gillis Bildt,lantförsvarsminister
i-RQ7DisaShnLmZ3DuVbxYXg,1888-02-06,1894-11-06,Regeringen Gillis Bildt,finansminister
i-U1NfXLExmstEEYumsy2WHu,1888-02-06,1891-11-06,Regeringen Gillis Bildt,ecklesiastikminister
i-3stc3EB4Ftxe7oRQtxvBCm,1888-02-06,1892-06-22,Regeringen Åkerhielm,lantförsvarsminister
i-RQ7DisaShnLmZ3DuVbxYXg,1888-02-06,1894-11-06,Regeringen Åkerhielm,finansminister
i-U1NfXLExmstEEYumsy2WHu,1888-02-06,1891-11-06,Regeringen Åkerhielm,ecklesiastikminister
i-UQb1WPSaU3ohorTovz3X3c,1888-09-28,1899-10-27,Regeringen Boström I,konsultativt statsråd
i-5D4sTKSYgW6eXVv6xbEvzg,1888-09-28,1889-05-30,Regeringen Gillis Bildt,justitieminister
i-UQb1WPSaU3ohorTovz3X3c,1888-09-28,1899-10-27,Regeringen Gillis Bildt,konsultativt statsråd
i-UQb1WPSaU3ohorTovz3X3c,1888-09-28,1899-10-27,Regeringen Åkerhielm,konsultativt statsråd
i-NDXVWxyp5eYLrWTjqaAcug,1889-06-12,1896-02-05,Regeringen Boström I,justitieminister
i-NDXVWxyp5eYLrWTjqaAcug,1889-06-12,,Regeringen Gillis Bildt,justitieminister
i-nScanqUU78nhbW9ef8XLW,1889-06-12,1889-10-12,Regeringen Gillis Bildt,utrikesminister
i-NDXVWxyp5eYLrWTjqaAcug,1889-06-12,1896-02-05,Regeringen Åkerhielm,justitieminister
i-KsVb2wzcFUY3B2xLene1iH,1889-10-12,1895-06-01,Regeringen Boström I,utrikesminister
i-Yb23sPR2Dq5DQnFXhF6X1t,1889-10-12,1896-10-06,Regeringen Boström I,civilminister
i-KsVb2wzcFUY3B2xLene1iH,1889-10-12,1895-06-01,Regeringen Åkerhielm,utrikesminister
i-E87PtNrvf5D9mPbn59wpkU,1891-11-06,1898-06-22,Regeringen Boström I,ecklesiastikminister
i-NRP8DZt1PRnZPoikaW4zCP,1892-06-22,1899-10-27,Regeringen Boström I,lantförsvarsminister
i-AkSRM5M7EY6VTfmFE8PNis,1892-12-16,1898-10-21,Regeringen Boström I,sjöförsvarsminister
i-Dupw3qwYSE3y5mdMHBzQvA,1894-11-06,1895-03-15,Regeringen Boström I,finansminister
i-TyWB8HEMuNKq7gySiAqigx,1894-11-06,1895-03-15,Regeringen Boström I,konsultativt statsråd
i-TyWB8HEMuNKq7gySiAqigx,1895-03-15,1897-07-16,Regeringen Boström I,finansminister
i-LYqwjq5hWGbUTHaggSN8k6,1895-06-01,1899-10-13,Regeringen Boström I,utrikesminister
i-S3hZXCn94TB7kyJYPX7Bg8,1896-02-05,,Regeringen Boström I,justitieminister
i-S3hZXCn94TB7kyJYPX7Bg8,1896-02-05,1901-12-05,Regeringen von Otter,justitieminister
i-8zp4he8AQrCEaqtn8kZcTc,1896-10-06,1902-07-05,Regeringen Boström I,civilminister
i-8zp4he8AQrCEaqtn8kZcTc,1896-10-06,1902-07-05,Regeringen von Otter,civilminister
i-QAuzjyYgj9k4CD5V1Xxezf,1897-07-16,1902-07-05,Regeringen Boström I,finansminister
i-QAuzjyYgj9k4CD5V1Xxezf,1897-07-16,1902-07-05,Regeringen von Otter,finansminister
i-2f68PZTku6uz8VKADy2Dk9,1898-06-22,1902-07-05,Regeringen Boström I,ecklesiastikminister
i-2f68PZTku6uz8VKADy2Dk9,1898-06-22,1902-07-05,Regeringen von Otter,ecklesiastikminister
i-W9oTRiM11WGZE2go5sHp8a,1898-10-31,1901-05-31,Regeringen Boström I,sjöförsvarsminister
i-W9oTRiM11WGZE2go5sHp8a,1898-10-31,1901-05-31,Regeringen von Otter,sjöförsvarsminister
i-5yeTU2BjQpqxaykhXKJ4cY,1899-10-27,,Regeringen Boström I,konsultativt statsråd
i-6CNHXhLwvWiPhsytBtn3ep,1899-10-27,1903-07-27,Regeringen Boström I,lantförsvarsminister
i-6CNHXhLwvWiPhsytBtn3ep,1899-10-27,1903-07-27,Regeringen Boström II,lantförsvarsminister
i-6CNHXhLwvWiPhsytBtn3ep,1899-10-27,1903-07-27,Regeringen von Otter,lantförsvarsminister
i-ux23Qd3bLvZ6XgUzeC2Dt,1899-12-20,1904-12-07,Regeringen Boström I,utrikesminister
i-ux23Qd3bLvZ6XgUzeC2Dt,1899-12-20,1904-12-07,Regeringen Boström II,utrikesminister
i-ux23Qd3bLvZ6XgUzeC2Dt,1899-12-20,1904-12-07,Regeringen von Otter,utrikesminister
i-2b1P9oc6jJ6GnNxViy4qgD,1900-03-31,1905-08-02,Regeringen Boström I,jordbruksminister
i-2b1P9oc6jJ6GnNxViy4qgD,1900-03-31,,Regeringen Boström I,landsbygdsminister
i-2b1P9oc6jJ6GnNxViy4qgD,1900-03-31,1905-08-02,Regeringen Boström II,jordbruksminister
i-2b1P9oc6jJ6GnNxViy4qgD,1900-03-31,1905-08-02,Regeringen Ramstedt,jordbruksminister
i-2b1P9oc6jJ6GnNxViy4qgD,1900-03-31,1905-08-02,Regeringen von Otter,jordbruksminister
i-GK6CLvWnX99yR9Nsn9EE9n,1901-05-31,1905-08-02,Regeringen Boström II,sjöförsvarsminister
i-GK6CLvWnX99yR9Nsn9EE9n,1901-05-31,1905-08-02,Regeringen Ramstedt,sjöförsvarsminister
i-GK6CLvWnX99yR9Nsn9EE9n,1901-05-31,1905-08-02,Regeringen von Otter,sjöförsvarsminister
i-A4jkDhz3Qhq16rRWcenUbw,1901-12-05,1902-07-05,Regeringen von Otter,justitieminister
i-TG4E2mMyEjAwsk5JKoM6iy,1901-12-06,1902-07-05,Regeringen von Otter,konsultativt statsråd
i-Ah2GaXbPFmZmazHpBVHvGy,1902-07-05,1905-04-13,Regeringen Boström II,konsultativt statsråd
i-LBM3Az1PKbJiuDyXhKPoS9,1902-07-05,1905-06-10,Regeringen Boström II,ecklesiastikminister
i-TG4E2mMyEjAwsk5JKoM6iy,1902-07-05,1905-08-02,Regeringen Boström II,civilminister
i-VghA3rHKAQACgNmukxWnwr,1902-07-05,1905-08-02,Regeringen Boström II,justitieminister
i-LBM3Az1PKbJiuDyXhKPoS9,1902-07-05,1905-06-10,Regeringen Ramstedt,ecklesiastikminister
i-TG4E2mMyEjAwsk5JKoM6iy,1902-07-05,1905-08-02,Regeringen Ramstedt,civilminister
i-VghA3rHKAQACgNmukxWnwr,1902-07-05,1905-08-02,Regeringen Ramstedt,justitieminister
i-J8WSevJg1d5gHa8FExjhwZ,1902-07-15,1905-08-02,Regeringen Boström II,finansminister
i-J8WSevJg1d5gHa8FExjhwZ,1902-07-15,1905-08-02,Regeringen Ramstedt,finansminister
i-GEsNTjAnEvX1K9NMtcUk9M,1903-07-27,1905-08-02,Regeringen Boström II,lantförsvarsminister
i-GEsNTjAnEvX1K9NMtcUk9M,1903-07-27,1905-08-02,Regeringen Ramstedt,lantförsvarsminister
i-PBNGhyBhmrTPJvpDckpqcL,1904,1905,Regeringen Boström II,utrikesminister
i-PBNGhyBhmrTPJvpDckpqcL,1904,1905,Regeringen Ramstedt,utrikesminister
i-Ah2GaXbPFmZmazHpBVHvGy,1904-12-07,1904-12-22,Regeringen Boström II,utrikesminister
i-KQCpp7fPS6JnGzNC3a24bc,1905-06-19,1905-08-02,Regeringen Ramstedt,ecklesiastikminister
i-4PfkDE1g8Bfv8WbXqpPSda,1905-08-02,1907-12-04,Regeringen Lindman I,lantförsvarsminister
i-4PfkDE1g8Bfv8WbXqpPSda,1905-08-02,1907-12-04,Regeringen Lundeberg,lantförsvarsminister
i-8dhXgrUShJSTmoPcB9FfMi,1905-08-02,1905-11-07,Regeringen Lundeberg,utrikesminister
i-A4jkDhz3Qhq16rRWcenUbw,1905-08-02,1905-11-07,Regeringen Lundeberg,ecklesiastikminister
i-DmdTkUnLmmD3GK3nb5iQQU,1905-08-02,1905-11-07,Regeringen Lundeberg,civilminister
i-Fnu186BGHvvTJDuB7t6zMb,1905-08-02,1905-11-07,Regeringen Lundeberg,sjöförsvarsminister
i-Nvqe2jaQsApDXYR71gisyr,1905-08-02,1905-11-07,Regeringen Lundeberg,konsultativt statsråd
i-SSfsoXw9GLxGZJpSxs9qgb,1905-08-02,1905-11-07,Regeringen Lundeberg,jordbruksminister
i-UX6px4kAE7e8He2TJTTzaX,1905-08-02,1906-05-29,Regeringen Lundeberg,finansminister
i-YSW8Kg6NVNWR81nXxwY7Pw,1905-08-02,1905-11-07,Regeringen Lundeberg,justitieminister
i-4PfkDE1g8Bfv8WbXqpPSda,1905-08-02,1907-12-04,Regeringen Staaff I,lantförsvarsminister
i-UX6px4kAE7e8He2TJTTzaX,1905-08-02,1906-05-29,Regeringen Staaff I,finansminister
i-Fy8CANAYhvFo9ryks64PAr,1905-11-07,1909-03-17,Regeringen Lindman I,utrikesminister
i-6Z6NDHqgCBHewDph5MhJjQ,1905-11-07,1906-05-29,Regeringen Staaff I,konsultativt statsråd
i-9xnJYWRw1BWmFV8LVCC5EH,1905-11-07,1906-05-29,Regeringen Staaff I,jordbruksminister
i-CzfH8kMvk6qeNsYUwvMSLp,1905-11-07,1906-05-29,Regeringen Staaff I,konsultativt statsråd
i-Fy8CANAYhvFo9ryks64PAr,1905-11-07,1909-03-17,Regeringen Staaff I,utrikesminister
i-H51hFF5ej5tCePg4YqjSsq,1905-11-07,1906-05-29,Regeringen Staaff I,civilminister
i-Hr1HTFqifdBa5H1eAGcaEu,1905-11-07,1906-05-29,Regeringen Staaff I,justitieminister
i-JRTixFAeMX5bnfubDTKRcE,1905-11-07,1906-05-29,Regeringen Staaff I,ecklesiastikminister
i-MhCtc1dC8HXHPj7JDZ8b9T,1905-11-07,1906-05-29,Regeringen Staaff I,sjöförsvarsminister
i-RgZqoibubx6FZYSzdaKsbX,1905-11-07,1906-05-29,Regeringen Staaff I,konsultativt statsråd
i-4sXFDUb8CLAhRngszG89cb,1906-05-29,1911-10-07,Regeringen Lindman I,finansminister
i-5a6sVJzD6Pd62temZreNbE,1906-05-29,1907-12-04,Regeringen Lindman I,civilminister
i-6gHW3sRTLihmBZzcGdCAcH,1906-05-29,1907-12-04,Regeringen Lindman I,sjöförsvarsminister
i-DmSPxYoCTsGsu2HBSaHRHb,1906-05-29,1909-06-11,Regeringen Lindman I,ecklesiastikminister
i-MuL8jneeFg979vuUzTGCyo,1906-05-29,1909-03-17,Regeringen Lindman I,konsultativt statsråd
i-Nvqe2jaQsApDXYR71gisyr,1906-05-29,1911-10-07,Regeringen Lindman I,justitieminister
i-SSfsoXw9GLxGZJpSxs9qgb,1906-05-29,1909-03-17,Regeringen Lindman I,landsbygdsminister
i-DPSKdaCf6QjiTxUvV2sFQN,1907,1911,Regeringen Lindman I,civilminister
i-Fnu186BGHvvTJDuB7t6zMb,1907-12-04,1907-12-30,Regeringen Lindman I,lantförsvarsminister
i-WgeuZqD3cfBZGqyxn6ZWnC,1907-12-04,1910-06-26,Regeringen Lindman I,sjöförsvarsminister
i-7wQbTHLS7SgLUavQDYjJ7s,1907-12-30,1911-10-07,Regeringen Lindman I,lantförsvarsminister
i-JqQ477oyJRAVfhSn2N97pv,1909-03-17,1909-06-11,Regeringen Lindman I,konsultativt statsråd
i-SbjuQ1LZxro5e1hAw5pNvg,1909-03-17,1911-10-07,Regeringen Lindman I,jordbruksminister
i-SbjuQ1LZxro5e1hAw5pNvg,1909-03-17,,Regeringen Lindman I,landsbygdsminister
i-5iRTYcLsGwX4CxRhWies3C,1909-04-30,1911-10-07,Regeringen Lindman I,utrikesminister
i-JqQ477oyJRAVfhSn2N97pv,1909-06-11,1911-10-07,Regeringen Lindman I,ecklesiastikminister
i-K2XFckptxyNzjX3oPCLewL,1909-06-11,,Regeringen Lindman I,konsultativt statsråd
i-CLb64zAX7yr86UaNA9TcfP,1910-06-26,1911-10-07,Regeringen Lindman I,sjöförsvarsminister
i-3asFRi1hxBaTgEJJqDe2MX,1911,1914,Regeringen Staaff II,konsultativt statsråd
i-24GU6a9CVTa4mzxPwJujea,1911-10-07,1914-02-17,Regeringen Staaff II,utrikesminister
i-6Z6NDHqgCBHewDph5MhJjQ,1911-10-07,1914-02-17,Regeringen Staaff II,lantförsvarsminister
i-JRTixFAeMX5bnfubDTKRcE,1911-10-07,1914-02-17,Regeringen Staaff II,ecklesiastikminister
i-KSYmHt2CfUPZ7TEuPagciq,1911-10-07,1914-02-17,Regeringen Staaff II,finansminister
i-P3CWVCc7s2SUP3VZ4nTWtN,1911-10-07,1914-02-17,Regeringen Staaff II,justitieminister
i-PBPTFYFgnRL4viQht1FnjJ,1911-10-07,1914-02-17,Regeringen Staaff II,sjöförsvarsminister
i-SSfsoXw9GLxGZJpSxs9qgb,1911-10-07,1914-02-17,Regeringen Staaff II,landsbygdsminister
i-H51hFF5ej5tCePg4YqjSsq,1911-11-07,1914-02-17,Regeringen Staaff II,civilminister
i-KgcqhjAQ4C31XVhk57y6bF,1914-02-06,1917-06-29,Regeringen Hammarskjöld,civilminister
i-KgcqhjAQ4C31XVhk57y6bF,1914-02-06,1917-06-29,Regeringen Swartz,civilminister
i-7yJee9UBmnMb8LPL7Gr9Xa,1914-02-16,1914-08-15,Regeringen Hammarskjöld,konsultativt statsråd
i-3DLisaaacX2hPraEjPVMsW,1914-02-17,1917-03-30,Regeringen Hammarskjöld,utrikesminister
i-A4jkDhz3Qhq16rRWcenUbw,1914-02-17,1914-08-15,Regeringen Hammarskjöld,lantförsvarsminister
i-Bfy54QTrq7uXd38Kx2mLGE,1914-02-17,1917-03-30,Regeringen Hammarskjöld,justitieminister
i-FSJ4kw3boEHgUkPEAcBMPU,1914-02-17,1917-03-30,Regeringen Hammarskjöld,jordbruksminister
i-JnuZjJswUM4d7eeyfhSVGt,1914-02-17,1917-03-30,Regeringen Hammarskjöld,ecklesiastikminister
i-TUo8XdDHL6Q5hUgyWW5MGk,1914-02-17,1917-03-30,Regeringen Hammarskjöld,sjöförsvarsminister
i-UKN14qkeNNkW3DNEKGfGbE,1914-02-17,1917-03-30,Regeringen Hammarskjöld,finansminister
i-UTrfAgi22ghfsPezLcB8vV,1914-02-17,1917-03-30,Regeringen Hammarskjöld,konsultativt statsråd
i-7yJee9UBmnMb8LPL7Gr9Xa,1914-08-15,1917-03-30,Regeringen Hammarskjöld,lantförsvarsminister
i-16Me1SDJCZ61jNn9EpVkzN,1917-03-30,1917-10-19,Regeringen Swartz,lantförsvarsminister
i-5SA2dnaUSjYimZq5qWdLVw,1917-03-30,1917-10-19,Regeringen Swartz,ecklesiastikminister
i-8Groy7FiiyHD8AQRgfCvJ5,1917-03-30,1917-10-19,Regeringen Swartz,sjöförsvarsminister
i-EucyipYZH7KqGXP6UuKNta,1917-03-30,1917-10-19,Regeringen Swartz,jordbruksminister
i-Fnu186BGHvvTJDuB7t6zMb,1917-03-30,1917-10-19,Regeringen Swartz,utrikesminister
i-MbGCSwUxxUWo13zB5PL2BC,1917-03-30,1917-10-19,Regeringen Swartz,finansminister
i-SQxGcy33CHFYpy2egM83wy,1917-03-30,1917-10-19,Regeringen Swartz,justitieminister
i-HMxgV8ZTFQ1zVbZX7KbgCT,1917-06-30,1917-10-19,Regeringen Swartz,civilminister
i-4KJMAUW9zFRD1g1ShqsMqw,1917-10-19,1920-03-10,Regeringen Edén,lantförsvarsminister
i-6dbbwLmze8R4p7yWmcezLY,1917-10-19,1920-03-10,Regeringen Edén,konsultativt statsråd
i-H51hFF5ej5tCePg4YqjSsq,1917-10-19,1919-11-28,Regeringen Edén,civilminister
i-JSniSV7GLnNo4eioo6Paqg,1917-10-19,1920-03-10,Regeringen Edén,justitieminister
i-NKRTEKkMqyNZNU9RaYZLPC,1917-10-19,1919-11-28,Regeringen Edén,ecklesiastikminister
i-PoEnkqgRthqgybjNd47ZwU,1917-10-19,1920-03-10,Regeringen Edén,sjöförsvarsminister
i-RgZqoibubx6FZYSzdaKsbX,1917-10-19,1920-03-10,Regeringen Edén,utrikesminister
i-SSfsoXw9GLxGZJpSxs9qgb,1917-10-19,1920-03-10,Regeringen Edén,landsbygdsminister
i-VM3kn4h4mTkLoFpEyrhy5t,1917-10-19,1918-01-05,Regeringen Edén,finansminister
i-LAeBbuwZ1Sak1HWNkZ6dVr,1918-01-05,1920-06-30,Regeringen Branting I,finansminister
i-LAeBbuwZ1Sak1HWNkZ6dVr,1918-01-05,1920-06-30,Regeringen Edén,finansminister
i-AwBs4Cp83TTbZr1ZyVyniN,1919-11-28,1920-10-27,Regeringen Branting I,ecklesiastikminister
i-AwBs4Cp83TTbZr1ZyVyniN,1919-11-28,1920-10-27,Regeringen Edén,ecklesiastikminister
i-VoohtvvcFjo1jpUaFmdn6o,1919-11-28,1920-03-10,Regeringen Edén,civilminister
i-4UEzXgg6g6fiqb4dQ2EDU3,1920-03-10,1920-07-01,Regeringen Branting I,sjöförsvarsminister
i-6dbbwLmze8R4p7yWmcezLY,1920-03-10,1920-06-30,Regeringen Branting I,justitieminister
i-GSesbg17NxtqyuzE1tagzM,1920-03-10,1920-07-01,Regeringen Branting I,civilminister
i-L7nvZ56RferP78KNpz2Uh1,1920-03-10,1920-07-01,Regeringen Branting I,lantförsvarsminister
i-PoEnkqgRthqgybjNd47ZwU,1920-03-10,1920-10-27,Regeringen Branting I,utrikesminister
i-REC84EGSoQoYhpdGE1JHN9,1920-03-10,1920-10-27,Regeringen Branting I,jordbruksminister
i-Trs3gMCufNPP2ADRtgrdza,1920-03-10,1920-10-27,Regeringen Branting I,konsultativt statsråd
i-9iqLBgdAYEoR244dkazyYj,1920-06-30,1920-10-27,Regeringen Branting I,finansminister
i-DcK6kBeQEhcbMEUN1K5dkG,1920-06-30,,Regeringen Branting I,konsultativt statsråd
i-MxQLDEEjaxnebBWnN9jCPh,1920-06-30,1920-10-27,Regeringen Branting I,justitieminister
i-4UEzXgg6g6fiqb4dQ2EDU3,1920-07-01,1920-10-27,Regeringen Branting I,socialminister
i-GSesbg17NxtqyuzE1tagzM,1920-07-01,,Regeringen Branting I,infrastrukturminister
i-GSesbg17NxtqyuzE1tagzM,1920-07-01,1920-10-27,Regeringen Branting I,kommunikationsminister
i-L7nvZ56RferP78KNpz2Uh1,1920-07-01,1920-10-27,Regeringen Branting I,försvarsminister
i-LAeBbuwZ1Sak1HWNkZ6dVr,1920-07-01,1920-10-27,Regeringen Branting I,handelsminister
i-639t38L2ieKHRjxBnvnvvE,1920-10-27,1921-02-23,Regeringen De Geer d.y.,finansminister
i-8NJMzX1yx8WpL8DS543hLE,1920-10-27,1921-10-13,Regeringen De Geer d.y.,jordbruksminister
i-9bDkAhuLUrj8UwYGXuiCfH,1920-10-27,1921-10-13,Regeringen De Geer d.y.,justitieminister
i-EucyipYZH7KqGXP6UuKNta,1920-10-27,1921-10-13,Regeringen De Geer d.y.,konsultativt statsråd
i-HMxgV8ZTFQ1zVbZX7KbgCT,1920-10-27,1921-10-13,Regeringen De Geer d.y.,kommunikationsminister
i-Mf2qLQoTkQawUnmp6o79wa,1920-10-27,1921-10-13,Regeringen De Geer d.y.,utrikesminister
i-NF7MCicvARd9vxeawxGy59,1920-10-27,1921-10-13,Regeringen De Geer d.y.,handelsminister
i-T8owFktXUZKmmAJA32jnUj,1920-10-27,1921-10-13,Regeringen De Geer d.y.,socialminister
i-TTvPdN45ray9bRz4GEiZ8A,1920-10-27,1921-10-13,Regeringen De Geer d.y.,ecklesiastikminister
i-8NJMzX1yx8WpL8DS543hLE,1920-10-27,1921-10-13,Regeringen von Sydow,jordbruksminister
i-9bDkAhuLUrj8UwYGXuiCfH,1920-10-27,1921-10-13,Regeringen von Sydow,justitieminister
i-EucyipYZH7KqGXP6UuKNta,1920-10-27,1921-10-13,Regeringen von Sydow,konsultativt statsråd
i-HMxgV8ZTFQ1zVbZX7KbgCT,1920-10-27,1921-10-13,Regeringen von Sydow,kommunikationsminister
i-Mf2qLQoTkQawUnmp6o79wa,1920-10-27,1921-10-13,Regeringen von Sydow,utrikesminister
i-NF7MCicvARd9vxeawxGy59,1920-10-27,1921-10-13,Regeringen von Sydow,handelsminister
i-T8owFktXUZKmmAJA32jnUj,1920-10-27,1921-10-13,Regeringen von Sydow,socialminister
i-TTvPdN45ray9bRz4GEiZ8A,1920-10-27,1921-10-13,Regeringen von Sydow,ecklesiastikminister
i-JN7m5YpvpuorpXu1JgSkf1,1921-02-23,1921-10-13,Regeringen von Sydow,finansminister
i-AwBs4Cp83TTbZr1ZyVyniN,1921-10-13,1923-04-19,Regeringen Branting II,ecklesiastikminister
i-CWWYqdnnUFLvQEhYk3V8Wo,1921-10-13,1923-04-19,Regeringen Branting II,jordbruksminister
i-G8JbJm9Qan4fa7Ax94MYT3,1921-10-13,1923-04-19,Regeringen Branting II,socialminister
i-GSesbg17NxtqyuzE1tagzM,1921-10-13,1923-04-19,Regeringen Branting II,handelsminister
i-L7nvZ56RferP78KNpz2Uh1,1921-10-13,1923-04-19,Regeringen Branting II,försvarsminister
i-LAeBbuwZ1Sak1HWNkZ6dVr,1921-10-13,1923-04-19,Regeringen Branting II,finansminister
i-MxQLDEEjaxnebBWnN9jCPh,1921-10-13,1923-04-19,Regeringen Branting II,justitieminister
i-NdmzAJFCHr1sfnsvdVwR4y,1921-10-13,1923-04-19,Regeringen Branting II,konsultativt statsråd
i-Trs3gMCufNPP2ADRtgrdza,1921-10-13,1923-04-19,Regeringen Branting II,konsultativt statsråd
i-VM3kn4h4mTkLoFpEyrhy5t,1921-10-13,1923-04-19,Regeringen Branting II,utrikesminister
i-NF7MCicvARd9vxeawxGy59,1923,1924,Regeringen Trygger,socialminister
i-8zen6gqoJKVpG7SVBDYFet,1923-04-19,1924-10-18,Regeringen Trygger,jordbruksminister
i-9bDkAhuLUrj8UwYGXuiCfH,1923-04-19,1924-10-18,Regeringen Trygger,justitieminister
i-AoCcPLPG5iPhwCGEcPTMbh,1923-04-19,1924-10-18,Regeringen Trygger,försvarsminister
i-C6h82v5qVtasAovgeXnC2a,1923-04-19,1923-11-11,Regeringen Trygger,utrikesminister
i-H1dwKmcmsWsYZ96ypzye6t,1923-04-19,1924-10-18,Regeringen Trygger,handelsminister
i-JN7m5YpvpuorpXu1JgSkf1,1923-04-19,1924-10-18,Regeringen Trygger,finansminister
i-JTwhXpmu1eVKQtUbjXVxkV,1923-04-19,1924-10-18,Regeringen Trygger,kommunikationsminister
i-U4dDzMjHHxyFXmmvH17Uz8,1923-04-19,1924-10-18,Regeringen Trygger,konsultativt statsråd
i-Wd3cJwboTfCJv1Ls7d8i6d,1923-04-19,1924-10-18,Regeringen Trygger,ecklesiastikminister
i-CzfH8kMvk6qeNsYUwvMSLp,1923-11-11,1924-10-18,Regeringen Trygger,utrikesminister
i-Trs3gMCufNPP2ADRtgrdza,1924,1926,Regeringen Branting III,justitieminister
i-Trs3gMCufNPP2ADRtgrdza,1924,1926,Regeringen Sandler,justitieminister
i-4Mr7D9BCozgkT5mSiFk6Gv,1924-10-18,1926-06-07,Regeringen Branting III,socialminister
i-6dbbwLmze8R4p7yWmcezLY,1924-10-18,1926-06-07,Regeringen Branting III,utrikesminister
i-9iqLBgdAYEoR244dkazyYj,1924-10-18,1925-02-27,Regeringen Branting III,handelsminister
i-AwBs4Cp83TTbZr1ZyVyniN,1924-10-18,1926-06-07,Regeringen Branting III,ecklesiastikminister
i-CWWYqdnnUFLvQEhYk3V8Wo,1924-10-18,1926-06-07,Regeringen Branting III,jordbruksminister
i-L7nvZ56RferP78KNpz2Uh1,1924-10-18,1926-06-07,Regeringen Branting III,försvarsminister
i-LAeBbuwZ1Sak1HWNkZ6dVr,1924-10-18,1925-05-05,Regeringen Branting III,finansminister
i-UbnnZ7kVjVhJrHrUCyEV9K,1924-10-18,1926-06-07,Regeringen Branting III,kommunikationsminister
i-4Mr7D9BCozgkT5mSiFk6Gv,1924-10-18,1926-06-07,Regeringen Sandler,socialminister
i-6dbbwLmze8R4p7yWmcezLY,1924-10-18,1926-06-07,Regeringen Sandler,utrikesminister
i-9iqLBgdAYEoR244dkazyYj,1924-10-18,1925-02-27,Regeringen Sandler,handelsminister
i-AwBs4Cp83TTbZr1ZyVyniN,1924-10-18,1926-06-07,Regeringen Sandler,ecklesiastikminister
i-L7nvZ56RferP78KNpz2Uh1,1924-10-18,1926-06-07,Regeringen Sandler,försvarsminister
i-LAeBbuwZ1Sak1HWNkZ6dVr,1924-10-18,1925-05-05,Regeringen Sandler,finansminister
i-UbnnZ7kVjVhJrHrUCyEV9K,1924-10-18,1926-06-07,Regeringen Sandler,kommunikationsminister
i-GSesbg17NxtqyuzE1tagzM,1925-02-27,1926-06-07,Regeringen Sandler,handelsminister
i-NdmzAJFCHr1sfnsvdVwR4y,1925-05-08,1926-06-07,Regeringen Sandler,konsultativt statsråd
i-3D7Cfk47LUcjbeGff3k8fV,1926-06-07,1928-10-02,Regeringen Ekman I,handelsminister
i-4RS7Dj9b79swPFB3EurFmm,1926-06-07,1928-10-02,Regeringen Ekman I,kommunikationsminister
i-4WEXv6PZpB3sB69uG9D7nN,1926-06-07,1926-09-30,Regeringen Ekman I,konsultativt statsråd
i-9XMd1rpWw6C27numwL2pi2,1926-06-07,1928-10-02,Regeringen Ekman I,ecklesiastikminister
i-DQ9MiFCTqXqDgv4LnUitVT,1926-06-07,1927-07-03,Regeringen Ekman I,jordbruksminister
i-JSniSV7GLnNo4eioo6Paqg,1926-06-07,1928-10-02,Regeringen Ekman I,utrikesminister
i-LM4jFvexKG2pKNVAUEAS3W,1926-06-07,1928-10-02,Regeringen Ekman I,försvarsminister
i-LTnrRgHyJwirpDn7eBnYam,1926-06-07,1928-10-02,Regeringen Ekman I,justitieminister
i-Mp9EZyDQnEWymzonKTkhPb,1926-06-07,1928-10-02,Regeringen Ekman I,konsultativt statsråd
i-SKeNWqaodDskJWp4b2SKPZ,1926-06-07,1928-10-02,Regeringen Ekman I,socialminister
i-Xk2ZY1AVkT44C7mHKMPyhE,1926-06-07,1926-09-30,Regeringen Ekman I,finansminister
i-4WEXv6PZpB3sB69uG9D7nN,1926-09-30,1928-10-02,Regeringen Ekman I,finansminister
i-EWszvfJHbPLCQKeFqNXv1s,1927-07-12,1928-10-02,Regeringen Ekman I,jordbruksminister
i-4yegXF8AnFFFKByvbQXUyd,1928-10-02,1930-06-07,Regeringen Lindman II,kommunikationsminister
i-F7sXynodngMrLGUpq5f1k6,1928-10-02,1930-06-07,Regeringen Lindman II,justitieminister
i-GgLe25PMgoUutAdzJ14BUX,1928-10-02,1930-06-07,Regeringen Lindman II,konsultativt statsråd
i-H1dwKmcmsWsYZ96ypzye6t,1928-10-02,1929-06-10,Regeringen Lindman II,finansminister
i-H4iwFuXf6Rh11ruEkNpUDy,1928-10-02,1930-06-07,Regeringen Lindman II,jordbruksminister
i-JTwhXpmu1eVKQtUbjXVxkV,1928-10-02,1930-06-07,Regeringen Lindman II,socialminister
i-JhrGabbw8477wfM4vWUciM,1928-10-02,1930-06-07,Regeringen Lindman II,handelsminister
i-LQQRATwQoanxUUgKXNZmAM,1928-10-02,1930-06-07,Regeringen Lindman II,ecklesiastikminister
i-MJhwccFqVewN5jUNHMukd,1928-10-02,1930-06-07,Regeringen Lindman II,konsultativt statsråd
i-YBeHR1zEBPMM35nMEreTz,1928-10-02,1930-06-07,Regeringen Lindman II,utrikesminister
i-R3ZQnERX5FRrWRvCs33Ukw,1929-06-10,1930-06-07,Regeringen Lindman II,finansminister
i-2kXWA54DYtEaQ9G6hutqL8,1930-06-07,1932-09-24,Regeringen Ekman II,socialminister
i-3D7Cfk47LUcjbeGff3k8fV,1930-06-07,1932-09-24,Regeringen Ekman II,finansminister
i-EWszvfJHbPLCQKeFqNXv1s,1930-06-07,1932-09-24,Regeringen Ekman II,jordbruksminister
i-Mp9EZyDQnEWymzonKTkhPb,1930-06-07,1932-09-24,Regeringen Ekman II,justitieminister
i-RBuj9TuVUvxEBh62vFNpmy,1930-06-07,1932-09-24,Regeringen Ekman II,ecklesiastikminister
i-VLFbe1qZbz5p1pR3RneKtw,1930-06-07,1932-09-24,Regeringen Ekman II,utrikesminister
i-WLU6NbD2RqdzNAUFs2iT52,1930-06-07,1932-09-24,Regeringen Ekman II,kommunikationsminister
i-WWTjh2Sq31BbC9iSJFphqg,1930-06-07,1932-09-24,Regeringen Ekman II,handelsminister
i-Xk2ZY1AVkT44C7mHKMPyhE,1930-06-07,1931-06-19,Regeringen Ekman II,försvarsminister
i-2kXWA54DYtEaQ9G6hutqL8,1930-06-07,1932-09-24,Regeringen Hamrin,socialminister
i-3D7Cfk47LUcjbeGff3k8fV,1930-06-07,1932-09-24,Regeringen Hamrin,finansminister
i-Mp9EZyDQnEWymzonKTkhPb,1930-06-07,1932-09-24,Regeringen Hamrin,justitieminister
i-VLFbe1qZbz5p1pR3RneKtw,1930-06-07,1932-09-24,Regeringen Hamrin,utrikesminister
i-WLU6NbD2RqdzNAUFs2iT52,1930-06-07,1932-09-24,Regeringen Hamrin,kommunikationsminister
i-WWTjh2Sq31BbC9iSJFphqg,1930-06-07,1932-09-24,Regeringen Hamrin,handelsminister
i-2phsMxb358E6BizcJsgiPa,1932-09-24,1936-06-19,Regeringen Hansson I,handelsminister
i-4Mr7D9BCozgkT5mSiFk6Gv,1932-09-24,1936-06-19,Regeringen Hansson I,socialminister
i-6dbbwLmze8R4p7yWmcezLY,1932-09-24,1936-06-19,Regeringen Hansson I,konsultativt statsråd
i-9iqLBgdAYEoR244dkazyYj,1932-09-24,1936-06-19,Regeringen Hansson I,utrikesminister
i-C35yyip4t5V4hBSBwnGD7Z,1932-09-24,1936-06-19,Regeringen Hansson I,jordbruksminister
i-JC4yT43VjuXRRqfGmkRoTB,1932-09-24,1936-06-19,Regeringen Hansson I,försvarsminister
i-MzxPq6KWGSAnEqQ2YUDct8,1932-09-24,1936-06-19,Regeringen Hansson I,kommunikationsminister
i-NdmzAJFCHr1sfnsvdVwR4y,1932-09-24,1936-06-19,Regeringen Hansson I,justitieminister
i-Trs3gMCufNPP2ADRtgrdza,1932-09-24,1933-09-16,Regeringen Hansson I,konsultativt statsråd
i-QSvXYSPnCaog2kVQuZMYmX,1936-06-19,1945-07-31,Regeringen Hansson II,jordbruksminister
i-QSvXYSPnCaog2kVQuZMYmX,1936-06-19,1945-07-31,Regeringen Hansson III,jordbruksminister
i-8UonH2eeuY7NeqeTXmqFHk,1936-06-19,1936-09-28,Regeringen Pehrsson-Bramstorp,ecklesiastikminister
i-HK1EEzMjnsMm3rbAtX84b9,1936-06-19,1936-09-28,Regeringen Pehrsson-Bramstorp,handelsminister
i-JnuZjJswUM4d7eeyfhSVGt,1936-06-19,1936-09-28,Regeringen Pehrsson-Bramstorp,utrikesminister
i-QSvXYSPnCaog2kVQuZMYmX,1936-06-19,1945-07-31,Regeringen Pehrsson-Bramstorp,jordbruksminister
i-QeGwUQTQLjJkCPXi6rv7E7,1936-06-19,1936-09-28,Regeringen Pehrsson-Bramstorp,finansminister
i-UQqGFoa8dKdxwwNw6kCAkL,1936-06-19,1936-09-28,Regeringen Pehrsson-Bramstorp,socialminister
i-Uz6f3kT2Abpy2RXiHEG5cm,1936-06-19,1936-09-28,Regeringen Pehrsson-Bramstorp,justitieminister
i-rxMPrABKBDwfiUwJZxNv7,1936-06-19,1936-09-28,Regeringen Pehrsson-Bramstorp,kommunikationsminister
i-4Mr7D9BCozgkT5mSiFk6Gv,1936-09-28,1938-12-16,Regeringen Hansson II,socialminister
i-4WY5rtjroqEtDfCMpBFokU,1936-09-28,1938-12-16,Regeringen Hansson II,kommunikationsminister
i-9iqLBgdAYEoR244dkazyYj,1936-09-28,1939-12-13,Regeringen Hansson II,utrikesminister
i-C35yyip4t5V4hBSBwnGD7Z,1936-09-28,1938-12-16,Regeringen Hansson II,handelsminister
i-JnuZjJswUM4d7eeyfhSVGt,1936-09-28,1943-08-30,Regeringen Hansson II,justitieminister
i-JnuZjJswUM4d7eeyfhSVGt,1936-09-28,1943-08-30,Regeringen Hansson III,justitieminister
i-57ZzcRcBrWajRrZt3i1BgM,1938-09-01,1939-10-14,Regeringen Hansson II,konsultativt statsråd
i-4Mr7D9BCozgkT5mSiFk6Gv,1938-12-16,1939-12-13,Regeringen Hansson II,handelsminister
i-4WY5rtjroqEtDfCMpBFokU,1938-12-16,1939-12-13,Regeringen Hansson II,socialminister
i-C35yyip4t5V4hBSBwnGD7Z,1938-12-16,1945-07-31,Regeringen Hansson II,försvarsminister
i-UQqGFoa8dKdxwwNw6kCAkL,1938-12-16,,Regeringen Hansson II,infrastrukturminister
i-UQqGFoa8dKdxwwNw6kCAkL,1938-12-16,1939-12-13,Regeringen Hansson II,kommunikationsminister
i-C35yyip4t5V4hBSBwnGD7Z,1938-12-16,1945-07-31,Regeringen Hansson III,försvarsminister
i-PRkToj2ss6C9sjWtUtqNNh,1939,1941,Regeringen Hansson III,handelsminister
i-LffKZcrG2fCYbma7r7ZpgZ,1939-10-14,,Regeringen Hansson II,konsultativt statsråd
i-57ZzcRcBrWajRrZt3i1BgM,1939-10-15,1941-03-07,Regeringen Hansson II,folkhushållningsminister
i-57ZzcRcBrWajRrZt3i1BgM,1939-10-15,1941-03-07,Regeringen Hansson III,folkhushållningsminister
i-4Mr7D9BCozgkT5mSiFk6Gv,1939-12-13,1951-10-01,Regeringen Erlander I,socialminister
i-4Mr7D9BCozgkT5mSiFk6Gv,1939-12-13,1951-10-01,Regeringen Hansson III,socialminister
i-57VtU3DUgS6ebh11mtUQes,1939-12-13,1944-09-30,Regeringen Hansson III,kommunikationsminister
i-CU4eSFiFKKx8yk9jS92iFV,1939-12-13,1944-12-15,Regeringen Hansson III,ecklesiastikminister
i-Uz6f3kT2Abpy2RXiHEG5cm,1939-12-13,1943-08-30,Regeringen Hansson III,konsultativt statsråd
i-myn4WFombWiaF2RH9Tqqt,1939-12-13,1945-07-31,Regeringen Hansson III,utrikesminister
i-4Mr7D9BCozgkT5mSiFk6Gv,1939-12-13,1951-10-01,Regeringen Hansson IV,socialminister
i-SgDQWpwtGGYUWQfKENDRYv,1940-10-11,1944-09-30,Regeringen Hansson III,konsultativt statsråd
i-SCmtRC4XiJBcB9MFdduV2W,1941-03-07,1947-05-24,Regeringen Erlander I,folkhushållningsminister
i-57ZzcRcBrWajRrZt3i1BgM,1941-03-07,1944-09-30,Regeringen Hansson III,handelsminister
i-PRkToj2ss6C9sjWtUtqNNh,1941-03-07,1944-09-30,Regeringen Hansson III,konsultativt statsråd
i-SCmtRC4XiJBcB9MFdduV2W,1941-03-07,1947-05-24,Regeringen Hansson III,folkhushållningsminister
i-SCmtRC4XiJBcB9MFdduV2W,1941-03-07,1947-05-24,Regeringen Hansson IV,folkhushållningsminister
i-Uz6f3kT2Abpy2RXiHEG5cm,1943-08-30,1945-07-31,Regeringen Hansson III,justitieminister
i-Xqo83uEfAGu6C7HdvFMFwx,1943-08-30,1945-07-31,Regeringen Hansson III,konsultativt statsråd
i-YFw2Hg1VzTr3FRtAKxwtUT,1944,1952,Regeringen Erlander I,konsultativt statsråd
i-YFw2Hg1VzTr3FRtAKxwtUT,1944,1952,Regeringen Erlander II,konsultativt statsråd
i-PRkToj2ss6C9sjWtUtqNNh,1944,1945,Regeringen Hansson III,kommunikationsminister
i-YFw2Hg1VzTr3FRtAKxwtUT,1944,1952,Regeringen Hansson III,konsultativt statsråd
i-YFw2Hg1VzTr3FRtAKxwtUT,1944,1952,Regeringen Hansson IV,konsultativt statsråd
i-8fp2gLHtWqnYwFqeVLu5w8,1944-09-30,1945-07-31,Regeringen Hansson III,konsultativt statsråd
i-BqDGKscaLhUZHhaFFmx5pf,1944-09-30,1945-07-31,Regeringen Hansson III,handelsminister
i-PRkToj2ss6C9sjWtUtqNNh,1944-09-30,,Regeringen Hansson III,infrastrukturminister
i-Vofu3seWF5yQe8KpMLXV3T,1944-12-15,1945-07-31,Regeringen Hansson III,ecklesiastikminister
i-3urySgCAk2SuFz1BB8TX5x,1945-07-31,1947-04-11,Regeringen Erlander I,konsultativt statsråd
i-6dbbwLmze8R4p7yWmcezLY,1945-07-31,1962-09-19,Regeringen Erlander I,utrikesminister
i-73FH7pEHnaU397YqnqWJQQ,1945-07-31,1947-04-11,Regeringen Erlander I,handelsminister
i-BSEtbZG4ePv3rfebXQWRkd,1945-07-31,1951-10-01,Regeringen Erlander I,kommunikationsminister
i-C35yyip4t5V4hBSBwnGD7Z,1945-07-31,1948-10-29,Regeringen Erlander I,jordbruksminister
i-CVG5H18C4Zmb44stfabVSc,1945-07-31,1951-10-01,Regeringen Erlander I,försvarsminister
i-DMs16qwN3uGgTraB34UW2Z,1945-07-31,1948-10-28,Regeringen Erlander I,konsultativt statsråd
i-MBoQhoiPhUghQ4CXR6kcEf,1945-07-31,1957-09-20,Regeringen Erlander I,justitieminister
i-RsxcNGZPjwF53SBgVLhwYJ,1945-07-31,1947-07-01,Regeringen Erlander I,biträdande socialminister
i-6dbbwLmze8R4p7yWmcezLY,1945-07-31,1962-09-19,Regeringen Erlander II,utrikesminister
i-MBoQhoiPhUghQ4CXR6kcEf,1945-07-31,1957-09-20,Regeringen Erlander II,justitieminister
i-6dbbwLmze8R4p7yWmcezLY,1945-07-31,1962-09-19,Regeringen Erlander III,utrikesminister
i-3urySgCAk2SuFz1BB8TX5x,1945-07-31,1947-04-11,Regeringen Hansson IV,konsultativt statsråd
i-6dbbwLmze8R4p7yWmcezLY,1945-07-31,1962-09-19,Regeringen Hansson IV,utrikesminister
i-73FH7pEHnaU397YqnqWJQQ,1945-07-31,1947-04-11,Regeringen Hansson IV,handelsminister
i-8fp2gLHtWqnYwFqeVLu5w8,1945-07-31,1946-10-11,Regeringen Hansson IV,ecklesiastikminister
i-BSEtbZG4ePv3rfebXQWRkd,1945-07-31,1951-10-01,Regeringen Hansson IV,kommunikationsminister
i-C35yyip4t5V4hBSBwnGD7Z,1945-07-31,1948-10-29,Regeringen Hansson IV,jordbruksminister
i-CVG5H18C4Zmb44stfabVSc,1945-07-31,1951-10-01,Regeringen Hansson IV,försvarsminister
i-DMs16qwN3uGgTraB34UW2Z,1945-07-31,1948-10-28,Regeringen Hansson IV,konsultativt statsråd
i-MBoQhoiPhUghQ4CXR6kcEf,1945-07-31,1957-09-20,Regeringen Hansson IV,justitieminister
i-RsxcNGZPjwF53SBgVLhwYJ,1945-07-31,1947-07-01,Regeringen Hansson IV,biträdande socialminister
i-3urySgCAk2SuFz1BB8TX5x,1946-10-11,1947-04-11,Regeringen Erlander I,biträdande jordbruksminister
i-UEUWoCh2SPr4UTMWyDHVXA,1946-10-11,1951-10-01,Regeringen Erlander I,ecklesiastikminister
i-3urySgCAk2SuFz1BB8TX5x,1947-04-11,1948-10-28,Regeringen Erlander I,folkhushållningsminister
i-MewtapTSFPS47jDhDe5nqD,1947-04-11,1948-10-28,Regeringen Erlander I,konsultativt statsråd
i-SCmtRC4XiJBcB9MFdduV2W,1947-05-24,1948-09-24,Regeringen Erlander I,handelsminister
i-RsxcNGZPjwF53SBgVLhwYJ,1947-07-01,1951-10-01,Regeringen Erlander I,inrikesminister
i-3urySgCAk2SuFz1BB8TX5x,1948-10-28,1951-10-01,Regeringen Erlander I,jordbruksminister
i-C35yyip4t5V4hBSBwnGD7Z,1948-10-28,1949-10-21,Regeringen Erlander I,samordningsminister
i-DMs16qwN3uGgTraB34UW2Z,1948-10-28,1955-09-12,Regeringen Erlander I,handelsminister
i-ErNemW6WNsbRaNz3Q9qVQH,1948-10-28,1951-10-01,Regeringen Erlander I,konsultativt statsråd
i-DMs16qwN3uGgTraB34UW2Z,1948-10-28,1955-09-12,Regeringen Erlander II,handelsminister
i-3urySgCAk2SuFz1BB8TX5x,1948-10-29,,Regeringen Erlander I,landsbygdsminister
i-MewtapTSFPS47jDhDe5nqD,1948-10-29,1949-12-31,Regeringen Erlander I,folkhushållningsminister
i-C3AtGSK2kCCQrcij1zKWxy,1949-07-01,1949-10-17,Regeringen Erlander I,finansminister
i-C35yyip4t5V4hBSBwnGD7Z,1949-10-21,1955-09-12,Regeringen Erlander I,finansminister
i-C35yyip4t5V4hBSBwnGD7Z,1949-10-21,1955-09-12,Regeringen Erlander II,finansminister
i-DMs16qwN3uGgTraB34UW2Z,1950-01-01,1950-06-30,Regeringen Erlander I,folkhushållningsminister
i-4oQw33kXPxZphhSAmpgVJv,1950-01-04,1950-07-01,Regeringen Erlander I,konsultativt statsråd
i-4oQw33kXPxZphhSAmpgVJv,1950-01-04,1950-07-01,Regeringen Erlander I,löneminister
i-4oQw33kXPxZphhSAmpgVJv,1950-07-01,1954-11-29,Regeringen Erlander I,civilminister
i-4oQw33kXPxZphhSAmpgVJv,1950-07-01,1954-11-29,Regeringen Erlander II,civilminister
i-5qXYUeKZZW4ms54drBexu6,1951-02-06,1953-04-08,Regeringen Erlander I,utrikeshandelsminister
i-5qXYUeKZZW4ms54drBexu6,1951-02-06,1953-04-08,Regeringen Erlander II,utrikeshandelsminister
i-VRK4jvXteD5oQpqXgdmTs6,1951-03-17,1951-10-01,Regeringen Erlander I,ecklesiastikminister
i-3urySgCAk2SuFz1BB8TX5x,1951-10-01,1955-09-12,Regeringen Erlander II,socialminister
i-BSEtbZG4ePv3rfebXQWRkd,1951-10-01,1957-03-22,Regeringen Erlander II,försvarsminister
i-ErNemW6WNsbRaNz3Q9qVQH,1951-10-01,1957-03-22,Regeringen Erlander II,kommunikationsminister
i-FooDdbstXg6Pqwp431p9Bu,1951-10-01,1957-10-31,Regeringen Erlander II,ecklesiastikminister
i-KaEwnQ53dsfqZGV8fcpYbX,1951-10-01,1957-10-31,Regeringen Erlander II,inrikesminister
i-LLnQ8RYVszR7dBi2EAHt1C,1951-10-01,1957-02-01,Regeringen Erlander II,jordbruksminister
i-NSMFyosx2ufUQRs2ESaadd,1951-11-01,1957-09-20,Regeringen Erlander II,konsultativt statsråd
i-Q2oxFdoRdahTGBfyJWjB5X,1952,1957,Regeringen Erlander II,konsultativt statsråd
i-T2MQwweEV4czixyLDV86HQ,1954-06-04,1966-12-31,Regeringen Erlander II,biståndsminister
i-T2MQwweEV4czixyLDV86HQ,1954-06-04,1966-12-28,Regeringen Erlander II,konsumentminister
i-T2MQwweEV4czixyLDV86HQ,1954-06-04,1966-12-31,Regeringen Erlander III,biståndsminister
i-T2MQwweEV4czixyLDV86HQ,1954-06-04,1966-12-28,Regeringen Erlander III,konsumentminister
i-NAbeZfqManywc6YbAfsfki,1954-11-29,1955-09-12,Regeringen Erlander II,civilminister
i-3urySgCAk2SuFz1BB8TX5x,1955-09-12,1976-10-08,Regeringen Erlander II,finansminister
i-9EKrgr3Ba4x3Qu2BozYUEA,1955-09-12,1965-09-16,Regeringen Erlander II,civilminister
i-DMs16qwN3uGgTraB34UW2Z,1955-09-12,1957-03-22,Regeringen Erlander II,socialminister
i-NAbeZfqManywc6YbAfsfki,1955-09-12,1970-10-09,Regeringen Erlander II,handelsminister
i-3urySgCAk2SuFz1BB8TX5x,1955-09-12,1976-10-08,Regeringen Erlander III,finansminister
i-9EKrgr3Ba4x3Qu2BozYUEA,1955-09-12,1965-09-16,Regeringen Erlander III,civilminister
i-NAbeZfqManywc6YbAfsfki,1955-09-12,1970-10-09,Regeringen Erlander III,handelsminister
i-3urySgCAk2SuFz1BB8TX5x,1955-09-12,1976-10-08,Regeringen Palme I,finansminister
i-NAbeZfqManywc6YbAfsfki,1955-09-12,1970-10-09,Regeringen Palme I,handelsminister
i-KY2qFJXpwf6GTtVoW7mKo8,1957-02-01,1957-10-31,Regeringen Erlander II,konsultativt statsråd
i-TaW174KWoVEkH4KpnMRVNc,1957-02-01,1957-07-08,Regeringen Erlander II,jordbruksminister
i-U22vAKBq8RA2Ji6KCU4j6Z,1957-02-01,1959-12-01,Regeringen Erlander II,konsultativt statsråd
i-U22vAKBq8RA2Ji6KCU4j6Z,1957-02-01,1959-12-01,Regeringen Erlander III,konsultativt statsråd
i-BSEtbZG4ePv3rfebXQWRkd,1957-03-22,1962-09-19,Regeringen Erlander II,socialminister
i-ErNemW6WNsbRaNz3Q9qVQH,1957-03-22,1973-10-31,Regeringen Erlander II,försvarsminister
i-Lcd3uLV5ZW69Tt1s2baQhn,1957-03-22,1957-04-22,Regeringen Erlander II,kommunikationsminister
i-BSEtbZG4ePv3rfebXQWRkd,1957-03-22,1962-09-19,Regeringen Erlander III,socialminister
i-ErNemW6WNsbRaNz3Q9qVQH,1957-03-22,1973-10-31,Regeringen Erlander III,försvarsminister
i-ErNemW6WNsbRaNz3Q9qVQH,1957-03-22,1973-10-31,Regeringen Palme I,försvarsminister
i-hZRRc3xfX1LHebPrPsSqz,1957-04-26,1965-11-25,Regeringen Erlander II,kommunikationsminister
i-hZRRc3xfX1LHebPrPsSqz,1957-04-26,1965-11-25,Regeringen Erlander III,kommunikationsminister
i-T6dd3fn3avyoiNYJk3XNTR,1957-07-29,1957-10-31,Regeringen Erlander II,jordbruksminister
i-NSMFyosx2ufUQRs2ESaadd,1957-09-20,1959-12-01,Regeringen Erlander II,justitieminister
i-NSMFyosx2ufUQRs2ESaadd,1957-09-20,1959-12-01,Regeringen Erlander III,justitieminister
i-8FeKtrT5DmgTKt1JtCcHmB,1957-10-01,1957-10-31,Regeringen Erlander II,konsultativt statsråd
i-2E2N5MpZ8PjBpuMWc4jqhz,1957-10-31,1969-01-25,Regeringen Erlander III,inrikesminister
i-8FeKtrT5DmgTKt1JtCcHmB,1957-10-31,1967-09-29,Regeringen Erlander III,ecklesiastikminister
i-99KJS3F82n3svGRv82RqRZ,1957-10-31,1958-08-29,Regeringen Erlander III,konsultativt statsråd
i-NU6x9tMTEWYvgbt2N6RDK,1957-10-31,1961-11-24,Regeringen Erlander III,jordbruksminister
i-V5ZxzuUFeNKDvdZPatnBtH,1958-08-29,1963-04-19,Regeringen Erlander III,konsultativt statsråd
i-V5ZxzuUFeNKDvdZPatnBtH,1958-08-29,1963-04-19,Regeringen Erlander III,ungdomsminister
i-U22vAKBq8RA2Ji6KCU4j6Z,1959-12-01,1969-10-14,Regeringen Erlander III,justitieminister
i-Ua1nqYCRbnUSNc5Tw1tXiK,1961-11-25,1969-01-24,Regeringen Erlander III,jordbruksminister
i-BSEtbZG4ePv3rfebXQWRkd,1962-09-19,1971-06-30,Regeringen Erlander III,utrikesminister
i-6yryP5FsumcdXgD5cb8aDF,1962-09-19,1976-10-08,Regeringen Palme I,socialminister
i-BSEtbZG4ePv3rfebXQWRkd,1962-09-19,1971-06-30,Regeringen Palme I,utrikesminister
i-DKX1MP4aaNtFZSpMKXCwY,1963-04-19,1965-11-25,Regeringen Erlander III,ungdomsminister
i-2pEgGvjfozTyRxyzmLZFo2,1965-08-13,1967-09-29,Regeringen Erlander III,konsultativt statsråd
i-PxXnoHZ17qEdb9ZZ9xZFF,1965-09-15,1969-06-27,Regeringen Erlander III,civilminister
i-DKX1MP4aaNtFZSpMKXCwY,1965-11-25,1967-09-28,Regeringen Erlander III,kommunikationsminister
i-2wqSLYX3KMpYHr9NReDRzj,1966-12-09,1969-10-14,Regeringen Erlander III,konsultativt statsråd
i-B4nu9XszBXgUbk8rfByBoJ,1967-01-09,1973-11-03,Regeringen Erlander III,invandrarminister
i-B4nu9XszBXgUbk8rfByBoJ,1967-01-09,1969-10-14,Regeringen Erlander III,konsultativt statsråd
i-B4nu9XszBXgUbk8rfByBoJ,1967-01-09,1973-11-03,Regeringen Palme I,invandrarminister
i-PrkaUkuoauE9i2124cj3AX,1967-02-28,1968-12-31,Regeringen Erlander III,biträdande finansminister
i-2pEgGvjfozTyRxyzmLZFo2,1967-09-29,1969-06-27,Regeringen Erlander III,kommunikationsminister
i-DKX1MP4aaNtFZSpMKXCwY,1967-09-29,1967-12-31,Regeringen Erlander III,ecklesiastikminister
i-QPZoWKCvCmfTAWBDnrZkyr,1967-09-29,1973-11-03,Regeringen Erlander III,skolminister
i-QPZoWKCvCmfTAWBDnrZkyr,1967-09-29,1973-11-03,Regeringen Palme I,skolminister
i-DKX1MP4aaNtFZSpMKXCwY,1968-01-01,1969-10-14,Regeringen Erlander III,utbildningsminister
i-PrkaUkuoauE9i2124cj3AX,1969-01-01,1971-06-30,Regeringen Erlander III,näringsminister
i-PrkaUkuoauE9i2124cj3AX,1969-01-01,1971-06-30,Regeringen Palme I,näringsminister
i-PiA69Zron44x5fF1pHdUBo,1969-01-25,1973-11-02,Regeringen Erlander III,jordbruksminister
i-Ua1nqYCRbnUSNc5Tw1tXiK,1969-01-25,1973-11-03,Regeringen Erlander III,inrikesminister
i-PiA69Zron44x5fF1pHdUBo,1969-01-25,1973-11-02,Regeringen Palme I,jordbruksminister
i-Ua1nqYCRbnUSNc5Tw1tXiK,1969-01-25,1973-11-03,Regeringen Palme I,inrikesminister
i-2pEgGvjfozTyRxyzmLZFo2,1969-06-27,1973-10-31,Regeringen Erlander III,civilminister
i-2pEgGvjfozTyRxyzmLZFo2,1969-06-27,1973-10-31,Regeringen Palme I,civilminister
i-TRwqmRRb2L7vgDjft4i5Z,1969-07-01,1976-10-08,Regeringen Erlander III,kommunikationsminister
i-TRwqmRRb2L7vgDjft4i5Z,1969-07-01,1976-10-08,Regeringen Palme I,kommunikationsminister
i-2wqSLYX3KMpYHr9NReDRzj,1969-10-14,1976-10-08,Regeringen Palme I,justitieminister
i-9oymRiJJCuDafQz6ywVqQ4,1969-10-14,1975-11-01,Regeringen Palme I,löneminister
i-B4nu9XszBXgUbk8rfByBoJ,1969-10-14,1976-10-08,Regeringen Palme I,konsultativt statsråd
i-B4nu9XszBXgUbk8rfByBoJ,1969-10-14,1973-11-03,Regeringen Palme I,ungdomsminister
i-Uvs6wJSKDGeqbWbAmWFoBe,1969-10-14,1973-11-03,Regeringen Palme I,samfundsminister
i-WYkrZExE7jfwHjmfH1DPwg,1969-10-14,1973-11-02,Regeringen Palme I,utbildningsminister
i-YL4aQfT264wNd4jTiiKUox,1969-10-14,1974-12-31,Regeringen Palme I,konsultativt statsråd
i-QSBS4dqtsRDzm8fcNNRFaC,1970-10-03,1976-10-08,Regeringen Palme I,minister för nordiskt samarbete
i-QSBS4dqtsRDzm8fcNNRFaC,1970-10-09,1975-10-27,Regeringen Palme I,handelsminister
i-2E2N5MpZ8PjBpuMWc4jqhz,1971-06-30,1976-10-08,Regeringen Palme I,näringsminister
i-PrkaUkuoauE9i2124cj3AX,1971-06-30,1973-11-03,Regeringen Palme I,utrikesminister
i-Ua1nqYCRbnUSNc5Tw1tXiK,1973,1976,Regeringen Palme I,försvarsminister
i-2pEgGvjfozTyRxyzmLZFo2,1973-10-31,1976-10-08,Regeringen Palme I,jordbruksminister
i-2pEgGvjfozTyRxyzmLZFo2,1973-11-03,,Regeringen Palme I,landsbygdsminister
i-EKAdp351JQgZiMQXg875jB,1973-11-03,1976-10-08,Regeringen Palme I,biståndsminister
i-ErNemW6WNsbRaNz3Q9qVQH,1973-11-03,1976-10-08,Regeringen Palme I,utrikesminister
i-FLEUnTue6oAgyDmZZjwLh8,1973-11-03,1976-10-08,Regeringen Palme I,invandrarminister
i-FLEUnTue6oAgyDmZZjwLh8,1973-11-03,1976-10-08,Regeringen Palme I,jämställdhetsminister
i-NNg3rVUKuVF2eKT1NULEhB,1973-11-03,1976-10-08,Regeringen Palme I,utbildningsminister
i-PiA69Zron44x5fF1pHdUBo,1973-11-03,1973-12-31,Regeringen Palme I,inrikesminister
i-PxXnoHZ17qEdb9ZZ9xZFF,1973-11-03,1976-10-08,Regeringen Palme I,samfundsminister
i-WAR7Xtq5vM5vhtMxcKDZv4,1973-11-03,1973-12-31,Regeringen Palme I,civilminister
i-WAR7Xtq5vM5vhtMxcKDZv4,1973-11-03,1976-10-08,Regeringen Palme I,samfundsminister
i-PiA69Zron44x5fF1pHdUBo,1974-01-01,1976-10-08,Regeringen Palme I,arbetsmarknadsminister
i-WAR7Xtq5vM5vhtMxcKDZv4,1974-01-01,1976-10-08,Regeringen Palme I,kommunminister
i-WYkrZExE7jfwHjmfH1DPwg,1974-01-01,1976-10-08,Regeringen Palme I,bostadsminister
i-SySN6qMqpcrxHXHJgwvJdT,1974-01-04,,Regeringen Palme I,skolminister
i-3urySgCAk2SuFz1BB8TX5x,1975-01-01,1976-10-08,Regeringen Palme I,Statsministerns ställföretädare
i-YL4aQfT264wNd4jTiiKUox,1975-01-01,1975-11-01,Regeringen Palme I,samordningsminister
i-8rjVavTFp7UjLy1RbrHnia,1975-11-01,1976-10-08,Regeringen Palme I,samordningsminister
i-QSBS4dqtsRDzm8fcNNRFaC,1975-11-01,1976-10-08,Regeringen Palme I,löneminister
i-YL4aQfT264wNd4jTiiKUox,1975-11-10,1976-10-08,Regeringen Palme I,handelsminister
i-3ChvFB2zr9iHy1ZRMn1Ban,1976-10-08,1976-11-25,Regeringen Fälldin I,biträdande finansminister
i-3R2qbKpVQbNv7BvXe7jvcr,1976-10-08,1978-10-18,Regeringen Fälldin I,jordbruksminister
i-4UgQ2nJDsz9iU1xxKcTpmu,1976-10-08,1978-10-18,Regeringen Fälldin I,bostadsminister
i-4uJEFdvmwfbMmozZhv5XDY,1976-10-08,1978-10-18,Regeringen Fälldin I,biståndsminister
i-8aNTXCV4f9MdU7Dz15ZXyB,1976-10-08,1978-03-07,Regeringen Fälldin I,Statsministerns ställföretädare
i-8aNTXCV4f9MdU7Dz15ZXyB,1976-10-08,1978-03-07,Regeringen Fälldin I,arbetsmarknadsminister
i-8aNTXCV4f9MdU7Dz15ZXyB,1976-10-08,1977-01-11,Regeringen Fälldin I,invandrarminister
i-8aNTXCV4f9MdU7Dz15ZXyB,1976-10-08,1978-03-07,Regeringen Fälldin I,jämställdhetsminister
i-9DETYuf2xa4o1AQ7HpbNMT,1976-10-08,1978-10-18,Regeringen Fälldin I,handelsminister
i-9MFHjq6CgKrRzcV8mJqNJd,1976-10-08,1978-10-18,Regeringen Fälldin I,kommunminister
i-9MFHjq6CgKrRzcV8mJqNJd,1976-10-08,1978-10-18,Regeringen Fälldin I,minister för nordiskt samarbete
i-9MFHjq6CgKrRzcV8mJqNJd,1976-10-08,1978-10-18,Regeringen Fälldin I,samfundsminister
i-BjNiod8wotUabh41ByfhRU,1976-10-08,1978-10-18,Regeringen Fälldin I,kommunikationsminister
i-BkQoi6KA1EKK9EEJhT16Cz,1976-10-08,1978-10-18,Regeringen Fälldin I,sjukvårdsminister
i-FrizKF8qiYUeCD64QhzzFt,1976-10-08,1978-10-18,Regeringen Fälldin I,energiminister
i-LQKP5CDY62YpFZWUbs7QiW,1976-10-08,1976-11-24,Regeringen Fälldin I,finansminister
i-M584LNfWt4DmybohxUfGwq,1976-10-08,1979-10-12,Regeringen Fälldin I,justitieminister
i-P7oVLGoBfbz4RGE5XkQtLN,1976-10-08,1982-10-08,Regeringen Fälldin I,utbildningsminister
i-QhnsQ4XHA6EXWk4gj8dW77,1976-10-08,1978-10-18,Regeringen Fälldin I,näringsminister
i-TS1cfMCbC2M6YMwsFAgdXD,1976-10-08,1978-10-18,Regeringen Fälldin I,skolminister
i-XrDegv7uQGz4MSbepK4txd,1976-10-08,1978-10-18,Regeringen Fälldin I,utrikesminister
i-Y2s3vw3xfBnmDmMhCYX6QJ,1976-10-08,1978-10-18,Regeringen Fälldin I,socialminister
i-P7oVLGoBfbz4RGE5XkQtLN,1976-10-08,1982-10-08,Regeringen Fälldin II,utbildningsminister
i-P7oVLGoBfbz4RGE5XkQtLN,1976-10-08,1982-10-08,Regeringen Fälldin III,utbildningsminister
i-M584LNfWt4DmybohxUfGwq,1976-10-08,1979-10-12,Regeringen Ullsten,justitieminister
i-P7oVLGoBfbz4RGE5XkQtLN,1976-10-08,1982-10-08,Regeringen Ullsten,utbildningsminister
i-3ChvFB2zr9iHy1ZRMn1Ban,1976-11-25,1980-07-31,Regeringen Fälldin I,budgetminister
i-LQKP5CDY62YpFZWUbs7QiW,1976-11-25,1978-10-18,Regeringen Fälldin I,ekonomiminister
i-3ChvFB2zr9iHy1ZRMn1Ban,1976-11-25,1980-07-31,Regeringen Fälldin II,budgetminister
i-3ChvFB2zr9iHy1ZRMn1Ban,1976-11-25,1980-07-31,Regeringen Ullsten,budgetminister
i-4uJEFdvmwfbMmozZhv5XDY,1977-01-11,1978-03-07,Regeringen Fälldin I,invandrarminister
i-4uJEFdvmwfbMmozZhv5XDY,1978-03-07,1978-10-18,Regeringen Fälldin I,Statsministerns ställföretädare
i-BtQ4ubBXfEg4xPiwpPM4Vt,1978-03-07,1980-07-31,Regeringen Fälldin I,arbetsmarknadsminister
i-BtQ4ubBXfEg4xPiwpPM4Vt,1978-03-07,1978-10-18,Regeringen Fälldin I,invandrarminister
i-BtQ4ubBXfEg4xPiwpPM4Vt,1978-03-07,1978-10-18,Regeringen Fälldin I,jämställdhetsminister
i-BtQ4ubBXfEg4xPiwpPM4Vt,1978-03-07,1980-07-31,Regeringen Fälldin II,arbetsmarknadsminister
i-BtQ4ubBXfEg4xPiwpPM4Vt,1978-03-07,1980-07-31,Regeringen Ullsten,arbetsmarknadsminister
i-3ChvFB2zr9iHy1ZRMn1Ban,1978-10-18,1979-10-12,Regeringen Ullsten,ekonomiminister
i-5FsdBgp7zC1W8jXSUkwwDq,1978-10-18,1982-10-08,Regeringen Ullsten,bostadsminister
i-6urxgdf58MtCjRKnNx4LtW,1978-10-18,1979-10-12,Regeringen Ullsten,kommunminister
i-6urxgdf58MtCjRKnNx4LtW,1978-10-18,1979-10-12,Regeringen Ullsten,minister för nordiskt samarbete
i-6urxgdf58MtCjRKnNx4LtW,1978-10-18,1979-10-12,Regeringen Ullsten,samfundsminister
i-75bBbpHe89LN2m6ZuVzDBd,1978-10-18,1979-10-12,Regeringen Ullsten,löneminister
i-7JiYVDnK37xg39yjTzjQ3r,1978-10-18,1979-10-12,Regeringen Ullsten,sjukvårdsminister
i-7ds99BkmLPWLP4KGmbRfzB,1978-10-18,1979-10-12,Regeringen Ullsten,skolminister
i-9iNp1MZbdkNsrM73feEQmc,1978-10-18,1979-10-12,Regeringen Ullsten,energiminister
i-9iNp1MZbdkNsrM73feEQmc,1978-10-18,1979-10-12,Regeringen Ullsten,samordningsminister
i-Bx9fbNBh4ybH7H2kWavRdb,1978-10-18,1979-10-12,Regeringen Ullsten,socialminister
i-CbP8sTV35SJqStcUchg5Qq,1978-10-18,1979-10-12,Regeringen Ullsten,näringsminister
i-EjgCsasV3xuCur7HxqaNHA,1978-10-18,1979-10-12,Regeringen Ullsten,handelsminister
i-F4Pzs4iARRvqG686ESA9J,1978-10-18,1979-10-12,Regeringen Ullsten,kommunikationsminister
i-GebX3kmqSPBTWucSe5EXUh,1978-10-18,1979-10-12,Regeringen Ullsten,utrikesminister
i-M584LNfWt4DmybohxUfGwq,1978-10-18,1979-10-12,Regeringen Ullsten,Statsministerns ställföretädare
i-TLnEcKgBYha1pdFTVEbAvk,1978-10-18,1979-10-12,Regeringen Ullsten,jordbruksminister
i-UTp2h4U19YnGkWT1oeLekG,1978-10-18,1979-10-12,Regeringen Ullsten,invandrarminister
i-UTp2h4U19YnGkWT1oeLekG,1978-10-18,1979-10-12,Regeringen Ullsten,jämställdhetsminister
i-3ChvFB2zr9iHy1ZRMn1Ban,1979-10-12,1980-07-31,Regeringen Fälldin II,Statsministerns ställföretädare
i-3QJB8TPpzWzbukAybvx5SF,1979-10-12,1981-05-05,Regeringen Fälldin II,sjukvårdsminister
i-3R2qbKpVQbNv7BvXe7jvcr,1979-10-12,1982-10-04,Regeringen Fälldin II,jordbruksminister
i-4Fpaw3XcFb6Gne8E62mhr1,1979-10-12,1982-10-08,Regeringen Fälldin II,kommunminister
i-4Fpaw3XcFb6Gne8E62mhr1,1979-10-12,1982-10-08,Regeringen Fälldin II,samfundsminister
i-4uJEFdvmwfbMmozZhv5XDY,1979-10-12,1982-10-08,Regeringen Fälldin II,utrikesminister
i-8DX2HEsXGBiY7R9ZYRTmeN,1979-10-12,1982-10-08,Regeringen Fälldin II,invandrarminister
i-8DX2HEsXGBiY7R9ZYRTmeN,1979-10-12,1982-10-08,Regeringen Fälldin II,jämställdhetsminister
i-9DETYuf2xa4o1AQ7HpbNMT,1979-10-12,1981-05-05,Regeringen Fälldin II,handelsminister
i-9DETYuf2xa4o1AQ7HpbNMT,1979-10-12,1981-05-05,Regeringen Fälldin II,minister för nordiskt samarbete
i-FrizKF8qiYUeCD64QhzzFt,1979-10-12,1982-10-08,Regeringen Fälldin II,konsultativt statsråd
i-FrizKF8qiYUeCD64QhzzFt,1979-10-12,1982-10-08,Regeringen Fälldin II,löneminister
i-LQKP5CDY62YpFZWUbs7QiW,1979-10-12,1981-05-05,Regeringen Fälldin II,ekonomiminister
i-Li9GYUci4aMEKpg1gPEqQi,1979-10-12,1981-05-05,Regeringen Fälldin II,justitieminister
i-Pe1ftVDt68xexZMLUFEKsL,1979-10-12,1981-05-05,Regeringen Fälldin II,kommunikationsminister
i-QQjz7bn6czWU6491kCicK9,1979-10-12,1981-05-05,Regeringen Fälldin II,planminister
i-QhnsQ4XHA6EXWk4gj8dW77,1979-10-12,1982-10-08,Regeringen Fälldin II,näringsminister
i-TS1cfMCbC2M6YMwsFAgdXD,1979-10-12,1981-05-05,Regeringen Fälldin II,skolminister
i-XrDegv7uQGz4MSbepK4txd,1979-10-12,1982-10-08,Regeringen Fälldin II,socialminister
i-3R2qbKpVQbNv7BvXe7jvcr,1979-10-12,1982-10-04,Regeringen Fälldin III,jordbruksminister
i-4Fpaw3XcFb6Gne8E62mhr1,1979-10-12,1982-10-08,Regeringen Fälldin III,kommunminister
i-4Fpaw3XcFb6Gne8E62mhr1,1979-10-12,1982-10-08,Regeringen Fälldin III,samfundsminister
i-4uJEFdvmwfbMmozZhv5XDY,1979-10-12,1982-10-08,Regeringen Fälldin III,utrikesminister
i-8DX2HEsXGBiY7R9ZYRTmeN,1979-10-12,1982-10-08,Regeringen Fälldin III,invandrarminister
i-8DX2HEsXGBiY7R9ZYRTmeN,1979-10-12,1982-10-08,Regeringen Fälldin III,jämställdhetsminister
i-FrizKF8qiYUeCD64QhzzFt,1979-10-12,1982-10-08,Regeringen Fälldin III,konsultativt statsråd
i-FrizKF8qiYUeCD64QhzzFt,1979-10-12,1982-10-08,Regeringen Fälldin III,löneminister
i-QhnsQ4XHA6EXWk4gj8dW77,1979-10-12,1982-10-08,Regeringen Fälldin III,näringsminister
i-XrDegv7uQGz4MSbepK4txd,1979-10-12,1982-10-08,Regeringen Fälldin III,socialminister
i-K2W1rmLKCnHqkbBnbobd81,1979-11-06,1981-05-22,Regeringen Fälldin II,energiminister
i-K2W1rmLKCnHqkbBnbobd81,1979-11-06,1981-05-22,Regeringen Fälldin II,straffrättsminister
i-788GHtzSVWps3NNq8zFMiq,1980-07-31,1982-10-08,Regeringen Fälldin II,arbetsmarknadsminister
i-788GHtzSVWps3NNq8zFMiq,1980-07-31,1982-10-08,Regeringen Fälldin III,arbetsmarknadsminister
i-4uJEFdvmwfbMmozZhv5XDY,1980-08-01,1982-10-08,Regeringen Fälldin II,Statsministerns ställföretädare
i-BtQ4ubBXfEg4xPiwpPM4Vt,1980-08-01,1982-10-08,Regeringen Fälldin II,budgetminister
i-4uJEFdvmwfbMmozZhv5XDY,1980-08-01,1982-10-08,Regeringen Fälldin III,Statsministerns ställföretädare
i-BtQ4ubBXfEg4xPiwpPM4Vt,1980-08-01,1982-10-08,Regeringen Fälldin III,budgetminister
i-3R2qbKpVQbNv7BvXe7jvcr,1981-05-05,,Regeringen Fälldin II,försvarsminister
i-BtQ4ubBXfEg4xPiwpPM4Vt,1981-05-05,,Regeringen Fälldin II,ekonomiminister
i-FrizKF8qiYUeCD64QhzzFt,1981-05-05,,Regeringen Fälldin II,infrastrukturminister
i-FrizKF8qiYUeCD64QhzzFt,1981-05-05,1981-05-22,Regeringen Fälldin II,kommunikationsminister
i-K2W1rmLKCnHqkbBnbobd81,1981-05-05,1982-10-08,Regeringen Fälldin II,justitieminister
i-P7oVLGoBfbz4RGE5XkQtLN,1981-05-05,1981-05-22,Regeringen Fälldin II,handelsminister
i-P7oVLGoBfbz4RGE5XkQtLN,1981-05-05,1981-05-22,Regeringen Fälldin II,minister för nordiskt samarbete
i-BtQ4ubBXfEg4xPiwpPM4Vt,1981-05-05,1982-10-08,Regeringen Fälldin III,ekonomiminister
i-K2W1rmLKCnHqkbBnbobd81,1981-05-05,1982-10-08,Regeringen Fälldin III,justitieminister
i-67kiTFbXU3qDiVNVin2wTU,1981-05-22,1982-10-08,Regeringen Fälldin III,handelsminister
i-67kiTFbXU3qDiVNVin2wTU,1981-05-22,1982-10-08,Regeringen Fälldin III,minister för nordiskt samarbete
i-788GHtzSVWps3NNq8zFMiq,1981-05-22,1982-10-08,Regeringen Fälldin III,energiminister
i-DDBp1Uv1xUyCgUST4Mk7Ub,1981-05-22,1982-10-08,Regeringen Fälldin III,sjukvårdsminister
i-P4Whrc3PQ9jPwPpdLqCHem,1981-05-22,1982-10-08,Regeringen Fälldin III,kommunikationsminister
i-SD9pkoqRT5Wh44pQmYMCqD,1981-05-22,1982-10-08,Regeringen Fälldin III,skolminister
i-SD9pkoqRT5Wh44pQmYMCqD,1981-05-22,1982-10-08,Regeringen Fälldin III,ungdomsminister
i-HGfALYBg5SLYb8z1er3XK1,1982,1985,Regeringen Palme II,kommunikationsminister
i-P4Whrc3PQ9jPwPpdLqCHem,1982-10-04,1982-10-08,Regeringen Fälldin III,jordbruksminister
i-P4Whrc3PQ9jPwPpdLqCHem,1982-10-04,,Regeringen Fälldin III,landsbygdsminister
i-2pEgGvjfozTyRxyzmLZFo2,1982-10-08,1989-12-31,Regeringen Carlsson I,jordbruksminister
i-2pEgGvjfozTyRxyzmLZFo2,1982-10-08,1986-10-10,Regeringen Carlsson I,minister för nordiskt samarbete
i-3M1s36ECJm8aj113TDC85w,1982-10-08,1988-10-04,Regeringen Carlsson I,samfundsminister
i-8rjVavTFp7UjLy1RbrHnia,1982-10-08,1988-09-30,Regeringen Carlsson I,näringsminister
i-BFGDB1bJnGJ9rKYG9ZeVSr,1982-10-08,1991-10-04,Regeringen Carlsson I,kulturminister
i-BFGDB1bJnGJ9rKYG9ZeVSr,1982-10-08,1989-01-30,Regeringen Carlsson I,skolminister
i-BZDMLaDZjTMLecbbyhYS3t,1982-10-08,1986-10-10,Regeringen Carlsson I,minister för nordiskt samarbete
i-FLEUnTue6oAgyDmZZjwLh8,1982-10-08,1987-10-19,Regeringen Carlsson I,arbetsmarknadsminister
i-K7A3HxRuQWaoRkthu77uVa,1982-10-08,1986-10-10,Regeringen Carlsson I,invandrarminister
i-K7A3HxRuQWaoRkthu77uVa,1982-10-08,1986-10-10,Regeringen Carlsson I,jämställdhetsminister
i-WAR7Xtq5vM5vhtMxcKDZv4,1982-10-08,1988-10-04,Regeringen Carlsson I,bostadsminister
i-YUKjmPPD3LmjeCPdQWkuEh,1982-10-08,1990-02-27,Regeringen Carlsson I,energiminister
i-BFGDB1bJnGJ9rKYG9ZeVSr,1982-10-08,1991-10-04,Regeringen Carlsson II,kulturminister
i-2pEgGvjfozTyRxyzmLZFo2,1982-10-08,1989-12-31,Regeringen Palme II,jordbruksminister
i-2pEgGvjfozTyRxyzmLZFo2,1982-10-08,1986-10-10,Regeringen Palme II,minister för nordiskt samarbete
i-3M1s36ECJm8aj113TDC85w,1982-10-08,1982-12-31,Regeringen Palme II,kommunminister
i-3M1s36ECJm8aj113TDC85w,1982-10-08,1988-10-04,Regeringen Palme II,samfundsminister
i-8rjVavTFp7UjLy1RbrHnia,1982-10-08,1988-09-30,Regeringen Palme II,näringsminister
i-BFGDB1bJnGJ9rKYG9ZeVSr,1982-10-08,1991-10-04,Regeringen Palme II,kulturminister
i-BFGDB1bJnGJ9rKYG9ZeVSr,1982-10-08,1989-01-30,Regeringen Palme II,skolminister
i-EKAdp351JQgZiMQXg875jB,1982-10-08,1985-10-16,Regeringen Palme II,sjukvårdsminister
i-FLEUnTue6oAgyDmZZjwLh8,1982-10-08,1987-10-19,Regeringen Palme II,arbetsmarknadsminister
i-K7A3HxRuQWaoRkthu77uVa,1982-10-08,1986-10-10,Regeringen Palme II,invandrarminister
i-K7A3HxRuQWaoRkthu77uVa,1982-10-08,1986-10-10,Regeringen Palme II,jämställdhetsminister
i-LjtwJxDCPGUHPFuX9WhngD,1982-10-08,1985-10-16,Regeringen Palme II,socialminister
i-QSBS4dqtsRDzm8fcNNRFaC,1982-10-08,1982-12-31,Regeringen Palme II,budgetminister
i-QSBS4dqtsRDzm8fcNNRFaC,1982-10-08,1982-12-31,Regeringen Palme II,ekonomiminister
i-Swj9MJpeW2AoQ6xU1k7jnv,1982-10-08,1985-09-30,Regeringen Palme II,biträdande industriminister
i-SySN6qMqpcrxHXHJgwvJdT,1982-10-08,1985-10-16,Regeringen Palme II,utbildningsminister
i-VChpD1cxp66qPxcyfhpJrB,1982-10-08,1983-11-10,Regeringen Palme II,justitieminister
i-VxBS1HHcrVMPJcDXUTpFJS,1982-10-08,1982-12-31,Regeringen Palme II,handelsminister
i-VxBS1HHcrVMPJcDXUTpFJS,1982-10-08,1985-10-17,Regeringen Palme II,utrikesminister
i-WAR7Xtq5vM5vhtMxcKDZv4,1982-10-08,1988-10-04,Regeringen Palme II,bostadsminister
i-WYkrZExE7jfwHjmfH1DPwg,1982-10-08,1986-03-13,Regeringen Palme II,Statsministerns ställföretädare
i-YUKjmPPD3LmjeCPdQWkuEh,1982-10-08,1990-02-27,Regeringen Palme II,energiminister
i-HGfALYBg5SLYb8z1er3XK1,1982-12-01,1983-01-17,Regeringen Palme II,försvarsminister
i-GwSWKqF8wUht9mCcC5zupF,1983,1987-10-19,Regeringen Carlsson I,justitieminister
i-GwSWKqF8wUht9mCcC5zupF,1983,1987-10-19,Regeringen Palme II,justitieminister
i-BZDMLaDZjTMLecbbyhYS3t,1983-01-01,1986-10-09,Regeringen Carlsson I,utrikeshandelsminister
i-QSBS4dqtsRDzm8fcNNRFaC,1983-01-01,1990-02-16,Regeringen Carlsson I,finansminister
i-3M1s36ECJm8aj113TDC85w,1983-01-01,,Regeringen Palme II,civilminister
i-BZDMLaDZjTMLecbbyhYS3t,1983-01-01,1986-10-09,Regeringen Palme II,utrikeshandelsminister
i-QSBS4dqtsRDzm8fcNNRFaC,1983-01-01,1990-02-16,Regeringen Palme II,finansminister
i-MzhaAHmt5ryC3NbyzABfsA,1983-01-17,1985-10-14,Regeringen Palme II,försvarsminister
i-FLEUnTue6oAgyDmZZjwLh8,1983-11-11,1983-11-15,Regeringen Palme II,justitieminister
i-GwSWKqF8wUht9mCcC5zupF,1983-11-15,1987-10-19,Regeringen Carlsson I,justitieminister
i-GwSWKqF8wUht9mCcC5zupF,1983-11-15,1987-10-19,Regeringen Palme II,justitieminister
i-Swj9MJpeW2AoQ6xU1k7jnv,1985-07-01,1985-10-17,Regeringen Palme II,infrastrukturminister
i-Swj9MJpeW2AoQ6xU1k7jnv,1985-07-01,1985-10-17,Regeringen Palme II,kommunikationsminister
i-TgNr7w5KMUTB7gX5TMgE3U,1985-09-30,,Regeringen Palme II,sjukvårdsminister
i-WYkrZExE7jfwHjmfH1DPwg,1985-10-07,1986-02-28,Regeringen Palme II,miljöminister
i-Swj9MJpeW2AoQ6xU1k7jnv,1985-10-14,1991-10-04,Regeringen Carlsson I,försvarsminister
i-Swj9MJpeW2AoQ6xU1k7jnv,1985-10-14,1991-10-04,Regeringen Carlsson II,försvarsminister
i-Swj9MJpeW2AoQ6xU1k7jnv,1985-10-14,1991-10-04,Regeringen Palme II,försvarsminister
i-VPrEm3uqu94z7CJxXggcjD,1985-10-15,1988-10-04,Regeringen Carlsson I,konsumentminister
i-VPrEm3uqu94z7CJxXggcjD,1985-10-15,1988-10-04,Regeringen Carlsson I,löneminister
i-VPrEm3uqu94z7CJxXggcjD,1985-10-15,1988-10-04,Regeringen Palme II,konsumentminister
i-VPrEm3uqu94z7CJxXggcjD,1985-10-15,1988-10-04,Regeringen Palme II,löneminister
i-EKAdp351JQgZiMQXg875jB,1985-10-16,1989-01-29,Regeringen Carlsson I,socialminister
i-EKAdp351JQgZiMQXg875jB,1985-10-16,1989-01-29,Regeringen Palme II,socialminister
i-LjtwJxDCPGUHPFuX9WhngD,1985-10-17,1991-10-04,Regeringen Carlsson I,utrikesminister
i-SySN6qMqpcrxHXHJgwvJdT,1985-10-17,1991-10-04,Regeringen Carlsson I,biståndsminister
i-VxBS1HHcrVMPJcDXUTpFJS,1985-10-17,1989-01-29,Regeringen Carlsson I,utbildningsminister
i-LjtwJxDCPGUHPFuX9WhngD,1985-10-17,1991-10-04,Regeringen Carlsson II,utrikesminister
i-SySN6qMqpcrxHXHJgwvJdT,1985-10-17,1991-10-04,Regeringen Carlsson II,biståndsminister
i-LjtwJxDCPGUHPFuX9WhngD,1985-10-17,1991-10-04,Regeringen Palme II,utrikesminister
i-SySN6qMqpcrxHXHJgwvJdT,1985-10-17,1991-10-04,Regeringen Palme II,biståndsminister
i-VxBS1HHcrVMPJcDXUTpFJS,1985-10-17,1989-01-29,Regeringen Palme II,utbildningsminister
i-PNtNEDX6PkGV1MhkrC5uj1,1985-10-18,1989-01-29,Regeringen Carlsson I,kommunikationsminister
i-PNtNEDX6PkGV1MhkrC5uj1,1985-10-18,,Regeringen Palme II,infrastrukturminister
i-PNtNEDX6PkGV1MhkrC5uj1,1985-10-18,1989-01-29,Regeringen Palme II,kommunikationsminister
i-YUKjmPPD3LmjeCPdQWkuEh,1986-03-12,1991-10-04,Regeringen Carlsson I,miljöminister
i-YUKjmPPD3LmjeCPdQWkuEh,1986-03-12,1991-10-04,Regeringen Carlsson II,miljöminister
i-2pEgGvjfozTyRxyzmLZFo2,1986-03-13,1986-10-09,Regeringen Carlsson I,Statsministerns ställföretädare
i-BZDMLaDZjTMLecbbyhYS3t,1986-10-10,1991-10-04,Regeringen Carlsson I,jordbruksminister
i-BZDMLaDZjTMLecbbyhYS3t,1986-10-10,,Regeringen Carlsson I,landsbygdsminister
i-FLEUnTue6oAgyDmZZjwLh8,1986-10-10,1987-10-19,Regeringen Carlsson I,jämställdhetsminister
i-JgqDoQfn7LrFWFe8vQvbAc,1986-10-10,1991-10-04,Regeringen Carlsson I,idrottsminister
i-JgqDoQfn7LrFWFe8vQvbAc,1986-10-10,1988-10-04,Regeringen Carlsson I,minister för nordiskt samarbete
i-JgqDoQfn7LrFWFe8vQvbAc,1986-10-10,1988-10-04,Regeringen Carlsson I,ungdomsminister
i-K7A3HxRuQWaoRkthu77uVa,1986-10-10,1991-10-04,Regeringen Carlsson I,utrikeshandelsminister
i-QSBS4dqtsRDzm8fcNNRFaC,1986-10-10,1990-02-16,Regeringen Carlsson I,Statsministerns ställföretädare
i-Xrj5P46hsif4EVQjEQc8eH,1986-10-10,1989-01-29,Regeringen Carlsson I,invandrarminister
i-BZDMLaDZjTMLecbbyhYS3t,1986-10-10,1991-10-04,Regeringen Carlsson II,jordbruksminister
i-JgqDoQfn7LrFWFe8vQvbAc,1986-10-10,1991-10-04,Regeringen Carlsson II,idrottsminister
i-K7A3HxRuQWaoRkthu77uVa,1986-10-10,1991-10-04,Regeringen Carlsson II,utrikeshandelsminister
i-5CGPntyQKYyZVCsCYHPNrm,1987-10-19,1990-01-11,Regeringen Carlsson I,arbetsmarknadsminister
i-5CGPntyQKYyZVCsCYHPNrm,1987-10-19,1989-01-29,Regeringen Carlsson I,jämställdhetsminister
i-FLEUnTue6oAgyDmZZjwLh8,1987-10-19,1988-06-07,Regeringen Carlsson I,justitieminister
i-VPrEm3uqu94z7CJxXggcjD,1988,1991,Regeringen Carlsson I,civilminister
i-VPrEm3uqu94z7CJxXggcjD,1988,1991,Regeringen Carlsson II,civilminister
i-8rjVavTFp7UjLy1RbrHnia,1988-07-07,1988-09-30,Regeringen Carlsson I,justitieminister
i-WYkrZExE7jfwHjmfH1DPwg,1988-09-30,1988-10-04,Regeringen Carlsson I,justitieminister
i-WYkrZExE7jfwHjmfH1DPwg,1988-09-30,1988-10-04,Regeringen Carlsson I,näringsminister
i-4CwyNH4xXJhZj5wdBAzmSY,1988-10-04,1991-10-04,Regeringen Carlsson I,justitieminister
i-BAQZQCwvaeCDiXjeD54AnV,1988-10-04,1990-01-11,Regeringen Carlsson I,näringsminister
i-JgqDoQfn7LrFWFe8vQvbAc,1988-10-04,1991-10-04,Regeringen Carlsson I,bostadsminister
i-aihY66rhb8LqCkSn8GhKt,1988-10-04,1991-10-04,Regeringen Carlsson I,konsumentminister
i-aihY66rhb8LqCkSn8GhKt,1988-10-04,1991-10-04,Regeringen Carlsson I,samfundsminister
i-aihY66rhb8LqCkSn8GhKt,1988-10-04,1991-10-04,Regeringen Carlsson I,ungdomsminister
i-wfVKmWwu9tQqTHD55FwTQ,1988-10-04,1990-02-16,Regeringen Carlsson I,budgetminister
i-4CwyNH4xXJhZj5wdBAzmSY,1988-10-04,1991-10-04,Regeringen Carlsson II,justitieminister
i-JgqDoQfn7LrFWFe8vQvbAc,1988-10-04,1991-10-04,Regeringen Carlsson II,bostadsminister
i-aihY66rhb8LqCkSn8GhKt,1988-10-04,1991-10-04,Regeringen Carlsson II,konsumentminister
i-aihY66rhb8LqCkSn8GhKt,1988-10-04,1991-10-04,Regeringen Carlsson II,samfundsminister
i-aihY66rhb8LqCkSn8GhKt,1988-10-04,1991-10-04,Regeringen Carlsson II,ungdomsminister
i-3kAjBmVsLrV8XDTkSBhmB8,1989-01-29,1991-10-04,Regeringen Carlsson I,invandrarminister
i-3kAjBmVsLrV8XDTkSBhmB8,1989-01-29,1991-10-04,Regeringen Carlsson I,jämställdhetsminister
i-3kVCtR7mCK6mW2F6oaBMR5,1989-01-29,1991-10-04,Regeringen Carlsson I,skolminister
i-PNtNEDX6PkGV1MhkrC5uj1,1989-01-29,1990-01-11,Regeringen Carlsson I,socialminister
i-Xrj5P46hsif4EVQjEQc8eH,1989-01-29,,Regeringen Carlsson I,infrastrukturminister
i-Xrj5P46hsif4EVQjEQc8eH,1989-01-29,1990-02-27,Regeringen Carlsson I,kommunikationsminister
i-3kAjBmVsLrV8XDTkSBhmB8,1989-01-29,1991-10-04,Regeringen Carlsson II,invandrarminister
i-3kAjBmVsLrV8XDTkSBhmB8,1989-01-29,1991-10-04,Regeringen Carlsson II,jämställdhetsminister
i-3kVCtR7mCK6mW2F6oaBMR5,1989-01-29,1991-10-04,Regeringen Carlsson II,skolminister
i-BFGDB1bJnGJ9rKYG9ZeVSr,1989-01-30,1991-10-04,Regeringen Carlsson I,utbildningsminister
i-BFGDB1bJnGJ9rKYG9ZeVSr,1989-01-30,1991-10-04,Regeringen Carlsson II,utbildningsminister
i-5CGPntyQKYyZVCsCYHPNrm,1990-01-11,1991-10-04,Regeringen Carlsson I,socialminister
i-GFJcxAB9fyzG2VN1HakscJ,1990-01-11,1991-10-04,Regeringen Carlsson I,arbetsmarknadsminister
i-5CGPntyQKYyZVCsCYHPNrm,1990-01-11,1991-10-04,Regeringen Carlsson II,socialminister
i-GFJcxAB9fyzG2VN1HakscJ,1990-01-11,1991-10-04,Regeringen Carlsson II,arbetsmarknadsminister
i-4GVY7752otNoTwTzJjJXPV,1990-01-12,1991-10-04,Regeringen Carlsson I,energiminister
i-4GVY7752otNoTwTzJjJXPV,1990-01-12,1991-10-04,Regeringen Carlsson I,näringsminister
i-4GVY7752otNoTwTzJjJXPV,1990-01-12,1991-10-04,Regeringen Carlsson II,energiminister
i-4GVY7752otNoTwTzJjJXPV,1990-01-12,1991-10-04,Regeringen Carlsson II,näringsminister
i-SySN6qMqpcrxHXHJgwvJdT,1990-02-16,1990-02-27,Regeringen Carlsson I,Statsministerns ställföretädare
i-wfVKmWwu9tQqTHD55FwTQ,1990-02-16,1990-02-27,Regeringen Carlsson I,finansminister
i-76vYpYSFxb4errTa7fe3WJ,1990-02-27,1991-10-04,Regeringen Carlsson II,budgetminister
i-Nv77dySLCrLFFtvFyZSdjG,1990-02-27,1991-10-04,Regeringen Carlsson II,finansminister
i-wfVKmWwu9tQqTHD55FwTQ,1990-02-27,1991-10-04,Regeringen Carlsson II,Statsministerns ställföretädare
i-2QUfvPky9KMrG7dAcNtDxu,1991-10-04,1994-10-07,Regeringen Carl Bildt,EU-minister
i-2QUfvPky9KMrG7dAcNtDxu,1991-10-04,1994-10-07,Regeringen Carl Bildt,utrikeshandelsminister
i-3rnEh52NL7CXPJYcg4p7bD,1991-10-04,1994-10-07,Regeringen Carl Bildt,justitieminister
i-4i5vpDVzDizjgGeYkeoK2E,1991-10-04,1994-10-07,Regeringen Carl Bildt,idrottsminister
i-4i5vpDVzDizjgGeYkeoK2E,1991-10-04,1994-10-07,Regeringen Carl Bildt,skatteminister
i-5FsdBgp7zC1W8jXSUkwwDq,1991-10-04,1991-12-31,Regeringen Carl Bildt,bostadsminister
i-5FsdBgp7zC1W8jXSUkwwDq,1991-10-04,1994-10-07,Regeringen Carl Bildt,invandrarminister
i-5FsdBgp7zC1W8jXSUkwwDq,1991-10-04,1994-10-07,Regeringen Carl Bildt,kulturminister
i-6LsHqox8MeZANsGwVPy5Sr,1991-10-04,1994-10-07,Regeringen Carl Bildt,biträdande justitieminister
i-9J1gmLVJSnGBRMzrAVvtvR,1991-10-04,1994-10-07,Regeringen Carl Bildt,finansminister
i-BbWhKN8LYooYPeK77uLHBD,1991-10-04,1994-10-07,Regeringen Carl Bildt,utbildningsminister
i-CVa3GtLUphESXFxPuwSvNV,1991-10-04,1994-10-07,Regeringen Carl Bildt,jordbruksminister
i-D74cdq6EQpWG5dWigfnSSw,1991-10-04,1994-10-07,Regeringen Carl Bildt,energiminister
i-D74cdq6EQpWG5dWigfnSSw,1991-10-04,1994-10-07,Regeringen Carl Bildt,näringsminister
i-F75GdyfEGNRiwZrKbuWUGy,1991-10-04,1994-10-07,Regeringen Carl Bildt,arbetsmarknadsminister
i-FrizKF8qiYUeCD64QhzzFt,1991-10-04,1994-06-16,Regeringen Carl Bildt,miljöminister
i-FrizKF8qiYUeCD64QhzzFt,1991-10-04,1994-06-16,Regeringen Carl Bildt,minister för nordiskt samarbete
i-GvBe798bQfFYpnaboy7YCF,1991-10-04,1994-10-07,Regeringen Carl Bildt,försvarsminister
i-JZKa6caqdSKy8yhUyfEJeU,1991-10-04,1994-10-07,Regeringen Carl Bildt,sjukvårdsminister
i-JZKa6caqdSKy8yhUyfEJeU,1991-10-04,1994-10-07,Regeringen Carl Bildt,socialförsäkringsminister
i-MYV5TtBU5tQGwqDu4dq25s,1991-10-04,1994-10-07,Regeringen Carl Bildt,Statsministerns ställföretädare
i-MYV5TtBU5tQGwqDu4dq25s,1991-10-04,1994-10-07,Regeringen Carl Bildt,socialminister
i-PRHkYxGCaT2cbJpjjfnRtn,1991-10-04,1994-10-07,Regeringen Carl Bildt,skolminister
i-QrnhMBZLsGdbeBasmoTLpZ,1991-10-04,1994-10-07,Regeringen Carl Bildt,kommunikationsminister
i-TRhFqW81mc6ziiCGTSe6zp,1991-10-04,1994-10-07,Regeringen Carl Bildt,utrikesminister
i-TX8UjKrUpUeZgE2dqKJCFc,1991-10-04,1994-06-16,Regeringen Carl Bildt,planminister
i-WCrN5vpCNm6z9SvfXfby4e,1991-10-04,1994-10-07,Regeringen Carl Bildt,biståndsminister
i-h1aVBzexdmWPt4dFvXiYA,1991-10-04,1994-10-07,Regeringen Carl Bildt,konsumentminister
i-h1aVBzexdmWPt4dFvXiYA,1991-10-04,1994-10-07,Regeringen Carl Bildt,samfundsminister
i-h1aVBzexdmWPt4dFvXiYA,1991-10-04,1994-10-07,Regeringen Carl Bildt,ungdomsminister
i-h1aVBzexdmWPt4dFvXiYA,1991-10-21,1994-10-07,Regeringen Carl Bildt,civilminister
i-5FsdBgp7zC1W8jXSUkwwDq,1991-12-01,1993,Regeringen Carl Bildt,jämställdhetsminister
i-MYV5TtBU5tQGwqDu4dq25s,1993-01-15,1994-10-07,Regeringen Carl Bildt,jämställdhetsminister
i-F75GdyfEGNRiwZrKbuWUGy,1994-06-16,1994-10-07,Regeringen Carl Bildt,minister för nordiskt samarbete
i-TX8UjKrUpUeZgE2dqKJCFc,1994-06-16,1994-10-02,Regeringen Carl Bildt,miljöminister
i-CVa3GtLUphESXFxPuwSvNV,1994-10-02,1994-10-07,Regeringen Carl Bildt,miljöminister
i-2vgVV6cyMz23oX8PyzP8Cm,1994-10-07,1996-02-05,Regeringen Carlsson III,näringsminister
i-3FEh1q844FM3qRDgqmfWSF,1994-10-07,1996-03-22,Regeringen Carlsson III,socialförsäkringsminister
i-3kVCtR7mCK6mW2F6oaBMR5,1994-10-07,1996-03-22,Regeringen Carlsson III,finansminister
i-3sPbyicZy7gfbq8RdVTQMb,1994-10-07,1998-10-07,Regeringen Carlsson III,kommunikationsminister
i-4CwyNH4xXJhZj5wdBAzmSY,1994-10-07,2000-09-21,Regeringen Carlsson III,justitieminister
i-4qJ1WSYreoe9MGDFPCwZKy,1994-10-07,1996-03-22,Regeringen Carlsson III,jordbruksminister
i-4tfAWyiZEpB3Ss1Fh6QzqC,1994-10-07,1996-03-21,Regeringen Carlsson III,bostadsminister
i-4tfAWyiZEpB3Ss1Fh6QzqC,1994-10-07,1996-03-22,Regeringen Carlsson III,energiminister
i-5CGPntyQKYyZVCsCYHPNrm,1994-10-07,1996-03-22,Regeringen Carlsson III,socialminister
i-5iuSCbAspakd6XhUXCtA5E,1994-10-07,1996-03-22,Regeringen Carlsson III,arbetsmarknadsminister
i-71Yvb2NTa6umiP8SCefQeg,1994-10-07,1996-03-22,Regeringen Carlsson III,samordningsminister
i-8jYVPLDFthDkyj9gDfqNy4,1994-10-07,1996-03-22,Regeringen Carlsson III,arbetsrättsminister
i-8jYVPLDFthDkyj9gDfqNy4,1994-10-07,1996-03-22,Regeringen Carlsson III,invandrarminister
i-8rjVavTFp7UjLy1RbrHnia,1994-10-07,1997-02-01,Regeringen Carlsson III,försvarsminister
i-9iNp1MZbdkNsrM73feEQmc,1994-10-07,1998-10-06,Regeringen Carlsson III,utbildningsminister
i-BZDMLaDZjTMLecbbyhYS3t,1994-10-07,1996-03-22,Regeringen Carlsson III,EU-minister
i-BZDMLaDZjTMLecbbyhYS3t,1994-10-07,1996-03-22,Regeringen Carlsson III,minister för nordiskt samarbete
i-BZDMLaDZjTMLecbbyhYS3t,1994-10-07,1996-03-22,Regeringen Carlsson III,utrikeshandelsminister
i-GFJcxAB9fyzG2VN1HakscJ,1994-10-07,1995-11-16,Regeringen Carlsson III,Statsministerns ställföretädare
i-JchxQfU1zc3XVbvadFgBSn,1994-10-07,1996-03-22,Regeringen Carlsson III,civilminister
i-JchxQfU1zc3XVbvadFgBSn,1994-10-07,1996-03-22,Regeringen Carlsson III,idrottsminister
i-JchxQfU1zc3XVbvadFgBSn,1994-10-07,1996-03-22,Regeringen Carlsson III,jämställdhetsminister
i-JchxQfU1zc3XVbvadFgBSn,1994-10-07,1996-03-22,Regeringen Carlsson III,konsumentminister
i-JchxQfU1zc3XVbvadFgBSn,1994-10-07,2004-09-13,Regeringen Carlsson III,samfundsminister
i-JchxQfU1zc3XVbvadFgBSn,1994-10-07,1996-03-22,Regeringen Carlsson III,ungdomsminister
i-S7LcGmD5NuSMrFDW8LBeJ1,1994-10-07,1998-10-07,Regeringen Carlsson III,miljöminister
i-SZKUTdtCrCo58yNCQsH76,1994-10-07,1998-10-06,Regeringen Carlsson III,skolminister
i-SySN6qMqpcrxHXHJgwvJdT,1994-10-07,1998-10-07,Regeringen Carlsson III,utrikesminister
i-T2zoKSjQ4xPQ7xSU1J4Axv,1994-10-07,1999-06-11,Regeringen Carlsson III,biståndsminister
i-aihY66rhb8LqCkSn8GhKt,1994-10-07,1996-03-22,Regeringen Carlsson III,kulturminister
i-3sPbyicZy7gfbq8RdVTQMb,1994-10-07,1998-10-07,Regeringen Persson,kommunikationsminister
i-4CwyNH4xXJhZj5wdBAzmSY,1994-10-07,2000-09-21,Regeringen Persson,justitieminister
i-8rjVavTFp7UjLy1RbrHnia,1994-10-07,1997-02-01,Regeringen Persson,försvarsminister
i-9iNp1MZbdkNsrM73feEQmc,1994-10-07,1998-10-06,Regeringen Persson,utbildningsminister
i-JchxQfU1zc3XVbvadFgBSn,1994-10-07,2004-09-13,Regeringen Persson,samfundsminister
i-S7LcGmD5NuSMrFDW8LBeJ1,1994-10-07,1998-10-07,Regeringen Persson,miljöminister
i-SZKUTdtCrCo58yNCQsH76,1994-10-07,1998-10-06,Regeringen Persson,skolminister
i-SySN6qMqpcrxHXHJgwvJdT,1994-10-07,1998-10-07,Regeringen Persson,utrikesminister
i-T2zoKSjQ4xPQ7xSU1J4Axv,1994-10-07,1999-06-11,Regeringen Persson,biståndsminister
i-SySN6qMqpcrxHXHJgwvJdT,1995-11-17,2002-10-21,Regeringen Persson,Statsministerns ställföretädare
i-4tfAWyiZEpB3Ss1Fh6QzqC,1996-02-05,1996-03-22,Regeringen Carlsson III,näringsminister
i-4qJ1WSYreoe9MGDFPCwZKy,1996-03-22,1998-10-06,Regeringen Persson,arbetsmarknadsminister
i-5iuSCbAspakd6XhUXCtA5E,1996-03-22,1998-10-07,Regeringen Persson,energiminister
i-5iuSCbAspakd6XhUXCtA5E,1996-03-22,1998-10-07,Regeringen Persson,näringsminister
i-6Yv6bDMEdGpsmCZBFnnZk4,1996-03-22,1997-01-31,Regeringen Persson,handelsminister
i-76vYpYSFxb4errTa7fe3WJ,1996-03-22,1999-04-12,Regeringen Persson,finansminister
i-8jYVPLDFthDkyj9gDfqNy4,1996-03-22,1998-03-02,Regeringen Persson,idrottsminister
i-8jYVPLDFthDkyj9gDfqNy4,1996-03-22,1998-03-02,Regeringen Persson,integrationsminister
i-8jYVPLDFthDkyj9gDfqNy4,1996-03-22,1998-03-02,Regeringen Persson,konsumentminister
i-8jYVPLDFthDkyj9gDfqNy4,1996-03-22,1998-03-02,Regeringen Persson,ungdomsminister
i-JchxQfU1zc3XVbvadFgBSn,1996-03-22,2004-09-13,Regeringen Persson,kulturminister
i-L7Ay5GaFaMutWEX7utMv62,1996-03-22,1998-10-06,Regeringen Persson,arbetsrättsminister
i-L7Ay5GaFaMutWEX7utMv62,1996-03-22,1998-10-06,Regeringen Persson,jämställdhetsminister
i-NxhWABYZtDAg5RbsxD7VBv,1996-03-22,1999-09-14,Regeringen Persson,socialförsäkringsminister
i-PzNviXpYSimQsvSkF9CmDz,1996-03-22,1998-10-07,Regeringen Persson,bostadsminister
i-PzNviXpYSimQsvSkF9CmDz,1996-03-22,1998-10-07,Regeringen Persson,skatteminister
i-QtJg9oNHiDkHLkgiCwmrBb,1996-03-22,1998-10-07,Regeringen Persson,jordbruksminister
i-T2zoKSjQ4xPQ7xSU1J4Axv,1996-03-22,1999-09-14,Regeringen Persson,migrationsminister
i-V19ff9MeDZhTGpv5xEprbu,1996-03-22,1997-02-01,Regeringen Persson,samordningsminister
i-aihY66rhb8LqCkSn8GhKt,1996-03-22,1998-10,Regeringen Persson,socialminister
i-4tfAWyiZEpB3Ss1Fh6QzqC,1996-07-01,1998-10-06,Regeringen Persson,inrikesminister
i-6Yv6bDMEdGpsmCZBFnnZk4,1997-02-01,2002-09-30,Regeringen Persson,försvarsminister
i-8rjVavTFp7UjLy1RbrHnia,1997-02-01,1998-10-07,Regeringen Persson,samordningsminister
i-V19ff9MeDZhTGpv5xEprbu,1997-02-01,2002-10-21,Regeringen Persson,handelsminister
i-V19ff9MeDZhTGpv5xEprbu,1997-02-01,2002-10-21,Regeringen Persson,utrikeshandelsminister
i-ESKbhHz2VETwMj9meYcmxk,1998-03-25,1998-10-07,Regeringen Persson,idrottsminister
i-ESKbhHz2VETwMj9meYcmxk,1998-03-25,1998-10-06,Regeringen Persson,integrationsminister
i-ESKbhHz2VETwMj9meYcmxk,1998-03-25,1998-10-07,Regeringen Persson,konsumentminister
i-ESKbhHz2VETwMj9meYcmxk,1998-03-25,1998-10-07,Regeringen Persson,ungdomsminister
i-ESKbhHz2VETwMj9meYcmxk,1998-10-06,1998-11-16,Regeringen Persson,bostadsminister
i-ESKbhHz2VETwMj9meYcmxk,1998-10-06,1998-11-16,Regeringen Persson,inrikesminister
i-HP26Ex6XfZD2gozC8P6pdm,1998-10-06,2002-10-06,Regeringen Persson,arbetsmarknadsminister
i-PzNviXpYSimQsvSkF9CmDz,1998-10-06,2004-10-21,Regeringen Persson,utbildningsminister
i-3wVE19WEnkoueWU41a2FfR,1998-10-07,2002-01-16,Regeringen Persson,skolminister
i-4qJ1WSYreoe9MGDFPCwZKy,1998-10-07,2002-10-21,Regeringen Persson,jordbruksminister
i-4qJ1WSYreoe9MGDFPCwZKy,1998-10-07,2002-10-21,Regeringen Persson,jämställdhetsminister
i-4qJ1WSYreoe9MGDFPCwZKy,1998-10-07,2002-10-21,Regeringen Persson,landsbygdsminister
i-5iuSCbAspakd6XhUXCtA5E,1998-10-07,1998-10-26,Regeringen Persson,socialminister
i-9ih4smVvRYKCMas4i52Xiw,1998-10-07,2002-10-21,Regeringen Persson,miljöminister
i-ESKbhHz2VETwMj9meYcmxk,1998-10-07,1998-11-16,Regeringen Persson,kommunminister
i-HP26Ex6XfZD2gozC8P6pdm,1998-10-07,2002-10-15,Regeringen Persson,energiminister
i-HP26Ex6XfZD2gozC8P6pdm,1998-10-07,2002-10-16,Regeringen Persson,infrastrukturminister
i-HP26Ex6XfZD2gozC8P6pdm,1998-10-07,2002-10-16,Regeringen Persson,kommunikationsminister
i-HP26Ex6XfZD2gozC8P6pdm,1998-10-07,2002-10-15,Regeringen Persson,näringsminister
i-L7Ay5GaFaMutWEX7utMv62,1998-10-07,2000-10-21,Regeringen Persson,idrottsminister
i-L7Ay5GaFaMutWEX7utMv62,1998-10-07,2000-10-21,Regeringen Persson,integrationsminister
i-L7Ay5GaFaMutWEX7utMv62,1998-10-07,2000-10-21,Regeringen Persson,ungdomsminister
i-S7LcGmD5NuSMrFDW8LBeJ1,1998-10-07,2003-09-11,Regeringen Persson,utrikesminister
i-V19ff9MeDZhTGpv5xEprbu,1998-10-07,2002-10-21,Regeringen Persson,minister för nordiskt samarbete
i-sS6VZTVNkCN6AHvZNaaYb,1998-10-07,2002-10-15,Regeringen Persson,demokratiminister
i-sS6VZTVNkCN6AHvZNaaYb,1998-10-07,2002-10-15,Regeringen Persson,konsumentminister
i-NxhWABYZtDAg5RbsxD7VBv,1998-10-26,1998-11-16,Regeringen Persson,socialminister
i-6qjD2tsSCtsrmXQjy7mtCJ,1998-11-16,2004-10-21,Regeringen Persson,bostadsminister
i-6qjD2tsSCtsrmXQjy7mtCJ,1998-11-16,1998-12-31,Regeringen Persson,inrikesminister
i-6qjD2tsSCtsrmXQjy7mtCJ,1998-11-16,2004-10-21,Regeringen Persson,kommunminister
i-ESKbhHz2VETwMj9meYcmxk,1998-11-16,2004-10-01,Regeringen Persson,socialminister
i-A5R84cTmpky3NHJ7nLKaEt,1999-04-12,2004-10-21,Regeringen Persson,finansminister
i-5CGPntyQKYyZVCsCYHPNrm,1999-09-14,2002-10-10,Regeringen Persson,socialförsäkringsminister
i-NxhWABYZtDAg5RbsxD7VBv,1999-09-14,2001-11-16,Regeringen Persson,biståndsminister
i-NxhWABYZtDAg5RbsxD7VBv,1999-09-14,2001-11-16,Regeringen Persson,migrationsminister
i-SySN6qMqpcrxHXHJgwvJdT,2000-09-21,2000-10-16,Regeringen Persson,justitieminister
i-STyFs6Gu3boin31eFp1bNM,2000-10-11,2006-10-06,Regeringen Persson,justitieminister
i-sS6VZTVNkCN6AHvZNaaYb,2000-10-16,2002-10-15,Regeringen Persson,ungdomsminister
i-GFJcxAB9fyzG2VN1HakscJ,2000-10-21,2004-10-21,Regeringen Persson,idrottsminister
i-GFJcxAB9fyzG2VN1HakscJ,2000-10-21,2004-10-21,Regeringen Persson,integrationsminister
i-3MwbJPjHpsScrukDj5ohhN,2002-01-07,2003-10-09,Regeringen Persson,biståndsminister
i-3MwbJPjHpsScrukDj5ohhN,2002-01-07,2003-10-10,Regeringen Persson,migrationsminister
i-PzNviXpYSimQsvSkF9CmDz,2002-01-16,2004-10-21,Regeringen Persson,skolminister
i-SySN6qMqpcrxHXHJgwvJdT,2002-09-30,2002-10-21,Regeringen Persson,försvarsminister
i-GFJcxAB9fyzG2VN1HakscJ,2002-10-15,2002-10-21,Regeringen Persson,näringsminister
i-L7Ay5GaFaMutWEX7utMv62,2002-10-16,2006-10-06,Regeringen Persson,infrastrukturminister
i-4f2bAEUboRxqAf7W8Ybmzm,2002-10-21,2006-10-06,Regeringen Persson,miljöminister
i-4qJ1WSYreoe9MGDFPCwZKy,2002-10-21,2003-10-30,Regeringen Persson,Statsministerns ställföretädare
i-GFJcxAB9fyzG2VN1HakscJ,2002-10-21,2004-10-21,Regeringen Persson,demokratiminister
i-GFJcxAB9fyzG2VN1HakscJ,2002-10-21,2004-10-21,Regeringen Persson,jämställdhetsminister
i-GRX2GfDazmcwmcRyZSiKdA,2002-10-21,2004-10-21,Regeringen Persson,finansmarknadsminister
i-HNvivTxAPySuVXe8X3z3LJ,2002-10-21,2002-11-03,Regeringen Persson,försvarsminister
i-HNvivTxAPySuVXe8X3z3LJ,2002-10-21,2004-10-21,Regeringen Persson,samordningsminister
i-HhkgRHGRURfXTuftg1jHSf,2002-10-21,2006-10-06,Regeringen Persson,jordbruksminister
i-HhkgRHGRURfXTuftg1jHSf,2002-10-21,2006-10-06,Regeringen Persson,konsumentminister
i-HhkgRHGRURfXTuftg1jHSf,2002-10-21,,Regeringen Persson,landsbygdsminister
i-HxcQkHC9fDSzkJWgvdhDEF,2002-10-21,2006-10-06,Regeringen Persson,ungdomsminister
i-LdbVtbdPx3MQxR6GEgCqax,2002-10-21,2004-10-01,Regeringen Persson,biträdande socialminister
i-LdbVtbdPx3MQxR6GEgCqax,2002-10-21,2006-10-06,Regeringen Persson,minister för nordiskt samarbete
i-UPW2cbGnTUbMZaKTrot5Bh,2002-10-21,2006-10-06,Regeringen Persson,folkhälsominister
i-V19ff9MeDZhTGpv5xEprbu,2002-10-21,2004-10-21,Regeringen Persson,energiminister
i-V19ff9MeDZhTGpv5xEprbu,2002-10-21,2004-10-21,Regeringen Persson,näringsminister
i-WMD43YDAt2Efk5C5qFXnaQ,2002-10-21,2006-10-06,Regeringen Persson,arbetsmarknadsminister
i-CcdZckB2ErC625pmVtogZg,2002-11-03,,Regeringen Persson,försvarsminister
i-3MwbJPjHpsScrukDj5ohhN,2003-09-11,2003-10-10,Regeringen Persson,utrikesminister
i-4CwyNH4xXJhZj5wdBAzmSY,2003-10-10,2006-03-21,Regeringen Persson,utrikesminister
i-5rDWSiUBTXy1skSJScN6u3,2003-10-10,2006-10-06,Regeringen Persson,biståndsminister
i-8NR1Z8tejozuay7fUnQPDP,2003-10-10,2006-10-06,Regeringen Persson,migrationsminister
i-JchxQfU1zc3XVbvadFgBSn,2003-10-31,2004-05-31,Regeringen Persson,Statsministerns ställföretädare
i-ESKbhHz2VETwMj9meYcmxk,2004-06-01,2004-10-01,Regeringen Persson,Statsministerns ställföretädare
i-HNvivTxAPySuVXe8X3z3LJ,2004-09-13,2004-11-01,Regeringen Persson,kulturminister
i-HxcQkHC9fDSzkJWgvdhDEF,2004-09-13,2006-10-06,Regeringen Persson,samfundsminister
i-4CwyNH4xXJhZj5wdBAzmSY,2004-10-01,2004-11-01,Regeringen Persson,Statsministerns ställföretädare
i-LdbVtbdPx3MQxR6GEgCqax,2004-10-01,2006-10-06,Regeringen Persson,socialminister
i-SZKUTdtCrCo58yNCQsH76,2004-10-01,2006-10-06,Regeringen Persson,sjukvårdsminister
i-9fdWbFK67588CD12XaNZBq,2004-10-21,2006-10-06,Regeringen Persson,finansmarknadsminister
i-9fdWbFK67588CD12XaNZBq,2004-10-21,2006-10-06,Regeringen Persson,kommunminister
i-A6T9WoUzRwW8LUK52znHwX,2004-10-21,2006-10-06,Regeringen Persson,skolminister
i-GFJcxAB9fyzG2VN1HakscJ,2004-10-21,2006-10-06,Regeringen Persson,bostadsminister
i-GFJcxAB9fyzG2VN1HakscJ,2004-10-21,2006-10-06,Regeringen Persson,energiminister
i-PzNviXpYSimQsvSkF9CmDz,2004-10-21,2006-10-06,Regeringen Persson,näringsminister
i-UEQA68w6PM78ttj4KfvgwE,2004-10-21,2006-10-06,Regeringen Persson,demokratiminister
i-UEQA68w6PM78ttj4KfvgwE,2004-10-21,2006-10-06,Regeringen Persson,integrationsminister
i-UEQA68w6PM78ttj4KfvgwE,2004-10-21,2006-10-06,Regeringen Persson,jämställdhetsminister
i-V19ff9MeDZhTGpv5xEprbu,2004-10-21,2006-10-06,Regeringen Persson,utbildningsminister
i-HNvivTxAPySuVXe8X3z3LJ,2004-10-31,2006-10-06,Regeringen Persson,finansminister
i-A5R84cTmpky3NHJ7nLKaEt,2004-11-01,2006-10-06,Regeringen Persson,Statsministerns ställföretädare
i-A5R84cTmpky3NHJ7nLKaEt,2004-11-01,2006-10-06,Regeringen Persson,idrottsminister
i-V19ff9MeDZhTGpv5xEprbu,2004-11-01,2006-10-06,Regeringen Persson,kulturminister
i-A5R84cTmpky3NHJ7nLKaEt,2005-01-01,2006-10-06,Regeringen Persson,EU-minister
i-A5R84cTmpky3NHJ7nLKaEt,2005-01-01,2006-10-06,Regeringen Persson,samordningsminister
i-A5R84cTmpky3NHJ7nLKaEt,2006-03-21,2006-03-27,Regeringen Persson,utrikesminister
i-5rDWSiUBTXy1skSJScN6u3,2006-03-27,2006-04-24,Regeringen Persson,utrikesminister
i-T7hu1JgBezor1oXi7Z3qnA,2006-04-24,2006-10-06,Regeringen Persson,utrikesminister
i-8BTYtQ95yRpC5syyC4aHoY,2006-10-06,2014-10-03,Regeringen Reinfeldt,socialminister
i-8GdisrKiGzJAj9xDdUP929,2006-10-06,2010-01-22,Regeringen Reinfeldt,EU-minister
i-8KGHHqnCbosJuiWXSVH5vU,2006-10-06,2011-09-29,Regeringen Reinfeldt,miljöminister
i-AZnaWEAg22YQ3HzVMfNSHR,2006-10-06,2014-10-03,Regeringen Reinfeldt,utrikesminister
i-AvFShRZVEyBV61S19AKNGK,2006-10-06,2007-09-12,Regeringen Reinfeldt,skolminister
i-B471TcSCwHNHrNRk1EdJek,2006-10-06,2010-10-05,Regeringen Reinfeldt,jordbruksminister
i-Dh86x4tP3poRsuGn2pQFUn,2006-10-06,2010-10-05,Regeringen Reinfeldt,minister för nordiskt samarbete
i-Dh86x4tP3poRsuGn2pQFUn,2006-10-06,2010-10-05,Regeringen Reinfeldt,socialförsäkringsminister
i-EemRytGskeDvwKV2im64qt,2006-10-06,2014-10-03,Regeringen Reinfeldt,finansminister
i-J74sVAjCTSxzD8rbnxRRA,2006-10-06,2010-10-05,Regeringen Reinfeldt,infrastrukturminister
i-KPGvtK4s6Zp3E6XH6vj18n,2006-10-06,2014-09-29,Regeringen Reinfeldt,migrationsminister
i-N2a2m4e8hzJzyt4x1rrLBg,2006-10-06,2006-10-16,Regeringen Reinfeldt,idrottsminister
i-N2a2m4e8hzJzyt4x1rrLBg,2006-10-06,2006-10-16,Regeringen Reinfeldt,kulturminister
i-N2a2m4e8hzJzyt4x1rrLBg,2006-10-06,2006-10-16,Regeringen Reinfeldt,samfundsminister
i-NVas7B7uQTiMw4d6EGPVqz,2006-10-06,2010-07-07,Regeringen Reinfeldt,arbetsmarknadsminister
i-NZES3NTTAs3ZaBTU3RVkYE,2006-10-06,2007-09-07,Regeringen Reinfeldt,utbildningsminister
i-PRFN1BS8QWUhjjGAM8w3Fj,2006-10-06,2010-10-05,Regeringen Reinfeldt,Statsministerns ställföretädare
i-PRFN1BS8QWUhjjGAM8w3Fj,2006-10-06,2011-09-29,Regeringen Reinfeldt,energiminister
i-PRHkYxGCaT2cbJpjjfnRtn,2006-10-06,2014-10-03,Regeringen Reinfeldt,justitieminister
i-Qcof8uUB6fn43ayBzbj7o4,2006-10-06,2006-10-14,Regeringen Reinfeldt,handelsminister
i-QrnhMBZLsGdbeBasmoTLpZ,2006-10-06,2010-10-05,Regeringen Reinfeldt,bostadsminister
i-QrnhMBZLsGdbeBasmoTLpZ,2006-10-06,2010-10-05,Regeringen Reinfeldt,finansmarknadsminister
i-QrnhMBZLsGdbeBasmoTLpZ,2006-10-06,2010-10-05,Regeringen Reinfeldt,kommunminister
i-Rtt4vV6Vr1WnfJAi2Dn9hN,2006-10-06,2010-10-05,Regeringen Reinfeldt,demokratiminister
i-Rtt4vV6Vr1WnfJAi2Dn9hN,2006-10-06,2010-10-05,Regeringen Reinfeldt,integrationsminister
i-Rtt4vV6Vr1WnfJAi2Dn9hN,2006-10-06,2013-01-21,Regeringen Reinfeldt,jämställdhetsminister
i-Rtt4vV6Vr1WnfJAi2Dn9hN,2006-10-06,2010-10-05,Regeringen Reinfeldt,konsumentminister
i-Rtt4vV6Vr1WnfJAi2Dn9hN,2006-10-06,2013-01-21,Regeringen Reinfeldt,ungdomsminister
i-SKjAmNScZ7eZ3a8Xy1J8hs,2006-10-06,2010-10-05,Regeringen Reinfeldt,folkhälsominister
i-W9g5g3nUh3Fu7mKUtFoBFH,2006-10-06,2013-09-17,Regeringen Reinfeldt,biståndsminister
i-NZES3NTTAs3ZaBTU3RVkYE,2006-10-16,2006-10-24,Regeringen Reinfeldt,kulturminister
i-Q6uWG1k3pbJio9CebNs3Cz,2006-10-24,2007-09-12,Regeringen Reinfeldt,handelsminister
i-TGAeNgQV9rZoovTn5C8JAd,2006-10-24,2014-10-03,Regeringen Reinfeldt,idrottsminister
i-TGAeNgQV9rZoovTn5C8JAd,2006-10-24,2014-10-03,Regeringen Reinfeldt,kulturminister
i-TGAeNgQV9rZoovTn5C8JAd,2006-10-24,2010-10-05,Regeringen Reinfeldt,samfundsminister
i-Q6uWG1k3pbJio9CebNs3Cz,2007-09-05,2012-03-29,Regeringen Reinfeldt,försvarsminister
i-AvFShRZVEyBV61S19AKNGK,2007-09-12,2014-10-03,Regeringen Reinfeldt,utbildningsminister
i-NZES3NTTAs3ZaBTU3RVkYE,2007-09-12,2009-06-17,Regeringen Reinfeldt,högskoleminister
i-Vuf2iovr2aWWgDThaeqMPN,2007-09-12,2014-10-03,Regeringen Reinfeldt,handelsminister
i-UnkrZ3NAvoWXY6Krxbkudq,2009-06-17,2010-10-05,Regeringen Reinfeldt,högskoleminister
i-D8B2Xf6UADbqciPHrqFxSc,2010-02-02,2014-10-03,Regeringen Reinfeldt,EU-minister
i-KPGvtK4s6Zp3E6XH6vj18n,2010-07-07,2010-10-05,Regeringen Reinfeldt,arbetsmarknadsminister
i-AvFShRZVEyBV61S19AKNGK,2010-10-05,2014-10-03,Regeringen Reinfeldt,Statsministerns ställföretädare
i-AvFShRZVEyBV61S19AKNGK,2010-10-05,2014-10-03,Regeringen Reinfeldt,högskoleminister
i-B471TcSCwHNHrNRk1EdJek,2010-10-05,2014-10-03,Regeringen Reinfeldt,landsbygdsminister
i-D8B2Xf6UADbqciPHrqFxSc,2010-10-05,2014-10-03,Regeringen Reinfeldt,demokratiminister
i-D8B2Xf6UADbqciPHrqFxSc,2010-10-05,2014-10-03,Regeringen Reinfeldt,konsumentminister
i-Fa75ePV6JC2wN91aE4xcYD,2010-10-05,2014-10-03,Regeringen Reinfeldt,bostadsminister
i-Fa75ePV6JC2wN91aE4xcYD,2010-10-05,2014-10-03,Regeringen Reinfeldt,civilminister
i-Fa75ePV6JC2wN91aE4xcYD,2010-10-05,2014-10-03,Regeringen Reinfeldt,samfundsminister
i-FsQi9rLBPWwgHr8YrG1deY,2010-10-05,2014-10-03,Regeringen Reinfeldt,digitaliseringsminister
i-HAhJoyMXKr6u13gLG6SszU,2010-10-05,2013-09-17,Regeringen Reinfeldt,arbetsmarknadsminister
i-J7LihzSktwE55CCSfYQXLk,2010-10-05,2014-10-02,Regeringen Reinfeldt,infrastrukturminister
i-QKE6ihmLRJvwhV4neD6h7b,2010-10-05,2014-10-03,Regeringen Reinfeldt,integrationsminister
i-Rtt4vV6Vr1WnfJAi2Dn9hN,2010-10-05,2013-01-21,Regeringen Reinfeldt,biträdande utbildningsminister
i-SKjAmNScZ7eZ3a8Xy1J8hs,2010-10-05,2014-10-03,Regeringen Reinfeldt,barnminister
i-Uok5zUBBTH9yBmS5Uuuw5C,2010-10-05,2014-10-03,Regeringen Reinfeldt,finansmarknadsminister
i-Vuf2iovr2aWWgDThaeqMPN,2010-10-05,2014-10-03,Regeringen Reinfeldt,minister för nordiskt samarbete
i-bRyJHEKb5DCkicXkuZwMY,2010-10-05,2014-10-03,Regeringen Reinfeldt,socialförsäkringsminister
i-PRFN1BS8QWUhjjGAM8w3Fj,2010-10-06,2011-09-29,Regeringen Reinfeldt,näringsminister
i-NirXfc8JiwP3Ssuz3NR6e2,2011-09-23,2014-10-03,Regeringen Reinfeldt,näringsminister
i-85m2VX7KSiTFeJSnapgkxu,2011-09-29,2014-10-03,Regeringen Reinfeldt,miljöminister
i-FsQi9rLBPWwgHr8YrG1deY,2011-09-29,2014-10-03,Regeringen Reinfeldt,energiminister
i-J7LihzSktwE55CCSfYQXLk,2012-03-29,2012-04-18,Regeringen Reinfeldt,försvarsminister
i-9Rr7JqtzHpZv84evqPH4D8,2012-04-18,,Regeringen Reinfeldt,försvarsminister
i-MgBfeQnReGPU152Si12BRU,2013-01-21,2014-10-03,Regeringen Reinfeldt,biträdande utbildningsminister
i-MgBfeQnReGPU152Si12BRU,2013-01-21,2014-10-03,Regeringen Reinfeldt,jämställdhetsminister
i-MgBfeQnReGPU152Si12BRU,2013-01-21,2014-10-03,Regeringen Reinfeldt,ungdomsminister
i-84DiaFjYsBoBUQnKJiSte9,2013-09-17,2014-10-03,Regeringen Reinfeldt,arbetsmarknadsminister
i-HAhJoyMXKr6u13gLG6SszU,2013-09-17,2014-10-03,Regeringen Reinfeldt,biståndsminister
i-3FUZpwdM2vfsfx1xv9BrMk,2014-10-03,2016-05-25,Regeringen Löfven I,minister för nordiskt samarbete
i-5zZmScML2Rj5tCWwFkarcD,2014-10-03,2018-03-08,Regeringen Löfven I,jämställdhetsminister
i-6DUjgAy3EMiPSCDgTnkpXL,2014-10-03,2019-01-21,Regeringen Löfven I,landsbygdsminister
i-6sx2QJVNDz6kWWHQvy2hrG,2014-10-03,2017-07-27,Regeringen Löfven I,folkhälsominister
i-6sx2QJVNDz6kWWHQvy2hrG,2014-10-03,2017-07-27,Regeringen Löfven I,idrottsminister
i-6sx2QJVNDz6kWWHQvy2hrG,2014-10-03,2017-07-27,Regeringen Löfven I,sjukvårdsminister
i-74hLepsvAgUMEvVVtBCGuc,2014-10-03,2021-11-30,Regeringen Löfven I,finansminister
i-9VQB2AJUahVE6YUpda5FKN,2014-10-03,2019-10-01,Regeringen Löfven I,socialförsäkringsminister
i-A6T9WoUzRwW8LUK52znHwX,2014-10-03,2019-01-21,Regeringen Löfven I,energiminister
i-C2s3YhmmVmNkgvznmmnD4x,2014-10-03,2021-02-05,Regeringen Löfven I,finansmarknadsminister
i-C2s3YhmmVmNkgvznmmnD4x,2014-10-03,2019-01-21,Regeringen Löfven I,konsumentminister
i-CicdbyfBoitjsXT8ugY99b,2014-10-03,2019-01-21,Regeringen Löfven I,biståndsminister
i-DjeBWa5GvkPtwGp5yfccUZ,2014-10-03,2016-08-15,Regeringen Löfven I,ungdomsminister
i-FfCiJc8kVZcwio9wsCvVkH,2014-10-03,2016-04-18,Regeringen Löfven I,bostadsminister
i-FfCiJc8kVZcwio9wsCvVkH,2014-10-03,2016-04-18,Regeringen Löfven I,digitaliseringsminister
i-KCD2VhpJdc1azCNdSgfLQp,2014-10-03,2017-07-27,Regeringen Löfven I,infrastrukturminister
i-NW2TEoH8XmW9aSn2aKJ8EA,2014-10-03,2017-07-27,Regeringen Löfven I,inrikesminister
i-ST3KmJ7dwych9bUEkWZEu6,2014-10-03,2016-05-25,Regeringen Löfven I,miljöminister
i-SZKUTdtCrCo58yNCQsH76,2014-10-03,2019-09-10,Regeringen Löfven I,arbetsmarknadsminister
i-Spsbo7A5zikEeUY3JEYcNV,2014-10-03,2019-01-21,Regeringen Löfven I,näringsminister
i-UPW2cbGnTUbMZaKTrot5Bh,2014-10-03,2019-01-21,Regeringen Löfven I,justitieminister
i-UPW2cbGnTUbMZaKTrot5Bh,2014-10-03,2017-07-27,Regeringen Löfven I,migrationsminister
i-Uj7U5iTAaKpcG1mvQKxAc8,2014-10-03,2019-01-21,Regeringen Löfven I,demokratiminister
i-Uj7U5iTAaKpcG1mvQKxAc8,2014-10-03,2019-01-21,Regeringen Löfven I,kulturminister
i-Uj7U5iTAaKpcG1mvQKxAc8,2014-10-03,2019-01-21,Regeringen Löfven I,samfundsminister
i-WVDVacqrD8GDk6UYBX3VJ2,2014-10-03,2019-01-21,Regeringen Löfven I,högskoleminister
i-aihY66rhb8LqCkSn8GhKt,2014-10-03,2019-09-10,Regeringen Löfven I,Statsministerns ställföretädare
i-aihY66rhb8LqCkSn8GhKt,2014-10-03,2019-09-10,Regeringen Löfven I,utrikesminister
i-74hLepsvAgUMEvVVtBCGuc,2014-10-03,2021-11-30,Regeringen Löfven II,finansminister
i-9VQB2AJUahVE6YUpda5FKN,2014-10-03,2019-10-01,Regeringen Löfven II,socialförsäkringsminister
i-C2s3YhmmVmNkgvznmmnD4x,2014-10-03,2021-02-05,Regeringen Löfven II,finansmarknadsminister
i-SZKUTdtCrCo58yNCQsH76,2014-10-03,2019-09-10,Regeringen Löfven II,arbetsmarknadsminister
i-aihY66rhb8LqCkSn8GhKt,2014-10-03,2019-09-10,Regeringen Löfven II,Statsministerns ställföretädare
i-74hLepsvAgUMEvVVtBCGuc,2014-10-03,2021-11-30,Regeringen Löfven III,finansminister
i-C2s3YhmmVmNkgvznmmnD4x,2016-04-18,2016-05-25,Regeringen Löfven I,bostadsminister
i-C2s3YhmmVmNkgvznmmnD4x,2016-04-18,2016-05-25,Regeringen Löfven I,digitaliseringsminister
i-9BUsH2Bn1bGihptNC5r7uq,2016-05-25,2019-01-21,Regeringen Löfven I,bostadsminister
i-9BUsH2Bn1bGihptNC5r7uq,2016-05-25,2019-01-21,Regeringen Löfven I,digitaliseringsminister
i-A6T9WoUzRwW8LUK52znHwX,2016-05-25,2019-01-21,Regeringen Löfven I,samordningsminister
i-HYbURAzNUTvqh65pcPmmZx,2016-05-25,2019-01-21,Regeringen Löfven I,EU-minister
i-HYbURAzNUTvqh65pcPmmZx,2016-05-25,2019-09-10,Regeringen Löfven I,handelsminister
i-MUiNDqW5Ev9My8aekLct9L,2016-05-25,2019-01-21,Regeringen Löfven I,miljöminister
i-SZKUTdtCrCo58yNCQsH76,2016-05-25,2019-01-21,Regeringen Löfven I,integrationsminister
i-aihY66rhb8LqCkSn8GhKt,2016-05-25,2019-01-21,Regeringen Löfven I,minister för nordiskt samarbete
i-HYbURAzNUTvqh65pcPmmZx,2016-05-25,2019-09-10,Regeringen Löfven II,handelsminister
i-WVDVacqrD8GDk6UYBX3VJ2,2016-08-15,2016-09-13,Regeringen Löfven I,skolminister
i-WVDVacqrD8GDk6UYBX3VJ2,2016-08-15,2016-09-13,Regeringen Löfven I,ungdomsminister
i-9AVauGWoNZ6utf3kmZanbm,2016-09-13,,Regeringen Löfven I,skolminister
i-9AVauGWoNZ6utf3kmZanbm,2016-09-13,2019-01-21,Regeringen Löfven I,ungdomsminister
i-G8564CqEnhC5PBjZSwUxsE,2017-07-27,2022-10-18,Regeringen Andersson,infrastrukturminister
i-7M6cUJxC6g2gyqHr59NnJQ,2017-07-27,2019-01-21,Regeringen Löfven I,migrationsminister
i-9VQB2AJUahVE6YUpda5FKN,2017-07-27,2019-01-21,Regeringen Löfven I,socialminister
i-G8564CqEnhC5PBjZSwUxsE,2017-07-27,2022-10-18,Regeringen Löfven I,infrastrukturminister
i-UPW2cbGnTUbMZaKTrot5Bh,2017-07-27,2019-01-21,Regeringen Löfven I,inrikesminister
i-G8564CqEnhC5PBjZSwUxsE,2017-07-27,2022-10-18,Regeringen Löfven II,infrastrukturminister
i-G8564CqEnhC5PBjZSwUxsE,2017-07-27,2022-10-18,Regeringen Löfven III,infrastrukturminister
i-HxcQkHC9fDSzkJWgvdhDEF,2018-03-08,2019-01-21,Regeringen Löfven I,jämställdhetsminister
i-9AVauGWoNZ6utf3kmZanbm,2019-01-21,2022-10-18,Regeringen Andersson,utbildningsminister
i-4FL9252Gm3rHAifaDrXzaZ,2019-01-21,2021-07-09,Regeringen Löfven II,EU-minister
i-9AVauGWoNZ6utf3kmZanbm,2019-01-21,2022-10-18,Regeringen Löfven II,utbildningsminister
i-9BUsH2Bn1bGihptNC5r7uq,2019-01-21,2020-12-17,Regeringen Löfven II,biståndsminister
i-9CuY4EZ971YdyxJ8sudKc,2019-01-21,2021-02-05,Regeringen Löfven II,jämställdhetsminister
i-A6T9WoUzRwW8LUK52znHwX,2019-01-21,2021-11-30,Regeringen Löfven II,näringsminister
i-C2s3YhmmVmNkgvznmmnD4x,2019-01-21,2021-02-05,Regeringen Löfven II,bostadsminister
i-CicdbyfBoitjsXT8ugY99b,2019-01-21,2021-02-05,Regeringen Löfven II,miljöminister
i-HYbURAzNUTvqh65pcPmmZx,2019-01-21,2019-09-10,Regeringen Löfven II,minister för nordiskt samarbete
i-LKQKWG3JJUBFg12z1vrFwt,2019-01-21,2021-06-30,Regeringen Löfven II,landsbygdsminister
i-NW2TEoH8XmW9aSn2aKJ8EA,2019-01-21,2021-11-30,Regeringen Löfven II,digitaliseringsminister
i-NW2TEoH8XmW9aSn2aKJ8EA,2019-01-21,2021-11-30,Regeringen Löfven II,energiminister
i-PAgTpr3nkZRPEoiqjPKQAf,2019-01-21,2021-11-30,Regeringen Löfven II,demokratiminister
i-PAgTpr3nkZRPEoiqjPKQAf,2019-01-21,2021-11-30,Regeringen Löfven II,kulturminister
i-UPW2cbGnTUbMZaKTrot5Bh,2019-01-21,2021-07-09,Regeringen Löfven II,justitieminister
i-UPW2cbGnTUbMZaKTrot5Bh,2019-01-21,2021-11-30,Regeringen Löfven II,migrationsminister
i-9AVauGWoNZ6utf3kmZanbm,2019-01-21,2022-10-18,Regeringen Löfven III,utbildningsminister
i-A6T9WoUzRwW8LUK52znHwX,2019-01-21,2021-11-30,Regeringen Löfven III,näringsminister
i-NW2TEoH8XmW9aSn2aKJ8EA,2019-01-21,2021-11-30,Regeringen Löfven III,digitaliseringsminister
i-NW2TEoH8XmW9aSn2aKJ8EA,2019-01-21,2021-11-30,Regeringen Löfven III,energiminister
i-PAgTpr3nkZRPEoiqjPKQAf,2019-01-21,2021-11-30,Regeringen Löfven III,demokratiminister
i-PAgTpr3nkZRPEoiqjPKQAf,2019-01-21,2021-11-30,Regeringen Löfven III,kulturminister
i-UPW2cbGnTUbMZaKTrot5Bh,2019-01-21,2021-11-30,Regeringen Löfven III,migrationsminister
i-HYbURAzNUTvqh65pcPmmZx,2019-09-10,2022-10-18,Regeringen Andersson,utrikesminister
i-PeMj54xpJ7ARDpgP8iEYQ9,2019-09-10,2022-10-18,Regeringen Andersson,arbetsmarknadsminister
i-8eXWd1vC6ZRoeQdNAwzhbS,2019-09-10,,Regeringen Löfven II,minister för nordiskt samarbete
i-8eXWd1vC6ZRoeQdNAwzhbS,2019-09-10,,Regeringen Löfven II,utrikeshandelsminister
i-HYbURAzNUTvqh65pcPmmZx,2019-09-10,2022-10-18,Regeringen Löfven II,utrikesminister
i-PeMj54xpJ7ARDpgP8iEYQ9,2019-09-10,2022-10-18,Regeringen Löfven II,arbetsmarknadsminister
i-UPW2cbGnTUbMZaKTrot5Bh,2019-09-10,2021-11-30,Regeringen Löfven II,Statsministerns ställföretädare
i-HYbURAzNUTvqh65pcPmmZx,2019-09-10,2022-10-18,Regeringen Löfven III,utrikesminister
i-PeMj54xpJ7ARDpgP8iEYQ9,2019-09-10,2022-10-18,Regeringen Löfven III,arbetsmarknadsminister
i-UPW2cbGnTUbMZaKTrot5Bh,2019-09-10,2021-11-30,Regeringen Löfven III,Statsministerns ställföretädare
i-H5adqkd1GxXFzroXZN7LCf,2019-10-01,2021-11-30,Regeringen Löfven II,civilminister
i-LGnWAFHmtMWgHhZSuUL8EB,2019-10-01,,Regeringen Löfven II,socialförsäkringsminister
i-H5adqkd1GxXFzroXZN7LCf,2019-10-01,2021-11-30,Regeringen Löfven III,civilminister
i-CicdbyfBoitjsXT8ugY99b,2020-12-17,2021-02-05,Regeringen Löfven II,biståndsminister
i-9CuY4EZ971YdyxJ8sudKc,2021-02-05,2021-11-30,Regeringen Löfven II,finansmarknadsminister
i-A7r9RuWHjYFLa2Zviisv8B,2021-02-05,2021-11-30,Regeringen Löfven II,biståndsminister
i-C2s3YhmmVmNkgvznmmnD4x,2021-02-05,2021-11-30,Regeringen Löfven II,klimatminister
i-C2s3YhmmVmNkgvznmmnD4x,2021-02-05,2021-11-30,Regeringen Löfven II,miljöminister
i-PjQgLPLrkyDV2oYQfyuWq2,2021-02-05,2021-11-30,Regeringen Löfven II,bostadsminister
i-PjQgLPLrkyDV2oYQfyuWq2,2021-02-05,2021-11-30,Regeringen Löfven II,jämställdhetsminister
i-9CuY4EZ971YdyxJ8sudKc,2021-02-05,2021-11-30,Regeringen Löfven III,finansmarknadsminister
i-A7r9RuWHjYFLa2Zviisv8B,2021-02-05,2021-11-30,Regeringen Löfven III,biståndsminister
i-C2s3YhmmVmNkgvznmmnD4x,2021-02-05,2021-11-30,Regeringen Löfven III,klimatminister
i-C2s3YhmmVmNkgvznmmnD4x,2021-02-05,2021-11-30,Regeringen Löfven III,miljöminister
i-PjQgLPLrkyDV2oYQfyuWq2,2021-02-05,2021-11-30,Regeringen Löfven III,bostadsminister
i-PjQgLPLrkyDV2oYQfyuWq2,2021-02-05,2021-11-30,Regeringen Löfven III,jämställdhetsminister
i-4FL9252Gm3rHAifaDrXzaZ,2021-07-09,2022-10-18,Regeringen Andersson,EU-minister
i-4FL9252Gm3rHAifaDrXzaZ,2021-07-09,2022-10-18,Regeringen Löfven III,EU-minister
i-UPW2cbGnTUbMZaKTrot5Bh,2021-07-09,2021-11-30,Regeringen Löfven III,justitieminister
i-EDao2Bn1aKSyrw9vFDbxpE,2021-11-30,2022-10-18,Regeringen Andersson,kulturminister
i-TvxkyB44TapcZqHJAqPGrn,2021-11-30,2022-10-18,Regeringen Andersson,skolminister
i-UPW2cbGnTUbMZaKTrot5Bh,2021-11-30,2022-10-18,Regeringen Andersson,justitieminister
i-26JwMpJPh7ufEnA9hhtP9j,2022-10-18,,Regeringen Kristersson,finansmarknadsminister
i-3Grh8TCtLTMtZdMgN1X5RJ,2022-10-18,,Regeringen Kristersson,försvarsminister
i-6X8Fc68oRcYCskG3k248x5,2022-10-18,,Regeringen Kristersson,minister för civilt försvar
i-7FjNhEaszmRyzFCMMdCPPW,2022-10-18,,Regeringen Kristersson,landsbygdsminister
i-84DiaFjYsBoBUQnKJiSte9,2022-10-18,,Regeringen Kristersson,finansminister
i-8uoKV5sqsJoS76di7i7eSz,2022-10-18,,Regeringen Kristersson,klimatminister
i-8uoKV5sqsJoS76di7i7eSz,2022-10-18,,Regeringen Kristersson,miljöminister
i-E25SjiKakKHVe6mbHVtKjb,2022-10-18,,Regeringen Kristersson,kulturminister
i-GAMxNriJFxoi8diZPM78s6,2022-10-18,,Regeringen Kristersson,Biträdande arbetsmarknadsminister
i-GAMxNriJFxoi8diZPM78s6,2022-10-18,,Regeringen Kristersson,jämställdhetsminister
i-KPGvtK4s6Zp3E6XH6vj18n,2022-10-18,,Regeringen Kristersson,utrikesminister
i-L9ZSh2ArmookNvPoaXVgbB,2022-10-18,,Regeringen Kristersson,skolminister
i-MEQoHPb6qh2nYtPCAZQYv3,2022-10-18,,Regeringen Kristersson,migrationsminister
i-NHqTsXnUVsZFg94vA6SKDr,2022-10-18,,Regeringen Kristersson,sjukvårdsminister
i-NRWqqo7iPdzBV8QrJyKnQb,2022-10-18,,Regeringen Kristersson,biståndsminister
i-NRWqqo7iPdzBV8QrJyKnQb,2022-10-18,,Regeringen Kristersson,utrikeshandelsminister
i-PyYxwdbw2KYpXyCWKWHmmT,2022-10-18,,Regeringen Kristersson,arbetsmarknadsminister
i-PyYxwdbw2KYpXyCWKWHmmT,2022-10-18,,Regeringen Kristersson,integrationsminister
i-Rnfnn4obDpnaqUDNA9Y8Fu,2022-10-18,,Regeringen Kristersson,justitieminister
i-SvMHLyZPvreCGKnj63vgkc,2022-10-18,,Regeringen Kristersson,civilminister
i-TMBKCxFj2h6LkEEpYodyut,2022-10-18,,Regeringen Kristersson,EU-minister
i-TodycJLEopZCV6uNkQANDV,2022-10-18,,Regeringen Kristersson,socialminister
i-U4pHk2tFdyZvzTiVobxoV7,2022-10-18,,Regeringen Kristersson,socialförsäkringsminister
i-U4pHk2tFdyZvzTiVobxoV7,2022-10-18,,Regeringen Kristersson,äldreminister
i-UgG6CqxVABxx5Hq9mpcZ8M,2022-10-18,,Regeringen Kristersson,energiminister
i-UgG6CqxVABxx5Hq9mpcZ8M,2022-10-18,,Regeringen Kristersson,näringsminister
i-UgG6CqxVABxx5Hq9mpcZ8M,2022-10-18,,Regeringen Kristersson,vice statsminister
i-V4PGuKUAKzYUXWKqj2bLeL,2022-10-18,,Regeringen Kristersson,bostadsminister
i-V4PGuKUAKzYUXWKqj2bLeL,2022-10-18,,Regeringen Kristersson,infrastrukturminister
i-VBA6eUH2CpmPZFgqzCpt9N,2022-10-18,,Regeringen Kristersson,utbildningsminister
i-Ws7TTEJpudwigKX5RjyhR4,2022-10-18,,Regeringen Kristersson,socialtjänstminister
i-bRyJHEKb5DCkicXkuZwMY,2022-10-18,,Regeringen Kristersson,statsminister
i-Wi2vnkLReiHaYR9PkV1x2i,2024-09-10,2025-09-07,Regeringen Kristersson,statsråd
i-NdZbCeRpyiTPZMpjifyckg,2025-04-01,2025-09-07,Regeringen Kristersson,statsråd
i-5XVtbYzwdrZ6ftQvXXkYo5,2025-06-28,2026-03-01,Regeringen Kristersson,arbetsmarknadsminister
i-NdZbCeRpyiTPZMpjifyckg,2025-09-08,,Regeringen Kristersson,jämställdhetsminister
i-Wi2vnkLReiHaYR9PkV1x2i,2025-09-08,,Regeringen Kristersson,biståndsminister
i-Wi2vnkLReiHaYR9PkV1x2i,2025-09-08,,Regeringen Kristersson,utrikeshandelsminister
i-5XVtbYzwdrZ6ftQvXXkYo5,2026-03-02,2026-06-14,Regeringen Kristersson,arbetsmarknadsminister
i-5XVtbYzwdrZ6ftQvXXkYo5,2026-03-02,2026-06-14,Regeringen Kristersson,klimatminister
i-5XVtbYzwdrZ6ftQvXXkYo5,2026-03-02,2026-06-14,Regeringen Kristersson,miljöminister
i-5XVtbYzwdrZ6ftQvXXkYo5,2026-06-15,,Regeringen Kristersson,arbetsmarknadsminister
