person_id,name,primary_name
i-122QwSSpyGJQiTJjmrUJCM,Krister Örnfjäder,true
i-122QwSSpyGJQiTJjmrUJCM,Örnfjäder,false
i-12Uee2egshc6uyv5Q4pcUM,Ernst Martin William Nisser,false
i-12Uee2egshc6uyv5Q4pcUM,Ernst Nisser,true
i-12Uee2egshc6uyv5Q4pcUM,Nisser,false
i-13PgYkuYe6x5jwCDMxQFhz,Boman,false
i-13PgYkuYe6x5jwCDMxQFhz,Märta Boman,true
i-13PgYkuYe6x5jwCDMxQFhz,Märta Kristina Boman,false
i-13QQP8owbbh9DWwyjxnTSS,Elm,false
i-13QQP8owbbh9DWwyjxnTSS,Ingegerd Elm,true
i-13QQP8owbbh9DWwyjxnTSS,Wega Ingegerd Elm,false
i-14i9EqBsyFmaLjBNGYzNCy,Emelie Nyman,true
i-14itFAMq9exF2LvnaCtHAn,Bäckström,false
i-14itFAMq9exF2LvnaCtHAn,Helge Bäckström,true
i-14itFAMq9exF2LvnaCtHAn,Helge Mattias Bäckström,false
i-15XKZT3hRjksEvtHa8x3vk,Marcus Wennerström,true
i-16Me1SDJCZ61jNn9EpVkzN,Gustaf Joachim Åkerman,false
i-16Me1SDJCZ61jNn9EpVkzN,Joachim Åkerman,true
i-16Me1SDJCZ61jNn9EpVkzN,Åkerman,false
i-16Witbg68Ektoj84BnCehX,Carl Adolf Grewesmühl,false
i-16Witbg68Ektoj84BnCehX,Carl Grewesmühl,true
i-16Witbg68Ektoj84BnCehX,Grevesmühl,false
i-16Witbg68Ektoj84BnCehX,Grewesmühl,false
i-16Witbg68Ektoj84BnCehX,K. A. Grevesmühl,false
i-16Witbg68Ektoj84BnCehX,Karl Adolf Grewesmühl,false
i-16dpFQGNcr7HGwnHCoAdKk,Ernst Olsson,true
i-16dpFQGNcr7HGwnHCoAdKk,Ernst Wilhelm Olsson,false
i-16dpFQGNcr7HGwnHCoAdKk,Olsson,false
i-17NC28Tx5CZ5mzwYAUHKqv,Monica Elisabet Green,false
i-17NC28Tx5CZ5mzwYAUHKqv,Monica Green,true
i-17q5suLEPiC6SEzqci5C4s,Janne Nilsson,true
i-17q5suLEPiC6SEzqci5C4s,Nilsson,false
i-17rLcHuXL7eT8W1nwmMH4h,Sotiris Delis,true
i-17wP8w7go36vS3sLZVkrL5,Jöns Olsson,true
i-17wP8w7go36vS3sLZVkrL5,Olsson,false
i-184mh7uhT7D8tGsavsHbSJ,Arthur Widén,true
i-184mh7uhT7D8tGsavsHbSJ,Lars Arthur Widén,false
i-184mh7uhT7D8tGsavsHbSJ,Widén,false
i-1WP7QkRyMb2CD9Uv6e3wC,Carl Ludvig Palm,false
i-1WP7QkRyMb2CD9Uv6e3wC,Carl Palm,true
i-1WP7QkRyMb2CD9Uv6e3wC,Palm,false
i-1XsEfF3SYqxVzdDjxQSya,Edvard Johansson,true
i-1XsEfF3SYqxVzdDjxQSya,Johan Edvard Johansson,false
i-1XsEfF3SYqxVzdDjxQSya,Johansson,false
i-1gnfNeDH6dj6iVaqD8XRH,Jonas Jonasson,true
i-1gnfNeDH6dj6iVaqD8XRH,Jonasson,false
i-1vkisNNG3HdqJbKySSxUp,Bror Persson,true
i-1vkisNNG3HdqJbKySSxUp,Bror Valdemar Persson,false
i-1vkisNNG3HdqJbKySSxUp,Bror Waldemar Persson,false
i-1vkisNNG3HdqJbKySSxUp,Persson,false
i-1xCX3EMkTS2CB8HGyyktc,Blåvitt Elofsson,true
i-1xpn4vGAnPTUV3FuyR27z,Anders Johan Johansson,true
i-1xpn4vGAnPTUV3FuyR27z,Johansson,false
i-21bcvvF1pf7n8H2CydJGFb,Bengt Bengtsson,true
i-21bcvvF1pf7n8H2CydJGFb,Bengtsson,false
i-21bcvvF1pf7n8H2CydJGFb,Karl-Erik Bengt Bengtsson,false
i-21sS3832F96xjNFhsY9x2i,Herman Falk,true
i-21sS3832F96xjNFhsY9x2i,Herman Otto Falk,false
i-22EGSH6WucdXDkn19Wz7Mu,Gyllenram,false
i-22EGSH6WucdXDkn19Wz7Mu,Henric Gustaf Wilhelm Gyllenram,false
i-22EGSH6WucdXDkn19Wz7Mu,Henrik Gustaf Wilhelm Gyllenram,false
i-22EGSH6WucdXDkn19Wz7Mu,Henrik Gyllenram,true
i-22wFp6y6WQMw5wNfwCbp8w,Annika Nilsson,true
i-23K7oBZqgsShoLKvyFSg9W,Bengt Olofsson,true
i-23K7oBZqgsShoLKvyFSg9W,Olofsson,false
i-23dA6zcoX9MkR9z7C5GtSC,Lagergren,false
i-23dA6zcoX9MkR9z7C5GtSC,Maria Lagergren,true
i-23owrgiLSgQRynhwKe5Tja,Kjell Nilsson,true
i-23owrgiLSgQRynhwKe5Tja,Nilsson,false
i-243rknWDEdgBEAge7sukzd,Gustaf Svensson,true
i-243rknWDEdgBEAge7sukzd,Gustaf Wilhelm Svensson,false
i-243rknWDEdgBEAge7sukzd,Svensson,false
i-24CbHNwsRznss4Yas6HseU,Anita Brodén,true
i-24FhhfcLncvvn1Ea4tJ4p7,Andersson,false
i-24FhhfcLncvvn1Ea4tJ4p7,Elis Andersson,true
i-24FhhfcLncvvn1Ea4tJ4p7,Elis Gustav Andersson,false
i-24GU6a9CVTa4mzxPwJujea,Albert Ehrensvärd,false
i-24GU6a9CVTa4mzxPwJujea,Albert Ehrensvärd d.y.,false
i-24GU6a9CVTa4mzxPwJujea,Albert Ehrensvärd den yngre,true
i-24GU6a9CVTa4mzxPwJujea,Johan Jakob Albert Ehrensvärd,false
i-25CfCVSbvBbZNT4MaSfQuo,B Magnus F C V Hallenborg,false
i-25CfCVSbvBbZNT4MaSfQuo,Bolivar Magnus Fredrik Carl Vilhelm Hallenborg,false
i-25CfCVSbvBbZNT4MaSfQuo,Hallenborg,false
i-25CfCVSbvBbZNT4MaSfQuo,Magnus Hallenborg,true
i-25EEgWidbVVQMzbXZMgAXZ,Anders Lind,true
i-25EEgWidbVVQMzbXZMgAXZ,Anders Petter Lind,false
i-25EEgWidbVVQMzbXZMgAXZ,Lind,false
i-25WANiY9YMaqEdj4ufyeqi,Heyman,false
i-25WANiY9YMaqEdj4ufyeqi,Knut Aron Heyman,true
i-25WANiY9YMaqEdj4ufyeqi,Knut Heyman,false
i-266bJc5RtSGNFxNkBXfTw6,Bengtsson,false
i-266bJc5RtSGNFxNkBXfTw6,Carl Isak Bengtsson,true
i-26JwMpJPh7ufEnA9hhtP9j,Niklas Wykman,true
i-26oFBmKgnHnJoK4Ecs2YVP,William Nils Erich Petzäll,false
i-26oFBmKgnHnJoK4Ecs2YVP,William Petzäll,true
i-27GnXLYmnvWWQ74zqN8XG1,Berglöf,false
i-27GnXLYmnvWWQ74zqN8XG1,Elof Berglöf,true
i-27GnXLYmnvWWQ74zqN8XG1,Per Elof Berglöf,false
i-27g3f2ySACnQtgfDwBTkDs,John Johansson,true
i-27oyAJvfzbLeTfsxMsKC4D,Harald Hjalmarsson,true
i-28QtNdtNvYW5KVgFHRDL4R,Lage Artur Svedberg,false
i-28QtNdtNvYW5KVgFHRDL4R,Lage Svedberg,true
i-28QtNdtNvYW5KVgFHRDL4R,Svedberg,false
i-29DwTeTswrc6CZ69NFKoDy,Englander,false
i-29DwTeTswrc6CZ69NFKoDy,Johannes Englander,true
i-29DwTeTswrc6CZ69NFKoDy,Johannes Magnusson Englander,false
i-29sSodYVXoni9iia1vszCy,Göran Pettersson,true
i-2ASB6DoU1XW9sV8ZGbcxey,Ivar Månsson,true
i-2ASB6DoU1XW9sV8ZGbcxey,Månsson,false
i-2B9CQsorTkxsV4aDV5kmNj,Muharrem Daniel Demirok,false
i-2B9CQsorTkxsV4aDV5kmNj,Muharrem Demirok,true
i-2BYSzJNcUPXMLvmLd6pE34,Ann-Cathrine Haglund,true
i-2BYSzJNcUPXMLvmLd6pE34,Haglund,false
i-2Bind9dyirGQ1UMwS9XjsT,Lennart Axelsson,true
i-2BomLucSUhUFGdLZdLWiCx,John Rignell,true
i-2BqYDfJGsEe55GwNK7mUNB,Farup,false
i-2BqYDfJGsEe55GwNK7mUNB,William Farup,true
i-2CQ7wMBad8ihMEVBdBSjzx,Nygårds,false
i-2CQ7wMBad8ihMEVBdBSjzx,Sven-Åke Nygårds,true
i-2CptAnTqxXA4LBXL7vK9gC,Bertil Persson,true
i-2CptAnTqxXA4LBXL7vK9gC,Persson,false
i-2D69hJC4BuUkfdTDfQDfwZ,Ulla Birgitta Bouvin,false
i-2D69hJC4BuUkfdTDfQDfwZ,Ulla Bouvin,true
i-2D6mwMLvYjVnxu8WpPCAeL,Lorentz Andreas Tovatt,false
i-2D6mwMLvYjVnxu8WpPCAeL,Lorentz Tovatt,true
i-2DoVBtekXdY2ysRmE7Ujm9,Tina Ghasemi,true
i-2DoVBtekXdY2ysRmE7Ujm9,Tina Ghasemi Liljekvist,false
i-2DwRqPaUX1EqrTDhVYFKdv,Ernst Leonard Åqvist,false
i-2DwRqPaUX1EqrTDhVYFKdv,Ernst Åqvist,true
i-2DwRqPaUX1EqrTDhVYFKdv,Åqvist,false
i-2E2N5MpZ8PjBpuMWc4jqhz,Johansson,false
i-2E2N5MpZ8PjBpuMWc4jqhz,Rune B. Johansson,true
i-2E2N5MpZ8PjBpuMWc4jqhz,Rune Bernhard Johansson,false
i-2EZPhWWR7yHztg3zN2aNvh,Peter Rådberg,true
i-2EsjZToCZr14goS1NGyN4G,Erik Jonsson,true
i-2EsjZToCZr14goS1NGyN4G,Jonsson,false
i-2FMdJQN5sEzW3N7zpocbuh,Hagström,false
i-2FMdJQN5sEzW3N7zpocbuh,Leon. Hagström,false
i-2FMdJQN5sEzW3N7zpocbuh,Leonard Hagström,true
i-2FNaYK7iohKDXNcVkZh5pS,Alfred Nilsson,true
i-2FNaYK7iohKDXNcVkZh5pS,Nilsson,false
i-2FVUSVT1SC2fewMNdrmgeb,Olle Schmidt,true
i-2FVUSVT1SC2fewMNdrmgeb,Schmidt,false
i-2FqhRcXF9QRfniBHKAFxU8,Anders Larsson,true
i-2G8XQvkqyYrG9q5CFVbCTE,Carl Mauritz Ekström,true
i-2G8XQvkqyYrG9q5CFVbCTE,Ekström,false
i-2G8XQvkqyYrG9q5CFVbCTE,Mauritz Ekström,false
i-2GE534P2Foy3WpqKPVNeW8,Mats Olof Pertoft,false
i-2GE534P2Foy3WpqKPVNeW8,Mats Pertoft,true
i-2GWsAAFBR2Sx71W8taeQ93,Maria Östberg Svanelind,true
i-2GrQUZVdfkSwaKMdaXRCZ6,Bergqvist,false
i-2GrQUZVdfkSwaKMdaXRCZ6,Holger Bergqvist,true
i-2Gu4ZGJPSHe5VzhGSDaUPk,Inger Jarl Beck,true
i-2H8FgkqFXcNpmFeBm6LxiU,Gunnel Olsson,true
i-2H8FgkqFXcNpmFeBm6LxiU,Olsson,false
i-2HFQhchqUWZTJKFYz4PjBu,Carita Boulwén,true
i-2HFQhchqUWZTJKFYz4PjBu,Carita Veronica Boulwén,false
i-2HyRdnwNjJfPPeCiQ2cg17,Malmborg,false
i-2HyRdnwNjJfPPeCiQ2cg17,Oscar Johan Natanael Malmborg,false
i-2HyRdnwNjJfPPeCiQ2cg17,Oscar Malmborg,true
i-2J2wE3W8hwNZbGpwcXgC4m,Lars Larsson,true
i-2J3r8zwqpPMPgVzdyt5mXb,Katarina Köhler,true
i-2JVaywB5mzNwVBk8D4UMn2,Daniel Andersson,true
i-2JdXPhk44YiYbhvGr8jwcF,Engman,false
i-2JdXPhk44YiYbhvGr8jwcF,Frans Linus Engman,false
i-2JdXPhk44YiYbhvGr8jwcF,Linus Engman,true
i-2Jx7WEDYHWuMCtxq8yapD7,Anton Björklund,true
i-2Jx7WEDYHWuMCtxq8yapD7,Björklund,false
i-2Jx7WEDYHWuMCtxq8yapD7,Lars Anton Björklund,false
i-2KQokBVhondPT8e9ZQdmem,Carl Axel Mannerskantz,true
i-2KQokBVhondPT8e9ZQdmem,Karl Axel Mannerskantz,false
i-2KQokBVhondPT8e9ZQdmem,Mannerskantz,false
i-2KdtfKFSqL1vq17VFAo5fa,Dag Larsson,true
i-2LoJA2RMbCfHmNjNagYNhW,Anders Svenson,true
i-2LoJA2RMbCfHmNjNagYNhW,Svenson,false
i-2LyiizD6VQaXk9cXFoZXaj,Erik W. Ljung,true
i-2LyiizD6VQaXk9cXFoZXaj,Erik Walfrid Ljung,false
i-2LyiizD6VQaXk9cXFoZXaj,Ljung,false
i-2M1688NA1hxdZmbJwUTnhY,Carl Sjögren,true
i-2M1688NA1hxdZmbJwUTnhY,Carl Vilhelm Peter Sjögren,false
i-2M1688NA1hxdZmbJwUTnhY,Karl Vilhelm Peter Sjögren,false
i-2M1688NA1hxdZmbJwUTnhY,Sjögren,false
i-2M2tbSjScCzwN2eeHLnCLG,Lasson,false
i-2M2tbSjScCzwN2eeHLnCLG,Ola Lasson,true
i-2Mf7WKdcHrqFKbwM3gXcPT,Jonsson,false
i-2Mf7WKdcHrqFKbwM3gXcPT,Rune Jonsson,true
i-2Mf7WKdcHrqFKbwM3gXcPT,Sven Alla Jonsson,false
i-2Mga29XFzf3fN7ZpqSSPDr,Algot Emanuel Jungnell,false
i-2Mga29XFzf3fN7ZpqSSPDr,Algot Emmanuel Jungnell,false
i-2Mga29XFzf3fN7ZpqSSPDr,Algot Jungnell,true
i-2Mga29XFzf3fN7ZpqSSPDr,Jungnell,false
i-2Nvz3MaNEG9Cs55xRuCwqF,Carl Johan Svensén,true
i-2Nvz3MaNEG9Cs55xRuCwqF,Svensén,false
i-2P8oL3AnBaUaam6G5cEkGw,Axel Ekstedt,true
i-2P8oL3AnBaUaam6G5cEkGw,Carl Axel Ekstedt,false
i-2P8oL3AnBaUaam6G5cEkGw,Ekstedt,false
i-2Q6Ao9UE6LSjxfzcJcXMob,Göran Reinhold Sääf 1819,false
i-2Q6Ao9UE6LSjxfzcJcXMob,Jöran Sääf,true
i-2Q6Ao9UE6LSjxfzcJcXMob,Sääf,false
i-2Q6ifMRXgcSC8YnnwWXxS7,Ulf Grape,true
i-2Q6ifMRXgcSC8YnnwWXxS7,Ulf Stefan Grape,false
i-2QMwPRu9aRvrGSP6ufskE5,Carl von Mühlenfels,true
i-2QMwPRu9aRvrGSP6ufskE5,Fredrik Carl Mühlenfels,false
i-2QMwPRu9aRvrGSP6ufskE5,von Mühlenfels,false
i-2QUfvPky9KMrG7dAcNtDxu,Ulf Dinkelspiel,true
i-2QcpwTvuvuHLaCWaSG33nF,Lars Mallmin,true
i-2QcpwTvuvuHLaCWaSG33nF,Lars Petter Mallmin,false
i-2QcpwTvuvuHLaCWaSG33nF,Mallmin,false
i-2QkCpqzzWZjou1ViWLScYu,Carl Axel Johan Wennérus,false
i-2QkCpqzzWZjou1ViWLScYu,Carl Wennérus,true
i-2QkCpqzzWZjou1ViWLScYu,Wennérus,false
i-2R36DMEY5uNMYenbPZFmEF,Arne Lindberg,true
i-2R36DMEY5uNMYenbPZFmEF,Lindberg,false
i-2RK26QMWgXmGhHao3peKAf,Arvid Hellberg,true
i-2RK26QMWgXmGhHao3peKAf,Hellberg,false
i-2RabH8oTzH5HLTzVwyNhTn,Ahlqvist,false
i-2RabH8oTzH5HLTzVwyNhTn,Johnny Ahlqvist,true
i-2S2fPHZMJYmFcnSzsAVSv8,Elof Hagberth,true
i-2S2fPHZMJYmFcnSzsAVSv8,Hagberth,false
i-2S2fPHZMJYmFcnSzsAVSv8,Nils Elof Hagberth,false
i-2SmrPgp2WQ2mrQPZdFdGHd,Andersson,false
i-2SmrPgp2WQ2mrQPZdFdGHd,Thure Andersson,true
i-2SmrPgp2WQ2mrQPZdFdGHd,Thure Gunnar Andersson,false
i-2SnUjYd3qzUQVBobN3u1Yc,Ulrika Eva Charlotte Heie,false
i-2SnUjYd3qzUQVBobN3u1Yc,Ulrika Heie,true
i-2TWbQYA8ZvveMrG4prL575,Ernst Alarik Klefbeck,false
i-2TWbQYA8ZvveMrG4prL575,Ernst Klefbeck,true
i-2TWbQYA8ZvveMrG4prL575,Klefbeck,false
i-2TbJKggFihcEZWLdGpj6Qa,Hellberg,false
i-2TbJKggFihcEZWLdGpj6Qa,Johan Adolf Hellberg,true
i-2TbJKggFihcEZWLdGpj6Qa,Johan Hellberg,false
i-2TjHxpmGAa43Gvfd6Uf3nm,Hansson,false
i-2TjHxpmGAa43Gvfd6Uf3nm,Ing-Marie Hansson,true
i-2TsHqq7PsF14bp7YkTxgw6,Gunnar Rönnberg,true
i-2TsHqq7PsF14bp7YkTxgw6,Rönnberg,false
i-2TsHqq7PsF14bp7YkTxgw6,Sven Gunnar Rönnberg,false
i-2U4y4kpuQrcdDAWFBSNkPp,Olof Thorell,true
i-2U4y4kpuQrcdDAWFBSNkPp,Thorell,false
i-2V14kMbwoqRCDnaJBAPWxH,Nils Erik Smedberg,true
i-2V14kMbwoqRCDnaJBAPWxH,Smedberg,false
i-2V2EbVqnAgYRK1wwG246WS,Nerman,false
i-2V2EbVqnAgYRK1wwG246WS,Ture Nerman,true
i-2VJazsFcETvv2ViUi5KBHJ,Henric Hardar Lundquist,false
i-2VJazsFcETvv2ViUi5KBHJ,Henric Lundquist,true
i-2VJazsFcETvv2ViUi5KBHJ,Lundquist,false
i-2VPEciYTYX5tZ66y4boe6F,C. G. Lindmark,false
i-2VPEciYTYX5tZ66y4boe6F,Carl Gustaf Lindmark,true
i-2VPEciYTYX5tZ66y4boe6F,Lindmark,false
i-2VZTfC47GBddiryCh2CpHE,Eriksson,false
i-2VZTfC47GBddiryCh2CpHE,Halvar Eriksson,true
i-2VaWfDfYCxUNRSZbTF7vcy,Anders Gustaf Månsson,false
i-2VaWfDfYCxUNRSZbTF7vcy,Gustaf Månsson,true
i-2VaWfDfYCxUNRSZbTF7vcy,Månsson,false
i-2WaJfXkP37vWkSWdCpY8f5,Fritiof Lundgren,true
i-2WaJfXkP37vWkSWdCpY8f5,Gustaf Fritiof Lundgren,false
i-2WaJfXkP37vWkSWdCpY8f5,Lundgren,false
i-2WwDvMvR68nyZfNDEjUGUE,Camitz,false
i-2WwDvMvR68nyZfNDEjUGUE,Ewert Camitz,true
i-2WwDvMvR68nyZfNDEjUGUE,Ewert Ludwig Camitz,false
i-2WwYPDGc9GytdbLU7PEMF8,Bexelius,false
i-2WwYPDGc9GytdbLU7PEMF8,Henrik Bexelius,true
i-2XCxJ3RXLvU5PqEuE5kuyp,Axel Erik Jansson,false
i-2XCxJ3RXLvU5PqEuE5kuyp,Erik Jansson,true
i-2XCxJ3RXLvU5PqEuE5kuyp,Jansson,false
i-2XreRSaEpTa5DhpG61Xopj,Martin Svensson,true
i-2XreRSaEpTa5DhpG61Xopj,Nils Johan Martin Svensson,false
i-2XreRSaEpTa5DhpG61Xopj,Svensson,false
i-2YMXTmw5qRAptNNy3BUrrF,Eric Westroth,true
i-2ZcLNQ889BCYDFJuLZT77S,Bengt Wiklund,true
i-2ZcLNQ889BCYDFJuLZT77S,Wikberg,false
i-2ZcLNQ889BCYDFJuLZT77S,Wiklund,false
i-2a9yXCcfoERLmntQKS8293,Johan Johansson,true
i-2a9yXCcfoERLmntQKS8293,Johansson,false
i-2aLsMrZn1hqtCu1i2qehWZ,Anders Gustaf Hollander,true
i-2aLsMrZn1hqtCu1i2qehWZ,Hollander,false
i-2aZQBvMx8o6ihusfvExbt8,Alice Åström,true
i-2ajxL1uZzxQsvJXngW96hD,Gädda,false
i-2ajxL1uZzxQsvJXngW96hD,Octo Emanuel Gädda,false
i-2ajxL1uZzxQsvJXngW96hD,Octo Gädda,true
i-2b1P9oc6jJ6GnNxViy4qgD,Albrecht Theodor Odelberg,false
i-2b1P9oc6jJ6GnNxViy4qgD,Odelberg,false
i-2b1P9oc6jJ6GnNxViy4qgD,Theodor Odelberg,true
i-2bEkAbRqkiPnYQgPpHXARx,August Ljunggren,true
i-2bEkAbRqkiPnYQgPpHXARx,Ljunggren,false
i-2bU177zRXqttE4vR8aEJ97,Claes-Göran Larsson,true
i-2bU177zRXqttE4vR8aEJ97,Elis Clas Göran Larsson,false
i-2bVVLzWvNsURiiwq5jSQS9,Adlercreutz,false
i-2bVVLzWvNsURiiwq5jSQS9,Axel Aldercreutz,false
i-2bVVLzWvNsURiiwq5jSQS9,Axel Gustaf Adlercreutz,true
i-2c9rVAoZGjLhTDcwaorNo9,Niklas Karlsson,true
i-2cLoxXq5VAxu3RYfzsD3qx,Dahlberg,false
i-2cLoxXq5VAxu3RYfzsD3qx,Karl Thure Dahlberg,false
i-2cLoxXq5VAxu3RYfzsD3qx,Thure Dahlberg,true
i-2cU2TDpPdwZBz4RUDmpFhN,Lennart Bodén,true
i-2cnJx4mhacW8chNFTQpsG2,Edward Larson,true
i-2cnJx4mhacW8chNFTQpsG2,Larson,false
i-2cnJx4mhacW8chNFTQpsG2,Victor Edward Larson,false
i-2cnJx4mhacW8chNFTQpsG2,Viktor Edward Larson,false
i-2cpV6hJCWGQCKgBk3DdpjN,Andreas Svensson,true
i-2cpV6hJCWGQCKgBk3DdpjN,Svensson,false
i-2dY1SGv8Hf9ixu6QkJdDsP,Carl Theodor af Ekenstam,false
i-2dY1SGv8Hf9ixu6QkJdDsP,Theodor af Ekenstam,true
i-2dY1SGv8Hf9ixu6QkJdDsP,af Ekenstam,false
i-2df2xZBhrGFQtv1eBMHDtu,Källenius,false
i-2df2xZBhrGFQtv1eBMHDtu,Sten Ivar Rune Källenius,false
i-2df2xZBhrGFQtv1eBMHDtu,Sten Källenius,true
i-2drk6Ji3xqAraxv3JSzgNa,Hansson,false
i-2drk6Ji3xqAraxv3JSzgNa,Tage Hansson,true
i-2drk6Ji3xqAraxv3JSzgNa,Tage Tycko Hansson,false
i-2dwC5U2RuvHwfhzcwB91oo,Mattias Eriksson Falk,true
i-2eSXk1Vkv7uy5sKwa29vbf,Dahl,false
i-2eSXk1Vkv7uy5sKwa29vbf,Einar Dahl,true
i-2eSXk1Vkv7uy5sKwa29vbf,Einar Vilhelm Robert Dahl,false
i-2ecW5cyGVGYBknd3U9yN1Y,Olof Olsson,true
i-2ecW5cyGVGYBknd3U9yN1Y,Olsson,false
i-2ehtmACUZPNJMNnS5o3dYB,Gerhard Lagerstråle,true
i-2ehtmACUZPNJMNnS5o3dYB,Henrik Gerhard Lagerstråle,false
i-2ehtmACUZPNJMNnS5o3dYB,Lagerstråle,false
i-2erDJuffjtgN8bt6dbUTTo,Gustaf Jonnergård,true
i-2erDJuffjtgN8bt6dbUTTo,Jonnergård,false
i-2f68PZTku6uz8VKADy2Dk9,Nils Claëson,true
i-2f68PZTku6uz8VKADy2Dk9,Nils Ludvig Alfred Claëson,false
i-2fr3vB32hz5Z6xAxeRqads,Martin Ådahl,true
i-2fr3vB32hz5Z6xAxeRqads,Sven Martin Andreas Ådahl,false
i-2gBVxM8igvS4RQ1T5GE8Qp,Igel,false
i-2gBVxM8igvS4RQ1T5GE8Qp,Johan Igel,true
i-2gFz918CyUZkTuGwyS9VJt,Harald Ström,true
i-2gFz918CyUZkTuGwyS9VJt,Olof Harald Ström,false
i-2gFz918CyUZkTuGwyS9VJt,Ström,false
i-2gVYhZWa58g5m2RXWT7M2K,Carl Kjellberg,true
i-2gVYhZWa58g5m2RXWT7M2K,Carl Ossian Kjellberg,false
i-2gVYhZWa58g5m2RXWT7M2K,Kjellberg,false
i-2ggBvfkHRn3s8FvFEPLxjs,Agne Hansson,true
i-2ggBvfkHRn3s8FvFEPLxjs,Hansson,false
i-2gvrXtH5sAT9PgXsCVpQSW,Hjalmarson,false
i-2gvrXtH5sAT9PgXsCVpQSW,Jarl Harald Hjalmarsson,false
i-2gvrXtH5sAT9PgXsCVpQSW,Jarl Hjalmarson,true
i-2hfMSTsSUKSgHWaXH2bxMc,August Tamm,true
i-2hfMSTsSUKSgHWaXH2bxMc,Carl August Tamm,false
i-2hfMSTsSUKSgHWaXH2bxMc,Tamm,false
i-2idvkVsaizPjHffjy7Fqpg,August Helmer Hedström,false
i-2idvkVsaizPjHffjy7Fqpg,Hedström,false
i-2idvkVsaizPjHffjy7Fqpg,Helmer Hedström,true
i-2iv2nn2jyQ2zuGPcP4w62p,Alvin,false
i-2iv2nn2jyQ2zuGPcP4w62p,Lars Alvin,true
i-2iv2nn2jyQ2zuGPcP4w62p,Lars Andersson Alvin,false
i-2jDQuhvFoLEMg5TXt8wPgR,Johannes Jonson,true
i-2jDQuhvFoLEMg5TXt8wPgR,Jonson,false
i-2jDvJSMx2FdCk8pZegcj1o,Berndt Oscar Stackelberg,false
i-2jDvJSMx2FdCk8pZegcj1o,Oscar Stackelberg,true
i-2jDvJSMx2FdCk8pZegcj1o,Stackelberg,false
i-2kBxj9K56e436Bc1ZLBqtp,Karl Johan Sandegård,false
i-2kBxj9K56e436Bc1ZLBqtp,Karl Sandegård,true
i-2kBxj9K56e436Bc1ZLBqtp,Sandegård,false
i-2kLR1QFBRK4TzA8EaYwdB4,Edvard Svensson,true
i-2kLR1QFBRK4TzA8EaYwdB4,Edward Svensson,false
i-2kLR1QFBRK4TzA8EaYwdB4,Svensson,false
i-2kXWA54DYtEaQ9G6hutqL8,Axel Samuel Emanuel Larsson,false
i-2kXWA54DYtEaQ9G6hutqL8,Larsson,false
i-2kXWA54DYtEaQ9G6hutqL8,Sam Larsson,true
i-2mNEN1Zszf1P35pk3WZQhH,Karl Lennart Michael Hagberg,false
i-2mNEN1Zszf1P35pk3WZQhH,Michael Hagberg,true
i-2mWi9vtkPfa94zF2iziK1h,Henning Ferdinand Nilsson,false
i-2mWi9vtkPfa94zF2iziK1h,Henning Nilsson,true
i-2mWi9vtkPfa94zF2iziK1h,Nilsson,false
i-2myDq8jven5AQJys1pxuxQ,Johan Larsson,true
i-2myDq8jven5AQJys1pxuxQ,Larsson,false
i-2p8ymXYjHPTSuKVZSU7E3o,Gustav Edvard Lundgren,true
i-2p8ymXYjHPTSuKVZSU7E3o,Lundgren,false
i-2pEgGvjfozTyRxyzmLZFo2,Lundkvist,false
i-2pEgGvjfozTyRxyzmLZFo2,Svante Lundkvist,true
i-2pS6NnNWBF8o836MN5u48Z,Engström,false
i-2pS6NnNWBF8o836MN5u48Z,Georg Engström,true
i-2pSu5RxcjvCMDWHtdu6yGh,John Norén,true
i-2pSu5RxcjvCMDWHtdu6yGh,Norén,false
i-2phsMxb358E6BizcJsgiPa,Ekman,false
i-2phsMxb358E6BizcJsgiPa,Fritjof Ekman,true
i-2phsMxb358E6BizcJsgiPa,Johan Fritjof Ekman,false
i-2qMAGUo6yhpbSovQ2eHBVE,Bergman,false
i-2qMAGUo6yhpbSovQ2eHBVE,Holger Bergman,true
i-2qpXYDWyLKFhrmxJnaW7rv,Albert Forsell,true
i-2qpXYDWyLKFhrmxJnaW7rv,Forsell,false
i-2qpXYDWyLKFhrmxJnaW7rv,G Albert Forsell,false
i-2s4LCeKYMJUyy8FKE3ewMN,Lena Emilsson,true
i-2sXH8re5NKjPFTXLjjke7b,Kajerdt,false
i-2sXH8re5NKjPFTXLjjke7b,Robert Kajerdt,true
i-2t9Vp7JX4pqR6fx9wurVt3,Carl Otto Larsson,true
i-2t9Vp7JX4pqR6fx9wurVt3,Larsson,false
i-2tbdBcby74PFaeUyCBPwWD,Helmer Molander,true
i-2tbdBcby74PFaeUyCBPwWD,Molander,false
i-2uMH5aDkHeeZUeQKUH1yLp,Lennart Bolander,true
i-2uUNwmjsyRbGEqGQmTMGoq,Ernst Hjalmar Nyström,false
i-2uUNwmjsyRbGEqGQmTMGoq,Hjalmar Nyström,true
i-2uUNwmjsyRbGEqGQmTMGoq,Nyström,false
i-2ugyM6pSMg5iuEaP9k2J9q,Louise Charlotte Elahe Thunström,false
i-2ugyM6pSMg5iuEaP9k2J9q,Louise Thunström,true
i-2uokPe53JLYm2qWYfk8uEY,Källstad,false
i-2uokPe53JLYm2qWYfk8uEY,Thorvald Källstad,true
i-2vPqRXUJK7sLEawPeFYaLa,Axel Ekman,true
i-2vPqRXUJK7sLEawPeFYaLa,Ekman,false
i-2vQMFNG74R6NrMhiffezmV,Johan Nordenfalk den äldre,true
i-2vSoREUgDMM9du3oZhTyJR,Lars Erik Schött,false
i-2vSoREUgDMM9du3oZhTyJR,Lars Schött,true
i-2vSoREUgDMM9du3oZhTyJR,Schött,false
i-2vgVV6cyMz23oX8PyzP8Cm,Sten Heckscher,true
i-2vjWAoBmHUpzL6KdsLKNbq,August Zotterman,true
i-2vjWAoBmHUpzL6KdsLKNbq,Erik August Zotterman,false
i-2vjWAoBmHUpzL6KdsLKNbq,Zotterman,false
i-2w4mwXVrdD5jJJX2JZ7cBM,Tommy Ternemar,true
i-2wfYfbpr1SKETjcrKre2ps,Margareta Hedlund,true
i-2wqSLYX3KMpYHr9NReDRzj,Geijer,false
i-2wqSLYX3KMpYHr9NReDRzj,Johan Lennart Geijer,false
i-2wqSLYX3KMpYHr9NReDRzj,Lennart Geijer,true
i-2x28CSiBB3LbhjSkT1J5Jb,Anders Gustaf Grill,false
i-2x28CSiBB3LbhjSkT1J5Jb,Andreas Grill,true
i-2x28CSiBB3LbhjSkT1J5Jb,Andreas Gustaf Grill,false
i-2x28CSiBB3LbhjSkT1J5Jb,Grill,false
i-2xUKQzvWR1CyjDQD6YBgeC,Aulin,false
i-2xUKQzvWR1CyjDQD6YBgeC,Olle Aulin,true
i-2xzcr3nLPgka3s5j7pZ98N,Ingegerd Maria Saarinen,false
i-2xzcr3nLPgka3s5j7pZ98N,Ingegerd Saarinen,true
i-2y76R6jyD6SNKpRXZGGxYL,Ivan Hjalmar Emanuel Pauli,false
i-2y76R6jyD6SNKpRXZGGxYL,Ivan Pauli,true
i-2y76R6jyD6SNKpRXZGGxYL,Pauli,false
i-2ya2ujgKEjMbhqb1vJagr2,Carl Oscar Ericson,false
i-2ya2ujgKEjMbhqb1vJagr2,Ericson,false
i-2ya2ujgKEjMbhqb1vJagr2,Oscar Ericson,true
i-2yc9m3kiBMJuGQ8cRJzAWw,Ekelund,false
i-2yc9m3kiBMJuGQ8cRJzAWw,Nils Thure Ekelund,false
i-2yc9m3kiBMJuGQ8cRJzAWw,Thure Ekelund,true
i-2ymTc21Xu4T5EN7ZiCzTEX,Eliasson,false
i-2ymTc21Xu4T5EN7ZiCzTEX,Stina Eliasson,true
i-2ysacPjk4irxFEiH5eaGGj,Fredrik-Adolf Hamilton af Hageby,true
i-2ysacPjk4irxFEiH5eaGGj,Hamilton af Hageby,false
i-2ysacPjk4irxFEiH5eaGGj,Hugo Johan Fredrik-Adolf Hamilton af Hageby,false
i-2zEBLdA13fEczHCzcwgZnm,Henrikson,false
i-2zEBLdA13fEczHCzcwgZnm,Lars Gunnar Henrikson,false
i-2zEBLdA13fEczHCzcwgZnm,Lars Henrikson,true
i-2ze5QGGJAsCoqCn8nthhnj,Adamsson,false
i-2ze5QGGJAsCoqCn8nthhnj,Erik Adamsson,true
i-2ze5QGGJAsCoqCn8nthhnj,Erik Selmer Johan Adamsson,false
i-2znEKaD4eMJ4P3uwZJCRrN,Gustaf Sundberg,true
i-2znEKaD4eMJ4P3uwZJCRrN,Sundberg,false
i-2znEKaD4eMJ4P3uwZJCRrN,Sven Anders Gustaf Sundberg,false
i-3139LqaoEDPArxpLRyxXT8,Ernst Hage,true
i-3139LqaoEDPArxpLRyxXT8,Hage,false
i-316hzMDj6JzHA4r8GYm381,Agnes Emilia Elisabet Wallentheim,false
i-316hzMDj6JzHA4r8GYm381,Annie Wallentheim,true
i-316hzMDj6JzHA4r8GYm381,Wallentheim,false
i-31Q457DWEnbThb8ttXTacq,Holmström,false
i-31Q457DWEnbThb8ttXTacq,Nils Holmström,true
i-31gPpUoSm7zqzQckVmfPGy,Margit Jonsson,true
i-31sonYbqDRNDqVat7sRoJx,Anton Emanuel Svensson,false
i-31sonYbqDRNDqVat7sRoJx,Anton Svensson,true
i-31sonYbqDRNDqVat7sRoJx,Svensson,false
i-31zN39xumu2faEuBMxwB3B,Linderoth-Andersson,false
i-31zN39xumu2faEuBMxwB3B,Signe Linderoth-Andersson,true
i-31zN39xumu2faEuBMxwB3B,Signe Vilhelmina Linderoth-Andersson,false
i-3239bKsvfTAEYyph4128h5,Per Persson,true
i-3239bKsvfTAEYyph4128h5,Persson,false
i-328U5PMXTxVANgAj6PLmnT,Gördis Hörnlund,true
i-328U5PMXTxVANgAj6PLmnT,Hörnlund,false
i-33FPZeFzgAhBMq7wzR6Vq9,Anders Andersson,true
i-33FPZeFzgAhBMq7wzR6Vq9,Andersson,false
i-33NyqMNjzDHeZyWFbFruFj,Erik Gustaf Johansson,true
i-33NyqMNjzDHeZyWFbFruFj,Johansson,false
i-33j82x79hSx7judsWb3pjW,Alfred Håkansson,true
i-33j82x79hSx7judsWb3pjW,Håkansson,false
i-33ptDVYeHudF86ka8rpjpy,Emil Albin Smith,false
i-33ptDVYeHudF86ka8rpjpy,Emil Smith,true
i-33ptDVYeHudF86ka8rpjpy,Smith,false
i-34ChUtN9THfcprDiXTTCyF,Löwenhielm,false
i-34ChUtN9THfcprDiXTTCyF,Severin Löwenhielm,true
i-34DNmqiL54dgDmYoH4mPs8,Greger Tidlund,true
i-34FRvyXQKUigF3Qr9AwKJe,Bodil Ceballos,false
i-34FRvyXQKUigF3Qr9AwKJe,Bodil Elisabeth Lundström,false
i-34FRvyXQKUigF3Qr9AwKJe,Bodil Elisabeth Valero,false
i-34FRvyXQKUigF3Qr9AwKJe,Bodil Lundström,false
i-34FRvyXQKUigF3Qr9AwKJe,Bodil Valero,true
i-34QhxUMskSZttM6WAtP9fu,Gustaf Algernon Stierneld,true
i-34QhxUMskSZttM6WAtP9fu,Gustaf Nils Algernon Adolf Stierneld,false
i-34rT6BP1drc785SNXKKW3g,Heijkenskjöld,false
i-34rT6BP1drc785SNXKKW3g,Selim Heijkenskjöld,true
i-35UuBmVbY5NHVF9pkhut8B,Anders Hylander,true
i-35UuBmVbY5NHVF9pkhut8B,Anders Patrik Hylander,false
i-35UuBmVbY5NHVF9pkhut8B,Hylander,false
i-35gSvZSnGVngdKy4MQKZtS,Carl Magnus Thulstrup,false
i-35gSvZSnGVngdKy4MQKZtS,Karl Magnus Thulstrup,false
i-35gSvZSnGVngdKy4MQKZtS,Magnus Thulstrup,true
i-35xJbKo6VkrJQSnGvrd9Vj,August Gripenstedt,false
i-35xJbKo6VkrJQSnGvrd9Vj,Gripenstedt,false
i-35xJbKo6VkrJQSnGvrd9Vj,J. A. Gripenstedt,false
i-35xJbKo6VkrJQSnGvrd9Vj,Johan August Gripenstedt,true
i-3696oVKriehw68Akbp9JnA,Tony Wiklander,true
i-36aRaUBBm66oREkqERWJ5B,Ulla-Britt Carlsson,true
i-36hvfXkssW8r8Ucv2BZUPd,Ström,false
i-36hvfXkssW8r8Ucv2BZUPd,Torsten Emanuel Ström,false
i-36hvfXkssW8r8Ucv2BZUPd,Torsten Ström,true
i-36nyxqA7w17acL7s97ha3p,Mikael Dahlkvist,false
i-36nyxqA7w17acL7s97ha3p,Mikael Dahlqvist,true
i-37qgHWj8Zd858MSWDhN8Zo,Larsson,false
i-37qgHWj8Zd858MSWDhN8Zo,Liss Olof Larsson,true
i-386LRWBHC98Hi4hRApYcfb,Carl Johan Hammarström,true
i-386LRWBHC98Hi4hRApYcfb,Hammarström,false
i-386LRWBHC98Hi4hRApYcfb,Karl Johan Hammarström,false
i-38NLUUM7XqaztjyKDJ2d1D,Albert Hermansson,true
i-38NLUUM7XqaztjyKDJ2d1D,Hermansson,false
i-38NLUUM7XqaztjyKDJ2d1D,Johan Albert Hermansson,false
i-38fof3HHcr7gkdu1y3sCPK,Christina Rogestam,true
i-38fof3HHcr7gkdu1y3sCPK,Rogestam,false
i-38jBhirK3Q2WpsVMafAn24,Hanna Westerén,true
i-39LDPyv9DGid3mVz3CfdDJ,Albert Bergström,true
i-39LDPyv9DGid3mVz3CfdDJ,Bergström,false
i-39LDPyv9DGid3mVz3CfdDJ,Pehr Albert Bergström,false
i-39LDPyv9DGid3mVz3CfdDJ,Per Albert Bergström,false
i-3AJzwm9j6UU8XMvjBy9XjF,Bergendahl,false
i-3AJzwm9j6UU8XMvjBy9XjF,K. H. Bergendahl,false
i-3AJzwm9j6UU8XMvjBy9XjF,Klas Hugo Bergendahl,true
i-3AeBsdJ7MhuLFhPbK13WZp,Marie Nicholson,true
i-3BxiLA2EHsxhAJCbe4ow2J,Edvin Thun,true
i-3BxiLA2EHsxhAJCbe4ow2J,Thun,false
i-3BzZTfoTmKWciTnZwiHZVs,Allan Andersson,true
i-3BzZTfoTmKWciTnZwiHZVs,Andersson,false
i-3BzZTfoTmKWciTnZwiHZVs,Johannes Allan Andersson,false
i-3C2pZzS1wYjgNMiss84Dyp,Broomé,false
i-3C2pZzS1wYjgNMiss84Dyp,Gustaf Broomé,true
i-3C2pZzS1wYjgNMiss84Dyp,Lars Gustaf Broomé,false
i-3CgnFW8AAQykoiHKz1eRJA,Sederholm,false
i-3ChvFB2zr9iHy1ZRMn1Ban,Ingemar Mundebo,true
i-3ChvFB2zr9iHy1ZRMn1Ban,Mossberg,false
i-3ChvFB2zr9iHy1ZRMn1Ban,Mundebo,false
i-3D7Cfk47LUcjbeGff3k8fV,Felix Hamrin,true
i-3D7Cfk47LUcjbeGff3k8fV,Felix Teodor Hamrin,false
i-3D7Cfk47LUcjbeGff3k8fV,Hamrin,false
i-3DCxazQKgys5aVEbkoNgyR,Jonsson,false
i-3DCxazQKgys5aVEbkoNgyR,Per Jonsson,true
i-3DDoYTCpo7HVFudY6xvwJu,Karin Kihlman,true
i-3DDoYTCpo7HVFudY6xvwJu,Kihlman,false
i-3DJPoU6X43Z3gZwYQ5mZfw,Eric Hansson,true
i-3DJPoU6X43Z3gZwYQ5mZfw,Hansson,false
i-3DJzbhf3kpR3QgMGxxJp5p,Bengt-Olof Thylén,true
i-3DJzbhf3kpR3QgMGxxJp5p,Thylén,false
i-3DKytmgpnLCJYb8hSjHGUm,Axel Bergström,true
i-3DKytmgpnLCJYb8hSjHGUm,Bergström,false
i-3DKytmgpnLCJYb8hSjHGUm,Per Axel Bergström,false
i-3DLEKns8xgJB66t2ZrR5T6,Dacke,false
i-3DLEKns8xgJB66t2ZrR5T6,Fabian Månsson,true
i-3DLEKns8xgJB66t2ZrR5T6,Karl Fabian Månsson,false
i-3DLEKns8xgJB66t2ZrR5T6,Månsson,false
i-3DLisaaacX2hPraEjPVMsW,K. A. Wallenberg,false
i-3DLisaaacX2hPraEjPVMsW,K.A. Wallenberg,false
i-3DLisaaacX2hPraEjPVMsW,Knut Agathon Wallenberg,true
i-3DLisaaacX2hPraEjPVMsW,Knut Wallenberg,false
i-3DLisaaacX2hPraEjPVMsW,Wallenberg,false
i-3DWSnpybmuEV7TrhwjK4Sm,Fredrik Johanson,true
i-3DWSnpybmuEV7TrhwjK4Sm,Johan Fredrik Johanson,false
i-3DWSnpybmuEV7TrhwjK4Sm,Johanson,false
i-3ESxygPf8xSDBdUjnTaZ9K,Ingvarson,false
i-3ESxygPf8xSDBdUjnTaZ9K,Johan August Ingvarson,false
i-3ESxygPf8xSDBdUjnTaZ9K,Johan Ingvarson,true
i-3EUWtiFaSbYYtaTDEAR9RS,Frans Malmberg,true
i-3EUWtiFaSbYYtaTDEAR9RS,Frans Theodor Tertullianus Malmberg,false
i-3EUWtiFaSbYYtaTDEAR9RS,Malmberg,false
i-3F1eUNkWXaMuYwB6Z4eGSH,Carl Hjalmar Gustafson,false
i-3F1eUNkWXaMuYwB6Z4eGSH,Gustafson,false
i-3F1eUNkWXaMuYwB6Z4eGSH,Hjalmar Gustafson,true
i-3F1eUNkWXaMuYwB6Z4eGSH,K Hjalmar Gustafson,false
i-3F1eUNkWXaMuYwB6Z4eGSH,Karl Hjalmar Gustafson,false
i-3FEh1q844FM3qRDgqmfWSF,Anna Hedborg,true
i-3FEh1q844FM3qRDgqmfWSF,Anna Margareta Hedborg,false
i-3FKCQLWhQSy2w2ni3aTU9M,Peter Petersson,true
i-3FKCQLWhQSy2w2ni3aTU9M,Petersson,false
i-3FSp339dVf7hve3irY4ifb,Berit Mohlin-Erbeus,true
i-3FSs4wVDP5BUGhdcBZEhUo,Carl Collander,true
i-3FSs4wVDP5BUGhdcBZEhUo,Carl Wilhelm Collander,false
i-3FSs4wVDP5BUGhdcBZEhUo,Collander,false
i-3FUZpwdM2vfsfx1xv9BrMk,Kristina Persson,true
i-3FUZpwdM2vfsfx1xv9BrMk,Persson,false
i-3FXDiNFhMaD2xtLwqRVLbs,Herman Kvarnzelius,true
i-3FXDiNFhMaD2xtLwqRVLbs,Kvarnzelius,false
i-3FXDiNFhMaD2xtLwqRVLbs,Svante Herman Kvarnzelius,false
i-3FZHxgo9GniUc1FF973iHh,Barnekow,false
i-3FZHxgo9GniUc1FF973iHh,Ragnar Barnekow,true
i-3G3HSvSLDH6Z2Spw8nAwav,Jules Edvard Stiernblad,false
i-3G3HSvSLDH6Z2Spw8nAwav,Jules Stiernblad,true
i-3G3HSvSLDH6Z2Spw8nAwav,Julius Edvard Stiernblad,false
i-3G3HSvSLDH6Z2Spw8nAwav,Julius Edvard Stjernblad,false
i-3G3HSvSLDH6Z2Spw8nAwav,Stjernblad,false
i-3GrPnM5KDKuSxfWxymYNoC,Mikaela Holmström,false
i-3GrPnM5KDKuSxfWxymYNoC,Mikaela Valtersson,true
i-3Grh8TCtLTMtZdMgN1X5RJ,Pål Jonson,true
i-3H2mSG9968n2w3bGtREUma,Carl Fredrik Winkrans,true
i-3H2mSG9968n2w3bGtREUma,Winkrans,false
i-3HJF6zzUs5UZcMmqFhWRsY,Carl Martin Huss,false
i-3HJF6zzUs5UZcMmqFhWRsY,Huss,false
i-3HJF6zzUs5UZcMmqFhWRsY,Martin Huss,true
i-3HxEFXDaBqsMwwWWabybdY,Pia Hallström,true
i-3J7gReC5w7NtoncLZdAwSc,Marianne Karin Ingeborg Watz,false
i-3J7gReC5w7NtoncLZdAwSc,Marianne Watz,true
i-3JGVZ8RbAGoVe6Y71J9Pvd,Anders Haglund,true
i-3JGVZ8RbAGoVe6Y71J9Pvd,Folke Anders Haglund,false
i-3JGVZ8RbAGoVe6Y71J9Pvd,Haglund,false
i-3JecSyBEVBAAoLDbynKGW6,Yusuf Aydin,true
i-3K1ZGtYnJEg1E9AoTGFkNj,Meijer,false
i-3K1ZGtYnJEg1E9AoTGFkNj,Otto Meijer,true
i-3K1ZGtYnJEg1E9AoTGFkNj,Per Otto Bernhard Meijer,false
i-3KFK3oZcYcWrbWnvXSk8NY,Axel Martin Widén,false
i-3KFK3oZcYcWrbWnvXSk8NY,Martin Widén,true
i-3KFK3oZcYcWrbWnvXSk8NY,Widén,false
i-3KTrvYeUfwgpZ5rnmnx64a,Jacob Ludvig von Post,false
i-3KTrvYeUfwgpZ5rnmnx64a,Ludvig von Post,true
i-3KTrvYeUfwgpZ5rnmnx64a,von Post,false
i-3L2NmwsjEcuGo8fdwvHsQi,Magnus Manhammar,true
i-3LADpippuGsVzASZffPQLR,Carl Jansson,true
i-3LADpippuGsVzASZffPQLR,Carl Peter Jansson,false
i-3LADpippuGsVzASZffPQLR,Carl Petter Jansson,false
i-3LADpippuGsVzASZffPQLR,Jansson,false
i-3LfcdjHPZXD1zBe99n8YMX,Ivar Arthur Säfstrand,false
i-3LfcdjHPZXD1zBe99n8YMX,Ivar Säfstrand,true
i-3LfcdjHPZXD1zBe99n8YMX,Säfstrand,false
i-3LnTV9Mo4yi9Ugf3TVHQ14,Bernt Lidovig Wilson,false
i-3LnTV9Mo4yi9Ugf3TVHQ14,Bernt Wilson,true
i-3LnTV9Mo4yi9Ugf3TVHQ14,Wilson,false
i-3M1s36ECJm8aj113TDC85w,Bo Holmberg,true
i-3M1s36ECJm8aj113TDC85w,Bo Lindor Holmberg,false
i-3M1s36ECJm8aj113TDC85w,Holmberg,false
i-3MH73DLbrRLp6rCtZUN7xj,Georg Peter Rönblad,true
i-3MH73DLbrRLp6rCtZUN7xj,Rönblad,false
i-3MpAwjWDid9XkrwtsazNoj,Axel Printzensköld,true
i-3MpAwjWDid9XkrwtsazNoj,Printzensköld,false
i-3MuEs2XfJdL7dc1ejaB7XH,Bengtsson,false
i-3MuEs2XfJdL7dc1ejaB7XH,Johannes Wilhelm Bengtsson,false
i-3MuEs2XfJdL7dc1ejaB7XH,Wilhelm Bengtsson,true
i-3MvaWwGAEPFswCdnQqXjYX,Johan Magnus Wikström,true
i-3MvaWwGAEPFswCdnQqXjYX,Wikström,false
i-3MwbJPjHpsScrukDj5ohhN,Jan O. Karlsson,true
i-3MwbJPjHpsScrukDj5ohhN,Jan Olov Karlsson,false
i-3N8PrwPitEAyTqU29LRaim,Jakob Olofsgård,true
i-3NBw8ikngc89zrUXJBCx5D,Axel Edvard Jonsson Gylfe,false
i-3NBw8ikngc89zrUXJBCx5D,Axel Gylfe,true
i-3NBw8ikngc89zrUXJBCx5D,Gylfe,false
i-3NCXBeA2vK1pZneiUEQzVr,Anders Lunderqvist,true
i-3NCXBeA2vK1pZneiUEQzVr,Anders Magnus Lunderqvist,false
i-3NCXBeA2vK1pZneiUEQzVr,Lunderqvist,false
i-3NQwgepQf2vTwvJTrqaMfi,Persson,false
i-3NQwgepQf2vTwvJTrqaMfi,Sigvard Persson,true
i-3NbGNP9YEc8pT9LWALZDW6,Johansson,false
i-3NbGNP9YEc8pT9LWALZDW6,M.N. Johansson,false
i-3NbGNP9YEc8pT9LWALZDW6,Magnus Nathanael Johansson,true
i-3NpPy7cWbyt37LTiEpxrRp,Anders Olsson,true
i-3NpPy7cWbyt37LTiEpxrRp,Olsson,false
i-3PaU5JJkcCnHdn6JLYUvSY,Carl Pontus af Burén,false
i-3PaU5JJkcCnHdn6JLYUvSY,Pontus af Burén,true
i-3PaU5JJkcCnHdn6JLYUvSY,af Burén,false
i-3PjfUR5TydqjrerGmDeu2F,Johan Jönsson,true
i-3PjfUR5TydqjrerGmDeu2F,Jönsson,false
i-3PzFp3p87PfdaGcb8Fch7G,Gustaf Henrik Malmberg,false
i-3PzFp3p87PfdaGcb8Fch7G,Gustaf Malmberg,true
i-3PzFp3p87PfdaGcb8Fch7G,Malmberg,false
i-3QAhVH5wpKkQj8omxN4FJe,Elsa Ingeborg Lindskog,false
i-3QAhVH5wpKkQj8omxN4FJe,Elsa Lindskog,true
i-3QAhVH5wpKkQj8omxN4FJe,Lindskog,false
i-3QJB8TPpzWzbukAybvx5SF,Elisabet Holm,true
i-3QJB8TPpzWzbukAybvx5SF,Elisabet Larsson,false
i-3QwyfkM9UveqvAVHUKwzFh,Anton Fredrik Martin,false
i-3QwyfkM9UveqvAVHUKwzFh,Anton Martin,true
i-3QwyfkM9UveqvAVHUKwzFh,Martin,false
i-3Qz6CXUz6kGGCR1aT9MZrB,Andersson,false
i-3Qz6CXUz6kGGCR1aT9MZrB,Ingrid Andersson,true
i-3Qz6CXUz6kGGCR1aT9MZrB,Ingrid Margareta Andersson,false
i-3R1heWHR7nC9dtoPHWSMdB,Peter Persson,true
i-3R2qbKpVQbNv7BvXe7jvcr,Anders Dahlgren,true
i-3R2qbKpVQbNv7BvXe7jvcr,Dahlgren,false
i-3R2qbKpVQbNv7BvXe7jvcr,Per Anders Bertil Dahlgren,false
i-3R5C8vQo1FXLQaqX7yYqq8,Cassel,false
i-3R5C8vQo1FXLQaqX7yYqq8,Leif Cassel,true
i-3R5C8vQo1FXLQaqX7yYqq8,Leif Delling Cassel,false
i-3R7qLxY2CURc4oEqo2xMKC,Herman Engelbert Nordström,false
i-3R7qLxY2CURc4oEqo2xMKC,Herman Nordström,true
i-3R7qLxY2CURc4oEqo2xMKC,Nordström,false
i-3RKCrkKntDoTBLCqiaT4UX,Gjerling,false
i-3RKCrkKntDoTBLCqiaT4UX,Johan Victor Gjerling,false
i-3RKCrkKntDoTBLCqiaT4UX,Victor Gjerling,true
i-3RSVJAAkDP1YSFPJLfhRrR,Fredric Magnus Lund,false
i-3RSVJAAkDP1YSFPJLfhRrR,Lund,false
i-3RSVJAAkDP1YSFPJLfhRrR,Magnus Lund,true
i-3RnD8T9ms8CZMMrYjFAoRU,Bengtsson,false
i-3RnD8T9ms8CZMMrYjFAoRU,Magnus Bengtsson,true
i-3S4u3rsmsb3bjgrsrZUU6Q,Anders Karlsson,true
i-3S6o68jd39fc6D1XBHSFHf,Ingemar Kerfstedt,true
i-3S6o68jd39fc6D1XBHSFHf,Kerfstedt,false
i-3SiHjpmKqDX1ahURx9ZWt3,Maj Git Elisabeth Karlsson,false
i-3SiHjpmKqDX1ahURx9ZWt3,Maj Karlsson,true
i-3StoCMLrfUPWDrtLhXAkg1,Bertil Johansson,true
i-3StoCMLrfUPWDrtLhXAkg1,Johansson,false
i-3StoCMLrfUPWDrtLhXAkg1,Nils Bertil Magnus Johansson,false
i-3Su8RZSRu3defRTgsQprqZ,Mikael Damsgaard,true
i-3SzNCmPN5gfHT4ruyysd67,Lars Stendahl,true
i-3SzNCmPN5gfHT4ruyysd67,Stendahl,false
i-3THUqWbMwdy7tkFXgmRNEz,Ola Persson,true
i-3THUqWbMwdy7tkFXgmRNEz,Persson,false
i-3TvBf7WWysNpBVYf3bsL5D,Andersson,false
i-3TvBf7WWysNpBVYf3bsL5D,Erik Andersson,true
i-3TzUjUVop5GV6tpKYjGYGr,Rolf Gunnarsson,true
i-3TzUjUVop5GV6tpKYjGYGr,Rolf Ingvar Gunnarsson,false
i-3U9RnYcSyZvRj3JXwbjv5k,Otto Axel Povel Ramel,false
i-3U9RnYcSyZvRj3JXwbjv5k,Otto Ramel,true
i-3U9RnYcSyZvRj3JXwbjv5k,Ramel,false
i-3Vt59Mph8bZHW3Yk38AtwE,Hillgård,false
i-3Vt59Mph8bZHW3Yk38AtwE,Karl Hillgård,true
i-3VwqEFFacV4zXmNXTSMhSz,Billman,false
i-3VwqEFFacV4zXmNXTSMhSz,Tore Billman,true
i-3VwqEFFacV4zXmNXTSMhSz,Tore Gösta Billman,false
i-3VxwEBzyEfCdex2ZrmdQru,Jimmy Ståhl,true
i-3WPAoJ5CXMR9smqz76LSLc,Granlund,false
i-3WPAoJ5CXMR9smqz76LSLc,Johan Gustaf Granlund,true
i-3WVkodXJ6Fkc2QvQJm6LSM,Leopold Robert von Horn,false
i-3WVkodXJ6Fkc2QvQJm6LSM,Robert von Horn,true
i-3WVkodXJ6Fkc2QvQJm6LSM,von Horn,false
i-3XFieHvCxpEc9aqT4qbsAD,Algot Törnkvist,true
i-3XFieHvCxpEc9aqT4qbsAD,Algot Åkesson Törnkvist,false
i-3XFieHvCxpEc9aqT4qbsAD,Törnkvist,false
i-3YAEMbZXswzuyekFnSxXSF,Lars Olof Thorell,false
i-3YAEMbZXswzuyekFnSxXSF,Olle Thorell,true
i-3YAEMbZXswzuyekFnSxXSF,Olof Thorell,false
i-3YBav2r8YXZiNoQkfb1bUy,Elizabeth Nyström,true
i-3YXCipudYA4N8ZNFk2PrxQ,Jessica Elisabeth Wetterling,false
i-3YXCipudYA4N8ZNFk2PrxQ,Jessica Wetterling,true
i-3YuWGKxprnXUh4GQ5Ai2yJ,Allan Ekström,true
i-3YuWGKxprnXUh4GQ5Ai2yJ,Ekström,false
i-3ZsQkLHxLMgAvADqNo2APr,Bjerkander,false
i-3ZsQkLHxLMgAvADqNo2APr,Gustaf Bjerkander,true
i-3asFRi1hxBaTgEJJqDe2MX,Karl Johan Stenström,false
i-3asFRi1hxBaTgEJJqDe2MX,Karl Stenström,true
i-3asFRi1hxBaTgEJJqDe2MX,Stenström,false
i-3bA9tDXsd3tKsh85jQ2Mes,Bengtsson,false
i-3bA9tDXsd3tKsh85jQ2Mes,Göran Tore Edvin Bengtsson,false
i-3bA9tDXsd3tKsh85jQ2Mes,Tore Bengtsson,true
i-3bYbkhkAHcQj5bXNNkvUpQ,Ch. Meurling,false
i-3bYbkhkAHcQj5bXNNkvUpQ,Charodotes Meurling,true
i-3bYbkhkAHcQj5bXNNkvUpQ,Meurling,false
i-3be6RBChcyBubPmFEyzLuZ,Oscar I,true
i-3cLfVTHjxTNrH9Grf4J5np,Ekroth,false
i-3cLfVTHjxTNrH9Grf4J5np,Iris Ekroth,true
i-3cLfVTHjxTNrH9Grf4J5np,Iris Sylvia Amanda Ekroth,false
i-3cLfVTHjxTNrH9Grf4J5np,Iris Sylvia Amanda Nordholm,false
i-3d9YgDFrCS7Yfq6padK5e6,Merit Frost Lindberg,true
i-3d9YgDFrCS7Yfq6padK5e6,Merit Lindberg,false
i-3dCbfHyU9MxJcgj1TW7upt,Hagman,false
i-3dCbfHyU9MxJcgj1TW7upt,Josef Hagman,true
i-3dSCLMKUwKr5vhehzJtxSR,Elvira Holmberg,true
i-3dSCLMKUwKr5vhehzJtxSR,Holmberg,false
i-3dSCLMKUwKr5vhehzJtxSR,Hulda Elvira Holmberg,false
i-3dZoW1TV98sVxLvSVHKFfZ,Eric Wilhelm Wretlind,false
i-3dZoW1TV98sVxLvSVHKFfZ,Erik Wilhelm Wretlind,false
i-3dZoW1TV98sVxLvSVHKFfZ,Wilhelm Wretlind,true
i-3dZoW1TV98sVxLvSVHKFfZ,Wretlind,false
i-3ePoSaapEuMxyrxRtcXnE2,Jöns Rundbäck,true
i-3ePoSaapEuMxyrxRtcXnE2,Rundbäck,false
i-3eaJwNQpWabbVs3LUTGotQ,Carl Ocklind,true
i-3eaJwNQpWabbVs3LUTGotQ,Ocklind,false
i-3eyX9xS4WQ3JLxhqJxXaHE,August Larsson,true
i-3eyX9xS4WQ3JLxhqJxXaHE,Larsson,false
i-3eyX9xS4WQ3JLxhqJxXaHE,P August Larsson,false
i-3eyX9xS4WQ3JLxhqJxXaHE,Per August Larsson,false
i-3fAnC8TbAVjy9BhJnxfPUh,Blenda Littmarck,true
i-3fAnC8TbAVjy9BhJnxfPUh,Blenda Maria Vilhelmina Littmarck,false
i-3fAnC8TbAVjy9BhJnxfPUh,Littmarck,false
i-3fs9Jgh7jtCkhoX7FTfKPV,Arendt Allon Lorentz de Jounge,false
i-3fs9Jgh7jtCkhoX7FTfKPV,Arendt de Jounge,true
i-3fs9Jgh7jtCkhoX7FTfKPV,de Jounge,false
i-3fyoEyfKg5JxUo1xnYB5Zi,Näsman,false
i-3fyoEyfKg5JxUo1xnYB5Zi,Petter Näsman,true
i-3gRVUXbA8TTPGC6gXwtZPB,Carsten Jacobsen,true
i-3gRVUXbA8TTPGC6gXwtZPB,Carsten Tank Jacobsen,false
i-3gRVUXbA8TTPGC6gXwtZPB,Jacobsen,false
i-3h4JLudD4ghwrTDYsHbDm4,Andersson,false
i-3h4JLudD4ghwrTDYsHbDm4,Ola Andersson,true
i-3hBWuNwhsGccAD7RCpsccQ,Bruzelius,false
i-3hBWuNwhsGccAD7RCpsccQ,Gundelach Bruzelius,true
i-3hBWuNwhsGccAD7RCpsccQ,Magnus Gundelach Bruzelius,false
i-3hLQHMGbrG6jmUWp9wEVyq,Anders Ohlson,true
i-3hLQHMGbrG6jmUWp9wEVyq,Ohlson,false
i-3hmS3YtKuXCDu8pntcLAdc,Hans Harald Hoff,false
i-3hmS3YtKuXCDu8pntcLAdc,Hans Hoff,true
i-3hsNT67j3mhgNmNX5hg5tR,Grape,false
i-3hsNT67j3mhgNmNX5hg5tR,Zacharias Grape,true
i-3hu63jmGgP7kwN8QUMTw6p,August Wijkander,true
i-3hu63jmGgP7kwN8QUMTw6p,Wijkander,false
i-3iQuXok1nbP9etJRwpsegC,Bogren,false
i-3iQuXok1nbP9etJRwpsegC,Oscar Bogren,true
i-3iQuXok1nbP9etJRwpsegC,Oscar Fredrik Bogren,false
i-3iqh8M1mRpoNnWtmnbaPUe,Elisabeth Granath,true
i-3jTf3UhqAJkiXFFkp8Y9Yq,Eriksson,false
i-3jTf3UhqAJkiXFFkp8Y9Yq,Eskil Eriksson,true
i-3jTf3UhqAJkiXFFkp8Y9Yq,Eskil Fredrik Wilhelm Eriksson,false
i-3jToDZNn9ENh4hyYUBqzE5,Helge Ivar Ragnar Helgesson,false
i-3jToDZNn9ENh4hyYUBqzE5,Helgesson,false
i-3jToDZNn9ENh4hyYUBqzE5,Ragnar Helgesson,true
i-3kAjBmVsLrV8XDTkSBhmB8,Lööw,false
i-3kAjBmVsLrV8XDTkSBhmB8,Maj-Lis Heldine Lööw,false
i-3kAjBmVsLrV8XDTkSBhmB8,Maj-Lis Lööw,true
i-3kVCtR7mCK6mW2F6oaBMR5,Göran Persson,true
i-3kVCtR7mCK6mW2F6oaBMR5,Persson,false
i-3kYRS5UMVgExXVqJbzvp7a,Cederschiöld,false
i-3kYRS5UMVgExXVqJbzvp7a,Staffan Cederschiöld,true
i-3kYRS5UMVgExXVqJbzvp7a,Staffan Fredrik Robert Pehr Cederschiöld,false
i-3keJ4YLp7mio52y4ibMPhZ,Carlson,false
i-3keJ4YLp7mio52y4ibMPhZ,Leif Carlson,true
i-3keJ4YLp7mio52y4ibMPhZ,Leif Sture Carlson,false
i-3kfmGYErmuJ81cgi8Cwy88,Aylin Nouri,true
i-3mjJ8NdxxhyYGThn9tEjji,Leon Ljunglund,true
i-3mjJ8NdxxhyYGThn9tEjji,Leonard Kristian Vinfrid Ljunglund,false
i-3mjJ8NdxxhyYGThn9tEjji,Leonard Ljunglund,false
i-3mjJ8NdxxhyYGThn9tEjji,Ljunglund,false
i-3o32ZJhmfP3Noe84n3fadn,Bibi Rosengren,true
i-3okN64m9y63KYdwdoN53t3,Almquist,false
i-3okN64m9y63KYdwdoN53t3,Almqvist,false
i-3okN64m9y63KYdwdoN53t3,Gustaf Fridolf Almquist,true
i-3oxHos89DLWxgit8emnuRm,Hans Larsson,true
i-3oxHos89DLWxgit8emnuRm,Larsson,false
i-3p3w5Vw2i74gEMeqzABeEG,Lars Elinderson,true
i-3p3w5Vw2i74gEMeqzABeEG,Lars Olof Elinderson,false
i-3p872RqbGTybi4KXxUzDSo,Anna-Karin Lundström,true
i-3pPDWXfF3wxyAxqygpDKiJ,Erik Fast,true
i-3pPDWXfF3wxyAxqygpDKiJ,Fast,false
i-3pPDWXfF3wxyAxqygpDKiJ,Johan Erik Gereon Fast,false
i-3pPfeGUusb4ERp1374sefF,Axel Mörner,true
i-3pPfeGUusb4ERp1374sefF,Axel Mörner af Morlanda,false
i-3pPfeGUusb4ERp1374sefF,Mörner af Morlanda,false
i-3pb3B2MkmEoxSvMpXK9cHQ,Marie Elisabet Granlund,false
i-3pb3B2MkmEoxSvMpXK9cHQ,Marie Granlund,true
i-3pe1JKqvmq7PaBnw7PEhXT,Eric Josef Ericsson,true
i-3pe1JKqvmq7PaBnw7PEhXT,Eric Josef Natanael Ericsson,false
i-3pe1JKqvmq7PaBnw7PEhXT,Ericsson,false
i-3pe1JKqvmq7PaBnw7PEhXT,Erik Josef Ericsson,false
i-3rTesHxYLCdQMkEcpGXuvM,Andersson,false
i-3rTesHxYLCdQMkEcpGXuvM,Bertil Andersson,true
i-3rTesHxYLCdQMkEcpGXuvM,Karl Bertil Andersson,false
i-3rnEh52NL7CXPJYcg4p7bD,Gun Birgitta Hellsvik,false
i-3rnEh52NL7CXPJYcg4p7bD,Gun Hellsvik,true
i-3rpFH7pwksmss9zuWEK82p,Einar Henningsson,true
i-3rpFH7pwksmss9zuWEK82p,Henningsson,false
i-3s7ZpN6C8k2wv11aTaQxhj,Otto Mauritz Strömberg,false
i-3s7ZpN6C8k2wv11aTaQxhj,Otto Strömberg,true
i-3s7ZpN6C8k2wv11aTaQxhj,Strömberg,false
i-3sN9DMuKUv4qbPVAGpgpoG,Arwidsson,false
i-3sN9DMuKUv4qbPVAGpgpoG,Hugo Arwidsson,true
i-3sN9DMuKUv4qbPVAGpgpoG,Hugo Ivar Arwidsson,false
i-3sPbyicZy7gfbq8RdVTQMb,Ines Junéa Uusmann,false
i-3sPbyicZy7gfbq8RdVTQMb,Ines Uusmann,true
i-3sPbyicZy7gfbq8RdVTQMb,Uusmann,false
i-3sSCP4SpHEXgVm8b7P6qGE,Gustaf Karlsson,true
i-3sSCP4SpHEXgVm8b7P6qGE,Karl Gustaf Karlsson,false
i-3sSCP4SpHEXgVm8b7P6qGE,Karlsson,false
i-3sWANYcrP4dzCBqkXqrJRu,Johnny Micael Svedin,false
i-3sWANYcrP4dzCBqkXqrJRu,Johnny Svedin,true
i-3sd3coveTcEfybUorJpXWf,Gustavsson,false
i-3sd3coveTcEfybUorJpXWf,Åke Erik Georg Gustavsson,false
i-3sd3coveTcEfybUorJpXWf,Åke Gustavsson,true
i-3stc3EB4Ftxe7oRQtxvBCm,Hjalmar Palmstierna,true
i-3stc3EB4Ftxe7oRQtxvBCm,Nils Axel Hjalmar Palmstierna,false
i-3stc3EB4Ftxe7oRQtxvBCm,Palmstierna,false
i-3tRoQprYaguk3Fky38Gp2U,Bo Krogvig,true
i-3tSjG8xn8oFwrNxgnNCH2t,Fogelmarck,false
i-3tSjG8xn8oFwrNxgnNCH2t,Johan Axel Wilhelm Fogelmarck,false
i-3tSjG8xn8oFwrNxgnNCH2t,Wilhelm Fogelmarck,true
i-3tTabFqwkvahS47o9jHYvh,Björkman,false
i-3tTabFqwkvahS47o9jHYvh,Karl Björkman,true
i-3tTabFqwkvahS47o9jHYvh,Karl Georg Björkman,false
i-3toFMBiRANr5twVQs1zfyQ,Erik Strandh,true
i-3toFMBiRANr5twVQs1zfyQ,Sten Erik Strandh,false
i-3toFMBiRANr5twVQs1zfyQ,Strandh,false
i-3tySdMLWgx6XVcAbtPdsgP,Daniel Sigurd Lundin,false
i-3tySdMLWgx6XVcAbtPdsgP,Lundin,false
i-3tySdMLWgx6XVcAbtPdsgP,Sigurd Lundin,true
i-3uaN5fvSUmBMXgqnzrb6Yb,Bohlin,false
i-3uaN5fvSUmBMXgqnzrb6Yb,Görel Bohlin,true
i-3uf3tNhszfDyAkexnBY8X9,Rolf Stig Stefan Stefanson,false
i-3uf3tNhszfDyAkexnBY8X9,Stefanson,false
i-3uf3tNhszfDyAkexnBY8X9,Stig Stefanson,true
i-3urySgCAk2SuFz1BB8TX5x,Gunnar Sträng,true
i-3urySgCAk2SuFz1BB8TX5x,Sträng,false
i-3vCZZGnD5Z8hMVsHEQnrmE,Gustafsson,false
i-3vCZZGnD5Z8hMVsHEQnrmE,Richard Alfred Gustafsson,false
i-3vCZZGnD5Z8hMVsHEQnrmE,Richard Gustafsson,true
i-3vmL5fhhYQEqZsPyUJFmjy,Pehr Sigfrid Wieselgren,false
i-3vmL5fhhYQEqZsPyUJFmjy,Per Sigfrid Wieselgren,false
i-3vmL5fhhYQEqZsPyUJFmjy,Sigfrid Wieselgren,true
i-3vmL5fhhYQEqZsPyUJFmjy,Wieselgren,false
i-3vw9p93yLoNap8hBAsf5Bh,Diana Laitinen Carlsson,true
i-3vw9p93yLoNap8hBAsf5Bh,Diana Maria-Susanna Laitinen Carlsson,false
i-3vw9p93yLoNap8hBAsf5Bh,Diana Maria-Susanna Laitinen Karlsson,false
i-3wLRiGfY1M7dyUZ4aGiwUV,Aglert,false
i-3wLRiGfY1M7dyUZ4aGiwUV,Per Arne Aglert,true
i-3wVE19WEnkoueWU41a2FfR,Helena Ingegerd Wärnersson,false
i-3wVE19WEnkoueWU41a2FfR,Ingegerd Lundborg,false
i-3wVE19WEnkoueWU41a2FfR,Ingegerd Wärnersson,true
i-3wVE19WEnkoueWU41a2FfR,Wärnersson,false
i-3wgYCYs9BqQDCNxys6iyoE,Gustav Adolf Hansson,true
i-3wgYCYs9BqQDCNxys6iyoE,Hansson,false
i-3wnNuoLdB9222NoKzF35Rf,Cecilia Rönn,true
i-3wnNuoLdB9222NoKzF35Rf,Cecilia Viola Rönn,false
i-3wt6e9H35eunbwvbgJcZYQ,Fritz Kaijser,true
i-3wt6e9H35eunbwvbgJcZYQ,Fritz Richard Kaijser,false
i-3wt6e9H35eunbwvbgJcZYQ,Kaijser,false
i-3x2Ux4KHuhYBW2eWArsQNW,Nils Fredrik Swartling,false
i-3x2Ux4KHuhYBW2eWArsQNW,Nils Swartling,true
i-3x2Ux4KHuhYBW2eWArsQNW,Swartling,false
i-3y4o8soU9qx5tQQ1cG92h3,Kalle Karl Henry Olsson,false
i-3y4o8soU9qx5tQQ1cG92h3,Kalle Olsson,true
i-3y52vXfXcmS5WTo3fZpGkT,Bernhard Stark,true
i-3y52vXfXcmS5WTo3fZpGkT,Stark,false
i-3yGB8i2p5vZhm4Sy536rgC,Anders Hansson,true
i-3yWrDERMu1skzYoVxEZJcz,Berglund,false
i-3yWrDERMu1skzYoVxEZJcz,Matteus Berglund,true
i-3yWrDERMu1skzYoVxEZJcz,Oscar Matteus Berglund,false
i-3ykbHssXLi4NNLwsnFwbvc,Geijer,false
i-3ykbHssXLi4NNLwsnFwbvc,Johan Oscar Geijer,false
i-3ykbHssXLi4NNLwsnFwbvc,Oscar Geijer,true
i-3z5QgX8Q2XCayRRfyLgVy2,Anders Göransson,true
i-3z5QgX8Q2XCayRRfyLgVy2,Göransson,false
i-3zX4fenEP6h9BRxB9phL4V,Ulf Ingemar Kero,false
i-3zX4fenEP6h9BRxB9phL4V,Ulf Kero,true
i-3zzz13sYF8R3yasCzbSJXe,Komstedt,false
i-3zzz13sYF8R3yasCzbSJXe,Wiggo Komstedt,true
i-41TCwkGDT2KvCUxDff5nPS,Johan Nilson,true
i-41TCwkGDT2KvCUxDff5nPS,Nilson,false
i-41U85NpCtLzodB8GxLpNNW,Carl Herman Olsson Wallentin,false
i-41U85NpCtLzodB8GxLpNNW,Carl Wallentin,true
i-41U85NpCtLzodB8GxLpNNW,Wallentin,false
i-41UKhfCfhsFVWQiH8A1X8v,Blucher,false
i-41UKhfCfhsFVWQiH8A1X8v,Blücher,false
i-41UKhfCfhsFVWQiH8A1X8v,Raul Blücher,true
i-41vJAS5dWD4kUE2fvP2FWP,Anders Ivar Sven Wijkman,false
i-41vJAS5dWD4kUE2fvP2FWP,Anders Wijkman,true
i-41vJAS5dWD4kUE2fvP2FWP,Wijkman,false
i-425Q6s5GbQ4PVf8MroZHeD,Sven Yngve Persson,true
i-428Hjmwgi7AWPWkBr4Pecy,Ernestam,false
i-428Hjmwgi7AWPWkBr4Pecy,Lars Ernestam,true
i-42mC5GTVNHcPV5LNMmxmrj,Carl Schlyter,true
i-42nsZxAmXBPL61925LuncK,Bleckert Stenbäck,true
i-42nsZxAmXBPL61925LuncK,Carl Bleckert Stenbäck,false
i-42nsZxAmXBPL61925LuncK,Stenbäck,false
i-43NmWWYd8vEgZrkoXWWCXx,Rosita Ann-Charlotte Runegrund,false
i-43NmWWYd8vEgZrkoXWWCXx,Rosita Runegrund,true
i-43ePM4dk5fFKDKndkNTYar,Benjaminsson,false
i-43ePM4dk5fFKDKndkNTYar,Pehr Benjaminsson,true
i-43h58HbXzmyBBXymkFB5WW,Carl Nordenfalk,true
i-43h58HbXzmyBBXymkFB5WW,Nordenfalk,false
i-43j43LtAQNKia3Gu9XBB4R,Lars Lindberg,true
i-43j43LtAQNKia3Gu9XBB4R,Lindberg,false
i-43kc3BnSLFyRuAH5VBhWbY,Ivar Virgin,true
i-43kc3BnSLFyRuAH5VBhWbY,Virgin,false
i-44X8VeAkfjoQrkDMyn88kQ,Bernhard Meijer,true
i-44X8VeAkfjoQrkDMyn88kQ,Christoffer Bernhard Heinrich Meijer,false
i-44X8VeAkfjoQrkDMyn88kQ,Christopher Bernhard Heinrich Meijer,false
i-44X8VeAkfjoQrkDMyn88kQ,Meijer,false
i-44Z592MNuSA3T2e2FTSqff,Andersson,false
i-44Z592MNuSA3T2e2FTSqff,Emil Andersson,true
i-44hG22iaE6LAaX8WoMPPk3,Mats Einarsson,true
i-44hcQ5m1LjfFLFSeoex5Xx,Flach,false
i-44hcQ5m1LjfFLFSeoex5Xx,Sixten Axel Flach,false
i-44hcQ5m1LjfFLFSeoex5Xx,Sixten Flach,true
i-44swHubmDpgCef21m1ga7y,Nils Göran Stenberg,false
i-44swHubmDpgCef21m1ga7y,Nils Stenberg,true
i-44swHubmDpgCef21m1ga7y,Stenberg,false
i-458Xitx1rMUDzu6Nz48nrJ,Falk,false
i-458Xitx1rMUDzu6Nz48nrJ,Knut Falk,true
i-458Xitx1rMUDzu6Nz48nrJ,Knut Henrik Falk,false
i-45D3aVBgmDcQGfUQ6K1ovn,Harald Gabriel Hjärne,false
i-45D3aVBgmDcQGfUQ6K1ovn,Harald Hjärne,true
i-45D3aVBgmDcQGfUQ6K1ovn,Hjärne,false
i-45Fzk9eqm5zjxxVtMMhDt7,Pettersson,false
i-45Fzk9eqm5zjxxVtMMhDt7,Sylvia Birgitta Elisabet Pettersson,false
i-45Fzk9eqm5zjxxVtMMhDt7,Sylvia Pettersson,true
i-45Ku79yUMEXGE2zwpUReMK,David Lång,true
i-45VdkAjY3iYtXQi37FEFo6,Andersson,false
i-45VdkAjY3iYtXQi37FEFo6,Gunilla Andersson,true
i-461aHrWHSaAez9Av3mJoE6,P.P. Waldenström,false
i-461aHrWHSaAez9Av3mJoE6,Paul Petter Waldenström,true
i-461aHrWHSaAez9Av3mJoE6,Paul Waldenström,false
i-461aHrWHSaAez9Av3mJoE6,Waldenström,false
i-464zNZPAemsK22JgKUPHEW,Andersson,false
i-464zNZPAemsK22JgKUPHEW,Kerstin Andersson,true
i-464zNZPAemsK22JgKUPHEW,Kerstin Gudrun Andersson,false
i-46FqegPkQdi5cifNVrkzJw,Henning Trägårdh,true
i-46FqegPkQdi5cifNVrkzJw,Trägårdh,false
i-46LLWebYKm5cJqrPxg8KPw,Lindberg,false
i-46LLWebYKm5cJqrPxg8KPw,Sven Johannes Lindberg,false
i-46LLWebYKm5cJqrPxg8KPw,Sven Lindberg,true
i-46ebrLL8NYuv6JwHgpvypy,Munke,false
i-46ebrLL8NYuv6JwHgpvypy,Sven Munke,true
i-476vrMLZzWuqyv6fxeU77i,Carl Emil Bernhard Spånberg,false
i-476vrMLZzWuqyv6fxeU77i,Emil Spånberg,true
i-476vrMLZzWuqyv6fxeU77i,Spånberg,false
i-47EbHMBdG9anwMPXZkvYMM,Hulda Maria Wiola Sandell,false
i-47EbHMBdG9anwMPXZkvYMM,Sandell,false
i-47EbHMBdG9anwMPXZkvYMM,Viola Sandell,true
i-47d1ae8Gx5WTWVdQS7a2ja,Jonas Nordenson,true
i-47d1ae8Gx5WTWVdQS7a2ja,Jonas Wilhelm Nordenson,false
i-47d1ae8Gx5WTWVdQS7a2ja,Nordenson,false
i-47gyqoVAzDSt4tB6Ka2r6c,Henric Maximilian Kilman,false
i-47gyqoVAzDSt4tB6Ka2r6c,Kilman,false
i-47gyqoVAzDSt4tB6Ka2r6c,Max Kilman,true
i-47ipPMBtVXMprif1ZnA1DL,Axel Kristiansson,true
i-47ipPMBtVXMprif1ZnA1DL,Kristiansson,false
i-47ipPMBtVXMprif1ZnA1DL,Nils Axel Kristiansson,false
i-47z13sJj4nP4DoTAymy7yx,Carlsson,false
i-47z13sJj4nP4DoTAymy7yx,Gunnar Alfred Carlsson,false
i-47z13sJj4nP4DoTAymy7yx,Gunnar Carlsson,true
i-48Dg2ScegN8mpc2UJq5sE2,Rebecka Le Moine,true
i-48cDAKDXTm6d1FC6ZcJ7xK,Alexander Nilsson,true
i-48cDAKDXTm6d1FC6ZcJ7xK,Nilsson,false
i-49NsrGrr1mktuYaMtH4YAk,Murad Artin,true
i-49Rvc53FLRxQqqUSrx5ovT,Per Persson,true
i-49Rvc53FLRxQqqUSrx5ovT,Persson,false
i-4ACwbbRqtvjW5TygyEQort,Nilsson,false
i-4ACwbbRqtvjW5TygyEQort,Per Nilsson,true
i-4AoviZAYm1bh8P6DGhtEpF,Gustaf Kolmodin,true
i-4AoviZAYm1bh8P6DGhtEpF,Kolmodin,false
i-4ArLZazBX4fxunitZvs7oe,Björk,false
i-4ArLZazBX4fxunitZvs7oe,Gunnar Björk,true
i-4B6aJinJu5TMisrcdsM8Um,Bengtsson,false
i-4B6aJinJu5TMisrcdsM8Um,Sven Bengtsson,true
i-4BCsEuyTWrX3aghWF8i72b,Ingvar Karlsson,true
i-4BCsEuyTWrX3aghWF8i72b,Karlsson,false
i-4BTqy3DK96V9PjgFTYHTbQ,Christina Linderholm,true
i-4BTqy3DK96V9PjgFTYHTbQ,Linderholm,false
i-4BTx6VbUNJDqLqfkYqjnsE,Skånberg,false
i-4BTx6VbUNJDqLqfkYqjnsE,Tuve Skånberg,true
i-4BcPNWjCvomd6SsbUNhuk6,Edvard Johanson,true
i-4BcPNWjCvomd6SsbUNhuk6,Johanson,false
i-4BcPNWjCvomd6SsbUNhuk6,Karl Edvard Johansson,false
i-4BfdTWABvwYtdUHg7su5aZ,De Geer,false
i-4BfdTWABvwYtdUHg7su5aZ,Lars De Geer,true
i-4BuGmqCDdFhTh684p4tLzW,Hestvik,false
i-4BuGmqCDdFhTh684p4tLzW,Inger Dagmar Margareta Hestvik,false
i-4BuGmqCDdFhTh684p4tLzW,Inger Hestvik,true
i-4BvF4kkCYhQU8YTq41Yq5H,Nils Kortz Törnkvist,false
i-4BvF4kkCYhQU8YTq41Yq5H,Nils Törnkvist,true
i-4BvF4kkCYhQU8YTq41Yq5H,Törnkvist,false
i-4CHgViuCXDomCrd7L6f3iX,Daniel Nordlander,true
i-4CHgViuCXDomCrd7L6f3iX,Nordlander,false
i-4CRonKrt8x9FCVz7CZUWaB,Arvid Hallberg,true
i-4CRonKrt8x9FCVz7CZUWaB,Gustaf Arvid Hallberg,false
i-4CRonKrt8x9FCVz7CZUWaB,Hallberg,false
i-4CZDXdS4FewrpGH5gT1s6Q,Carl Gustav Hjalmar Heidenberg,false
i-4CZDXdS4FewrpGH5gT1s6Q,Heidenberg,false
i-4CZDXdS4FewrpGH5gT1s6Q,Hjalmar Heidenberg,true
i-4Ccm565qW4Wb9cJczxcvaC,Johan Eric Wikstén,true
i-4Ccm565qW4Wb9cJczxcvaC,Wikstén,false
i-4Cf95LugnAL9WAJuCVMeo8,Juno Blom,true
i-4Cf95LugnAL9WAJuCVMeo8,Juno Gyllander,false
i-4Cf95LugnAL9WAJuCVMeo8,Juno Maria Petra Blom,false
i-4Cf95LugnAL9WAJuCVMeo8,Juno Maria Petra Gyllander,false
i-4Cqdpnmue4GNQh6HSQGRHK,Peter Danielsson,true
i-4CwyNH4xXJhZj5wdBAzmSY,Laila Freivalds,true
i-4CwyNH4xXJhZj5wdBAzmSY,Laila Ligita Freivalds,false
i-4CwyNH4xXJhZj5wdBAzmSY,Leila Freivalds,false
i-4Cx4dJwPinjKGZyEZjBPZM,Asklöf,false
i-4Cx4dJwPinjKGZyEZjBPZM,Isaac Asklöf,true
i-4DAUFXnbqzCtaoFJumzEaf,Nils Walter Sundström,false
i-4DAUFXnbqzCtaoFJumzEaf,Nils-Walter Sundström,false
i-4DAUFXnbqzCtaoFJumzEaf,Sundström,false
i-4DAUFXnbqzCtaoFJumzEaf,Walter Sundström,true
i-4DFfTw3ZcYueR6PRxLsMr8,Sven Eric Åkerfeldt,false
i-4DFfTw3ZcYueR6PRxLsMr8,Sven Åkerfeldt,false
i-4DFfTw3ZcYueR6PRxLsMr8,Sven-Eric Åkerfeldt,true
i-4DFfTw3ZcYueR6PRxLsMr8,Åkerfeldt,false
i-4DZoxTAPxfGRbaWRrkud9H,Carl Fredrik Wallbom,false
i-4DZoxTAPxfGRbaWRrkud9H,Carl Wallbom,true
i-4DZoxTAPxfGRbaWRrkud9H,Wallbom,false
i-4Dcng9UMFeup6hmkB6yX74,Gustav Blix,true
i-4DiKiQ99U3DPAVfKhwbpsu,Albert Robson,true
i-4DiKiQ99U3DPAVfKhwbpsu,Olof Albert Robson,false
i-4DiKiQ99U3DPAVfKhwbpsu,Robson,false
i-4DrTftKtK4bXmmTgW8zKju,Haqvin Selander,true
i-4DrTftKtK4bXmmTgW8zKju,Nils Haquin Selander,false
i-4DrTftKtK4bXmmTgW8zKju,Nils Haqvin Selander,false
i-4DrTftKtK4bXmmTgW8zKju,Selander,false
i-4EKvBce4QrJSEUT16a1JxT,John Malkolm Valfrid Sandberg,false
i-4EKvBce4QrJSEUT16a1JxT,John Sandberg,true
i-4EKvBce4QrJSEUT16a1JxT,Sandberg,false
i-4ENi7cYuRQ5NCRMwa9w8su,Anders Cederström,true
i-4ENi7cYuRQ5NCRMwa9w8su,Cederström,false
i-4Ea4wUS771aMd8gWwN4xxa,August Johansson,true
i-4Ea4wUS771aMd8gWwN4xxa,Johansson,false
i-4Ea4wUS771aMd8gWwN4xxa,Olof August Johansson,false
i-4ErtPGE2JCcmxTTRSCmQh8,Erik Hellsborn,true
i-4ErtPGE2JCcmxTTRSCmQh8,Erik Lars Hellsborn,false
i-4FL9252Gm3rHAifaDrXzaZ,Hans Dahlgren,true
i-4FL9252Gm3rHAifaDrXzaZ,Hans Eric Albert Dahlgren,false
i-4FaitWidE8GcDx6wUn2oTX,Axel Lundström,true
i-4FaitWidE8GcDx6wUn2oTX,Lundström,false
i-4FbGGRQnT5QVwr9Kd2crKL,Dahl,false
i-4FbGGRQnT5QVwr9Kd2crKL,Frans Dahl,true
i-4FbGGRQnT5QVwr9Kd2crKL,Frans Johan Wilhelm Dahl,false
i-4Fpaw3XcFb6Gne8E62mhr1,Boo,false
i-4Fpaw3XcFb6Gne8E62mhr1,CARL GUST. H. BOO,false
i-4Fpaw3XcFb6Gne8E62mhr1,KARL GUST. H. BOO,false
i-4Fpaw3XcFb6Gne8E62mhr1,Karl Boo,true
i-4Fpaw3XcFb6Gne8E62mhr1,Karl Gustav Harald Boo,false
i-4GBc1kddnipzhFGaGt69TR,Martin Melin,true
i-4GBx7Um4NanvqMymTXXzRL,Svante Allgullander,true
i-4GVY7752otNoTwTzJjJXPV,Nils Rune Molin,false
i-4GVY7752otNoTwTzJjJXPV,Rune Molin,true
i-4GWFMzTSztYCXgzSDPtTHC,Andersson,false
i-4GWFMzTSztYCXgzSDPtTHC,August Wilhelm Andersson,false
i-4GWFMzTSztYCXgzSDPtTHC,Wilhelm Andersson,true
i-4GdxD2UNLA9VkkoRTZavSn,Karin Engdahl,true
i-4H5WP2w9bsjUaXzcCuga3y,Billy Eriksson,true
i-4HFERovsr1xrBFA7JFm1TX,Elof Nilsson,true
i-4HFERovsr1xrBFA7JFm1TX,Nilsson,false
i-4HPZt45YT9hgD5ehzTEGZW,Ewert Jonsson,true
i-4HPZt45YT9hgD5ehzTEGZW,Jonsson,false
i-4HPZt45YT9hgD5ehzTEGZW,Per Ewert Arnliot Jonsson,false
i-4HwVdTBbapZ5KwNJtKs6Ux,Andersson,false
i-4HwVdTBbapZ5KwNJtKs6Ux,Marianne Andersson,true
i-4J9whX4kL8pJwZ7xTTkiMR,Carlsson,false
i-4J9whX4kL8pJwZ7xTTkiMR,Johan Carlsson,true
i-4JjM8ijAGcAcTyGGkq9yQS,Johan Alrik Johansson,true
i-4JjM8ijAGcAcTyGGkq9yQS,Johansson,false
i-4K631U2FyQthafuME3cNGX,Janine Alm Ericson,true
i-4K631U2FyQthafuME3cNGX,Janine Sofia Alm Ericson,false
i-4KH7JrCsnZWys2GU5HuaYN,Huss,false
i-4KH7JrCsnZWys2GU5HuaYN,Magnus Wilhelm Huss,false
i-4KH7JrCsnZWys2GU5HuaYN,Wilhelm Huss,true
i-4KJMAUW9zFRD1g1ShqsMqw,E.A. Nilson,false
i-4KJMAUW9zFRD1g1ShqsMqw,Erik Agabus Nilson,false
i-4KJMAUW9zFRD1g1ShqsMqw,Erik Nilson,true
i-4KJMAUW9zFRD1g1ShqsMqw,Erik Nilsson,false
i-4KJMAUW9zFRD1g1ShqsMqw,Nilsson,false
i-4KxpbLfn7jxwiErJgbeRAu,Gustaf Fredrik Snoilsky,false
i-4KxpbLfn7jxwiErJgbeRAu,Gustaf Snoilsky,true
i-4KxpbLfn7jxwiErJgbeRAu,Snoilsky,false
i-4L3RupkmJsW37eGn5fppsN,Stridsman,false
i-4L3RupkmJsW37eGn5fppsN,Torsten Stridsman,true
i-4L3RupkmJsW37eGn5fppsN,Torsten Ulrik Stridsman,false
i-4LAiqFyQg9CcysvxEm4bDH,Erik Godin,true
i-4LAiqFyQg9CcysvxEm4bDH,Godin,false
i-4LKTA9z8sbBuJRYc3JmusK,Shadiye Heydari,true
i-4LP6HUMuDi6jwv5MgHWALJ,Gustaf Wilhelm Källman,false
i-4LP6HUMuDi6jwv5MgHWALJ,Källman,false
i-4LP6HUMuDi6jwv5MgHWALJ,Wilhelm Källman,true
i-4M7g1N9tTKdbYmmszDc7j1,Ivar Jansson,true
i-4M7g1N9tTKdbYmmszDc7j1,Jansson,false
i-4M7g1N9tTKdbYmmszDc7j1,Johan Ivar Jansson,false
i-4MLoPTDbwLWtGDABBS365x,Göransson,false
i-4MLoPTDbwLWtGDABBS365x,Hardy Göransson,true
i-4MLoPTDbwLWtGDABBS365x,Hardy Paul Göransson,false
i-4MRF5EdPEcXxqZ8N1n5sCL,John Erik Sandén,false
i-4MRF5EdPEcXxqZ8N1n5sCL,John Sandén,true
i-4MRF5EdPEcXxqZ8N1n5sCL,Sandén,false
i-4Mr7D9BCozgkT5mSiFk6Gv,Fritz Gustav Möller,false
i-4Mr7D9BCozgkT5mSiFk6Gv,Gustav Möller,true
i-4Mr7D9BCozgkT5mSiFk6Gv,Möller,false
i-4MvyyFcp9M1FhFmvshYivm,Alfred Andersson,true
i-4MvyyFcp9M1FhFmvshYivm,Andersson,false
i-4MwDnc1LE8vRPTJ5B34jQ1,Mikael Sandström,true
i-4N2H4JtSVXb7vKfkkSFwth,Folke Nihlfors,true
i-4N2H4JtSVXb7vKfkkSFwth,Folke Uno Nihlfors,false
i-4N2H4JtSVXb7vKfkkSFwth,Nihlfors,false
i-4NC6SCpcMDcUaUEf9Yhy7M,Bengt Fagerlund,true
i-4NC6SCpcMDcUaUEf9Yhy7M,Bengt O H Fagerlund,false
i-4NC6SCpcMDcUaUEf9Yhy7M,Bengt Oskar Hakon Fagerlund,false
i-4NC6SCpcMDcUaUEf9Yhy7M,Fagerlund,false
i-4NETTvMkGoue1E44edgmbR,Henric Vougt,true
i-4NETTvMkGoue1E44edgmbR,Johan Henric Vougt,false
i-4NETTvMkGoue1E44edgmbR,Vougt,false
i-4NG88U8krkk9AQubiitWt6,Christina Elisabeth Zedell,false
i-4NG88U8krkk9AQubiitWt6,Christina Zedell,true
i-4NKRPNLjC6ugs779Z9diuB,Johan Ström,true
i-4NKRPNLjC6ugs779Z9diuB,Ström,false
i-4PQYEapg7EcXxXb8VMDsgS,Carl Erik Rikard Lindström,false
i-4PQYEapg7EcXxXb8VMDsgS,Erik Lindström,true
i-4PQYEapg7EcXxXb8VMDsgS,Lindström,false
i-4PWoEwRyCjKBVFFdqhmPo2,Eric Hägelmark,true
i-4PWoEwRyCjKBVFFdqhmPo2,Hägelmark,false
i-4PdM1joAJ8PWvxD19gK5Nj,Hasselquist,false
i-4PdM1joAJ8PWvxD19gK5Nj,Johannes Hasselquist,true
i-4PdM1joAJ8PWvxD19gK5Nj,Johannes Johansson Hasselquist,false
i-4PfkDE1g8Bfv8WbXqpPSda,Lars Herman Tingsten,false
i-4PfkDE1g8Bfv8WbXqpPSda,Lars Tingsten,true
i-4QLxk51qc33uQWQMTrqQog,Emil Königsfeldt,true
i-4QLxk51qc33uQWQMTrqQog,Königsfeldt,false
i-4QSskNRajbqRG3PtACimqv,Eva Susanne Eberstein,false
i-4QSskNRajbqRG3PtACimqv,Susanne Eberstein,true
i-4QcyAodakKRLpdzzJ62KBg,Lundgren,false
i-4QcyAodakKRLpdzzJ62KBg,Oskar Lundgren,true
i-4QfyCDnkQC2ymGgn7VCEBm,Andersson,false
i-4QfyCDnkQC2ymGgn7VCEBm,Andersson Härrklättan,false
i-4QfyCDnkQC2ymGgn7VCEBm,Axel Andersson,true
i-4QfyCDnkQC2ymGgn7VCEBm,Axel Konrad Andersson,false
i-4QgJk2KLdj426CZACRgwdW,Kjell Torsten Elofsson,false
i-4QgJk2KLdj426CZACRgwdW,Torsten Elofsson,true
i-4QmvMZkdVwHxUNSzFz7zzs,Grundberg,false
i-4QmvMZkdVwHxUNSzFz7zzs,Leonard Grundberg,true
i-4R2KEQAwfYsX1osXqxZ66T,Hedlund,false
i-4R2KEQAwfYsX1osXqxZ66T,Henrik Hedlund,true
i-4R8fcDTmhLmP7ri7zzu69A,Helene Odenjung,true
i-4RS7Dj9b79swPFB3EurFmm,Carl Henrik Fredrik Meurling,false
i-4RS7Dj9b79swPFB3EurFmm,Carl Meurling,true
i-4RTK64Ljrwc7M2ESXUbARz,Bondesson,false
i-4RTK64Ljrwc7M2ESXUbARz,Per Bondesson,true
i-4RXtdePQij5UMYC7P4zsCe,Andersson,false
i-4RXtdePQij5UMYC7P4zsCe,Sven G. Andersson,true
i-4RXtdePQij5UMYC7P4zsCe,Sven Gustaf Andersson,false
i-4RechSG1m1toxHXru1rkMe,Ciszuk,false
i-4RechSG1m1toxHXru1rkMe,Paul Ciszuk,true
i-4RechSG1m1toxHXru1rkMe,Pavel Aleksy Ciszuk,false
i-4RechSG1m1toxHXru1rkMe,Pavel Ciszuk,false
i-4SAiMdwrEthd2M8z2yjtkv,Ana Maria Narti,true
i-4Sgp5LqsZKKueeNToCu8xi,Leif Hård,true
i-4SirJAx3wfDW3MXsNZZfGj,Karl Artur Ryberg,true
i-4SirJAx3wfDW3MXsNZZfGj,Ryberg,false
i-4Temg7ZYrgF9QCjhST2AHg,Eric Källqvist,true
i-4Temg7ZYrgF9QCjhST2AHg,Eric Vilhelm Källqvist,false
i-4Temg7ZYrgF9QCjhST2AHg,Källqvist,false
i-4TfNT1YfjY3jHEsqEnC41Y,Carl Johan Emanuel Johanson,true
i-4TfNT1YfjY3jHEsqEnC41Y,Carl Johanson,false
i-4TfNT1YfjY3jHEsqEnC41Y,Johanson,false
i-4U8pJUccpdMTNKnRBaLNRn,Edvard Otto Wilhelm Wavrinsky,false
i-4U8pJUccpdMTNKnRBaLNRn,Edvard Wavrinsky,true
i-4U8pJUccpdMTNKnRBaLNRn,Wavrinsky,false
i-4UEzXgg6g6fiqb4dQ2EDU3,Bernhard Eriksson,true
i-4UEzXgg6g6fiqb4dQ2EDU3,Eriksson,false
i-4UEzXgg6g6fiqb4dQ2EDU3,Johan Bernhard Eriksson,false
i-4UgQ2nJDsz9iU1xxKcTpmu,Elvy Eleonora Olsson,false
i-4UgQ2nJDsz9iU1xxKcTpmu,Elvy Eleonora Södergren,false
i-4UgQ2nJDsz9iU1xxKcTpmu,Elvy Olsson,true
i-4UgQ2nJDsz9iU1xxKcTpmu,Elwy Olsson,false
i-4UgQ2nJDsz9iU1xxKcTpmu,Olsson,false
i-4Uo4EryWTQxf3KXJ14sWmy,Carl Liljenmark,true
i-4Uo4EryWTQxf3KXJ14sWmy,Liljenmark,false
i-4VusjuC8NvwGAqJKWikvPG,Herlitz,false
i-4VusjuC8NvwGAqJKWikvPG,Nils Herlitz,true
i-4WEXv6PZpB3sB69uG9D7nN,Ernst Emil Lyberg,false
i-4WEXv6PZpB3sB69uG9D7nN,Ernst Lyberg,true
i-4WEXv6PZpB3sB69uG9D7nN,Lyberg,false
i-4WY5rtjroqEtDfCMpBFokU,Albert Forslund,true
i-4WY5rtjroqEtDfCMpBFokU,Forslund,false
i-4WY5rtjroqEtDfCMpBFokU,Johannes Albert Forslund,false
i-4Wq9YLSiAZTMFYiYA7MnR9,Azra Muranovic,true
i-4Ws9LsXRwLZaA8tWp4hc7i,Clas-Göran Carlsson,true
i-4Ws9LsXRwLZaA8tWp4hc7i,ClasGöran Carlsson,false
i-4XjgirbqceZQdnz2JX6DGB,Karin Emilia Thorborg,false
i-4XjgirbqceZQdnz2JX6DGB,Karin Thorborg,true
i-4YBBuP4A6MDDtod8QvVH1Y,Hamilton,false
i-4YBBuP4A6MDDtod8QvVH1Y,Hugo Bengt Archibald Hamilton,false
i-4YBBuP4A6MDDtod8QvVH1Y,Hugo Hamilton,true
i-4YQFYCZptEWZxiREjfJbJ6,Ivar Johansson,true
i-4YQFYCZptEWZxiREjfJbJ6,Johansson,false
i-4YQFYCZptEWZxiREjfJbJ6,Nils Ivar Johansson,false
i-4ZEtYkDJVkQzAPzCqTvRYF,Carl Evert Holge Ottosson,false
i-4ZEtYkDJVkQzAPzCqTvRYF,Holge Ottosson,true
i-4ZEtYkDJVkQzAPzCqTvRYF,Ottosson,false
i-4ZkLHMg6vPcEX3Frt3eS97,Beatrice Ida Helene Rugland Timgren,false
i-4ZkLHMg6vPcEX3Frt3eS97,Beatrice Rugland Timgren,true
i-4ZkLHMg6vPcEX3Frt3eS97,Beatrice Timgren,false
i-4bCqHMJzXGTNxBtAVhtq1W,Gunnar Elm,true
i-4cEqSPRsZSDSR3cjAaDpSg,Erik Rydström,true
i-4cEqSPRsZSDSR3cjAaDpSg,Rydström,false
i-4cGaHuXiKqW7j1jjHhKzC9,Anders Antonsson,true
i-4cGaHuXiKqW7j1jjHhKzC9,Antonsson,false
i-4ce1yVE7LLQNwiL4N3JeoC,Gustaf Skagerberg,true
i-4ce1yVE7LLQNwiL4N3JeoC,Skagerberg,false
i-4cqJPp6KE913P96Kfc7QxB,Bengt Harding Olson,true
i-4cqJPp6KE913P96Kfc7QxB,Olson,false
i-4d51CJWhx39kVpCvcwxZq8,Roza Güclü Hedin,true
i-4dHfDoweVJM2iAJu9BCQqo,Tommy Waidelich,true
i-4dQCqqFXRPDSoMuxf5jk5D,Alfred Bexell,true
i-4dQCqqFXRPDSoMuxf5jk5D,Bexell,false
i-4dQCqqFXRPDSoMuxf5jk5D,Ernst Gustaf Detlof Alfred Bexell,false
i-4dRQH2H5PV9JHu8LSrspJz,Lars Wilhelm Samuel Lothigius,false
i-4dRQH2H5PV9JHu8LSrspJz,Lothigius,false
i-4dRQH2H5PV9JHu8LSrspJz,Wilhelm Lothigius,true
i-4dRmQJiY7LN6cow8WiYBwj,Blombäck,false
i-4dRmQJiY7LN6cow8WiYBwj,Dan Bertil Blombäck,false
i-4dRmQJiY7LN6cow8WiYBwj,Dan Blombäck,true
i-4dim1Fo5tt4Pc2BXAe9wjD,Lars Arvid Norberg,false
i-4dim1Fo5tt4Pc2BXAe9wjD,Lars Norberg,true
i-4dim1Fo5tt4Pc2BXAe9wjD,Norberg,false
i-4dnqFdd2E3dHMPK1WWi5Tx,Johan Nissinen,true
i-4dpPiR5vPaudMdw81CyiYW,Lindahl,false
i-4dpPiR5vPaudMdw81CyiYW,Wilhelm Nils Andreas Lindahl,true
i-4drXQwapSDaCPKXwLzVUkr,Carl Abraham Forssell,false
i-4drXQwapSDaCPKXwLzVUkr,Carl Forssell,true
i-4drXQwapSDaCPKXwLzVUkr,Forssell,false
i-4e5U4oBYbZ63VNYYZLyLPD,Johan Magnus Nilsson,false
i-4e5U4oBYbZ63VNYYZLyLPD,Magnus Nilsson,true
i-4e5U4oBYbZ63VNYYZLyLPD,Nilsson,false
i-4e7XieU4tkMVuMm7L6tFXX,Carl Wilhelm Oskar Höglund,true
i-4e7XieU4tkMVuMm7L6tFXX,Höglund,false
i-4ednwgW1p5nCGVvkb7M7eo,Lars-Axel Martin Nordell,false
i-4ednwgW1p5nCGVvkb7M7eo,Lars-Axel Nordell,true
i-4f2bAEUboRxqAf7W8Ybmzm,Lena Sommestad,true
i-4f2bAEUboRxqAf7W8Ybmzm,Sommestad,false
i-4fjwccvGrtcBzgdzdxhXhs,Jörgen Warborn,true
i-4fowtpNCx9PCJWBX7qJnyU,Tufve Tufvesson,true
i-4fowtpNCx9PCJWBX7qJnyU,Tufwesson,false
i-4gJD3wvG65B2mBmBKhbQrx,Göta Rosén,true
i-4gJD3wvG65B2mBmBKhbQrx,Rosén,false
i-4gJumJgEuP6Xz9pqA1wnWG,Emma Mary Elisabet Hultell,false
i-4gJumJgEuP6Xz9pqA1wnWG,Emma Mary Elisabet Radhe,false
i-4gJumJgEuP6Xz9pqA1wnWG,Hultell,false
i-4gJumJgEuP6Xz9pqA1wnWG,Mary Hultell,true
i-4gJumJgEuP6Xz9pqA1wnWG,Mary Radhe,false
i-4h1yXFvbvRqFsZtZsGc3mA,Anders Karlsson,true
i-4h1yXFvbvRqFsZtZsGc3mA,Karlsson,false
i-4hqWDFbAa193mP1bNHRgWx,Alfred Andersson,true
i-4hqWDFbAa193mP1bNHRgWx,Anders Alfred Andersson,false
i-4hqWDFbAa193mP1bNHRgWx,Andersson,false
i-4htYS85JpBwxyYZ32aVtBc,Gunilla Sofia Tjernberg,false
i-4htYS85JpBwxyYZ32aVtBc,Gunilla Sofia Tjärnberg,false
i-4htYS85JpBwxyYZ32aVtBc,Gunilla Tjernberg,true
i-4htYS85JpBwxyYZ32aVtBc,Gunilla Tjärnberg,false
i-4i5vpDVzDizjgGeYkeoK2E,Bo Axel Magnus Lundgren,false
i-4i5vpDVzDizjgGeYkeoK2E,Bo Lundgren,true
i-4i5vpDVzDizjgGeYkeoK2E,Lundgren,false
i-4iBnzT9pgjryrkk1UYbDxL,Axel Cederberg,true
i-4iBnzT9pgjryrkk1UYbDxL,Axel Fredrik Oscar Cederberg,false
i-4iBnzT9pgjryrkk1UYbDxL,Cederberg,false
i-4iLEXqdotevN5mKmHAcQaC,Kjell Nordström,true
i-4iLEXqdotevN5mKmHAcQaC,Nordström,false
i-4iVrZQ3DMuWFzzzGuRcBua,Gustaf Nyström,true
i-4iVrZQ3DMuWFzzzGuRcBua,Johan Gustaf Nyström,false
i-4iVrZQ3DMuWFzzzGuRcBua,Nyström,false
i-4jPQiceTyPeCoQEHWcWkhE,Anne-Katrine Dunker,true
i-4jaP3xPW7Ju24ajrmv4T2c,Henrikson,false
i-4jaP3xPW7Ju24ajrmv4T2c,Torsten Henrikson,true
i-4jmEgp926H69xNYV9a5xX6,Axel Walfrid Lundström,true
i-4jmEgp926H69xNYV9a5xX6,Lundström,false
i-4jsifiK4L4h8xoTHik32vU,Knut Styffe,true
i-4jsifiK4L4h8xoTHik32vU,Styffe,false
i-4k3tGk6aQ13TZxWERSkj72,Rolf Lindén,true
i-4k9h6ZGAcW3ab2Qk7BzDtv,Carl Johan Gustaf Adolf Julius von Schwerin,false
i-4k9h6ZGAcW3ab2Qk7BzDtv,Jules von Schwerin,true
i-4k9h6ZGAcW3ab2Qk7BzDtv,von Schwerin,false
i-4kU5YzjqnQadjquDxvadgY,Bergström,false
i-4kU5YzjqnQadjquDxvadgY,Erik Bergström,true
i-4kU5YzjqnQadjquDxvadgY,Per Erik Bergström,false
i-4kvK2vhBLn5JcJsfGSEoTc,Kardell,false
i-4kvK2vhBLn5JcJsfGSEoTc,Sven Johan Kardell,false
i-4kvK2vhBLn5JcJsfGSEoTc,Sven Kardell,true
i-4kz1fC2gQwdiC7G6RzQ2SK,Hamilton,false
i-4kz1fC2gQwdiC7G6RzQ2SK,Raoul Hamilton,true
i-4mAoWd2dLX6JjwhoediW38,Nils Svensson,true
i-4mAoWd2dLX6JjwhoediW38,Svensson,false
i-4mUjE5JAQsZCxoniEwZ8KE,Pettersson,false
i-4mUjE5JAQsZCxoniEwZ8KE,Sixten Gustaf Pettersson,false
i-4mUjE5JAQsZCxoniEwZ8KE,Sixten Pettersson,true
i-4mrg1QMgWqyV1QUWeh9cap,Gilbert Hamilton,true
i-4mrg1QMgWqyV1QUWeh9cap,Hamilton,false
i-4mrg1QMgWqyV1QUWeh9cap,Wathier Gilbert Hamilton,false
i-4n1jVeXSASHcu8otmsgFaZ,Emil Molin,true
i-4n1jVeXSASHcu8otmsgFaZ,Molin,false
i-4o1RM4T3EmDZc7uLvsoLiC,Andersson,false
i-4oFnJqoRuFv6k4kHCER6KH,Johan Magnus Sjögren,false
i-4oFnJqoRuFv6k4kHCER6KH,Johan Sjögren,true
i-4oFnJqoRuFv6k4kHCER6KH,Sjögren,false
i-4oK6HjNJR6K1QAGZmsEqiv,Ingemar Nilsson,true
i-4oQw33kXPxZphhSAmpgVJv,John Lingman,true
i-4owCF2M66hXNzsfKXQ94Dx,Olof Olsson,true
i-4owCF2M66hXNzsfKXQ94Dx,Olsson,false
i-4owV4Ro9GyhBiVHd4hpGdc,Axel Rooth,true
i-4owV4Ro9GyhBiVHd4hpGdc,Axel Rudolf Rooth,false
i-4owV4Ro9GyhBiVHd4hpGdc,Rooth,false
i-4ozJvQj9byCZWcrYUrLEiR,Björk,false
i-4ozJvQj9byCZWcrYUrLEiR,Ingvar Björk,true
i-4p8JokQcmoPFNWL1uSASiw,Henric Sebastian Tham,false
i-4p8JokQcmoPFNWL1uSASiw,Henric Tham,true
i-4p8JokQcmoPFNWL1uSASiw,Tham,false
i-4pbAgoLV1BB3FE92CBZsfH,Andersson,false
i-4pbAgoLV1BB3FE92CBZsfH,Lars Andersson,true
i-4pbAgoLV1BB3FE92CBZsfH,Lars Erik Andersson,false
i-4pfVnS8LNwychZJ7RaUufZ,Else-Marie Charlotte Lindgren,false
i-4pfVnS8LNwychZJ7RaUufZ,Else-Marie Lindgren,true
i-4pfhPSsHEdvXBv1ibDjcZW,Adolf Fredrik Unger,false
i-4pfhPSsHEdvXBv1ibDjcZW,Adolf Unger,true
i-4pfhPSsHEdvXBv1ibDjcZW,Unger,false
i-4piH16yrvpa3gdQ4w4GdFa,Carl Martin Sandorf,false
i-4piH16yrvpa3gdQ4w4GdFa,Martin Sandorf,true
i-4piH16yrvpa3gdQ4w4GdFa,Sandorf,false
i-4pjbLoqwBHsG4R6Wc79NfM,Arne Kjörnsberg,true
i-4pjbLoqwBHsG4R6Wc79NfM,Kjörnsberg,false
i-4qFN14HKgUSk7schAQ7BuV,Annér,false
i-4qFN14HKgUSk7schAQ7BuV,Per Wilhelm Annér,false
i-4qFN14HKgUSk7schAQ7BuV,Wilhelm Annér,true
i-4qJ1WSYreoe9MGDFPCwZKy,Margareta Winberg,true
i-4qJ1WSYreoe9MGDFPCwZKy,Winberg,false
i-4qePhdpKAR6QdbQahetn8o,Adolf Theodor Carlheim-Gyllensköld,false
i-4qePhdpKAR6QdbQahetn8o,Carlheim-Gyllensköld,false
i-4qePhdpKAR6QdbQahetn8o,Theodor Carlheim-Gyllensköld,true
i-4rA8nu7Qns2drm1ePJStLd,Martin Westmont,true
i-4rFo5seKWQkpWzvXDuyLwP,Yasmine Eriksson,true
i-4rUHY8kUMMGTLnNKHktA2E,Per Tjernlund,true
i-4rUHY8kUMMGTLnNKHktA2E,Tjernlund,false
i-4rzDXeYCJpsUdVQdWbchAU,F. Oscar Franzén,false
i-4rzDXeYCJpsUdVQdWbchAU,Franz Oscar Franzén,false
i-4rzDXeYCJpsUdVQdWbchAU,Franzén,false
i-4rzDXeYCJpsUdVQdWbchAU,Oscar Franzén,true
i-4s7KaVVp42rrqKS37ke5gq,Carl Olof Widmark,false
i-4s7KaVVp42rrqKS37ke5gq,Olof Widmark,true
i-4s7KaVVp42rrqKS37ke5gq,Widmark,false
i-4sBVpXefsL1CF7kS8shrq5,Sverker Thorén,true
i-4sEtGRPnuog5ACjegAtakj,Karlsson,false
i-4sEtGRPnuog5ACjegAtakj,Mattias Karlsson,true
i-4sTq5SmEhPN9pD8w4LThEh,Björnstjerna,false
i-4sTq5SmEhPN9pD8w4LThEh,Carl Björnstjerna,true
i-4sTq5SmEhPN9pD8w4LThEh,Carl Magnus Ludvig Björnstjerna,false
i-4sXFDUb8CLAhRngszG89cb,Carl Johan Gustaf Swartz,false
i-4sXFDUb8CLAhRngszG89cb,Carl Swartz,true
i-4sXFDUb8CLAhRngszG89cb,Swartz,false
i-4sYa5sygAXm9dvBK1sGrPS,Carlsson,false
i-4sYa5sygAXm9dvBK1sGrPS,Carlsson-Frosterud,false
i-4sYa5sygAXm9dvBK1sGrPS,Lars Johan Carlsson-Frosterud,true
i-4sZMUTZ58TFSSwfWoaTdDi,Lennart Pettersson,true
i-4sZMUTZ58TFSSwfWoaTdDi,Nils Lennart Pettersson,false
i-4sZMUTZ58TFSSwfWoaTdDi,Pettersson,false
i-4sfs3KUeVhC2hGZHGkHNmw,Adolf Wiklund,true
i-4sfs3KUeVhC2hGZHGkHNmw,Wiklund I Brattfors,false
i-4soRBDKmFAx4KAEVfLkYe1,Bergman,false
i-4soRBDKmFAx4KAEVfLkYe1,Ingrid Bergman,true
i-4soRBDKmFAx4KAEVfLkYe1,Ingrid Helena Bergman,false
i-4tAUyrL5FDqt2q3oYkcH9W,Yvonne Ångström,true
i-4tbo5uGAZ4NSn9QLz7SWzn,Bäckström,false
i-4tbo5uGAZ4NSn9QLz7SWzn,Eric Viktor Bäckström,true
i-4tfAWyiZEpB3Ss1Fh6QzqC,Erik Jörgen Andersson,false
i-4tfAWyiZEpB3Ss1Fh6QzqC,Jörgen Andersson,true
i-4tqdLLTP7gxfSJBWUow5Gp,Fridolf Johansson,true
i-4tqdLLTP7gxfSJBWUow5Gp,Johan Fridolf Johansson,false
i-4tqdLLTP7gxfSJBWUow5Gp,Johansson,false
i-4trrwMgaaYgdfEZaeP8LTR,Ohlon,false
i-4trrwMgaaYgdfEZaeP8LTR,Sven Em. Ohlon,false
i-4trrwMgaaYgdfEZaeP8LTR,Sven Johan Emanuel Ohlon,false
i-4trrwMgaaYgdfEZaeP8LTR,Sven Ohlon,true
i-4u6RX5fG6QAwB5JHe16ZTV,Eric Hovhammar,false
i-4u6RX5fG6QAwB5JHe16ZTV,Erik Hovhammar,true
i-4u6RX5fG6QAwB5JHe16ZTV,Hovhammar,false
i-4u6RX5fG6QAwB5JHe16ZTV,Lars Erik Emanuel Hovhammar,false
i-4uJEFdvmwfbMmozZhv5XDY,Ola Ullsten,true
i-4uJEFdvmwfbMmozZhv5XDY,Ullsten,false
i-4uTBR44qbS9wvK9yfVmNgF,Olaus Olofsson,true
i-4uTBR44qbS9wvK9yfVmNgF,Olofsson,false
i-4up3MKHRwxhpoLfZgub9Fu,Roger Hedlund,true
i-4vMpE2cFsVtsya6jV8Mqda,Markus Samuel Selin,false
i-4vMpE2cFsVtsya6jV8Mqda,Markus Selin,true
i-4vNUD3c1Zrcuq5QuVbNmhB,Carlson,false
i-4vNUD3c1Zrcuq5QuVbNmhB,F F Carlson,false
i-4vNUD3c1Zrcuq5QuVbNmhB,F. F. Carlson,false
i-4vNUD3c1Zrcuq5QuVbNmhB,F.F. Carlson,false
i-4vNUD3c1Zrcuq5QuVbNmhB,Fredrik Ferdinand Carlson,true
i-4vrD7uUKECQ2mAmTWMcfVR,Carl Leonard Reuterskiöld,false
i-4vrD7uUKECQ2mAmTWMcfVR,Carl Reuterskiöld,true
i-4vrD7uUKECQ2mAmTWMcfVR,Reuterskiöld,false
i-4wsP6LwQoWWj732ozhmgSc,Ludvig Aspling,true
i-4wzmEstkwDoqsQwqUhMe6k,Ottosson,false
i-4wzmEstkwDoqsQwqUhMe6k,Roy Erik Magnus Resare,false
i-4wzmEstkwDoqsQwqUhMe6k,Roy Ottosson,true
i-4yKLYX6bdK5Z7rBVKCN1RT,Björnstjerna,false
i-4yKLYX6bdK5Z7rBVKCN1RT,Oscar Björnstjerna,true
i-4yKLYX6bdK5Z7rBVKCN1RT,Oscar Magnus Fredrik Björnstjerna,false
i-4yKLYX6bdK5Z7rBVKCN1RT,Oskar Magnus Fredrik Björnstjerna,false
i-4yegXF8AnFFFKByvbQXUyd,Borell,false
i-4yegXF8AnFFFKByvbQXUyd,Carl Gustaf Theodor Borell,false
i-4yegXF8AnFFFKByvbQXUyd,Karl Gustaf Theodor Borell,false
i-4yegXF8AnFFFKByvbQXUyd,Theodor Borell,true
i-4yoXMoXJyFkENK37A3Fswu,Carl Hjalmar Wittsell,false
i-4yoXMoXJyFkENK37A3Fswu,Carl Wittsell,true
i-4yoXMoXJyFkENK37A3Fswu,Wittsell,false
i-4yu39mex6AmYaeQrvahEFQ,Edvard Engelbrekt Thorell,false
i-4yu39mex6AmYaeQrvahEFQ,Edvard Thorell,true
i-4yu39mex6AmYaeQrvahEFQ,Thorell,false
i-4yvNbefMkAfh4vFHRwsamd,Arnemark,false
i-4yvNbefMkAfh4vFHRwsamd,Gustaf Arnemark,true
i-4yvNbefMkAfh4vFHRwsamd,Gustaf Emil Arnemark,false
i-4zNK5NQ9pgveDzKxdfvZEg,Carl Edvard Ekman,true
i-4zNK5NQ9pgveDzKxdfvZEg,Ekman,false
i-4zTtnRJ4FLHAEThRLUNnLp,Jöns Jönsson,true
i-4zTtnRJ4FLHAEThRLUNnLp,Jönsson,false
i-4zUnJ29TpF2auNtXAJ6iWN,Elis Heüman,true
i-4zUnJ29TpF2auNtXAJ6iWN,Heuman,false
i-4zaUMqFQttUWsA2oqDgT88,Jan-Olof Ragnarsson,true
i-4zaUMqFQttUWsA2oqDgT88,Ragnarsson,false
i-4zgkigyuo3a2meU92gcyAk,Anita Johansson,true
i-4zgkigyuo3a2meU92gcyAk,Johansson,false
i-4zpnBvtyaLbCEnHf6RAPJx,Axel Wikberg,true
i-4zpnBvtyaLbCEnHf6RAPJx,Jonas Axel Wikberg,false
i-4zpnBvtyaLbCEnHf6RAPJx,Wikberg,false
i-4zvcUJ61d2XvpEjcAUW3TL,Britt Wigenfeldt,true
i-4zvcUJ61d2XvpEjcAUW3TL,Wigenfeldt,false
i-519ccWmGNkm1T7rYymoX6F,Johan Rikard Olsson,false
i-519ccWmGNkm1T7rYymoX6F,John Rikard Olsson,false
i-519ccWmGNkm1T7rYymoX6F,Olsson,false
i-519ccWmGNkm1T7rYymoX6F,Rikard Olsson,true
i-51Dv2AJXsnS33UhVzbXLDo,Johanson,false
i-51Dv2AJXsnS33UhVzbXLDo,Karl Emil Johanson,false
i-51Dv2AJXsnS33UhVzbXLDo,Karl Johanson,true
i-51EUjX8mGFoyd4AhYjkXss,Carl Ingvar Gustaf Lidskog,false
i-51EUjX8mGFoyd4AhYjkXss,Ingvar Lidskog,true
i-51EUjX8mGFoyd4AhYjkXss,Lidskog,false
i-51TqsDXTPdgmp2Gv4hRTz4,Axel Chenon,true
i-51TqsDXTPdgmp2Gv4hRTz4,Axel Valfrid Chenon,false
i-51TqsDXTPdgmp2Gv4hRTz4,Chenon,false
i-51Z8nc68zSRytuD4EvZmvK,Stenudd,false
i-51Z8nc68zSRytuD4EvZmvK,Wilhelm Stenudd,true
i-52CRSVT8HVDbmm6vV8DuU5,Hjalmar Nilsson,true
i-52CRSVT8HVDbmm6vV8DuU5,Nilsson,false
i-52bSM4tiSqWkoUtHhzwXPv,Andersson,false
i-52bSM4tiSqWkoUtHhzwXPv,Jöns Andersson,true
i-53KY3J6rUMztHFT2HWMr3x,Elisabeth Björnsdotter Rahm,true
i-53uBPimisHRCQxutk9cbdp,Carl Salomon von Otter,false
i-53uBPimisHRCQxutk9cbdp,Carl von Otter,true
i-53uBPimisHRCQxutk9cbdp,von Otter,false
i-546BZUgJkUpc5jWGYVgVef,Jakob Vilhelm Sprengtporten,false
i-546BZUgJkUpc5jWGYVgVef,Jakob Wilhelm Sprengtporten,true
i-546BZUgJkUpc5jWGYVgVef,Sprengtporten,false
i-546v5KE6tdv62FjUQAxwTc,Christofer Bergenblock,true
i-548HUVvKe8n48M3pQmFeUC,Amineh Kakabaveh,true
i-5581gcEvQGbiMJEyEKV6yh,Fredrik Axel Hugo Hedenstierna,false
i-5581gcEvQGbiMJEyEKV6yh,Hedenstierna,false
i-5581gcEvQGbiMJEyEKV6yh,Hugo Hedenstierna,true
i-558Me9ABiARG2bVyqeBiLC,Anders Edvard Andersson,false
i-558Me9ABiARG2bVyqeBiLC,Andersson,false
i-558Me9ABiARG2bVyqeBiLC,Edvard Andersson,true
i-55RmS5Pfuux2GvYZfGZhK2,Conny Öhman,true
i-56GdsFT6s6AKjKP51Hrmn5,Kjell Jansson,true
i-57HwcQXGDcbVNV6tLbpgn2,Anton Julius Lyth,true
i-57HwcQXGDcbVNV6tLbpgn2,Lyth,false
i-57VtU3DUgS6ebh11mtUQes,Andersson,false
i-57VtU3DUgS6ebh11mtUQes,Gustaf Andersson,false
i-57VtU3DUgS6ebh11mtUQes,Gustaf Henning Andersson,true
i-57ZzcRcBrWajRrZt3i1BgM,Herman Eriksson,true
i-58PKfbaj1Yn6z8HF1M7nGm,Aaby-Ericsson,false
i-58PKfbaj1Yn6z8HF1M7nGm,Ragnar Aaby-Ericsson,true
i-58PKfbaj1Yn6z8HF1M7nGm,Ragnar Bernhard Aaby-Ericsson,false
i-59GzwSB23e1tdcfxS3Mstm,Mona Smedman,true
i-5ADnTy4U6jT3a56U74ZwYA,Ingrid Maria Osvald,false
i-5ADnTy4U6jT3a56U74ZwYA,Ingrid Osvald,true
i-5ADnTy4U6jT3a56U74ZwYA,Osvald,false
i-5AUW2hxWEk6yR2aX7fibZx,Ekman,false
i-5AUW2hxWEk6yR2aX7fibZx,Johan Ekman,true
i-5AUW2hxWEk6yR2aX7fibZx,Johan Emilson Ekman,false
i-5BA98ZchZEfNAH2JER4cKK,Bengt Kronblad,true
i-5BA98ZchZEfNAH2JER4cKK,Bengt William Kronblad,false
i-5BA98ZchZEfNAH2JER4cKK,Kronblad,false
i-5BAuoreWuHEDmfStAQQoco,Godin,false
i-5BAuoreWuHEDmfStAQQoco,Sigge Godin,true
i-5BRVk73D7xc6p4YfM7HAZs,Fredrik von Strokirch,true
i-5BRVk73D7xc6p4YfM7HAZs,Johan Paul Fredrik Otto von Strokirch,false
i-5BRVk73D7xc6p4YfM7HAZs,Strokirch,false
i-5BbxJkrGwenZDLQxCPCnLV,August Lillienau,true
i-5BbxJkrGwenZDLQxCPCnLV,Ernst August Reinhold Lillienau,false
i-5BbxJkrGwenZDLQxCPCnLV,Lillienau,false
i-5BpKZwq8Nrrge7Ep1aDZB9,Eva Sofia Katarina Lotta Finstorp,false
i-5BpKZwq8Nrrge7Ep1aDZB9,Lotta Finstorp,true
i-5CGPntyQKYyZVCsCYHPNrm,Ingela Anita Thalén,false
i-5CGPntyQKYyZVCsCYHPNrm,Ingela Thalén,true
i-5CGPntyQKYyZVCsCYHPNrm,Thalén,false
i-5CH7vHLGXLfDB5Tn7xx95V,Siv Holma,true
i-5CH7vHLGXLfDB5Tn7xx95V,Siv Margareta Holma,false
i-5CvixD6LDdpELMrsgMFZaY,Christian Ekeborgh,true
i-5CvixD6LDdpELMrsgMFZaY,Ekeborgh,false
i-5D4sTKSYgW6eXVv6xbEvzg,Axel Örbom,true
i-5D4sTKSYgW6eXVv6xbEvzg,Carl Gustaf Axel Örbom,false
i-5D4sTKSYgW6eXVv6xbEvzg,Örbom,false
i-5D4sTKSYgW6eXVv6xbEvzg,Örbom I Stockholm,false
i-5E5HKiQzmNtqPqERUFA3xR,Johanna Öfverbeck,true
i-5EHoQFHRYQbiPPy5422WPT,Gustaf Svedman,true
i-5EHoQFHRYQbiPPy5422WPT,Svedman,false
i-5ESpPxDNhscpjarVvwDtdm,Bernhard Martin,true
i-5ESpPxDNhscpjarVvwDtdm,Martin,false
i-5ESpPxDNhscpjarVvwDtdm,Thure Bernhard August Martin,false
i-5EdJCmuTNZWXW2ejgrVXUt,Olle Östrand,true
i-5EdJCmuTNZWXW2ejgrVXUt,Olov Östrand,false
i-5EdJCmuTNZWXW2ejgrVXUt,Östrand,false
i-5EmUu19fYZ8QDe947bM8FX,Erikson,false
i-5EmUu19fYZ8QDe947bM8FX,Eriksson,false
i-5EmUu19fYZ8QDe947bM8FX,Gustaf Oskar Erikson,false
i-5EmUu19fYZ8QDe947bM8FX,Oskar Erikson,true
i-5EmUu19fYZ8QDe947bM8FX,Oskar Eriksson,false
i-5Eq8EMsaTFyzYQzP7AM1mR,Kerstin Birgitta Sofie Nilsson,false
i-5Eq8EMsaTFyzYQzP7AM1mR,Kerstin Nilsson,true
i-5FDr3VD3L1xJP89PkoLR58,Ersson,false
i-5FDr3VD3L1xJP89PkoLR58,Lars Ersson,true
i-5FLxNWhtPm9nrMhcBeFsUk,Johan Hedin,true
i-5FLxNWhtPm9nrMhcBeFsUk,Johan Niclas Hedin,false
i-5FU521gN8zSpeFz8GvYF6e,Adolf Ludvig Frithiof Torpadie,false
i-5FU521gN8zSpeFz8GvYF6e,Ludvig Torpadie,true
i-5FU521gN8zSpeFz8GvYF6e,Torpadie,false
i-5FVdMDpYqfd1DagjigQmtP,Bergman,false
i-5FVdMDpYqfd1DagjigQmtP,Ingebrekt Olofsson Bergman,false
i-5FVdMDpYqfd1DagjigQmtP,Ingebrikt Bergman,true
i-5FqmRutDccwbM6viizhECC,Nilsson,false
i-5FqmRutDccwbM6viizhECC,Olof Nilsson,true
i-5FsdBgp7zC1W8jXSUkwwDq,Birgit Friggebo,true
i-5FsdBgp7zC1W8jXSUkwwDq,Birgit Irma Gunborg Friggebo,false
i-5FsdBgp7zC1W8jXSUkwwDq,Friggebo,false
i-5GBpikgHseAFCBYA27xBoV,Carl August Danielsson,true
i-5GBpikgHseAFCBYA27xBoV,Danielsson,false
i-5GK4H1j9rrxtR4J8CTxEKx,Andersson,false
i-5GK4H1j9rrxtR4J8CTxEKx,Pehr August Andersson,true
i-5GqnTURvMSP3hjBB327kuL,Gustaf Edvard Hæggström,false
i-5GqnTURvMSP3hjBB327kuL,Gustaf Hæggström,true
i-5GqnTURvMSP3hjBB327kuL,Haeggström,false
i-5GqnTURvMSP3hjBB327kuL,Hæggström,false
i-5HCAbGPWTFH5TGd6WysmUs,Carl Otto Vahlstedt,true
i-5HCAbGPWTFH5TGd6WysmUs,Vahlstedt,false
i-5HohE4fjz8QUm5AhfAoLLH,Nyquist,false
i-5HohE4fjz8QUm5AhfAoLLH,Sten Yngve Nyquist,false
i-5HohE4fjz8QUm5AhfAoLLH,Yngve Nyquist,true
i-5JKbBodBpCZ1A4ajEWCxPv,Anders Torleif Mattias Bäckström Johansson,false
i-5JKbBodBpCZ1A4ajEWCxPv,Mattias Bäckström Johansson,true
i-5JKt3JHcrr8pme3Wk6qvJA,Franck,false
i-5JKt3JHcrr8pme3Wk6qvJA,Hans Göran Franck,true
i-5KLtedUJBbVCX1RZM32Fhq,Hilding,false
i-5KLtedUJBbVCX1RZM32Fhq,Per Hilding,true
i-5KMyLRkLkB8aJEWrPNdHMU,Karl Lindh,true
i-5KMyLRkLkB8aJEWrPNdHMU,Karl M. Lindh,false
i-5KMyLRkLkB8aJEWrPNdHMU,Karl Magnus Lindh,false
i-5KMyLRkLkB8aJEWrPNdHMU,Lindh,false
i-5KU1YWjCS7iAhCxYP8wCR7,Berglund,false
i-5KU1YWjCS7iAhCxYP8wCR7,Fredrik Berglund,true
i-5Kw1QnMW7yfqbQdJjE1W1v,Berg,false
i-5Kw1QnMW7yfqbQdJjE1W1v,Gustaf Berg,true
i-5Kw1QnMW7yfqbQdJjE1W1v,Gustaf Braut Anund Berg,false
i-5LpuiRnqbw3VE57wmf8VJc,Krister Skånberg,true
i-5LpuiRnqbw3VE57wmf8VJc,Skånberg,false
i-5MnwqH2UtehSx7EbLGDQMA,Carl XV,false
i-5MnwqH2UtehSx7EbLGDQMA,Karl IV,false
i-5MnwqH2UtehSx7EbLGDQMA,Karl XV,true
i-5NG8haprnyzzwKpK9HjwGZ,Lawen Redar,true
i-5NHFmpZ6u5oCn4Zk1mnptg,Henric Reuterdahl,false
i-5NHFmpZ6u5oCn4Zk1mnptg,Henrik Reuterdahl,true
i-5NNnxLi1LYz6JMeJfggjhM,Flognfält,false
i-5NNnxLi1LYz6JMeJfggjhM,Gustaf Flognfelt,false
i-5NNnxLi1LYz6JMeJfggjhM,Gustaf Flognfält,true
i-5NeE86CvreJgXbYET9HNSD,Kropp,false
i-5NeE86CvreJgXbYET9HNSD,Martin Kropp,true
i-5P9bYmBiudN4V5HJc3cCdi,Gunnar Svärd,true
i-5P9bYmBiudN4V5HJc3cCdi,Nils Gunnar Svärd,false
i-5P9bYmBiudN4V5HJc3cCdi,Svärd,false
i-5PAF1rLodSGWijqMKe7qod,Pehrsson,false
i-5PAF1rLodSGWijqMKe7qod,Per Pehrsson,true
i-5PAF1rLodSGWijqMKe7qod,Petrus Pehrsson,false
i-5PAZtN3SSrE1phREhw2Nzs,Hans Leghammar,true
i-5PAZtN3SSrE1phREhw2Nzs,Hans Lennart Leghammar,false
i-5PAZtN3SSrE1phREhw2Nzs,Leghammar,false
i-5Pgd1MBaZKxCK4kGqXRHkQ,Leander,false
i-5Pgd1MBaZKxCK4kGqXRHkQ,Ulrik Johannesson,false
i-5Pgd1MBaZKxCK4kGqXRHkQ,Ulrik Johannesson Leander,false
i-5Pgd1MBaZKxCK4kGqXRHkQ,Ulrik Leander,true
i-5QFeAaRmc6ukdvQHEHjTF4,Herman Juhlin Dannfelt,false
i-5QFeAaRmc6ukdvQHEHjTF4,Herman Juhlin-Dannfelt,true
i-5QFeAaRmc6ukdvQHEHjTF4,Herman Julius Brorson Juhlin-Dannfelt,false
i-5QFeAaRmc6ukdvQHEHjTF4,Juhlin Dannfelt,false
i-5QJsEUravEgVPFV6wHts4r,Erik Hagberg,true
i-5QJsEUravEgVPFV6wHts4r,Erik Rudolf Hagberg,false
i-5QJsEUravEgVPFV6wHts4r,Hagberg,false
i-5QNmudGpnjjRJCTYzakn9H,Karin Astrid Elisabet Svensson Smith,false
i-5QNmudGpnjjRJCTYzakn9H,Karin Svensson Smith,true
i-5QNyZTTuhxgQFGbUQZGhjK,Alfred Fornander,true
i-5QNyZTTuhxgQFGbUQZGhjK,Fornander,false
i-5QNyZTTuhxgQFGbUQZGhjK,Johan Alfred Uno Fornander,false
i-5QR97dxZEbiqFkyuKd7jsL,Carl Gustaf Engström,true
i-5QR97dxZEbiqFkyuKd7jsL,Engström,false
i-5QUSwQFaazTZF6GHyxaAkw,Kenth Magnus Jacobsson,false
i-5QUSwQFaazTZF6GHyxaAkw,Magnus Jacobsson,true
i-5QUSwQFaazTZF6GHyxaAkw,Magnus Jakobsson,false
i-5QsM75VvzYYRCpVjV6ax78,Patrik Jönsson,true
i-5QzcxG1Z49aLmvTpcUfEVZ,Lars Moquist,true
i-5QzcxG1Z49aLmvTpcUfEVZ,Moquist,false
i-5RXF8FM8dgyoYaYsU1SfyY,Gunbjörg Thunvall,true
i-5RXF8FM8dgyoYaYsU1SfyY,Thunvall,false
i-5RdP7CwrmZkBu63fvcShFT,Elis Bernhard Adolf Nilson,false
i-5RdP7CwrmZkBu63fvcShFT,Elis Nilson,true
i-5RdP7CwrmZkBu63fvcShFT,Nilson,false
i-5S9aEMSy1odB1DTPV9LdqP,Stellan Bojerud,true
i-5SA2dnaUSjYimZq5qWdLVw,Alexis Hammarström,true
i-5SA2dnaUSjYimZq5qWdLVw,Hammarström,false
i-5SjbF7EjyAARUyQr4BJTNx,Bertrand Lindgren,true
i-5SjbF7EjyAARUyQr4BJTNx,Herr B. Lindgren,false
i-5SjbF7EjyAARUyQr4BJTNx,Lindgren,false
i-5SjbF7EjyAARUyQr4BJTNx,Nils Petter Bertrand Lindgren,false
i-5Sm9KsTL7p2KPtJAui3Tdw,Albert Lundblad,true
i-5Sm9KsTL7p2KPtJAui3Tdw,Eric Albert Lundblad,false
i-5Sm9KsTL7p2KPtJAui3Tdw,Erik Albert Lundblad,false
i-5Sm9KsTL7p2KPtJAui3Tdw,Lundblad,false
i-5TJn89iuS5tsvHYmTBPUAy,Erik Bernhard Nordkvist,false
i-5TJn89iuS5tsvHYmTBPUAy,Erik Nordkvist,true
i-5TJn89iuS5tsvHYmTBPUAy,Nordkvist,false
i-5TK4DT3e7n5uB9YY2uLM9A,Berg,false
i-5TK4DT3e7n5uB9YY2uLM9A,Gunnar Berg,true
i-5TK4DT3e7n5uB9YY2uLM9A,Sven Axel Gunnar Berg,false
i-5TNZqxPati7tPfuQnechMe,Johan Gustaf Theodor Johansson,false
i-5TNZqxPati7tPfuQnechMe,Johansson,false
i-5TNZqxPati7tPfuQnechMe,Theodor Johansson,true
i-5Ub3LuYesBZ5wA22h31n8L,August Ruhlin,true
i-5Ub3LuYesBZ5wA22h31n8L,K August Ruhlin,false
i-5Ub3LuYesBZ5wA22h31n8L,Karl August Ruhlin,false
i-5Ub3LuYesBZ5wA22h31n8L,Ruhlin,false
i-5UouTXxUjtmBcxh1ihyyvK,Mattsson,false
i-5UouTXxUjtmBcxh1ihyyvK,Oscar Emanuel Mattsson,false
i-5UouTXxUjtmBcxh1ihyyvK,Oscar Mattsson,true
i-5UxZPfHjFegCz9YYkVc5qt,Erik Andreas Trana,false
i-5UxZPfHjFegCz9YYkVc5qt,Erik Trana,true
i-5UxZPfHjFegCz9YYkVc5qt,Trana,false
i-5VBLJhr8RFi23oeNx4iKcJ,Berglund,false
i-5VBLJhr8RFi23oeNx4iKcJ,Helge Berglund,true
i-5VLeRuY2ZxCANAfXVjtfFZ,Norin,false
i-5VLeRuY2ZxCANAfXVjtfFZ,Per Eriksson Norin,false
i-5VLeRuY2ZxCANAfXVjtfFZ,Per Norin,true
i-5VmM3A6gSWvKTiRoizdFQ1,Adolph Fagerlund,true
i-5VmM3A6gSWvKTiRoizdFQ1,Carl Adolph Johan Fagerlund,false
i-5VmM3A6gSWvKTiRoizdFQ1,Fagerlund,false
i-5VqCX9EE3MEGSJKivnxPF1,Axel Hallberg,true
i-5VucL1TjrAWieXV17zXaW8,Carl-Erik Skårman,true
i-5Vy3ntssPxeEJSQighaEWM,Johan Sjöholm,true
i-5Vy3ntssPxeEJSQighaEWM,Johannes Sjöholm,false
i-5Vy3ntssPxeEJSQighaEWM,Sjöholm,false
i-5WchbRYCVdXodSthFK381D,Biörck,false
i-5WchbRYCVdXodSthFK381D,Carl Gunnar Wilhelm Biörck,false
i-5WchbRYCVdXodSthFK381D,Gunnar Biörck,true
i-5XBntZ95gkE2bXXTCkHGdu,Bo-Gunnar Ledin,true
i-5XVtbYzwdrZ6ftQvXXkYo5,Johan Britz,true
i-5XethkkAh3mA2LfNuZ2YBW,Börjesson,false
i-5XethkkAh3mA2LfNuZ2YBW,Erik Börjesson,true
i-5XfRsyaqsbNGGG3spKFVTH,Gunnar Goude,true
i-5YDc9g1Q925x6pk2h8RAMq,Nils Persson,true
i-5YDc9g1Q925x6pk2h8RAMq,Persson,false
i-5YF6bp4J6HT8JFDNTCg8JL,Gustav Bertil Persson,false
i-5YF6bp4J6HT8JFDNTCg8JL,Gustav Persson,true
i-5YF6bp4J6HT8JFDNTCg8JL,Persson,false
i-5YeVw64y97GEawvX93x6P5,Carlson,false
i-5YeVw64y97GEawvX93x6P5,Ernst Carlson,true
i-5YeVw64y97GEawvX93x6P5,Karl Fredrik Ernst Carlson,false
i-5Yh6HBknHoPtKFgLtpMaDp,Anders Gustaf Olsson,false
i-5Yh6HBknHoPtKFgLtpMaDp,Gustaf Olsson,true
i-5Yh6HBknHoPtKFgLtpMaDp,Olsson,false
i-5YjySGNGBDgJddfFWCCv5Z,Jönsson,false
i-5YjySGNGBDgJddfFWCCv5Z,Nils Jönsson,true
i-5YjySGNGBDgJddfFWCCv5Z,Nils Otto Jönsson,false
i-5YySnUaCpS54wJxVp1X9Q4,G. Richardson,false
i-5YySnUaCpS54wJxVp1X9Q4,Gunnar Richardson,true
i-5YySnUaCpS54wJxVp1X9Q4,Nils Gunnar Erik Richardson,false
i-5YySnUaCpS54wJxVp1X9Q4,Richardson,false
i-5Z3TuUuHAgkVo6AzrfMCDP,Fredrik August Sebastian Tham,false
i-5Z3TuUuHAgkVo6AzrfMCDP,Sebastian Tham,true
i-5Z3TuUuHAgkVo6AzrfMCDP,Tham,false
i-5ZFvYGqAt58ARxiYtJEYLV,Staffan Eklöf,true
i-5a6sVJzD6Pd62temZreNbE,Anders Julius Juhlin,false
i-5a6sVJzD6Pd62temZreNbE,Juhlin,false
i-5a6sVJzD6Pd62temZreNbE,Julius Juhlin,true
i-5aLm2cJRWeExysRXuewS8Y,Bengtsson,false
i-5aLm2cJRWeExysRXuewS8Y,Karl Bengtsson,true
i-5aLm2cJRWeExysRXuewS8Y,Karl Fredrik Bengtsson,false
i-5bFHe8nawwMWSiBo36Seh4,Gustaf Snygg,true
i-5bFHe8nawwMWSiBo36Seh4,Johan Gustaf Emil Snygg,false
i-5bFHe8nawwMWSiBo36Seh4,Snygg,false
i-5bGKNjnEqDoRd1UNtS66p8,Ericsson,false
i-5bGKNjnEqDoRd1UNtS66p8,Harald Ericsson,true
i-5bGKNjnEqDoRd1UNtS66p8,Harald Mauritz Ericsson,false
i-5c9mfR236xt4zVBBWJTpNn,Andersson,false
i-5c9mfR236xt4zVBBWJTpNn,Herman Andersson,true
i-5c9mfR236xt4zVBBWJTpNn,Herman Teodor Andersson,false
i-5cQcZgMfPXLpKbuzTtzgn6,Anette Rangdag,true
i-5cTooqVrJJpd4hUqqHPhUf,Fredrik Kärrholm,true
i-5cWYvAouPtmkN7Zunuj7J1,Hesselbom,false
i-5cWYvAouPtmkN7Zunuj7J1,Knut Eugén Hesselbom,false
i-5cWYvAouPtmkN7Zunuj7J1,Knut Hesselbom,true
i-5ciRgKcV8Sv7NkecP1X9HW,Ingeborg Hartelius,true
i-5duDRXLnwY3ksFCLttSvR5,Gibson,false
i-5duDRXLnwY3ksFCLttSvR5,Jimmy Gibson,true
i-5duDRXLnwY3ksFCLttSvR5,John James Gibson,false
i-5ehuugj1W28VKrpCt5Wtye,Ingela Andersson,true
i-5evFXvCqpMETvCKmicrweu,Herdin,false
i-5evFXvCqpMETvCKmicrweu,Oskar Bernhard Herdin,false
i-5evFXvCqpMETvCKmicrweu,Oskar Herdin,true
i-5ewETNKRwNG8CuihDDLT3R,Sten Ragnar Valdemar Waldem,false
i-5ewETNKRwNG8CuihDDLT3R,Sten Ragnar Valdemar Waldeus,false
i-5ewETNKRwNG8CuihDDLT3R,Sten Waldem,true
i-5ewETNKRwNG8CuihDDLT3R,Waldem,false
i-5exha789r7Z8wiCScHsi3c,Gösta Josefsson,true
i-5exha789r7Z8wiCScHsi3c,Helge Gösta Albert Josefsson,false
i-5exha789r7Z8wiCScHsi3c,Josefsson,false
i-5fGKg5yUS4yLAyTUCDz397,Höglund,false
i-5fGKg5yUS4yLAyTUCDz397,Otto Höglund,true
i-5fGKg5yUS4yLAyTUCDz397,Otto Magnus Höglund,false
i-5fJj3JdmG8ZpUbaSkn1bCz,Johan August Jonsson,true
i-5fJj3JdmG8ZpUbaSkn1bCz,Jonsson,false
i-5g62hwzYyZ7DRApMnNq6wW,Ola Rask,true
i-5gDciWNY8uS6ZCgJjocSUN,Marianne Kierkemann,true
i-5gF1U3J7PuHQuysnqKyjBZ,Anna Brandoné,true
i-5gF1U3J7PuHQuysnqKyjBZ,Anna Caisa Brandoné,false
i-5gFxxU1pzf9wxfbqY5n4JU,Axel Odelberg,true
i-5gFxxU1pzf9wxfbqY5n4JU,Odelberg,false
i-5gSCoqgN8cUnJLfPPLD7nv,Christina Axelsson,true
i-5gsXGTVMb4F5UcCNCBa8eN,Biörck,false
i-5gsXGTVMb4F5UcCNCBa8eN,Lars Biörck,true
i-5h3aAuqLtZGpXMkJuSPa55,Beck-Friis,false
i-5h3aAuqLtZGpXMkJuSPa55,Joachim Tawast Beck-Friis,true
i-5hHoKgY9U8EHo4DUzCAUEj,Gustafsson,false
i-5hHoKgY9U8EHo4DUzCAUEj,Wilhelm Gustafsson,true
i-5hUrp5rKGhu7MDgz61QjaQ,Rolf Örjes,true
i-5hUrp5rKGhu7MDgz61QjaQ,Örjes,false
i-5hWJKAnAs7X9iuugADpXr7,Nordstrandh,false
i-5hWJKAnAs7X9iuugADpXr7,Ove Hilding Nordstrandh,false
i-5hWJKAnAs7X9iuugADpXr7,Ove Nordstrandh,true
i-5hYyedyScwSwawm74j5rdZ,Axel Olof Rune,false
i-5hYyedyScwSwawm74j5rdZ,Axel Rune,true
i-5hYyedyScwSwawm74j5rdZ,Rune,false
i-5haQvBqofmVv7uAtDuavic,Conrad Henrik Falkenberg af Trystorp,false
i-5haQvBqofmVv7uAtDuavic,Falkenberg af Trystorp,false
i-5haQvBqofmVv7uAtDuavic,Henrik Falkenberg,true
i-5iDHhEyrDtZjVWxHXocqWy,Bror Ernst Nyström,false
i-5iDHhEyrDtZjVWxHXocqWy,Bror Nyström,true
i-5iDHhEyrDtZjVWxHXocqWy,Nyström,false
i-5iLkMds96DbsdoQ1H5obCT,Sofia Arkelsten,true
i-5iRTYcLsGwX4CxRhWies3C,Arvid Fredrik Taube,false
i-5iRTYcLsGwX4CxRhWies3C,Arvid Taube,true
i-5ioLipaPgHe4qvcEoauwHT,Evald Magnusson,true
i-5ioLipaPgHe4qvcEoauwHT,Karl Evald Magnusson,false
i-5ioLipaPgHe4qvcEoauwHT,Magnusson,false
i-5iuSCbAspakd6XhUXCtA5E,Anders Sundström,true
i-5iuSCbAspakd6XhUXCtA5E,Per Anders Sundström,false
i-5j5P5qVfgLM7nuLPKKTwTE,Carl Ivar Wittberg,false
i-5j5P5qVfgLM7nuLPKKTwTE,Carl Wittberg,false
i-5j5P5qVfgLM7nuLPKKTwTE,Ivar Wittberg,true
i-5j5P5qVfgLM7nuLPKKTwTE,Karl Ivar Wittberg,false
i-5j5P5qVfgLM7nuLPKKTwTE,Wittberg,false
i-5jLvgtZLz4tn3NhaKToY29,Gustafsson,false
i-5jLvgtZLz4tn3NhaKToY29,Holger Gustafsson,true
i-5jLvgtZLz4tn3NhaKToY29,Holger Oliver Gustafsson,false
i-5jrk8rbBrvMVJRgQBQ5joP,Ebbe Rydén,true
i-5jrk8rbBrvMVJRgQBQ5joP,Rydén,false
i-5jrk8rbBrvMVJRgQBQ5joP,Sigurd Evald Ebbe Rydén,false
i-5jvc79PehcxtyUuivZivQ5,Axel Fredrik Mannerskantz,false
i-5jvc79PehcxtyUuivZivQ5,Axel Mannerskantz,true
i-5jvc79PehcxtyUuivZivQ5,Mannerskantz,false
i-5jwrBzpJ3kKsBsRMvCWs2N,Hesselgren,false
i-5jwrBzpJ3kKsBsRMvCWs2N,Kerstin Hesselgren,true
i-5jwrBzpJ3kKsBsRMvCWs2N,Kerstin den Första,false
i-5kCq5AaWoBgtDWjyW8fFRC,Franzén,false
i-5kCq5AaWoBgtDWjyW8fFRC,Vivianne Franzén,true
i-5kLPqJYKuXdEi7mU2QqyGZ,Maria Stockhaus,true
i-5kLPqJYKuXdEi7mU2QqyGZ,Maria Viktoria Stockhaus,false
i-5kU1NDcAEm4A68amDSrbNF,Jan-Ivan Nathanael Nilsson,false
i-5kU1NDcAEm4A68amDSrbNF,Jan-Ivan Nilsson,true
i-5kU1NDcAEm4A68amDSrbNF,Nilsson,false
i-5kbYDATVZmFtpQgkvh7TQt,Alexander Ojanne,true
i-5m7eXbqSoKZzWQ41W9boXX,Christopher Rappe,true
i-5m7eXbqSoKZzWQ41W9boXX,Rappe,false
i-5mdNsjt4pWtuLhJLzqVSPP,Arvid Jonsson,true
i-5mdNsjt4pWtuLhJLzqVSPP,Carl Arvid Daniel Jonsson,false
i-5mdNsjt4pWtuLhJLzqVSPP,Jonsson,false
i-5mdNsjt4pWtuLhJLzqVSPP,Karl Arvid Daniel Jonsson,false
i-5mkPHaPWcEWfeCay8dRjnV,C Gustaf Tisell,false
i-5mkPHaPWcEWfeCay8dRjnV,Carl Gustaf Tisell,false
i-5mkPHaPWcEWfeCay8dRjnV,Gustaf Tisell,true
i-5mkPHaPWcEWfeCay8dRjnV,Tisell,false
i-5mpMLJq3f9Fi3TZPGuSp4p,Anders Pers,true
i-5mpMLJq3f9Fi3TZPGuSp4p,Pers,false
i-5oQ4xWUi5Nh3NjqrvZeiNp,Johan Danielsson,true
i-5ocMrCNXM69xuk4ciQWBnF,Eriksson,false
i-5ocMrCNXM69xuk4ciQWBnF,Ernst Eriksson,true
i-5ocMrCNXM69xuk4ciQWBnF,Ernst Gustaf Eugen Eriksson,false
i-5orH1EJN5hP5LGxnLXboj2,Eva Goës,true
i-5orH1EJN5hP5LGxnLXboj2,Goés,false
i-5orH1EJN5hP5LGxnLXboj2,Goës,false
i-5osNtGH86UU6wEyus1VLp2,Larsson,false
i-5osNtGH86UU6wEyus1VLp2,Nils August Larsson,false
i-5osNtGH86UU6wEyus1VLp2,Nils Larsson,true
i-5oxq9QfXuQEKCyB87SfvtP,Bergdahl,false
i-5oxq9QfXuQEKCyB87SfvtP,Leif Arne Ludvig Bergdahl,false
i-5oxq9QfXuQEKCyB87SfvtP,Leif Bergdahl,true
i-5p2XzfXQYwvKFEXTR5iFUy,Hugo Petrus Percival Tamm,false
i-5p2XzfXQYwvKFEXTR5iFUy,Hugo Tamm,true
i-5p2XzfXQYwvKFEXTR5iFUy,Tamm,false
i-5p2ybbmS6YsadBtbXKCQz7,Herman Hultberg,true
i-5p2ybbmS6YsadBtbXKCQz7,Herman Wilhelm Hultberg,false
i-5p2ybbmS6YsadBtbXKCQz7,Hultberg,false
i-5pZCQJJb7CNTC4v5nz95Gc,Olsson,false
i-5pZCQJJb7CNTC4v5nz95Gc,Per Valerius Olsson,false
i-5pZCQJJb7CNTC4v5nz95Gc,Valerius Olsson,true
i-5pddtLwy622h33X3RtqGeL,Pernilla Zethraeus,true
i-5pphHpHR6dLsyzeqLZn2EG,Erik Mathias Hjalmar Gustafsson Testrup,false
i-5pphHpHR6dLsyzeqLZn2EG,Erik Testrup,true
i-5pphHpHR6dLsyzeqLZn2EG,Testrup,false
i-5pr5VQuvrGzM73C1j5AbEk,Albin Andersson,true
i-5pr5VQuvrGzM73C1j5AbEk,Andersson,false
i-5pt7V9L88gFuC3UA5MjoNb,Lotta Olsson,true
i-5q7m7rZyufN9RHaGjB6GHh,Björn Samuelson,true
i-5q7m7rZyufN9RHaGjB6GHh,Samuelson,false
i-5qJUpGuJqeTrWaukfnc12x,Gunnar Sigfrid Wallmark,false
i-5qJUpGuJqeTrWaukfnc12x,Gunnar Wallmark,true
i-5qJUpGuJqeTrWaukfnc12x,Wallmark,false
i-5qXYUeKZZW4ms54drBexu6,Dag Hammarskjöld,true
i-5qXYUeKZZW4ms54drBexu6,Dag Hjalmar Agne Carl Hammarskjöld,false
i-5qayb573WK7KfrjRv8DR5g,Roland Gustbée,true
i-5qszfgKS7QHsLT7G8hvPkK,Agardh,false
i-5qszfgKS7QHsLT7G8hvPkK,J.Agardh,false
i-5qszfgKS7QHsLT7G8hvPkK,J.G. Agardh,false
i-5qszfgKS7QHsLT7G8hvPkK,Jacob Agardh,false
i-5qszfgKS7QHsLT7G8hvPkK,Jacob Georg Agardh,true
i-5qszfgKS7QHsLT7G8hvPkK,Jakob Agardh,false
i-5qszfgKS7QHsLT7G8hvPkK,Jakob Georg Agardh,false
i-5r72Vo5aBZ5juiNsmkDcKY,Dagmar Elvira Ranmark,false
i-5r72Vo5aBZ5juiNsmkDcKY,Dagmar Ranmark,true
i-5r72Vo5aBZ5juiNsmkDcKY,Ranmark,false
i-5rDWSiUBTXy1skSJScN6u3,Carin Jämtin,true
i-5s7YXBTShAS1URa4H7hvPB,Engström,false
i-5s7YXBTShAS1URa4H7hvPB,Herman Engström,true
i-5s7YXBTShAS1URa4H7hvPB,Herman Teodor Engström,false
i-5s7cCGjXgm92EQhqZ9CSQg,Eva Wallin,true
i-5s7twHXCSDkwF3CSRRwpBZ,Nils Svensson,true
i-5s7twHXCSDkwF3CSRRwpBZ,Svensson,false
i-5sQf8wA27pVo43qpEZ2jUa,David Josefsson,true
i-5sxzSZSUx9KLqvREcwz58f,Gullan Birgit Kristina Lindblad,false
i-5sxzSZSUx9KLqvREcwz58f,Gullan Lindblad,true
i-5sxzSZSUx9KLqvREcwz58f,Lindblad,false
i-5tVFbQPzDtJWJnDVSHz3TH,Erik Johan Rudberg,true
i-5tVFbQPzDtJWJnDVSHz3TH,Rudberg,false
i-5tbgYo4dBB9rh3uBeCweBm,Johan Hultberg,true
i-5u7PKe6iMvu5KFkCh55sUt,Johannes Nilsson,true
i-5u7PKe6iMvu5KFkCh55sUt,Nilsson,false
i-5u9D97HkMoFCMxfWkAsxz3,Germundsson,false
i-5u9D97HkMoFCMxfWkAsxz3,Peter Germundsson,true
i-5uWTLnwo7wZTNEAmx18iy1,Carl Ivar Ekströmer,false
i-5uWTLnwo7wZTNEAmx18iy1,Ekströmer,false
i-5uWTLnwo7wZTNEAmx18iy1,Ivar Ekströmer,true
i-5uirrc58gzjettyzn1DPCx,Gustaf Mauritz Ulrik Rudebeck,false
i-5uirrc58gzjettyzn1DPCx,Gustaf Rudebeck,true
i-5uirrc58gzjettyzn1DPCx,Rudebeck,false
i-5vT5E79dchgWLfSPT2RYSZ,Andersson,false
i-5vT5E79dchgWLfSPT2RYSZ,Rosa Andersson,true
i-5vT5E79dchgWLfSPT2RYSZ,Rosa Viola Andersson,false
i-5wD8EdZ4sLvqB5vyke4mP6,Steinholtz,false
i-5wD8EdZ4sLvqB5vyke4mP6,Uno Bernhard Steinholtz,false
i-5wD8EdZ4sLvqB5vyke4mP6,Uno Steinholtz,true
i-5wPAQ1MDLRTsW1XngYcD46,Lars Helge Werner,false
i-5wPAQ1MDLRTsW1XngYcD46,Lars Werner,true
i-5wPAQ1MDLRTsW1XngYcD46,Werner,false
i-5wVnuGs5cNm9JWZrGWeZfP,Jesper Jens Joakim Skalberg Karlsson,false
i-5wVnuGs5cNm9JWZrGWeZfP,Jesper Skalberg Karlsson,true
i-5wWRJAXfVgvuneH3sdAR6w,Karl G Karlsson,false
i-5wWRJAXfVgvuneH3sdAR6w,Karl Gustaf Karlsson,false
i-5wWRJAXfVgvuneH3sdAR6w,Karl Karlsson,true
i-5wWRJAXfVgvuneH3sdAR6w,Karlsson,false
i-5wjo1ueHReDkDwSPYFudcd,Yasmine Bladelius,true
i-5wjo1ueHReDkDwSPYFudcd,Yasmine Larsson,false
i-5wjo1ueHReDkDwSPYFudcd,Yasmine Natalie Sofie Bladelius,false
i-5wjtf1KoHSLyxqEjVVvxba,Anders Nilsson,true
i-5wjtf1KoHSLyxqEjVVvxba,Nilsson,false
i-5xbpwZHjLMEGP3pEF37iPy,Grapenson,false
i-5xbpwZHjLMEGP3pEF37iPy,Jöran Grapenson,true
i-5xbpwZHjLMEGP3pEF37iPy,Petter Jöran Grapenson,false
i-5xq5y8yJUv1khDbYCaXJ7X,Dennis Dioukarev,true
i-5yAk7ceGRtXiVEzmVLU8o3,Adolf Säve,true
i-5yAk7ceGRtXiVEzmVLU8o3,Johan Adolf Säve,false
i-5yAk7ceGRtXiVEzmVLU8o3,Säve,false
i-5yGWB5F2vcJEuiNdhjEPjG,Erik Räf,true
i-5yGWB5F2vcJEuiNdhjEPjG,Räf,false
i-5yQGUG9KVaAkkWFvYxB7V3,Ann-Kristin Føsker,true
i-5yZRGSvkewSxoyuozrXjXx,Daniel Isaksson,true
i-5yZRGSvkewSxoyuozrXjXx,Isaksson,false
i-5yeTU2BjQpqxaykhXKJ4cY,Daniel Gottlieb Restadius,true
i-5yeTU2BjQpqxaykhXKJ4cY,Restadius,false
i-5zZmScML2Rj5tCWwFkarcD,Åsa Regnér,true
i-615NyDFJrEYmJSJbPjoatn,Lundblad,false
i-615NyDFJrEYmJSJbPjoatn,Thor Emanuel Lundblad,false
i-615NyDFJrEYmJSJbPjoatn,Thor Lundblad,true
i-61t5459oBQKmkiUuzuTqpw,Jacob Sandgren,true
i-627bzx6c3TaRC4yY9iGY37,Martin,false
i-627bzx6c3TaRC4yY9iGY37,Martinsson,false
i-627bzx6c3TaRC4yY9iGY37,Per Roland Martin,false
i-627bzx6c3TaRC4yY9iGY37,Roland Martin,true
i-62beZab5asYtPmcYVDdXC5,Nils-Erik Söderqvist,true
i-62dMvJyvF5SY1VwxM1mokE,Carlsson,false
i-62dMvJyvF5SY1VwxM1mokE,Johan Carlsson,true
i-62hcuT4dPauXmw9K3r4nB4,Bergman,false
i-62hcuT4dPauXmw9K3r4nB4,Carl Otto Bergman,true
i-632hpVaqNZSGi9nro8EMpn,Jenny Bengtsson,true
i-632hpVaqNZSGi9nro8EMpn,Jenny Eva Maria Bengtsson,false
i-639t38L2ieKHRjxBnvnvvE,Henric Sebastian Tamm,false
i-639t38L2ieKHRjxBnvnvvE,Henric Tamm,true
i-63KvGGMcxER1kGiWiSrTfd,Marco Venegas,true
i-63KvGGMcxER1kGiWiSrTfd,Marco Venegas Astudillo,false
i-63R9bnHmHwqhKTFCbcwW3r,Carl Wikström,true
i-63R9bnHmHwqhKTFCbcwW3r,Wikström,false
i-63YisRvQLe9EokAsFsa8Zt,Andersson,false
i-63YisRvQLe9EokAsFsa8Zt,KARL-GUST. ANDERSSON,false
i-63YisRvQLe9EokAsFsa8Zt,Karl-Gustav Andersson,true
i-63whZFxsr3MAneyb8u5Db3,Magnus Persson,true
i-64MNGKAWXYfqCLLUzjCt6U,Marianne Beyer,true
i-655Uw3q6yNE6R2nN2pDvUg,Åsa Eriksson,true
i-657md5LkCsjE6B2F6cMUFR,Carl Henrik Nordlander,true
i-657md5LkCsjE6B2F6cMUFR,Mikael Inge Carl Henrik Nordlander,false
i-65cj1kQHd7UJ2f8sTwLSZ3,Emil Poignant,true
i-65cj1kQHd7UJ2f8sTwLSZ3,Per Gustaf Emil Poignant,false
i-65cj1kQHd7UJ2f8sTwLSZ3,Poignant,false
i-65rmwEXkkhA1kxSrD4oMUw,Ekman,false
i-65rmwEXkkhA1kxSrD4oMUw,Gustaf Ekman,true
i-65tDQ1Kb8spvfcwmsyYib7,Mathias Rosenblad,true
i-65tDQ1Kb8spvfcwmsyYib7,Matthias Rosenblad,false
i-66AVkMf87MGfMW1Z1GR2so,Otto Petersson,true
i-66AVkMf87MGfMW1Z1GR2so,Per Otto Petersson,false
i-66AVkMf87MGfMW1Z1GR2so,Petersson,false
i-66Wwkq4xTvkrUHpAcMgS5k,Erik Johan Norberg,false
i-66Wwkq4xTvkrUHpAcMgS5k,Erik Norberg,true
i-66Wwkq4xTvkrUHpAcMgS5k,Norberg,false
i-67S868C1caDbooqA4G2ovu,Louise Mörk,true
i-67kiTFbXU3qDiVNVin2wTU,Björn Molin,true
i-67kiTFbXU3qDiVNVin2wTU,Molin,false
i-67sJzJFZCQBoYeZPc4AYiP,Ingemar Konradsson,true
i-67sJzJFZCQBoYeZPc4AYiP,Konradsson,false
i-67wRp4zduspVaKE8AzS9qR,Göran Persson,true
i-67wRp4zduspVaKE8AzS9qR,Persson,false
i-689RyDpacera8C7DGrrLXo,Berndt Sköldestig,true
i-68jMa5pY6MfnhKzmEFaxtd,Erik Gustaf Nilsson,false
i-68jMa5pY6MfnhKzmEFaxtd,Gustaf Nilsson,true
i-68jMa5pY6MfnhKzmEFaxtd,Nilsson,false
i-68qKbvhEHER4C2TRzVi2T9,Fredrik Gyllenborg,true
i-68wSruW5yevgrvdRsBUbeH,Erik Johansson,true
i-68wSruW5yevgrvdRsBUbeH,Erik V. Johansson,false
i-68wSruW5yevgrvdRsBUbeH,Erik Valdemar Johansson,false
i-68wSruW5yevgrvdRsBUbeH,Johansson,false
i-693RFVRzxr1MXjzetwbKzY,Axel Emil Mårten Ericsson,false
i-693RFVRzxr1MXjzetwbKzY,Emil Ericson,true
i-693RFVRzxr1MXjzetwbKzY,Emil Mårten Ericsson,false
i-69ZLoSBPdFgrd1wNkm56PY,Anders Svenson,true
i-69ZLoSBPdFgrd1wNkm56PY,Svenson,false
i-69km2pwLBJWrtyvRcuiS3b,Fahlén,false
i-69km2pwLBJWrtyvRcuiS3b,Johan Fahlén,true
i-69krszq2cH8fMYHE4uTdzz,Henrik Edin,true
i-69mwhd5mHwANDzJTPX7jwr,Kempe,false
i-69mwhd5mHwANDzJTPX7jwr,Maj Kempe,true
i-69vwQNqiBKFFohJrqCv8pG,Holjer Anders Witt,false
i-69vwQNqiBKFFohJrqCv8pG,Holjer Witt,true
i-69vwQNqiBKFFohJrqCv8pG,Witt,false
i-6BFHCKpToT1HyfCWc2x2oN,Carl Vilhelm Carlsson,true
i-6BFHCKpToT1HyfCWc2x2oN,Carlson,false
i-6BUB98yo7AWa3ytqrLBv21,Astrid Bergegren,true
i-6BUB98yo7AWa3ytqrLBv21,Bergegren,false
i-6BUHg1FG2seum2qc6fcYex,Anders Gustaf Gyllensvärd,false
i-6BUHg1FG2seum2qc6fcYex,Gustaf Gyllensvärd,true
i-6BUHg1FG2seum2qc6fcYex,Gyllensvärd,false
i-6BUT7qfDzNjtQ6zrctx2rm,Aron Gustafsson,true
i-6BUT7qfDzNjtQ6zrctx2rm,Gustafsson,false
i-6BUT7qfDzNjtQ6zrctx2rm,Johan Aron Gustafsson,false
i-6BjZdfVLJPnGuDBNJs2Voo,Erik Albert Pettersson,false
i-6BjZdfVLJPnGuDBNJs2Voo,Erik Pettersson,true
i-6BjZdfVLJPnGuDBNJs2Voo,Pettersson,false
i-6CAgZyR6FvVqYZHQfCw5HJ,Hanna Gunnarsson,true
i-6CAgZyR6FvVqYZHQfCw5HJ,Hanna Karolina Sofie Gunnarsson,false
i-6CDBu9cGS7gf8ZVfBc8qEk,Ann-Christine Frohm Utterstedt,false
i-6CDBu9cGS7gf8ZVfBc8qEk,Ann-Christine From Utterstedt,true
i-6CDDWnMHUwAHDBJtsKL8h8,August Börjesson,true
i-6CDDWnMHUwAHDBJtsKL8h8,Börjesson,false
i-6CJm1byrtpLgorUnzjDtVW,Malte Johan Teodor Sommelius,false
i-6CJm1byrtpLgorUnzjDtVW,Malte Sommelius,true
i-6CJm1byrtpLgorUnzjDtVW,Sommelius,false
i-6CNHXhLwvWiPhsytBtn3ep,Crusebjörn,false
i-6CNHXhLwvWiPhsytBtn3ep,Jesper Crusebjörn,true
i-6CNHXhLwvWiPhsytBtn3ep,Jesper Ingevald Crusebjörn,false
i-6CTWhgri3k7uHH9N7s1Gdn,Broberg,false
i-6CTWhgri3k7uHH9N7s1Gdn,Hans Bertil Broberg,false
i-6CTWhgri3k7uHH9N7s1Gdn,Hans Broberg,true
i-6DUjgAy3EMiPSCDgTnkpXL,Sven-Erik Bucht,true
i-6EELQ8G6wLhYTcTKBKGQdF,Daniel Helldén,true
i-6ETHRvdQXy7JyB6UH2jtzU,Arvid Posse,true
i-6ETHRvdQXy7JyB6UH2jtzU,Arvid Rutger Fredriksson Posse,false
i-6ETHRvdQXy7JyB6UH2jtzU,Posse,false
i-6F9rS1XcW3FrTADBP2ew1K,Nils Fredric Wallensteen,true
i-6F9rS1XcW3FrTADBP2ew1K,Nils Fredrik Wallensteen,false
i-6FbvPMYrB8iFKaTH49pTDw,Persson,false
i-6FbvPMYrB8iFKaTH49pTDw,Sven Persson,true
i-6FjPv9vurt2DZEyxtaD4k8,Fredgardh,false
i-6FjPv9vurt2DZEyxtaD4k8,Sonja Fredgardh,false
i-6FjPv9vurt2DZEyxtaD4k8,Sonja Fredgardh-Svensson,true
i-6FjnsQPceYq6Zp8NqA3t6r,Patrik Svensson,true
i-6FjnsQPceYq6Zp8NqA3t6r,Sven Patrik Svensson,false
i-6FjnsQPceYq6Zp8NqA3t6r,Svensson,false
i-6FrdvvZyK8ZA14RbLEpPvF,Axel Albert Lindqvist,false
i-6FrdvvZyK8ZA14RbLEpPvF,Axel Lindqvist,true
i-6FrdvvZyK8ZA14RbLEpPvF,Lindqvist,false
i-6FzAA1fd4V1GWFU8UEjDM9,Axel Mörner,false
i-6FzAA1fd4V1GWFU8UEjDM9,Axel Otto Mörner,true
i-6FzAA1fd4V1GWFU8UEjDM9,Axel Otto Mörner af Morlanda,false
i-6GAocgVxQ6jiDDMLZHLu3d,Nils Nilsson,true
i-6GAocgVxQ6jiDDMLZHLu3d,Nilsson,false
i-6GYXkbfSoUeH3CekfDuKLA,Gustaf Lantz,true
i-6GYXkbfSoUeH3CekfDuKLA,Lars Gustaf Oscar Lantz,false
i-6GaeVWoxaczfjvsfwR3ztx,Carl Hugo Hernlund,false
i-6GaeVWoxaczfjvsfwR3ztx,Hernlund,false
i-6GaeVWoxaczfjvsfwR3ztx,Hugo Hernlund,true
i-6Gj8XRaEQFS7ovJnQb4Yb7,Elise Mariette Norberg Pilhem,false
i-6Gj8XRaEQFS7ovJnQb4Yb7,Elise Norberg,true
i-6Gj8XRaEQFS7ovJnQb4Yb7,Elise Norberg Pilhem,false
i-6GsafLogg26vz1fwk1RD5X,Ivar Nilzon,true
i-6GsafLogg26vz1fwk1RD5X,Karl Ivar Nilzon,false
i-6GsafLogg26vz1fwk1RD5X,Nilzon,false
i-6HVmZpF6CAUVuorYgJb32Y,Hagel,false
i-6HVmZpF6CAUVuorYgJb32Y,Rolf Hagel,true
i-6HcN2Xpkh4VyUKdNEBeDYf,Zakris Åslund,true
i-6HcN2Xpkh4VyUKdNEBeDYf,Åslund,false
i-6J1joFvFHPkqoFzNFfxEV4,Britta Hammarbacken,true
i-6J1joFvFHPkqoFzNFfxEV4,Hammarbacken,false
i-6K2jfM5okQVrDKwTTmVJmE,Lundén,false
i-6K2jfM5okQVrDKwTTmVJmE,Peter Lundén,true
i-6K3VX2t4knoMZsJcDLU1W9,Anton Hahn,true
i-6K3VX2t4knoMZsJcDLU1W9,Anton Napoleon Hahn,false
i-6K3VX2t4knoMZsJcDLU1W9,Hahn,false
i-6KBNU3ydsmAUThaDn8NUTw,Ivar Viktor Kasimir Larsson,false
i-6KBNU3ydsmAUThaDn8NUTw,Larsson,false
i-6KBNU3ydsmAUThaDn8NUTw,Viktor Larsson,true
i-6KGQ1CebqjccsMVRJ17HdY,Alvar Gunnarsson,true
i-6KN8cphxMAw2x3hKhGmKrb,De Maré,false
i-6KN8cphxMAw2x3hKhGmKrb,Gustaf de Maré,true
i-6KYbLnnY5b5K8uCAzQMt42,Erikson,false
i-6KYbLnnY5b5K8uCAzQMt42,Johannes Erikson,true
i-6KeJWBUVQUNc3UKQ3cZ5zo,Olof Valfrid Wiklund,false
i-6KeJWBUVQUNc3UKQ3cZ5zo,Olof Wiklund,true
i-6KeJWBUVQUNc3UKQ3cZ5zo,Wiklund,false
i-6KsUHcKGNS2X4Wcow8oHdR,Edvin Gustafsson,true
i-6KsUHcKGNS2X4Wcow8oHdR,Frans Edvin Gustafsson,false
i-6KsUHcKGNS2X4Wcow8oHdR,Gustafsson,false
i-6KvxK6SncpZo1RKRgaD1yQ,"""EA"" Lindblom",false
i-6KvxK6SncpZo1RKRgaD1yQ,"Erik August ""EA"" Lindblom",true
i-6KvxK6SncpZo1RKRgaD1yQ,Erik August Lindblom,false
i-6KvxK6SncpZo1RKRgaD1yQ,Lindblom,false
i-6Lf4ZWSEWXurZm4mkDAE7B,Carl-Axel Gunnar Johansson,false
i-6Lf4ZWSEWXurZm4mkDAE7B,Carl-Axel Johansson,true
i-6LsHqox8MeZANsGwVPy5Sr,Reidun Märta Birgitta Laurén,false
i-6LsHqox8MeZANsGwVPy5Sr,Reidunn Laurén,true
i-6MWLY5JdykMGLLUo96skfp,Lena Olsson,true
i-6Mx1pcH3ZLBeHhjXZJBHMx,Oskar Öholm,true
i-6NTN4wwYWdbe31hSoAzMRj,Ulla-Britta Larsson,true
i-6NadpGjLMukHYg3wsGefVb,Folke Gösta Jönsson,false
i-6NadpGjLMukHYg3wsGefVb,Folke Jönsson,true
i-6NadpGjLMukHYg3wsGefVb,Jönsson,false
i-6NmmpUGXRVp8E2dhxTAPmZ,Christiernsson,false
i-6NmmpUGXRVp8E2dhxTAPmZ,Nils Christiernsson,true
i-6NmmpUGXRVp8E2dhxTAPmZ,Nils Henrik Christiernsson,false
i-6NxcriD7b4FWfgeqTQMT49,Åke Bergbäck,true
i-6NzedWSQDLuRphqD7isMyy,Jeansson,false
i-6NzedWSQDLuRphqD7isMyy,John Jeansson,true
i-6NzqsXjPzSi4BTz8BKo1Rg,Christer Winbäck,true
i-6P8JJH1EpdwZhiQAWRjq7Z,Oliver Carl Fredrik Rosengren,false
i-6P8JJH1EpdwZhiQAWRjq7Z,Oliver Rosengren,true
i-6P9WGen454XYD7xwVEV6JX,Larson,false
i-6P9WGen454XYD7xwVEV6JX,Nils Larson,true
i-6PNMq69ixYg8GAMCPHrP4c,Adolf Alexandersson,true
i-6PNMq69ixYg8GAMCPHrP4c,Adolf Edvin Alexandersson,false
i-6PNMq69ixYg8GAMCPHrP4c,Alexandersson,false
i-6PVw9b14nHyyamxGVvRRDJ,Nils Oskar Nilsson,true
i-6PeNM1B9NsCjyScL117vps,Gustafson,false
i-6PeNM1B9NsCjyScL117vps,Sven Gustafson,true
i-6PeNM1B9NsCjyScL117vps,Sven H Gustafson,false
i-6PeNM1B9NsCjyScL117vps,Sven Harry Gustafson,false
i-6QDkBniWn1m3pQEsyzfMZn,Herr J. V. Lundqvist,false
i-6QDkBniWn1m3pQEsyzfMZn,Lundqvist,false
i-6QDkBniWn1m3pQEsyzfMZn,Viktor Lundqvist,true
i-6QRZCXV1gpE5LaD6mKZ5GR,Anna-Belle Strömberg,true
i-6QRx949PBJjaHhLd5Kfks8,Anita Persson,true
i-6QRx949PBJjaHhLd5Kfks8,Anita Torborg Elisabeth Persson,false
i-6QRx949PBJjaHhLd5Kfks8,Persson,false
i-6R7CFRqLrZfQGAGpRxRZmq,Lars Herman Gyllenhaal,true
i-6Rg3HSzDo6rvNWnRifCRk6,Eric Adolf Hallin,false
i-6Rg3HSzDo6rvNWnRifCRk6,Eric Hallin,true
i-6Rg3HSzDo6rvNWnRifCRk6,Hallin,false
i-6S4YAEfWFMh8N2aGbGEoFB,Emil Ericsson,true
i-6S4YAEfWFMh8N2aGbGEoFB,Ericsson,false
i-6S4YAEfWFMh8N2aGbGEoFB,Johan Emil Ericsson,false
i-6S4xm2E6pmsmaiE2BwVKUu,Boman,false
i-6S4xm2E6pmsmaiE2BwVKUu,Claes Eric Boman,false
i-6S4xm2E6pmsmaiE2BwVKUu,Claes Erik Boman,true
i-6S6M137meG589jQk8BuG8f,Jamal Mouneimne,true
i-6S6M137meG589jQk8BuG8f,Jamal Riad Mouneimne,false
i-6SrQS9LLtvz2rKE7gFyJNc,Christina Raud,true
i-6T6ooPkmsuHqmxXqUw3Rxq,Holm,false
i-6T6ooPkmsuHqmxXqUw3Rxq,Jöns Ulrik Holm,false
i-6T6ooPkmsuHqmxXqUw3Rxq,Ulrik Holm,true
i-6TjCaZscDfHaRCMjT3p2wD,Bo Södersten,true
i-6TjCaZscDfHaRCMjT3p2wD,Södersten,false
i-6Tm6CkqvW55XWkdqUgBH82,Marina Pettersson,true
i-6Ts4kphXCTsfgRt5UjoYxr,E. J. Ekman,false
i-6Ts4kphXCTsfgRt5UjoYxr,Ekman,false
i-6Ts4kphXCTsfgRt5UjoYxr,Erik Jakob Ekman,false
i-6Ts4kphXCTsfgRt5UjoYxr,Jakob Ekman,true
i-6U4LXvBKsPLVtc4sccDgbq,Karin Solveig Margareta Wegestål,false
i-6U4LXvBKsPLVtc4sccDgbq,Karin Wegestål,true
i-6U4LXvBKsPLVtc4sccDgbq,Wegestål,false
i-6U9FPmzafsC7zQsDoJEbNh,Carl B N Falk,false
i-6U9FPmzafsC7zQsDoJEbNh,Carl Bernhard Napoleon Falk,false
i-6U9FPmzafsC7zQsDoJEbNh,Carl Falk,true
i-6U9FPmzafsC7zQsDoJEbNh,Falk,false
i-6UFu18Lx32dr6xxduGNnBb,Arvidson,false
i-6UFu18Lx32dr6xxduGNnBb,Bo Arvidson,true
i-6UFu18Lx32dr6xxduGNnBb,Bo Ragnar Arvidson,false
i-6UNFa2V25wnCzLT178t6sh,Carina Ödebrink,true
i-6UQrzA7tE8QBvQ1asLniM6,Conrad Svanberg,true
i-6UQrzA7tE8QBvQ1asLniM6,Conrad Teodor Svanberg,false
i-6UQrzA7tE8QBvQ1asLniM6,Svanberg,false
i-6UTTeQdQrShANoTU16LaF3,Carl Carlheim-Gyllensköld,true
i-6UTTeQdQrShANoTU16LaF3,Carlheim-Gyllensköld,false
i-6UrnZSyhA8En3ghbWrejVN,Lena Öhrsvik,true
i-6UrnZSyhA8En3ghbWrejVN,Öhrsvik,false
i-6UxJRwjtVGxDYPPGkb6AHW,Alfred Piper,true
i-6UxJRwjtVGxDYPPGkb6AHW,Eric Carl Alfred Piper,false
i-6UxJRwjtVGxDYPPGkb6AHW,Piper,false
i-6V941ptYoLBrpqJyJPSEbT,Hans-Olov Westberg,false
i-6V941ptYoLBrpqJyJPSEbT,Olle Westberg,true
i-6V941ptYoLBrpqJyJPSEbT,Westberg,false
i-6VhoHXmoZtB1W9iVJzu7SC,Nils Eberhard Hjalmar Hofsten,false
i-6VhoHXmoZtB1W9iVJzu7SC,Nils von Hofsten,true
i-6VhoHXmoZtB1W9iVJzu7SC,von Hofsten,false
i-6VvDD13ReiCtCHmeG9MmeP,Erik Gustaf Lilliehöök,true
i-6VvDD13ReiCtCHmeG9MmeP,Lilliehöök af Fårdala,false
i-6Vyf8TU1wipuprmCPLXPCa,Fritz Hallberg,true
i-6Vyf8TU1wipuprmCPLXPCa,Fritz Harald Hallberg,false
i-6Vyf8TU1wipuprmCPLXPCa,Hallberg,false
i-6WG5sy3umvRtHKftBHDXCs,Jean August Kinnman,false
i-6WG5sy3umvRtHKftBHDXCs,Jean Kinnman,true
i-6WG5sy3umvRtHKftBHDXCs,Kinnman,false
i-6WNL1CNr1JpVAMEECTwVDN,Dahlström,false
i-6WNL1CNr1JpVAMEECTwVDN,Kjell Dahlström,true
i-6X8Fc68oRcYCskG3k248x5,Carl-Oskar Bohlin,true
i-6XKyPYJqY3yX696VFDad8s,Axel Bæckström,true
i-6XKyPYJqY3yX696VFDad8s,Axel Fredrik Bæckström,false
i-6XKyPYJqY3yX696VFDad8s,Bæckström,false
i-6XRq5NMShPXgkNELyP1nWR,Carl Johan Mejenqvist,false
i-6XRq5NMShPXgkNELyP1nWR,Carl Mejenqvist,true
i-6XRq5NMShPXgkNELyP1nWR,Mejenqvist,false
i-6XgyTVWLcD33TVuaAEmYmb,Olof Nikolaus Wagenius,false
i-6XgyTVWLcD33TVuaAEmYmb,Olof Wagenius,true
i-6XgyTVWLcD33TVuaAEmYmb,Wagenius,false
i-6Y7QyEzZ7gFrVaMjjyMzXk,Gunilla Svantorp,true
i-6YGrvC8QGLmG72F7pMyr76,Gunvor Wallin,true
i-6YngyvFKtFT1AHCYYX6WG6,Sara Heikkinen Breitholtz,true
i-6YngyvFKtFT1AHCYYX6WG6,Sara Susanne Heikkinen Breitholtz,false
i-6Yv6bDMEdGpsmCZBFnnZk4,Björn von Sydow,true
i-6Z6NDHqgCBHewDph5MhJjQ,Bergström,false
i-6Z6NDHqgCBHewDph5MhJjQ,David Bergström,true
i-6Z6NDHqgCBHewDph5MhJjQ,David Kristian Bergström,false
i-6ZF2Us4x7YRiu8c71xtsNW,Fogelberg,false
i-6ZF2Us4x7YRiu8c71xtsNW,Margareta Fogelberg,true
i-6b6J34opG3URWRMtHCcLDK,Anders Andersson,true
i-6b6J34opG3URWRMtHCcLDK,Andersson,false
i-6bYuQVVBGGRtmnqvUi5Pg1,Ernst Hedenstierna,true
i-6bYuQVVBGGRtmnqvUi5Pg1,Ernst Rudolf Wilhelm Hedenstierna,false
i-6bYuQVVBGGRtmnqvUi5Pg1,Hedenstierna,false
i-6btjpR3SPQAuEjnb3eHJem,Broander,false
i-6btjpR3SPQAuEjnb3eHJem,Nils Broander,true
i-6btjpR3SPQAuEjnb3eHJem,Nils Johan Broander,false
i-6cD6WvTVt1zJkcc4t7MECm,Nils Östling,true
i-6cD6WvTVt1zJkcc4t7MECm,Östling,false
i-6cNQoGTSFwarfQ5W397zpn,Bonde,false
i-6cNQoGTSFwarfQ5W397zpn,Carl Johan Bonde,false
i-6cNQoGTSFwarfQ5W397zpn,Carl Johan Trolle Bonde,false
i-6cNQoGTSFwarfQ5W397zpn,Carl Johan Trolle-Bonde,false
i-6cNQoGTSFwarfQ5W397zpn,Carl Trolle-Bonde,true
i-6ceKG6oPX1kT6SHqK6JSnq,Clara Aranda,true
i-6crgYxGFmn73aep9gWDLzZ,Bälter Swen Ersson,true
i-6crgYxGFmn73aep9gWDLzZ,Ersson,false
i-6cxJS4uq1DWpkPMe1L6f36,Carlson,false
i-6cxJS4uq1DWpkPMe1L6f36,Herman Carlson,true
i-6dH9awekLaGn5XbWvz3Rer,Nils Brown,true
i-6dH9awekLaGn5XbWvz3Rer,Nils Marcus Brown,false
i-6dbbwLmze8R4p7yWmcezLY,Bo Östen Undén,false
i-6dbbwLmze8R4p7yWmcezLY,Oesten Unden,false
i-6dbbwLmze8R4p7yWmcezLY,Undén,false
i-6dbbwLmze8R4p7yWmcezLY,Östen Unden,false
i-6dbbwLmze8R4p7yWmcezLY,Östen Undén,true
i-6e7AJEbEXpd4rprrF78Dqc,Gustaf Thestrup,true
i-6e7AJEbEXpd4rprrF78Dqc,Thestrup,false
i-6eosMH8o1uMi1nCPvvh1tH,Anna-Caren Sätherberg,true
i-6f3Eo6CncWk3zsxXn8Fyv8,Carnerö,false
i-6f3Eo6CncWk3zsxXn8Fyv8,Åke Carlsson,false
i-6f3Eo6CncWk3zsxXn8Fyv8,Åke Carnerö,true
i-6f3Eo6CncWk3zsxXn8Fyv8,Åke Erland Carlsson,false
i-6f3Eo6CncWk3zsxXn8Fyv8,Åke Erland Carnerö,false
i-6gEtTPavyMJxxUX6JZn9LW,Marie Nordén,true
i-6gHW3sRTLihmBZzcGdCAcH,Vilhelm Dyrssen,false
i-6gHW3sRTLihmBZzcGdCAcH,Wilhelm Dyrssen,true
i-6gHwwyb1BUBjy6CYxgXY8W,Adam Christian Raab,true
i-6gHwwyb1BUBjy6CYxgXY8W,Adam Raab,false
i-6gHwwyb1BUBjy6CYxgXY8W,Raab,false
i-6gViBip5hp5NKfe132Y5yP,Nilsson,false
i-6gViBip5hp5NKfe132Y5yP,Pehr Nilsson,true
i-6gViBip5hp5NKfe132Y5yP,Per Nilsson,false
i-6gXUN8d3NLSVcPN88H9cvf,Anton Bexelius,true
i-6gXUN8d3NLSVcPN88H9cvf,Bexelius,false
i-6i387mH6JJaFpEkVcQ6eNv,Johan Nilsson,true
i-6i387mH6JJaFpEkVcQ6eNv,Nilsson,false
i-6jHY7AkggFseY8T6gjqU21,August Sävström,true
i-6jHY7AkggFseY8T6gjqU21,August Vilhelm Säfström,false
i-6jHY7AkggFseY8T6gjqU21,August Vilhelm Sävström,false
i-6jHY7AkggFseY8T6gjqU21,Säfström,false
i-6jkFMXNzn3ANr8woFm9juK,Ericsson,false
i-6jkFMXNzn3ANr8woFm9juK,Johan Ericsson,true
i-6kLJbGLpwB9hYxDrVrkcqF,Karin Pilsäter,true
i-6kLJbGLpwB9hYxDrVrkcqF,Pilsäter,false
i-6kM68wZxXHDg8bWsDW7eih,Berit Bölander,true
i-6kM68wZxXHDg8bWsDW7eih,Bölander,false
i-6kTFcz7sgLRx7MntyHuEFu,Axel Ivar Emanuel Österström,false
i-6kTFcz7sgLRx7MntyHuEFu,Ivar Österström,true
i-6kTFcz7sgLRx7MntyHuEFu,Österström,false
i-6kUUa46exahjtEtVcbrJBo,Dahl,false
i-6kUUa46exahjtEtVcbrJBo,Englund,false
i-6kUUa46exahjtEtVcbrJBo,Ivar Englund,true
i-6kUUa46exahjtEtVcbrJBo,Ivar Erik Bernhard Englund,false
i-6mhBJcS4M4ff1ULXb6B7nn,Georg von Heijne Lillienberg,true
i-6mhBJcS4M4ff1ULXb6B7nn,Lars Georg von Heijne Lillienberg,false
i-6mhBJcS4M4ff1ULXb6B7nn,von Heijne-Lillienberg,false
i-6myj2rXfPwMZ8uDMgPZKKD,Zetterberg,false
i-6myj2rXfPwMZ8uDMgPZKKD,Åke Zetterberg,true
i-6n4UMJ5Jq36EmnjPSSJDxB,Staffan Appelros,true
i-6nb5Nksypt5HiLFAGwZTw3,August Henricson,true
i-6nb5Nksypt5HiLFAGwZTw3,August Teodor Henricson,false
i-6nb5Nksypt5HiLFAGwZTw3,Henricson,false
i-6nbWfYQYwqJtM2XLoDTFkR,Ingrid Burman,true
i-6nbWfYQYwqJtM2XLoDTFkR,Ingrid Kristina Burman,false
i-6nm1bEqLNARNzgwHb1dTKH,Berlin,false
i-6nm1bEqLNARNzgwHb1dTKH,Jakob Berlin,true
i-6nnq6i6hYmHD6etGxdm9Wy,Gustaf Ljunggren,true
i-6nnq6i6hYmHD6etGxdm9Wy,Gustaf Theodor Ljunggren,false
i-6nnq6i6hYmHD6etGxdm9Wy,Ljunggren,false
i-6o6vPVDdPvfqdc2JEEDtpx,Beskow,false
i-6o6vPVDdPvfqdc2JEEDtpx,Gustaf Emanuel Beskow,true
i-6oRamg3DcU6q3ybLVDX2pR,Andersson,false
i-6oRamg3DcU6q3ybLVDX2pR,Gustaf Andersson,true
i-6oWEbYBZe8Kh8VjgDsm5DG,Helge Gunnar Karlsson,false
i-6oWEbYBZe8Kh8VjgDsm5DG,Helge Karlsson,true
i-6oWEbYBZe8Kh8VjgDsm5DG,Karlsson,false
i-6oh2fmMy6eW4v5gtufrZdh,Brita Elmén,true
i-6oh2fmMy6eW4v5gtufrZdh,Elmén,false
i-6pWs6xU5Lf7xxoGL28icWt,Carl Hugo Hamilton,true
i-6pWs6xU5Lf7xxoGL28icWt,Carl-Hugo Hamilton,false
i-6qHsERWocDMAqfBP8AYXES,Christian Anders Sundin,true
i-6qHsERWocDMAqfBP8AYXES,Christian Sundin,false
i-6qHsERWocDMAqfBP8AYXES,Sundin,false
i-6qNV5dntxbsrdQyVsjxWoW,Carl Folke Frithiof,false
i-6qNV5dntxbsrdQyVsjxWoW,Folke Kyling,true
i-6qNV5dntxbsrdQyVsjxWoW,KARL FOLKE F. Kyling,false
i-6qNV5dntxbsrdQyVsjxWoW,Karl Folke Frithiof Kyling,false
i-6qNV5dntxbsrdQyVsjxWoW,Kyling,false
i-6qZi6zbQPkgUHsh4eH8tvK,Kruse,false
i-6qZi6zbQPkgUHsh4eH8tvK,Ludvig Kruse,true
i-6qZi6zbQPkgUHsh4eH8tvK,Ludvig Magnus Kruse,false
i-6qjD2tsSCtsrmXQjy7mtCJ,Lars-Erik Lövdén,true
i-6qjD2tsSCtsrmXQjy7mtCJ,Lövdén,false
i-6rDm7aZMZpPbWzmdo6aXv3,Johan Åberg,true
i-6rDm7aZMZpPbWzmdo6aXv3,Åberg,false
i-6rF3jZ8a4RFn712E729SGi,Henning Odencrantz,true
i-6rF3jZ8a4RFn712E729SGi,Odencrantz,false
i-6rbGSxjBkM9JbV2jKtRaRZ,Otto Robert Wangson,false
i-6rbGSxjBkM9JbV2jKtRaRZ,Otto Wangson,true
i-6rbGSxjBkM9JbV2jKtRaRZ,Wangson,false
i-6ruCvq43bT8LMJiVTZpVMm,Ann-Sofie Alm,true
i-6rzF4BjrgwgPQYdsnXREuH,Carl Fredrik Theodor Nordström,false
i-6rzF4BjrgwgPQYdsnXREuH,Nordström,false
i-6rzF4BjrgwgPQYdsnXREuH,Theodor Nordström,true
i-6s1fb6AZE2so7jNcNvs9pH,Erik Gunnar Hübinette,false
i-6s1fb6AZE2so7jNcNvs9pH,Gunnar Hübinette,true
i-6s1fb6AZE2so7jNcNvs9pH,Hubinette,false
i-6sN96xLz1oU7eeLsHhdGvq,Olof Olsson,true
i-6sN96xLz1oU7eeLsHhdGvq,Olsson,false
i-6sbVRZAYRDNeiVS9WQSU1e,Anderson,false
i-6sbVRZAYRDNeiVS9WQSU1e,Ruth Anderson,false
i-6sbVRZAYRDNeiVS9WQSU1e,Ruth Andersson,true
i-6sbVRZAYRDNeiVS9WQSU1e,Ruth Magnhild Helena Andersson,false
i-6svbzCWXT4opXE5mCCPvkC,Edström,false
i-6svbzCWXT4opXE5mCCPvkC,Gustaf Robert Edström,true
i-6sx2QJVNDz6kWWHQvy2hrG,Gabriel Wikström,true
i-6t6fBsnSLDDYheGU7oMCgF,Carl Jehander,true
i-6t6fBsnSLDDYheGU7oMCgF,Carl Johan Jehander,false
i-6t6fBsnSLDDYheGU7oMCgF,Jehander,false
i-6tymTvb9PiygbXCXFfdMi6,Hamilton,false
i-6tymTvb9PiygbXCXFfdMi6,Henning Hamilton,true
i-6tymTvb9PiygbXCXFfdMi6,Henning Ludvig Hugo Hamilton,false
i-6u783dzoLHLqen59owCffG,Englund,false
i-6u783dzoLHLqen59owCffG,Erik Englund,true
i-6u783dzoLHLqen59owCffG,Erik Wilhelm Englund,false
i-6umT1k53jwZ9Rr9pvYUNWh,Lars Adaktusson,true
i-6urxgdf58MtCjRKnNx4LtW,Bertil Hansson,true
i-6urxgdf58MtCjRKnNx4LtW,Hansson,false
i-6urxgdf58MtCjRKnNx4LtW,Jonas Bertil Hansson,false
i-6vKru9GdDb8h4rKyAVyRvP,Gard,false
i-6vKru9GdDb8h4rKyAVyRvP,Margareta Gard,true
i-6wR7koPwcPwuLLmYqj6Ynt,Markus Kauppinen,true
i-6weoksKJjp9FpcovmmJaVU,Gustaf Knaust,true
i-6weoksKJjp9FpcovmmJaVU,Gustaf Oscar Knaust,false
i-6weoksKJjp9FpcovmmJaVU,Knaust,false
i-6wrfKe6iNnycZnqnbUZczt,Darlin,false
i-6wrfKe6iNnycZnqnbUZczt,Gösta Darlin,true
i-6wrfKe6iNnycZnqnbUZczt,Gösta Karl Elis Darlin,false
i-6xgVuBXi8iKbNBd1UzeB7K,Carl Fabian Höglund,false
i-6xgVuBXi8iKbNBd1UzeB7K,Fabian Höglund,true
i-6xgVuBXi8iKbNBd1UzeB7K,Höglund,false
i-6yP8mRdXMQY3seTQXufb5B,Eric Oscar Öhman,false
i-6yP8mRdXMQY3seTQXufb5B,Oscar Öhman,true
i-6yP8mRdXMQY3seTQXufb5B,Öhman,false
i-6yqy4MT1VQVAce5QKVqtmE,Häggmark,false
i-6yqy4MT1VQVAce5QKVqtmE,Siri Häggmark,true
i-6yryP5FsumcdXgD5cb8aDF,Aspling,false
i-6yryP5FsumcdXgD5cb8aDF,Sven Aspling,true
i-6yryP5FsumcdXgD5cb8aDF,Sven Gustav Aspling,false
i-6yui9XVQ1pQ2iQUn1YQhom,Mohamoud M. Enow,true
i-6zGwaSvsSPdCW62HQGW9ku,Berglund,false
i-6zGwaSvsSPdCW62HQGW9ku,Jan Berglund,true
i-6zGwaSvsSPdCW62HQGW9ku,Jan Erik Berglund,false
i-6zSWtU2gCC5UNZCv96L6ao,Bonde Bondeson,true
i-6zSWtU2gCC5UNZCv96L6ao,Bondeson,false
i-6zVoHsaDRNsEf9UCY21bb5,Fredrik Victor Åman,false
i-6zVoHsaDRNsEf9UCY21bb5,Fredrik Åman,true
i-6zVoHsaDRNsEf9UCY21bb5,Åman,false
i-71XWFF9hWuo3epEz1FeAhT,Afzelius,false
i-71XWFF9hWuo3epEz1FeAhT,Ivar Afzelius,true
i-71XWFF9hWuo3epEz1FeAhT,J F Ivar Afzelius,false
i-71XWFF9hWuo3epEz1FeAhT,Johan Fredrik Ivar Afzelius,false
i-71Yvb2NTa6umiP8SCefQeg,Jan Nygren,true
i-71vobmtRM8VayAVJKWNYrF,Arvid Gustaf Faxe,true
i-71vobmtRM8VayAVJKWNYrF,Faxe,false
i-72h2c4CqR4dcDaG6HR3mAB,Nolin,false
i-72h2c4CqR4dcDaG6HR3mAB,Oscar Nolin,true
i-739L97AwXAPwE1MCBCsyCu,Gerhard Magnusson,true
i-739L97AwXAPwE1MCBCsyCu,Gustaf Gerhard Magnusson,false
i-739L97AwXAPwE1MCBCsyCu,Magnusson,false
i-73FH7pEHnaU397YqnqWJQQ,Gunnar Myrdal,true
i-73FH7pEHnaU397YqnqWJQQ,Karl Gunnar Myrdal,false
i-73FH7pEHnaU397YqnqWJQQ,Myrdal,false
i-73GWJVfGVs8sdovkwrrQmM,Evert Hedberg,true
i-73GWJVfGVs8sdovkwrrQmM,Evert Sigvard Hedberg,false
i-73GWJVfGVs8sdovkwrrQmM,Hedberg,false
i-73o5S2z3dmzixAt7gzz34E,Sofia Westergren,true
i-742kAtBtN7psUj8NTrXTAo,Carl Alger Härdin,false
i-742kAtBtN7psUj8NTrXTAo,Carl Härdin,true
i-742kAtBtN7psUj8NTrXTAo,Härdin,false
i-74CJEAqhngZnN9BNvUUcff,Gerda Linderot,true
i-74CJEAqhngZnN9BNvUUcff,Gerda Maria Cecilia Linderot,false
i-74CJEAqhngZnN9BNvUUcff,Gerda Maria Cecilia Rasmusson,false
i-74CJEAqhngZnN9BNvUUcff,Linderot,false
i-74hLepsvAgUMEvVVtBCGuc,Eva Magdalena Andersson,false
i-74hLepsvAgUMEvVVtBCGuc,Magdalena Andersson,true
i-754rttyqytrA6fe8P1kNFP,Bengtsson,false
i-754rttyqytrA6fe8P1kNFP,Lennart Bengtsson,true
i-758ALE9VUnD5UAWGyxHmLM,Leijonhufvud,false
i-758ALE9VUnD5UAWGyxHmLM,Sten Erik Gabriel Leijonhufvud,false
i-758ALE9VUnD5UAWGyxHmLM,Sten Leijonhufvud,true
i-75bBbpHe89LN2m6ZuVzDBd,Elsvig Marianne Wahlberg,false
i-75bBbpHe89LN2m6ZuVzDBd,Marianne Wahlberg,true
i-75bBbpHe89LN2m6ZuVzDBd,Wahlberg,false
i-75iw9fVLnLtbGpLEsLFMc2,Green,false
i-75iw9fVLnLtbGpLEsLFMc2,Hans Åke Herbert Green,false
i-75iw9fVLnLtbGpLEsLFMc2,Åke Green,true
i-75ttWzF69yPdYNh4nr1qe5,John Gotthard Löfroth,false
i-75ttWzF69yPdYNh4nr1qe5,John Löfroth,true
i-75ttWzF69yPdYNh4nr1qe5,Löfroth,false
i-76ETKL7PQscJy3dmshR8mr,Lars Mejern Larsson,true
i-76SNFscuEcje1Vek94C3va,Andersson,false
i-76SNFscuEcje1Vek94C3va,Ebon Andersson,true
i-76SNFscuEcje1Vek94C3va,Ebon Maria Isabella Andersson,false
i-76TLm6VRYG4792bZEqBrab,Johan Larsson,true
i-76TLm6VRYG4792bZEqBrab,Larsson,false
i-76TLm6VRYG4792bZEqBrab,Sven Johan Larsson,false
i-76bRqAitVL767RRhKsexnU,Petersson,false
i-76bRqAitVL767RRhKsexnU,Sven Magnus Petersson,true
i-76iebxBnMYxUrx1TZ79ib3,Gottfried Olsén,true
i-76iebxBnMYxUrx1TZ79ib3,Olsén,false
i-76oEYkLb85hcfCSZhyKnnA,Per Henning Sjöblom,true
i-76oEYkLb85hcfCSZhyKnnA,Sjöblom,false
i-76vYpYSFxb4errTa7fe3WJ,Erik Åsbrink,true
i-7759he1gR4RHeGBcctReKH,Hansson,false
i-7759he1gR4RHeGBcctReKH,Sven Hansson,true
i-77FGvnep7Gztpndh5FShSM,Olsson,false
i-77FGvnep7Gztpndh5FShSM,Sven August Olsson,false
i-77FGvnep7Gztpndh5FShSM,Sven Olsson,true
i-77mVkUgB6xQBVi4V7iLMe1,Brun,false
i-77mVkUgB6xQBVi4V7iLMe1,Johan Julius Brun,false
i-77mVkUgB6xQBVi4V7iLMe1,Julius Brun,true
i-77xsVL4yRqtqFFbpBtKz2Y,Andersson,false
i-77xsVL4yRqtqFFbpBtKz2Y,Nils Andersson,true
i-788GHtzSVWps3NNq8zFMiq,Eliasson,false
i-788GHtzSVWps3NNq8zFMiq,Ingemar Eliasson,true
i-788eSKUK6YVsRmMEe7jYKP,Bergvall,false
i-788eSKUK6YVsRmMEe7jYKP,John Bergvall,true
i-788eSKUK6YVsRmMEe7jYKP,John Helmer Bergvall,false
i-78qJKK1mayw2kRfm6StDVV,Gustaf Oscar Tundal,false
i-78qJKK1mayw2kRfm6StDVV,Oscar Tundal,true
i-78qJKK1mayw2kRfm6StDVV,Tundal,false
i-79U9Dm8epTCDSqaJegKoRe,Johan Andersson,true
i-79cRBqVjCpwABr2BiKwH7S,Ann-Christin Ahlberg,true
i-79eFV37XzwSS8cAGk1AsFw,Carlsson,false
i-79eFV37XzwSS8cAGk1AsFw,Henning Alvar Natanael Carlsson,false
i-79eFV37XzwSS8cAGk1AsFw,Henning Carlsson,true
i-7A6No7x5ayKka9TbjUeeEa,Heyman,false
i-7A6No7x5ayKka9TbjUeeEa,Tom Heyman,true
i-7A9HqrivrCiBjzam9UZXaa,Furst,false
i-7A9HqrivrCiBjzam9UZXaa,Thorvald Fürst,true
i-7AB63eqvrGXGCT1mpkEM3J,Louise Malmström,true
i-7APUEDdtwmAmmVwZyzCQPJ,August Gyllensvaan,true
i-7APUEDdtwmAmmVwZyzCQPJ,Gyllensvaan,false
i-7APUEDdtwmAmmVwZyzCQPJ,Jon August Gyllensvaan,false
i-7AYyrtR4bzRwsLctDg5j9i,Kent Lundgren,true
i-7AYyrtR4bzRwsLctDg5j9i,Lundgren,false
i-7AdEUptmDDBeNmgpp22aZb,Gustaf Kollberg,true
i-7AdEUptmDDBeNmgpp22aZb,Gustaf Napoleon Kollberg,false
i-7AdEUptmDDBeNmgpp22aZb,Kollberg,false
i-7BVrTrBc6AJDkYa3WEfLxy,Jan R. Andersson,true
i-7BVrTrBc6AJDkYa3WEfLxy,Jan Richard Andersson,false
i-7CFBS2gbSMz5TmcsCYMdXG,K. A. Levin,false
i-7CFBS2gbSMz5TmcsCYMdXG,Karl-Axel Levin,true
i-7CFBS2gbSMz5TmcsCYMdXG,Levin,false
i-7CXHDen9y2qKcYDisT3zjQ,Eriksson,false
i-7CXHDen9y2qKcYDisT3zjQ,John Erik Eriksson,false
i-7CXHDen9y2qKcYDisT3zjQ,John Eriksson,true
i-7CqqzbP24Dva1ustzWkVzg,Mogren,false
i-7CqqzbP24Dva1ustzWkVzg,Sixten Julius Alexis Mogren,false
i-7CqqzbP24Dva1ustzWkVzg,Sixten Mogren,true
i-7DCgRGSzWSxyZLwAQP8JuC,Carl Axel Ros,false
i-7DCgRGSzWSxyZLwAQP8JuC,Carl Ros,true
i-7DCgRGSzWSxyZLwAQP8JuC,Ros,false
i-7DD9UiYqJkTfq9tkRcCA2k,Olsson,false
i-7DD9UiYqJkTfq9tkRcCA2k,Stormats Mathias Olsson,true
i-7DzBkucGVcifwn7qqAyMaU,Hans Jörgen Weibull,false
i-7DzBkucGVcifwn7qqAyMaU,Jörgen Weibull,true
i-7E1ZzVsCzCnqvkdJ8Y2caB,Helger,false
i-7E1ZzVsCzCnqvkdJ8Y2caB,Nils Helger,true
i-7EGhEVdWhirq9oiHvVcrQR,Lotta Johnsson Fornarve,true
i-7Egwe1uGRY25sbuMMRt63f,Bert Stålhammar,true
i-7Egwe1uGRY25sbuMMRt63f,Stålhammar,false
i-7EqnaA8N82a8e94n92Ucda,Hemmingsson,false
i-7EqnaA8N82a8e94n92Ucda,Ingrid Hemmingsson,true
i-7EqnaA8N82a8e94n92Ucda,Ingrid Julia Marianne Hemmingsson,false
i-7FJHF1To8vo1c4HTXLUuo4,Persson,false
i-7FJHF1To8vo1c4HTXLUuo4,Åke Persson,true
i-7FjNhEaszmRyzFCMMdCPPW,Peter Kent Kullgren,false
i-7FjNhEaszmRyzFCMMdCPPW,Peter Kullgren,true
i-7Fnps4HB4T8k2Yc71rfops,Magda Ayoub,true
i-7Fw1RygYCi1eQpwfmCLLNw,Carl Ludvig Fredrik af Ugglas,false
i-7Fw1RygYCi1eQpwfmCLLNw,Ludvig af Ugglas,true
i-7Fw1RygYCi1eQpwfmCLLNw,af Ugglas,false
i-7G3M5LqRRFLn8Z6Aku6Qqn,Dofsén,false
i-7G3M5LqRRFLn8Z6Aku6Qqn,Eric Dofsén,false
i-7G3M5LqRRFLn8Z6Aku6Qqn,Erik Dofsén,true
i-7G9k1yU47zaspjXwtBhhcU,Anders Peter Johansson,true
i-7G9k1yU47zaspjXwtBhhcU,Johansson,false
i-7GFif5DyTUbb8eBXsbicsF,Magnus Oscarsson,true
i-7GagBp2WCCwRxerke7kmjv,Moritz Rubenson,true
i-7GagBp2WCCwRxerke7kmjv,Rubenson,false
i-7GagBp2WCCwRxerke7kmjv,Salomon Moritz Rubenson,false
i-7GcdbGVshxVxi1UJpygr3c,Aron Siöcrona,true
i-7GcdbGVshxVxi1UJpygr3c,Hans Aron Sjöcrona,false
i-7GcdbGVshxVxi1UJpygr3c,Sjöcrona,false
i-7Gy2xwC7Jyimjy9QTKnQEf,Rossana Dinamarca,true
i-7Gy2xwC7Jyimjy9QTKnQEf,Rossana Valeria Dinamarca,false
i-7H4PDcMCMUzP6iinK28TBh,Jonas Andersson,true
i-7H4PDcMCMUzP6iinK28TBh,Jonas Mattias Andersson,false
i-7HDSBFg8wBFWjDjzjoZ1uU,Arne Thoresson,true
i-7HbuopkkYF6MzpYcnnVYDt,Ernst Lundgren,true
i-7HbuopkkYF6MzpYcnnVYDt,Lundgren,false
i-7HvCHEwjbKSjsnRP39c1s9,Patrick Reslow,true
i-7JBMFPVcgat8EzCxvaFcUs,Emil Rosén,true
i-7JBMFPVcgat8EzCxvaFcUs,Johan Emil Persson Rosén,false
i-7JBMFPVcgat8EzCxvaFcUs,Johan Emil Rosén,false
i-7JBMFPVcgat8EzCxvaFcUs,Rosén,false
i-7JYAVk7sXiL1NiWBEfZYhv,Fredrik Georg Isberg,false
i-7JYAVk7sXiL1NiWBEfZYhv,Fredrik Isberg,true
i-7JYAVk7sXiL1NiWBEfZYhv,Isberg,false
i-7JczRrovTGvs7Lvt1ihPfi,Jennie Lisbeth Wernäng,false
i-7JczRrovTGvs7Lvt1ihPfi,Jennie Wernäng,true
i-7JiYVDnK37xg39yjTzjQ3r,Hedda Hansdotter Lindahl,false
i-7JiYVDnK37xg39yjTzjQ3r,Hedda Lindahl,true
i-7JtvJZTLGCNmexuwkZ8o93,Norman,false
i-7JtvJZTLGCNmexuwkZ8o93,Uno Norman,true
i-7K8Y7ew39MFUUo47dmSLSh,Björn,false
i-7K8Y7ew39MFUUo47dmSLSh,Carl Björn,true
i-7K8Y7ew39MFUUo47dmSLSh,Carl Gustaf Björn,false
i-7KBbQxMwamQ8aEQRXJRw1j,Henrik Westman,true
i-7KHaiMF9jshPwF6pyRxEbH,Karl Gustaf Armand Sandström,false
i-7KHaiMF9jshPwF6pyRxEbH,Karl Gustaf Sandström,true
i-7KHaiMF9jshPwF6pyRxEbH,Sandström,false
i-7KYtXemPbpaGM9PBDeU9Wg,Anders Lindgren,true
i-7KYtXemPbpaGM9PBDeU9Wg,Lindgren,false
i-7KunTW1BDcxdvGiWn4n9H4,Crister Carlsson,true
i-7KunTW1BDcxdvGiWn4n9H4,Sven Crister Carlsson,false
i-7LEZYrqDXVZzSnSBmcTCn6,Elvy Nilsson,true
i-7LEZYrqDXVZzSnSBmcTCn6,Nilsson,false
i-7LRmEboCTvsPZzt8VjD5zK,Arne Mellqvist,true
i-7LRmEboCTvsPZzt8VjD5zK,Mellqvist,false
i-7LiCmByQJSTk3ESw7CzerA,Ericsson,false
i-7LiCmByQJSTk3ESw7CzerA,Erik Ericsson,true
i-7LiCmByQJSTk3ESw7CzerA,Johan Erik Ericsson,false
i-7Lv4gPfN4rKRcT1uNE7sTc,Gibson,false
i-7Lv4gPfN4rKRcT1uNE7sTc,William Gibson,true
i-7M2GVz37JK9MziYv1Hymck,Björnberg,false
i-7M2GVz37JK9MziYv1Hymck,Eric Björnberg,true
i-7M2GVz37JK9MziYv1Hymck,Karl Eric Björnberg,false
i-7M6cUJxC6g2gyqHr59NnJQ,Heléne Eklund,false
i-7M6cUJxC6g2gyqHr59NnJQ,Heléne Fritzon,true
i-7M6cUJxC6g2gyqHr59NnJQ,Heléne Persson,false
i-7M6cUJxC6g2gyqHr59NnJQ,Heléne Svensson,false
i-7M6cUJxC6g2gyqHr59NnJQ,Marie Heléne Elisabet Fritzon,false
i-7MKpZ19NfCt1YZ3XeZaHk3,Mauricio Rojas,true
i-7MKpZ19NfCt1YZ3XeZaHk3,Rojas,false
i-7MgmRH4uGvkrwTFxWPDkFd,Bror Håkan Alexander Kjellgren,false
i-7MgmRH4uGvkrwTFxWPDkFd,Bror Kjellg,false
i-7MgmRH4uGvkrwTFxWPDkFd,Bror Kjellgren,true
i-7MgmRH4uGvkrwTFxWPDkFd,Kjellgren,false
i-7Mn3sAoq9CusA9q6HjCYdB,Bergman,false
i-7Mn3sAoq9CusA9q6HjCYdB,Sven Peter Bergman,true
i-7Mn3sAoq9CusA9q6HjCYdB,Sven Petter Bergman,false
i-7N9FrSsejFdgtBz9LsadDe,Olsson,false
i-7N9FrSsejFdgtBz9LsadDe,Peter Olsson,true
i-7NJGhWZzuhPwCAawWis5wT,Bondeson,false
i-7NJGhWZzuhPwCAawWis5wT,Lennart Bondeson,true
i-7NY6bNiHjw7ozokGgFydkR,Sven Gustav Tågmark,false
i-7NY6bNiHjw7ozokGgFydkR,Sven Tågmark,true
i-7NY6bNiHjw7ozokGgFydkR,Tågmark,false
i-7Nf6szypS77g3WSazzqjpM,Ana Ibrisagić,false
i-7Nf6szypS77g3WSazzqjpM,Anna Ibrisagic,true
i-7Nf6szypS77g3WSazzqjpM,Anna Ibrisagić,false
i-7Nf6szypS77g3WSazzqjpM,Ibrisagic,false
i-7NooNyWKJ33i7YNm5KahRn,Elof Ljunggren,true
i-7NooNyWKJ33i7YNm5KahRn,Ljunggren,false
i-7PPDYGig7k4bxzbKBQKEXq,Teodor Zetterstrand,false
i-7PPDYGig7k4bxzbKBQKEXq,Theodor Zetterstrand,true
i-7PPDYGig7k4bxzbKBQKEXq,Zetterstrand,false
i-7QE5GMscRVyrFe44fdd7z8,Johan Sandler,true
i-7QE5GMscRVyrFe44fdd7z8,Sandler,false
i-7QWTHH8Co1jnNzYsjSBR99,Carl Ericson,false
i-7QWTHH8Co1jnNzYsjSBR99,Carl Wilhelm Ericson,true
i-7QWTHH8Co1jnNzYsjSBR99,Ericsson,false
i-7QhuQTC8jPCEX5sKzLmV8S,Häckner,false
i-7QhuQTC8jPCEX5sKzLmV8S,Klas Jonas Yngve HäcknerHäckner,false
i-7QhuQTC8jPCEX5sKzLmV8S,Yngve Häckner,true
i-7QiMQk25eeqJqnZvPQk62u,Alströmer,false
i-7QiMQk25eeqJqnZvPQk62u,Jonas Alströmer,false
i-7QiMQk25eeqJqnZvPQk62u,Jonas Alströmer d.y.,true
i-7RANi7hARJ4G79kCRF1yeQ,Ivar Lyttkens,true
i-7RANi7hARJ4G79kCRF1yeQ,Lyttkens,false
i-7RcGCGfWkJMjP15ns7TKSq,Rune Thorén,true
i-7RcGCGfWkJMjP15ns7TKSq,Thorén,false
i-7SADcnbBg83aFZLcFawAoW,Kaj Larsson,true
i-7SADcnbBg83aFZLcFawAoW,Larsson,false
i-7SJK192EL4VbjkLD12Xg8y,Britta Stina Sundin,false
i-7SJK192EL4VbjkLD12Xg8y,Britta Sundin,true
i-7SJK192EL4VbjkLD12Xg8y,Sundin,false
i-7SbYcm2aco17894PWFdmaD,Siri Alice Dannaeus,false
i-7SbYcm2aco17894PWFdmaD,Siri Dannaeus,true
i-7T7anLoEaCUNaqBzA2gJY6,Ernst Isidor Lindley,false
i-7T7anLoEaCUNaqBzA2gJY6,Ernst Isidor Ohlsson,false
i-7T7anLoEaCUNaqBzA2gJY6,Ernst Lindley,true
i-7T7anLoEaCUNaqBzA2gJY6,Lindley,false
i-7TJqANjbrgd7SVhZMKk9xF,Fr. Ridderbjelke,false
i-7TJqANjbrgd7SVhZMKk9xF,Fredrik Gustaf Magnus Ridderbjelke,false
i-7TJqANjbrgd7SVhZMKk9xF,Fredrik Ridderbjelke,true
i-7TJqANjbrgd7SVhZMKk9xF,Ridderbjelke,false
i-7UhyQKdGkjCDXctWMbbCYY,Axel Westman,true
i-7UhyQKdGkjCDXctWMbbCYY,Westman,false
i-7UsBEyMpFeJWgxAYKRQiVz,Hansson,false
i-7UsBEyMpFeJWgxAYKRQiVz,Nils Hansson,true
i-7Uv5b4af4nUb3NuFk7J8yJ,Catarina Rönnung,true
i-7Uv5b4af4nUb3NuFk7J8yJ,Rönnung,false
i-7V9vqHzoT9Sjbhc5KuN4nf,Gabriel Eugen Kroon,true
i-7V9vqHzoT9Sjbhc5KuN4nf,Gabriel Kroon,false
i-7WZCoVwVTaE6GTdTUNGtzh,Carl Christoffer Rhodin,false
i-7WZCoVwVTaE6GTdTUNGtzh,Carl Rhodin,true
i-7WZCoVwVTaE6GTdTUNGtzh,Rhodin,false
i-7Wb5sxWJb3US6XwWVN1iE3,August Kjellberg,true
i-7Wb5sxWJb3US6XwWVN1iE3,Carl August Kjellberg,false
i-7Wb5sxWJb3US6XwWVN1iE3,Kjellberg,false
i-7WjL8SwVVMxe6Zd21momyv,Svea Wiklund,true
i-7WjL8SwVVMxe6Zd21momyv,Wiklund,false
i-7WstngPiiEgB76HwUbWUxN,Lennart Nilsson,true
i-7X1urHCX2551dpKM4vtZT2,Carl August Olsson,false
i-7X1urHCX2551dpKM4vtZT2,Carl Olsson,true
i-7X1urHCX2551dpKM4vtZT2,Olsson,false
i-7X4sQgbiTAcFhCFuXw8LVb,Eklund,false
i-7X4sQgbiTAcFhCFuXw8LVb,Oskar Eklund,true
i-7X4sQgbiTAcFhCFuXw8LVb,Oskar Gustaf Eklund,false
i-7XJQkFtojnsGkBWJ4ArrFx,Charlotta L. Bjälkebring,true
i-7XaVWwbgeoETviEEx1ivHH,Karin Karlsbro,true
i-7XaVWwbgeoETviEEx1ivHH,Karin Sonja Charlotta Karlsbro,false
i-7XcUpFSWBvgw6GDjDCnK7T,Gunhild Margareta Berggren,false
i-7XcUpFSWBvgw6GDjDCnK7T,Gunhild Margareta Nilsson,false
i-7XcUpFSWBvgw6GDjDCnK7T,Margret Nilsson,true
i-7XcUpFSWBvgw6GDjDCnK7T,Nilsson,false
i-7YKGinGCS6q4gVfX5Ss5vM,Christer Olofson,true
i-7YKGinGCS6q4gVfX5Ss5vM,Olof Christer Olofson,false
i-7YKGinGCS6q4gVfX5Ss5vM,Olofson,false
i-7YbH6oTUwG4Qn94QEVE6as,Gunvor G. Ericson,true
i-7YvT2u4JB6WncENwpYtRib,Susanne Nordström,true
i-7ZYA8U5ANzjvVC5shYwrcq,Axel Julius Hagström,false
i-7ZYA8U5ANzjvVC5shYwrcq,Hagström,false
i-7ZYA8U5ANzjvVC5shYwrcq,Julius Hagström,true
i-7a6jnQT81Hw5YaUdArZGxp,Larsson,false
i-7a6jnQT81Hw5YaUdArZGxp,Per Adolf Larsson,true
i-7aJB68coo83RnFjYExYLsF,Ljungberg,false
i-7aJB68coo83RnFjYExYLsF,Martin Ljungberg,true
i-7aJB68coo83RnFjYExYLsF,Martin Samuel Ljungberg,false
i-7aqaEvVNyi28WZuCcDCgcz,Forssman,false
i-7aqaEvVNyi28WZuCcDCgcz,Per Axel Forssman,false
i-7aqaEvVNyi28WZuCcDCgcz,Per Forssman,true
i-7axeS8wLb7dXdWECyhESJs,Aron Emilsson,true
i-7b4dYVJhQNDZvhFY8Qawzv,Carl Carlson,true
i-7b4dYVJhQNDZvhFY8Qawzv,Carl Carlsson,false
i-7b4dYVJhQNDZvhFY8Qawzv,Carlson,false
i-7b4dYVJhQNDZvhFY8Qawzv,Carlsson,false
i-7b7kby5VttiCieta1L2BuF,Herman Georg von Gegerfelt,false
i-7b7kby5VttiCieta1L2BuF,Herman von Gegerfelt,true
i-7b7kby5VttiCieta1L2BuF,von Gegerfelt,false
i-7b9VG7vzBTPTRcrUq93DDe,Elias Moberger,true
i-7b9VG7vzBTPTRcrUq93DDe,Elias Viktor Moberger,false
i-7b9VG7vzBTPTRcrUq93DDe,Moberger,false
i-7bFPxbc4ZMBpbgfwURabYf,Kent Kumpula,true
i-7bVDjZpV72vdnYhJ8phHuW,Louise Elsa Christine Meijer,false
i-7bVDjZpV72vdnYhJ8phHuW,Louise Meijer,true
i-7bVJrdq6aYHwRs2v1CaYac,Helena Rivière,true
i-7c9yobpTGWiswE4TvFNHr9,Louise Eklund,true
i-7c9yobpTGWiswE4TvFNHr9,Louise Eklund Bergström,false
i-7c9yobpTGWiswE4TvFNHr9,Louise Eleonor Eklund Bergström,false
i-7cCozgpY4EZrWku38osFxG,David Emanuel Ståhl,false
i-7cCozgpY4EZrWku38osFxG,Manne Ståhl,true
i-7cCozgpY4EZrWku38osFxG,Ståhl,false
i-7cuo1XVRUxfnLFd1GHPAWf,Erik Olsson,true
i-7cuo1XVRUxfnLFd1GHPAWf,Olsson,false
i-7cxbN2RoNZzLfH8PrW3LwN,Gustaf Adolf Waldemar Olsson,false
i-7cxbN2RoNZzLfH8PrW3LwN,Olsson,false
i-7cxbN2RoNZzLfH8PrW3LwN,Waldemar Olsson,true
i-7d3TRxM4EXGPcH4Nyst5jR,Bror Gustav Linné Lorentzon,false
i-7d3TRxM4EXGPcH4Nyst5jR,Gustav Lorentzon,true
i-7d3TRxM4EXGPcH4Nyst5jR,Lorentzon,false
i-7dNDXNPFFuVmomPV34bUL7,Laila Birgitta Jansson,false
i-7dNDXNPFFuVmomPV34bUL7,Laila Jansson,true
i-7dNDXNPFFuVmomPV34bUL7,Laila Strid-Jansson,false
i-7dNDXNPFFuVmomPV34bUL7,Strid-Jansson,false
i-7dXB2bX4gzQfxZssihjzGj,Albertsson,false
i-7dXB2bX4gzQfxZssihjzGj,Axel Eskil Albert Albertsson,false
i-7dXB2bX4gzQfxZssihjzGj,Eskil Albertsson,true
i-7dXgNidaggTRBb3qPDta9j,Anna-Lisa Lewén-Eliasson,true
i-7dXgNidaggTRBb3qPDta9j,Lewén-Eliasson,false
i-7ds99BkmLPWLP4KGmbRfzB,Birgit Grabe,false
i-7ds99BkmLPWLP4KGmbRfzB,Birgit Karin Rodhe,false
i-7ds99BkmLPWLP4KGmbRfzB,Birgit Rodhe,true
i-7eaDwLCH46J5Z48Agp4bDd,Johan Didrik af Wingård,true
i-7f8sxDeLWjdsC2LNnCjUUf,Lindberg,false
i-7f8sxDeLWjdsC2LNnCjUUf,William Lindberg,true
i-7f8sxDeLWjdsC2LNnCjUUf,William Petter Lindberg,false
i-7fFgo4WQw2AZD5MU9tkws7,Bohlin,false
i-7fFgo4WQw2AZD5MU9tkws7,Britt Bohlin,true
i-7fFgo4WQw2AZD5MU9tkws7,Britt Bohlin Olsson,false
i-7fFgo4WQw2AZD5MU9tkws7,Britt Eva Irene Bohlin,false
i-7fFgo4WQw2AZD5MU9tkws7,Britt Johannesson,false
i-7fVaAEB7bi8DWd4cVRZ6WB,Harald Johnsson,false
i-7fVaAEB7bi8DWd4cVRZ6WB,Johnsson,false
i-7fVaAEB7bi8DWd4cVRZ6WB,Jöns Harald Johnsson,false
i-7fVaAEB7bi8DWd4cVRZ6WB,Jöns Harald Skoglösa,true
i-7fVaAEB7bi8DWd4cVRZ6WB,Skoglösa,false
i-7g9Kh6qPpSFyyYgrWimtEm,Andersson,false
i-7g9Kh6qPpSFyyYgrWimtEm,C F Gunnar Andersson,false
i-7g9Kh6qPpSFyyYgrWimtEm,Carl Filip Gunnar Andersson,false
i-7g9Kh6qPpSFyyYgrWimtEm,Gunnar Andersson,true
i-7gSKVFq5GsgutoVdRQPtCt,Olsson,false
i-7gSKVFq5GsgutoVdRQPtCt,Stig Ejnar Olsson,false
i-7gSKVFq5GsgutoVdRQPtCt,Stig Olsson,true
i-7gs1j74zvk9AY6w24zDaqq,Monica Öhman,true
i-7gs1j74zvk9AY6w24zDaqq,Öhman,false
i-7guUiEuabcPHVYgvz49roW,Eric Ersson,true
i-7guUiEuabcPHVYgvz49roW,Ersson,false
i-7h8oALVXjuheXj6Zv4VA5g,Ruben Wagnsson,true
i-7h8oALVXjuheXj6Zv4VA5g,Wagnsson,false
i-7hJxjV8LT3MEVBaeAoCaWb,Per Olof Welander,false
i-7hJxjV8LT3MEVBaeAoCaWb,Per Welander,true
i-7hJxjV8LT3MEVBaeAoCaWb,Welander,false
i-7iHFGJYpD6oEQtoHMP5Xb8,Ronny Karlsson,true
i-7iPA93ucfpYLfEjkeT9MSK,Jansson,false
i-7iPA93ucfpYLfEjkeT9MSK,Paul Gerhard Jansson,false
i-7iPA93ucfpYLfEjkeT9MSK,Paul Jansson,true
i-7j9zqwa59cSRps4Te6ek4E,Stefan Jakobsson,true
i-7jFfJfyt43ZaqnLptmQi6p,Hedblom,false
i-7jFfJfyt43ZaqnLptmQi6p,Staffan Björn Anders Hedblom,false
i-7jFfJfyt43ZaqnLptmQi6p,Staffan Hedblom,true
i-7k8zFFY69k9DVxZJwLskxW,Fritz Josef Hugo Persson,false
i-7k8zFFY69k9DVxZJwLskxW,Fritz Persson,true
i-7k8zFFY69k9DVxZJwLskxW,Persson,false
i-7kFFFijt3YfhR8BExzHae6,Christoffer Järkeborn,true
i-7kvTbeTrH4YPLk8NfFEqEa,Anders Victor Carlson,false
i-7kvTbeTrH4YPLk8NfFEqEa,Carlson,false
i-7kvTbeTrH4YPLk8NfFEqEa,Victor Carlson,true
i-7mE6ZmXofysGHJ8qjq2od2,Albin Ström,true
i-7mE6ZmXofysGHJ8qjq2od2,Johan Albin Ström,false
i-7mE6ZmXofysGHJ8qjq2od2,Ström,false
i-7myLKphxRpPbZ8Jc6eegbC,Kaj Ingmar Nilsson,false
i-7myLKphxRpPbZ8Jc6eegbC,Kaj Nilsson,true
i-7myLKphxRpPbZ8Jc6eegbC,Nilsson,false
i-7ncP65s3pARnGfdioAxc1C,C A Carlsson,false
i-7ncP65s3pARnGfdioAxc1C,Carl August Carlsson,false
i-7ncP65s3pARnGfdioAxc1C,Carl Carlsson,true
i-7ncP65s3pARnGfdioAxc1C,Carlsson,false
i-7ncP65s3pARnGfdioAxc1C,Karl August Carlsson,false
i-7oBpdKNLc3LYD8YF1233E6,Anders Gernandt,true
i-7oBpdKNLc3LYD8YF1233E6,Anders Konrad Svante Gernandt,false
i-7oBpdKNLc3LYD8YF1233E6,Gernandt,false
i-7oTnqapnshRg18qXWm1AaJ,Brundin,false
i-7oTnqapnshRg18qXWm1AaJ,Paul Brundin,true
i-7oTnqapnshRg18qXWm1AaJ,Paul Sigfrid Brundin,false
i-7obXNCmoo5c3sVuUBAurF8,Karl Albert Thure Widlund,false
i-7obXNCmoo5c3sVuUBAurF8,Thure Widlund,true
i-7obXNCmoo5c3sVuUBAurF8,Widlund,false
i-7p7goD9VC5HZh4VdEN1AFo,Sara Gille,true
i-7p7goD9VC5HZh4VdEN1AFo,Sara Seppälä,false
i-7pnivDpo8PYE6nkpb4htFu,Lars Persson,true
i-7pnivDpo8PYE6nkpb4htFu,Persson,false
i-7pp8o5KjbVfk6nNsz3e3FX,Rasmus Giertz,true
i-7pth3hroNEXFT34XUAtauT,Bengt Kindblom,false
i-7pth3hroNEXFT34XUAtauT,Bengt Kindbom,true
i-7pth3hroNEXFT34XUAtauT,Bengt Magnus Lennart Kindbom,false
i-7pth3hroNEXFT34XUAtauT,Kindbom,false
i-7qWGCczgXmCbLWUggUPPsa,Carl Hallendorff,true
i-7qWGCczgXmCbLWUggUPPsa,Carl Jakob Herman Hallendorff,false
i-7qWGCczgXmCbLWUggUPPsa,Hallendorff,false
i-7qtyyA5WSVNZbRempBFxoE,Axel Gustaf Hoffstedt,false
i-7qtyyA5WSVNZbRempBFxoE,Gustaf Hoffstedt,true
i-7qvitSSN8gQ1uzg5iwWjD9,Olsson,false
i-7qvitSSN8gQ1uzg5iwWjD9,Per Olsson,true
i-7r5EMv9VstEFKe8CzeUCH5,Daniel Sestrajcic,true
i-7rTGY4HmQ2gMk8WrXkzzLY,Fritjof Thun,true
i-7rTGY4HmQ2gMk8WrXkzzLY,Fritjof Wilhelm Thun,false
i-7rTGY4HmQ2gMk8WrXkzzLY,Thun,false
i-7sDegakrgfpjcrRnNLjtFC,Margareta Nachmanson,true
i-7sFhzF4XyCBEam1XMECpMa,Andersson,false
i-7sFhzF4XyCBEam1XMECpMa,Sven Andersson,true
i-7sFhzF4XyCBEam1XMECpMa,Sven August Holger Andersson,false
i-7sKBEYey3RxADJTDSFtStb,Hugo Sigfrid Witzell,false
i-7sKBEYey3RxADJTDSFtStb,Hugo Witzell,true
i-7sKBEYey3RxADJTDSFtStb,Witzell,false
i-7sQBxNge4bqaN6Hqf9E8Fa,Henrik Johan Lovén,false
i-7sQBxNge4bqaN6Hqf9E8Fa,John Lovén,true
i-7sQBxNge4bqaN6Hqf9E8Fa,Lovén,false
i-7u6TSL3B2X57aHRQYkKAD8,G N Theodor af Callerholm,false
i-7u6TSL3B2X57aHRQYkKAD8,Gustaf Nils Theodor af Callerholm,false
i-7u6TSL3B2X57aHRQYkKAD8,Nils af Callerholm,false
i-7u6TSL3B2X57aHRQYkKAD8,Theodor af Callerholm,true
i-7u6TSL3B2X57aHRQYkKAD8,af Callerholm,false
i-7uNgresLrJM8ouaPNttMho,Herbert Larsson,true
i-7uNgresLrJM8ouaPNttMho,Larsson,false
i-7uaSUUd8dzPEY4mf8vDhcJ,Fredrik Engelbrekt Neess,false
i-7uaSUUd8dzPEY4mf8vDhcJ,Fredrik Neess,true
i-7uaSUUd8dzPEY4mf8vDhcJ,Neess,false
i-7ueMHXSkJ4p8MZCwd6tvma,Sofia Fölster,true
i-7ugPcnmZ6J6FiS44UnXL54,Folke Göran Karlsson,false
i-7ugPcnmZ6J6FiS44UnXL54,Göran Karlsson,true
i-7ugPcnmZ6J6FiS44UnXL54,Karlsson,false
i-7uuUnyJ3bq5XG4rgJmW78G,Adolf Karl Folke Adolfsson Palander,false
i-7uuUnyJ3bq5XG4rgJmW78G,Folke Palander,true
i-7uuUnyJ3bq5XG4rgJmW78G,Palander,false
i-7v9HeYwTVq3hfeF6K7hYnB,Carl Gustaf Malmström,true
i-7vWH6h3u1KyRdFh3Fq3Twv,Karl Thorle Nilsson,false
i-7vWH6h3u1KyRdFh3Fq3Twv,Nilsson,false
i-7vWH6h3u1KyRdFh3Fq3Twv,Thorle Nilsson,true
i-7vhvYfdv3H73d44FMgW7sh,Malin Höglund,true
i-7wQbTHLS7SgLUavQDYjJ7s,Olof Bernhard Malm,false
i-7wQbTHLS7SgLUavQDYjJ7s,Olof Malm,true
i-7wRDSRAh4fX54DqvWtAjgg,Fredrick Richter,true
i-7wRDSRAh4fX54DqvWtAjgg,Fredrik Richter,false
i-7wRDSRAh4fX54DqvWtAjgg,Jonas Fredrick Michael Richter,false
i-7wRDSRAh4fX54DqvWtAjgg,Richter,false
i-7wpJfhsL3MajNFbj85uaha,Bernhard Nilsson,true
i-7wpJfhsL3MajNFbj85uaha,Nilsson,false
i-7wpJfhsL3MajNFbj85uaha,Per Bernhard Nilsson,false
i-7wqx4soaZg9KrFtEwMrTis,Peggy Lagerström,true
i-7wxhTgq4HowBpwh35EYVhM,Eronn,false
i-7wxhTgq4HowBpwh35EYVhM,Rikard Eronn,true
i-7wxhTgq4HowBpwh35EYVhM,Rikard Olof Emanuel Eronn,false
i-7wzFxMMpK5jPhoUdPZ1umN,Otto Fredrik Taube,false
i-7wzFxMMpK5jPhoUdPZ1umN,Otto Taube,true
i-7x3nPBLpeHFQLKxv7KF7Sf,Anna Sofia Judith Olsson,false
i-7x3nPBLpeHFQLKxv7KF7Sf,Judith Olsson,true
i-7x3nPBLpeHFQLKxv7KF7Sf,Olsson,false
i-7xGMmknMbuzFdtRe58BrWc,Hans Morfeldt,true
i-7xGMmknMbuzFdtRe58BrWc,Morfeldt,false
i-7xZiC6FLA6pkCy96DMokhV,Johan Pettersson,true
i-7xZiC6FLA6pkCy96DMokhV,Pettersson,false
i-7yJee9UBmnMb8LPL7Gr9Xa,Emil Mörcke,true
i-7yWf9kLFwMDdy6wya6Nk8Z,Britta Alma Hilma I Gunnarsson,false
i-7yWf9kLFwMDdy6wya6Nk8Z,Britta Alma Hilma Ingeborg Gunnarsson,false
i-7yWf9kLFwMDdy6wya6Nk8Z,Britta Gunnarsson,true
i-7yfXXWebDvHY1mQSxkTTzL,Hermansson,false
i-7yfXXWebDvHY1mQSxkTTzL,Ivar Hermansson,true
i-7yzcmgHgwvdw4zkJiWVkhj,Fredrik Ström,true
i-7yzcmgHgwvdw4zkJiWVkhj,Otto Fredrik Ström,false
i-7yzcmgHgwvdw4zkJiWVkhj,Ström,false
i-7zRaPbhVZNneWsDMDoxEx7,Johan Gideon Persson,false
i-7zRaPbhVZNneWsDMDoxEx7,Johan Persson,true
i-7zRaPbhVZNneWsDMDoxEx7,Persson,false
i-81PQrPhnDLAmM1hjWyXu84,Blenda Ljungberg,true
i-81PQrPhnDLAmM1hjWyXu84,Blenda Maria Ljungberg,false
i-81PQrPhnDLAmM1hjWyXu84,Blända Maria Ljungberg,false
i-81PQrPhnDLAmM1hjWyXu84,Ljungberg,false
i-81bAwmvmnZrm3a8bt3gqto,Gustaf Fredrik Oskar Uggla,false
i-81bAwmvmnZrm3a8bt3gqto,Gustaf Uggla,true
i-81bAwmvmnZrm3a8bt3gqto,Uggla,false
i-81m3LpgjLj7yUBADMeYZjV,Birgitta Wistrand,true
i-81m3LpgjLj7yUBADMeYZjV,Wistrand,false
i-81nJZ9adiSkpQWjb3dwe3v,Andersson,false
i-81nJZ9adiSkpQWjb3dwe3v,Ernst Andersson,true
i-81nJZ9adiSkpQWjb3dwe3v,Ernst Valfrid Andersson,false
i-81poFV7Wk8CN5TX1Wqm1gn,Casper Ehrenborg,true
i-81poFV7Wk8CN5TX1Wqm1gn,Casper Gustaf Salomon Ehrenborg,false
i-81poFV7Wk8CN5TX1Wqm1gn,Ehrenborg,false
i-82FJELMx7YFRYjpsFj8aw9,Bolkéus,false
i-82FJELMx7YFRYjpsFj8aw9,Sigrid Bolkéus,true
i-82JYkSfoXnEHz2Cm1hUTA2,Aleksander Gabelic,true
i-82MwvDv7xPN1fZSBKWshB8,Kerstin Vivi Teresia Niva,false
i-82MwvDv7xPN1fZSBKWshB8,Kerstin Vivi Teresia Stenberg,false
i-82MwvDv7xPN1fZSBKWshB8,Vivi Niva,true
i-831weVJUgdkHmNJ3qar1qk,Holm,false
i-831weVJUgdkHmNJ3qar1qk,Per Holm,true
i-839FvTzHpvrdX4J7ckfWSt,Sven Brus,true
i-83EAQ7QvN1Fc3DJqydUjBr,Carl Christofer Ribbing,false
i-83EAQ7QvN1Fc3DJqydUjBr,Carl Ribbing,true
i-83EAQ7QvN1Fc3DJqydUjBr,Ribbing,false
i-84CaU2aajmfrYKyB8RF9jC,Persson,false
i-84CaU2aajmfrYKyB8RF9jC,Yngve Berner Persson,false
i-84CaU2aajmfrYKyB8RF9jC,Yngve Persson,true
i-84DiaFjYsBoBUQnKJiSte9,Elisabeth Svantesson,true
i-84DiaFjYsBoBUQnKJiSte9,Karin Elisabeth Svantesson,false
i-84SHMFud7z8pGRJm9wipf6,Ersson,false
i-84SHMFud7z8pGRJm9wipf6,Per Ersson,true
i-84xpErSjuTzEi5hvTA1Jtt,Andersson,false
i-84xpErSjuTzEi5hvTA1Jtt,Sten Andersson,true
i-84xpErSjuTzEi5hvTA1Jtt,Sten Christer Andersson,false
i-85VtituoXaBtWGEYWBeNQ8,Gudrun Norberg,true
i-85VtituoXaBtWGEYWBeNQ8,Norberg,false
i-85c8Guveo6yoBjLz8VTLQw,Erik Person Vrang,false
i-85c8Guveo6yoBjLz8VTLQw,Erik Pärson Vrang,false
i-85c8Guveo6yoBjLz8VTLQw,Erik Vrang,true
i-85c8Guveo6yoBjLz8VTLQw,Vrang,false
i-85m2VX7KSiTFeJSnapgkxu,Ek,false
i-85m2VX7KSiTFeJSnapgkxu,Lena Ek,true
i-85sjmp3FSreDDYnwxW4wqS,Daniel Danielsson,true
i-85sjmp3FSreDDYnwxW4wqS,Danielsson,false
i-86UCJVshbB61vRjLxQjFvP,Huss,false
i-86UCJVshbB61vRjLxQjFvP,Ragnar Helmer Huss,false
i-86UCJVshbB61vRjLxQjFvP,Ragnar Huss,true
i-8743Lhyk8SSNk8Ne84jigz,Eivor Ingegerd Marklund,false
i-8743Lhyk8SSNk8Ne84jigz,Eivor Lantto,false
i-8743Lhyk8SSNk8Ne84jigz,Eivor Marklund,true
i-8743Lhyk8SSNk8Ne84jigz,Marklund,false
i-878wGKh7CgL3u3PS9wsgdP,Bremberg,false
i-878wGKh7CgL3u3PS9wsgdP,Frans Oscar Bremberg,false
i-878wGKh7CgL3u3PS9wsgdP,Oscar Bremberg,true
i-87J9L7KEcoTvFpdYMWuFTy,Pontus Napoleon Wiklund,false
i-87J9L7KEcoTvFpdYMWuFTy,Pontus Wiklund,true
i-87J9L7KEcoTvFpdYMWuFTy,Wiklund,false
i-87LPANBiBX7wLgJ4qtMBss,Adolf Fredrik Robert Almström,false
i-87LPANBiBX7wLgJ4qtMBss,Almström,false
i-87LPANBiBX7wLgJ4qtMBss,Robert Almström,true
i-87NBz6nb2K17KjS3Duhy7Q,Axel Nordström,true
i-87NBz6nb2K17KjS3Duhy7Q,Nordström,false
i-87wR89GbzeMtEXt3vdo2gb,Berg,false
i-87wR89GbzeMtEXt3vdo2gb,Carl Berg,true
i-87wR89GbzeMtEXt3vdo2gb,Carl Gustaf Berg,false
i-883dSCGaDRjsxydnQYZSoY,Häll,false
i-883dSCGaDRjsxydnQYZSoY,Karl-Erik Häll,true
i-88F2izoh1T5L92PUKZMdpe,C. J. Jakobson,false
i-88F2izoh1T5L92PUKZMdpe,Carl Jakob Jakobson,true
i-88F2izoh1T5L92PUKZMdpe,Carl Jakobson,false
i-88F2izoh1T5L92PUKZMdpe,Jakobson,false
i-88MYG9139RJrdTz4uBEUfz,Gunnarson,false
i-88MYG9139RJrdTz4uBEUfz,Peter Magnus Gunnarson,true
i-88MYG9139RJrdTz4uBEUfz,Peter Magnus Gunnarsson,false
i-88Rr2srthueHN77ugJ6fXS,Gustaf Adolf Wahl Johansson,false
i-88Rr2srthueHN77ugJ6fXS,Gustaf Wahl,true
i-88Rr2srthueHN77ugJ6fXS,Wahl,false
i-8926PWBczZCP1mfTq1Xj7j,August Vilhelm Söderbom,false
i-8926PWBczZCP1mfTq1Xj7j,Söderbom,false
i-8926PWBczZCP1mfTq1Xj7j,Vilhelm Söderbom,true
i-894QfS7aNCJs2z6oVt6J3F,Per Stjernström,true
i-894QfS7aNCJs2z6oVt6J3F,Stjernström,false
i-89BRXSiQXJAAKc8D16uNvG,Hedström,false
i-89BRXSiQXJAAKc8D16uNvG,Tuve Uno Vilhelm Eugén Hedström,false
i-89BRXSiQXJAAKc8D16uNvG,Uno Hedström,true
i-89Xt4xe7kMHGuKUnav6Lzb,Bror Tolf Gustaf Ryding,false
i-89Xt4xe7kMHGuKUnav6Lzb,Gustaf Ryding,true
i-89Xt4xe7kMHGuKUnav6Lzb,Ryding,false
i-89Zcvin6CawX5Xk1kZoFS6,Carl Peter Gustafsson,true
i-89Zcvin6CawX5Xk1kZoFS6,Gustafsson,false
i-89izzNXPgBWj2WAHiaRLG5,Lars Johan Larsson,true
i-89izzNXPgBWj2WAHiaRLG5,Larsson,false
i-8AT979w9HvyQib7kjnFGYJ,Montgomery,false
i-8AT979w9HvyQib7kjnFGYJ,William Cecil Montgomery,false
i-8AT979w9HvyQib7kjnFGYJ,William Montgomery,true
i-8AhxJLZS4tkzePbePMP4WS,John Magnusson,true
i-8AhxJLZS4tkzePbePMP4WS,Magnusson,false
i-8AtQfc4p9Hm5yajEXEHtE5,Thomas Strand,true
i-8BE1LLKcA4iJMrUNYQhnfM,Anders Magnus Culin,true
i-8BE1LLKcA4iJMrUNYQhnfM,Culin,false
i-8BHpqh3AbjzqTzM3CKEhqa,Mattias Jonsson,true
i-8BMBMzFxLfhpheTNnBRi3a,Nils Persson,true
i-8BMBMzFxLfhpheTNnBRi3a,Persson,false
i-8BTYtQ95yRpC5syyC4aHoY,Bo Göran Hägglund,false
i-8BTYtQ95yRpC5syyC4aHoY,Göran Hägglund,true
i-8BTYtQ95yRpC5syyC4aHoY,Hägglund,false
i-8BanZgdur7prisxCh3DA8N,Gustaf Adolf Julin,false
i-8BanZgdur7prisxCh3DA8N,Gustaf Julin,true
i-8BanZgdur7prisxCh3DA8N,Julin,false
i-8D1Xb5xvLE2YRWLnmb9hGW,Isabella Jernbeck,true
i-8DX2HEsXGBiY7R9ZYRTmeN,Andersson,false
i-8DX2HEsXGBiY7R9ZYRTmeN,Karin Andersson,true
i-8DX2HEsXGBiY7R9ZYRTmeN,Karin Elisabet Andersson,false
i-8Db8jR6saTELpLZLDGAjHE,Birgitta Hambraeus,true
i-8Db8jR6saTELpLZLDGAjHE,Hambraeus,false
i-8Db8jR6saTELpLZLDGAjHE,Sigrid Birgitta Hambraeus,false
i-8DhDfSuG9HPSz3mtirXaSP,Caroline Hagström,true
i-8EPzTFnE3djrEjh5ZKvSW1,Johan Lindgren,true
i-8EPzTFnE3djrEjh5ZKvSW1,Lindgren,false
i-8FETPvGK3JaS14fho6976e,Stefan Bruno Nilsson,false
i-8FETPvGK3JaS14fho6976e,Stefan Nilsson,true
i-8FeKtrT5DmgTKt1JtCcHmB,Edenman,false
i-8FeKtrT5DmgTKt1JtCcHmB,Ragnar Edenman,true
i-8FeKtrT5DmgTKt1JtCcHmB,Ragnar Hilding Leonard Edenman,false
i-8GdisrKiGzJAj9xDdUP929,Cecilia Malmström,true
i-8GdisrKiGzJAj9xDdUP929,Malmström,false
i-8Groy7FiiyHD8AQRgfCvJ5,Ericson,false
i-8Groy7FiiyHD8AQRgfCvJ5,Hans Ericson,true
i-8Groy7FiiyHD8AQRgfCvJ5,Håkan Hans Kristian Ericson,false
i-8H3MuQVwfmeFWhiNZz11g8,Carl Herman Ericsson,false
i-8H3MuQVwfmeFWhiNZz11g8,Ericsson,false
i-8H3MuQVwfmeFWhiNZz11g8,Herman Ericsson,true
i-8H3MuQVwfmeFWhiNZz11g8,Karl Herman Eriksson,false
i-8HQWSdZzxcdKYvCum8MMJg,Bror Fredrik Ekerot,false
i-8HQWSdZzxcdKYvCum8MMJg,Ekerot,false
i-8HQWSdZzxcdKYvCum8MMJg,Fredrik Ekerot,true
i-8HiHCwx1gXb8dA5FoekdCm,Bror Engström,true
i-8HiHCwx1gXb8dA5FoekdCm,Engström,false
i-8HiHungHEQFnPqnUhnscP3,Martin Nilsson,true
i-8HiHungHEQFnPqnUhnscP3,Nilsson,false
i-8JAQbGD7KprcYecCXhqkmM,Anders Berglöv,true
i-8JJL5nBWvuqFEZprH3q31h,Knut Henning Gezelius von Schéele,true
i-8JJL5nBWvuqFEZprH3q31h,von Schéele,false
i-8JZcs777rtbkcdtwo6fUYL,Marianne Jönsson,false
i-8JZcs777rtbkcdtwo6fUYL,Marianne Nilsson,true
i-8Jkb2CZ9EHEEwzcrYdMnLW,Fredrik Åkerblom,true
i-8Jkb2CZ9EHEEwzcrYdMnLW,Åkerblom,false
i-8KGHHqnCbosJuiWXSVH5vU,Andreas Carlgren,true
i-8LDEcfmJoNdnZMCPvSjiNu,Lars Beckman,true
i-8LJVWsrLxj2JJda6Pj67gs,Katarina Margareta Olofsson,false
i-8LJVWsrLxj2JJda6Pj67gs,Katarina Olofsson,true
i-8LKGSgnTGqPGxt8Y7DZWhx,Fryksdalskongen,false
i-8LKGSgnTGqPGxt8Y7DZWhx,Per Sahlström,true
i-8LKGSgnTGqPGxt8Y7DZWhx,Sahlström,false
i-8LiUH5qEDDkMAe75vH8Z9D,Ahlgren,false
i-8LiUH5qEDDkMAe75vH8Z9D,Erik Ahlgren,true
i-8Lq2FtVLPjm4ZuNxycmaDK,Ivan Svanström,true
i-8Lq2FtVLPjm4ZuNxycmaDK,Karl Ivan Herbert Svanström,false
i-8Lq2FtVLPjm4ZuNxycmaDK,Svanström,false
i-8MC2KctfNDdtEMxg8pcihL,Anna Linda Gabriella Wemmert,false
i-8MC2KctfNDdtEMxg8pcihL,Linda Arvidsson Wemmert,true
i-8MC2KctfNDdtEMxg8pcihL,Linda Wemmert,false
i-8MGRjLM2Wz73p8sAJppawD,J A Torsten Thorsell,false
i-8MGRjLM2Wz73p8sAJppawD,Johan August Torsten Thorsell,false
i-8MGRjLM2Wz73p8sAJppawD,Månsson,false
i-8MGRjLM2Wz73p8sAJppawD,Thorsell,false
i-8MGRjLM2Wz73p8sAJppawD,Torsten Thorsell,true
i-8MNvcPrNhVW2gd9o1fiYTU,Anna Brita Sofia Horn af Rantzien,false
i-8MNvcPrNhVW2gd9o1fiYTU,Anna Horn af Rantzien,true
i-8MNvcPrNhVW2gd9o1fiYTU,Horn af Rantzien,false
i-8Mc4kqXUWfmfvBpX7eKJNX,Janne Olsson,false
i-8Mc4kqXUWfmfvBpX7eKJNX,Johan Erik Olsson,true
i-8Mc4kqXUWfmfvBpX7eKJNX,Olsson,false
i-8MqLiYQLvW8p4coMWq6afs,Forsberg,false
i-8MqLiYQLvW8p4coMWq6afs,Martin Forsberg,true
i-8MqLiYQLvW8p4coMWq6afs,Oskar Martin Isidor Forsberg,false
i-8NJMzX1yx8WpL8DS543hLE,Nils Hansson,true
i-8NR1Z8tejozuay7fUnQPDP,Barbro Holmberg,true
i-8NR1Z8tejozuay7fUnQPDP,Barbro Margareta Holmberg,false
i-8NVnXijLsBUcHyq6syxnDP,Nelly Maria Thüring,false
i-8NVnXijLsBUcHyq6syxnDP,Nelly Thüring,true
i-8NVnXijLsBUcHyq6syxnDP,Thüring,false
i-8Nc7Pi4CxrPaJswNC5hQu6,Olle Wästberg,true
i-8Nc7Pi4CxrPaJswNC5hQu6,Wästberg,false
i-8NfHDFVXcoFu1TRQN5CdnD,Eva Eriksson,true
i-8Nio1rUw3hSjL6pvCGw22Y,Carina Hägg,true
i-8PNfvDfYzAiJnAcuKMUBvy,Staffan Vallin,true
i-8PVe98F8qyBcQbdgnawnR4,Fredrik Landelius,true
i-8PVe98F8qyBcQbdgnawnR4,Landelius,false
i-8PVe98F8qyBcQbdgnawnR4,Per Fredrik Landelius,false
i-8QhUhC7tghVhGLiXuQy6st,Palme,false
i-8QhUhC7tghVhGLiXuQy6st,Sven Palme,true
i-8QhUhC7tghVhGLiXuQy6st,Sven Theodor Palme,false
i-8RCwPexVwig1Qx7gZH1HRG,Jonas Sigfrid Jonsson,false
i-8RCwPexVwig1Qx7gZH1HRG,Jonsson,false
i-8RCwPexVwig1Qx7gZH1HRG,Sigfrid Jonsson,true
i-8Rh26BWHsu23CsDhDYmcE9,Carl Harder von Mentzer,false
i-8Rh26BWHsu23CsDhDYmcE9,Carl von Mentzer,true
i-8Rh26BWHsu23CsDhDYmcE9,Mentzer,false
i-8Rh26BWHsu23CsDhDYmcE9,von Mentzer,false
i-8SEmi1JqbwCoJ1VPeGoz48,Edgar Sjödahl,true
i-8SEmi1JqbwCoJ1VPeGoz48,Hakon Lauritz Edgar Sjödahl,false
i-8SEmi1JqbwCoJ1VPeGoz48,Sjödahl,false
i-8SJLPELSqhETMvt3AvYe8x,Hans Unander,true
i-8Sfdzfh16tWKAL6C7NCcA5,Bengt Robert Wilhelm Samuelsson,false
i-8Sfdzfh16tWKAL6C7NCcA5,Robert Samuelsson,true
i-8Sfdzfh16tWKAL6C7NCcA5,Samuelsson,false
i-8SgJr7Fh2wHvpiHuxKxnGo,Fredrik von Sydow,true
i-8SgJr7Fh2wHvpiHuxKxnGo,Johan Fredrik von Sydow,false
i-8SgJr7Fh2wHvpiHuxKxnGo,von Sydow,false
i-8T2qZ69vkFoKFQnbdNC9T5,Joel Sörenson,true
i-8T2qZ69vkFoKFQnbdNC9T5,Sörenson,false
i-8TzJUUwB2wuYC3KT53XoK5,Almqvist,false
i-8TzJUUwB2wuYC3KT53XoK5,Gustaf Almquist,true
i-8TzJUUwB2wuYC3KT53XoK5,Johan Gustaf Almquist,false
i-8TzJUUwB2wuYC3KT53XoK5,Johan Gustaf Almqvist,false
i-8U8xY47C91CXVQWd4TYDYv,Johan Liljencrantz,false
i-8U8xY47C91CXVQWd4TYDYv,Johan Liljencrantz d.y.,true
i-8U8xY47C91CXVQWd4TYDYv,Liljencrantz,false
i-8UHfFy8Egv2UxrL1auT5kE,Anders Erik Forsberg,false
i-8UHfFy8Egv2UxrL1auT5kE,Anders Forsberg,true
i-8UUJ71h6gNwWtDkqJCDDTY,Anderson,false
i-8UUJ71h6gNwWtDkqJCDDTY,Gustaf Iwar Andersson,false
i-8UUJ71h6gNwWtDkqJCDDTY,Iwar Anderson,true
i-8UUhozrAsny74aYzPP1PRp,Edvard Hedin,true
i-8UUhozrAsny74aYzPP1PRp,Edvard Laurentius Maximus Hedin,false
i-8UUhozrAsny74aYzPP1PRp,Hedin,false
i-8UiGNe8qttqCLGPToTS7Qb,Arweson,false
i-8UiGNe8qttqCLGPToTS7Qb,Bengt Arweson,true
i-8UiGNe8qttqCLGPToTS7Qb,Bengt E. M. Arweson,false
i-8UiGNe8qttqCLGPToTS7Qb,Bengt Emil Mattias Arweson,false
i-8UonH2eeuY7NeqeTXmqFHk,Tor Andrae,false
i-8UonH2eeuY7NeqeTXmqFHk,Tor Andræ,true
i-8UonH2eeuY7NeqeTXmqFHk,Tor Julius Efraim Andræ,false
i-8UvUvE6N7DTqSEQmDcqrsb,Nils Rune Gunnar Rydén,false
i-8UvUvE6N7DTqSEQmDcqrsb,Rune Rydén,true
i-8UvUvE6N7DTqSEQmDcqrsb,Rydén,false
i-8V88s3WbNZU98tiN5fipnr,Otto Silfverbrand,true
i-8V88s3WbNZU98tiN5fipnr,Silfverbrand,false
i-8V9rz1DAk7BXrD9Xd2WbaB,Mattsson,false
i-8V9rz1DAk7BXrD9Xd2WbaB,Torsten Axel Viktor Mattsson,false
i-8V9rz1DAk7BXrD9Xd2WbaB,Torsten Mattsson,true
i-8VMVm6rDXcdZ4KeTzeZfrG,Adam Didrik Reuterskiöld,false
i-8VMVm6rDXcdZ4KeTzeZfrG,Adam Reuterskiöld,true
i-8VMVm6rDXcdZ4KeTzeZfrG,Reuterskiöld,false
i-8Vbj5BakGvEscM511biBt4,Bengt Wolter Hessle,false
i-8Vbj5BakGvEscM511biBt4,Hessle,false
i-8Vbj5BakGvEscM511biBt4,Wolter Hessle,true
i-8VktB9k3RQP3f855b5miQr,Elsa Ewerlöf,true
i-8VktB9k3RQP3f855b5miQr,Elsa Helga Emilia Josefina Ewerlöf,false
i-8VktB9k3RQP3f855b5miQr,Ewerlöf,false
i-8VsfxTDe2G4GaxT4mL9cj9,Gustaf Alrik Walin,false
i-8VsfxTDe2G4GaxT4mL9cj9,Gustaf Walin,true
i-8VsfxTDe2G4GaxT4mL9cj9,Walin,false
i-8WGMX6q7rMnCgERJgAW1Cm,Peter Anshelm Romberg,false
i-8WGMX6q7rMnCgERJgAW1Cm,Peter Romberg,true
i-8WGMX6q7rMnCgERJgAW1Cm,Romberg,false
i-8WXKfVC5CVWBiV2pVhvraQ,Luciano Astudillo,true
i-8WXKfVC5CVWBiV2pVhvraQ,Luciano Enrique Astudillo,false
i-8WwbpBFcyNSytAMDhivg3U,Jönsson,false
i-8WwbpBFcyNSytAMDhivg3U,Per Jönsson,true
i-8X2TqtsXxdqLF5CNdg5M8S,Silwa Cedell,true
i-8XUQMZkcTy5UrLLAFGh5Ah,Nordin,false
i-8XUQMZkcTy5UrLLAFGh5Ah,Sven Erik Nordin,true
i-8XUQMZkcTy5UrLLAFGh5Ah,Sven-E. Nordin,false
i-8Xg6rQ1B7v8aCzfZ3Jki9R,C. G. Regnéll,false
i-8Xg6rQ1B7v8aCzfZ3Jki9R,Carl Göral Regnell,false
i-8Xg6rQ1B7v8aCzfZ3Jki9R,Carl Göran Regnéll,true
i-8Xg6rQ1B7v8aCzfZ3Jki9R,Regnéll,false
i-8YUu6FdSHbMaWxHkRan8Va,Andersson,false
i-8YUu6FdSHbMaWxHkRan8Va,Eric Andersson,true
i-8YUu6FdSHbMaWxHkRan8Va,Erik Andersson,false
i-8YuxUyGc2HnpesE4HZAcZz,A. E. Nordenskiöld,false
i-8YuxUyGc2HnpesE4HZAcZz,A.E. Nordenskiöld,false
i-8YuxUyGc2HnpesE4HZAcZz,Adolf Erik Nordenskiöld,true
i-8YuxUyGc2HnpesE4HZAcZz,Nils Adolf Erik Nordenskiold,false
i-8YuxUyGc2HnpesE4HZAcZz,Nils Adolf Erik Nordenskiöld,false
i-8YuxUyGc2HnpesE4HZAcZz,Nordenskiöld,false
i-8ZMD47dtuvR29z3Y6yqcHd,Theodor Östergren,true
i-8ZMD47dtuvR29z3Y6yqcHd,Östergren,false
i-8ZNJWsBMhAczaaMoTcJqRT,Johannes Larsson,true
i-8ZNJWsBMhAczaaMoTcJqRT,Larsson,false
i-8ZdkUhuFmDYTWVRGRdMXeW,Stig Sandström,true
i-8aNTXCV4f9MdU7Dz15ZXyB,Ahlmark,false
i-8aNTXCV4f9MdU7Dz15ZXyB,Per Ahlmark,true
i-8aNTXCV4f9MdU7Dz15ZXyB,Per Axel Ahlmark,false
i-8aRYky4TpS4QHgAq3T2UeN,Anders Levgren,false
i-8aRYky4TpS4QHgAq3T2UeN,Anders Wilhelm Levgren,true
i-8aRYky4TpS4QHgAq3T2UeN,Levgren,false
i-8aShdns7Vn1DXjzRiRVgSk,Richard Herrey,true
i-8ai3xeYnq1YhhbULiQGqVW,Anders Hansson,true
i-8ai3xeYnq1YhhbULiQGqVW,Hansson,false
i-8aihZN7cw4opEHkSafGqrr,Andersson,false
i-8aihZN7cw4opEHkSafGqrr,Johan Andersson,true
i-8aihZN7cw4opEHkSafGqrr,Johannes Andersson,false
i-8avZhXpK1G1Vfd21TjUnQE,Johan Theodor Svedberg,false
i-8avZhXpK1G1Vfd21TjUnQE,Svedberg,false
i-8avZhXpK1G1Vfd21TjUnQE,Theodor Svedberg,true
i-8bCQKT71VdBcHzz8yFjbEs,Berglund,false
i-8bCQKT71VdBcHzz8yFjbEs,Frida Berglund,true
i-8bCQKT71VdBcHzz8yFjbEs,Frida Julia Berglund,false
i-8bCQKT71VdBcHzz8yFjbEs,Frida Lassinantti,false
i-8c1C5bEvTS8VDh1RnCxgdt,Liisa Anneli Rulander,false
i-8c1C5bEvTS8VDh1RnCxgdt,Liisa Rulander,true
i-8c1C5bEvTS8VDh1RnCxgdt,Rulander,false
i-8cB9HzwUC3zBvWCxe32vRE,Bengt Leonard Rääf,false
i-8cB9HzwUC3zBvWCxe32vRE,Bengt Rääf,true
i-8cB9HzwUC3zBvWCxe32vRE,Rääf,false
i-8cFSCdWjvpDgozuk8RHZyW,Gustafsson,false
i-8cFSCdWjvpDgozuk8RHZyW,Nils-Olof Gustafsson,true
i-8cgQaRVSjvLQnrXNsayUYi,Fridolf Wirmark,true
i-8cgQaRVSjvLQnrXNsayUYi,Oskar Fridolf Johannes Wirmark,false
i-8cgQaRVSjvLQnrXNsayUYi,Wirmark,false
i-8cj54b7ZCyYib8TeKZQQkx,Johan Lindh,true
i-8cj54b7ZCyYib8TeKZQQkx,Lindh,false
i-8d1Y8z9sPbywJy42Y7Roqc,Carl Fredrik Alexander Graf,false
i-8d1Y8z9sPbywJy42Y7Roqc,Carl Fredrik Graf,true
i-8d1Y8z9sPbywJy42Y7Roqc,Carl Graf,false
i-8d1Y8z9sPbywJy42Y7Roqc,Graf,false
i-8dhXgrUShJSTmoPcB9FfMi,Axel Fredrik Claesson Wachtmeister,false
i-8dhXgrUShJSTmoPcB9FfMi,Fredrik Wachtmeister,true
i-8dhXgrUShJSTmoPcB9FfMi,Wachtmeister af Johannishus,false
i-8e97Z8CH9cGtDJXCnfJMMg,Erik Nylander,true
i-8e97Z8CH9cGtDJXCnfJMMg,Nylander,false
i-8e97Z8CH9cGtDJXCnfJMMg,Oscar Erik Nylander,false
i-8e97Z8CH9cGtDJXCnfJMMg,Oskar Erik Nylander,false
i-8eXWd1vC6ZRoeQdNAwzhbS,Anna Hallberg,true
i-8eznoqP6pLNBjC4Q11VtkC,Marita Aronson,true
i-8f78XhQUuZ8RoeUoZAueFm,Molén,false
i-8f78XhQUuZ8RoeUoZAueFm,Per-Richard Molén,true
i-8f854Dq4Vwz1HYKU3MS3A1,Carl Magnus Ehnemark,true
i-8fLDFKe7DukdiZtVTQStKM,Angelica Lundberg,true
i-8fLDFKe7DukdiZtVTQStKM,Angelica Maria Lundberg,false
i-8fp2gLHtWqnYwFqeVLu5w8,Erlander,false
i-8fp2gLHtWqnYwFqeVLu5w8,Tage Erlander,true
i-8fp2gLHtWqnYwFqeVLu5w8,Tage Fritjof Erlander,false
i-8fxf9AH1EPkLcr1KXLyP6o,Frithiof Norén,true
i-8fxf9AH1EPkLcr1KXLyP6o,Norén,false
i-8g3J5JC2XCnPcVSbLrtfED,August Bokström,true
i-8g3J5JC2XCnPcVSbLrtfED,Bokström,false
i-8g3J5JC2XCnPcVSbLrtfED,Carl August Bokström,false
i-8g7tkLoFt2CYuwnZ9S6E8h,Rosa-Lill Wåhlstedt,true
i-8g7tkLoFt2CYuwnZ9S6E8h,Rosalill Viola Wåhlstedt,false
i-8g7tkLoFt2CYuwnZ9S6E8h,Wåhlstedt,false
i-8gcKLg8FFeh9DR71R7zcMv,Gunnar Sandberg,true
i-8gctUNkYspGPsGRN9k9THU,Blomberg,false
i-8gctUNkYspGPsGRN9k9THU,Hugo Blomberg,true
i-8gctUNkYspGPsGRN9k9THU,Knut Hugo Blomberg,false
i-8gjMKxh9NN6zsdWahXvzZy,Brännström,false
i-8gjMKxh9NN6zsdWahXvzZy,Nils Anton Brännström,false
i-8gjMKxh9NN6zsdWahXvzZy,Nils Brännström,true
i-8gzBExXmQ6zL4aUsbZEEE8,Bror Gunnar Leopold Dahlgren,false
i-8gzBExXmQ6zL4aUsbZEEE8,Dahlgren,false
i-8gzBExXmQ6zL4aUsbZEEE8,Gunnar Dahlgren,true
i-8hVM83QA7RPKjxXQwKd7qt,Carl Gustafsson,true
i-8hVM83QA7RPKjxXQwKd7qt,Carl Herman Gustafsson,false
i-8hVM83QA7RPKjxXQwKd7qt,Gustafsson,false
i-8hWNrUXLAH7aJo2zSLXbaQ,Birger Olsson,true
i-8hWjRvrqaLmhnrLHobBLNN,August Falkman,true
i-8hWjRvrqaLmhnrLHobBLNN,August Robert Falkman,false
i-8hWjRvrqaLmhnrLHobBLNN,Falkman,false
i-8hbtm9KucfGfaPK5cNq1e1,Anton Hjalmarsson,true
i-8hbtm9KucfGfaPK5cNq1e1,Hjalmarsson,false
i-8hxDNLW9NgYYqBHg8RCZcj,Clarkson,false
i-8hxDNLW9NgYYqBHg8RCZcj,Rolf Allan Clarkson,false
i-8hxDNLW9NgYYqBHg8RCZcj,Rolf Clarkson,true
i-8iPjcWryw5oXzbVA5puUFE,Caroline Nordengrip,true
i-8ihSXxrczC6r6e3uVHuU5A,Leif Olsson,true
i-8ihSXxrczC6r6e3uVHuU5A,Olsson,false
i-8ixgVUJPYkLqwsarvdNvuT,Claës Gustaf Adolf Tamm,true
i-8ixgVUJPYkLqwsarvdNvuT,Tamm,false
i-8j7N4mbuYqbcGjhsXvB9vX,Ericson,false
i-8j7N4mbuYqbcGjhsXvB9vX,N Wemer Ericson,false
i-8j7N4mbuYqbcGjhsXvB9vX,Nils Wemer Ericson,false
i-8j7N4mbuYqbcGjhsXvB9vX,Werner Ericson,true
i-8j82sF4GCnjMnUGPxpkSC1,Andersson,false
i-8j82sF4GCnjMnUGPxpkSC1,Andreas Andersson,true
i-8jYVPLDFthDkyj9gDfqNy4,Leif Blomberg,true
i-8jfC3Q5rPXg5ngt6RVLGtt,Fremling,false
i-8jfC3Q5rPXg5ngt6RVLGtt,Lennart Fremling,true
i-8jhSvbLs5Xp6gskAn1e2qR,Andersson,false
i-8jhSvbLs5Xp6gskAn1e2qR,Henrik Andersson,true
i-8k8THoNPECPAh4tmSxG9Mi,Nilsson,false
i-8k8THoNPECPAh4tmSxG9Mi,Per-A Nilsson,false
i-8k8THoNPECPAh4tmSxG9Mi,Per-A. Nilsson,false
i-8k8THoNPECPAh4tmSxG9Mi,Per-Axel Nilsson,true
i-8kBfhXyjrBgUH1YAVjW1DD,Birgitta Johansson,true
i-8kBfhXyjrBgUH1YAVjW1DD,Johansson,false
i-8kfLUBHhscwaye3ZSBPr3G,Harry Staaf,true
i-8kfLUBHhscwaye3ZSBPr3G,Staaf,false
i-8kjX8VM7z6VKtmJHMfmeZb,Arvedson,false
i-8kjX8VM7z6VKtmJHMfmeZb,Arvidsson,false
i-8kjX8VM7z6VKtmJHMfmeZb,Nils Arvedson,true
i-8kjX8VM7z6VKtmJHMfmeZb,Nils Gustaf Arvedson,false
i-8kujzKNAxDYBBz7N5bgmjC,Lundberg-Löfqvist,false
i-8kujzKNAxDYBBz7N5bgmjC,Löfqvist,false
i-8kujzKNAxDYBBz7N5bgmjC,Thyra Concordia Lundberg-Löfqvist,false
i-8kujzKNAxDYBBz7N5bgmjC,Thyra Concordia Löfqvist,false
i-8kujzKNAxDYBBz7N5bgmjC,Thyra Lundberg-Löfqvist,false
i-8kujzKNAxDYBBz7N5bgmjC,Tyra Löfkvist,true
i-8kujzKNAxDYBBz7N5bgmjC,Tyra Löfqvist,false
i-8mQv5P6KHAoGEiUHhANB2Q,Jonathan Svensson,true
i-8mSRnxfYHK2ozt88boweNc,Catharina Hagen,true
i-8mhaphZArNg1aNqvtETgFn,Carlson,false
i-8mhaphZArNg1aNqvtETgFn,Sven Carlson,true
i-8mtPnAbP2yaaHJEtfDSHJM,Henrik Magnus Alexander Palmstierna,false
i-8mtPnAbP2yaaHJEtfDSHJM,Henrik Palmstierna,true
i-8mtPnAbP2yaaHJEtfDSHJM,Palmstierna,false
i-8n3ZdA73THFzP5Qip9czVA,Johnson,false
i-8n3ZdA73THFzP5Qip9czVA,Samuel Johnson,true
i-8n8xwFFPCssNRGBBhenwTs,Grubbström,false
i-8n8xwFFPCssNRGBBhenwTs,Karl Grubbström,true
i-8n8xwFFPCssNRGBBhenwTs,Karl Isak Grubbström,false
i-8nKxVvm6yCoGDbkYmHrjBg,Andersson,false
i-8nKxVvm6yCoGDbkYmHrjBg,Carl Andersson,true
i-8nKxVvm6yCoGDbkYmHrjBg,Carl Johan Andersson,false
i-8nZWeqDZ1EQukJx25JyrWc,Andersson,false
i-8nZWeqDZ1EQukJx25JyrWc,Jones Erik Andersson,true
i-8oTiRh5LRVoj5o7VSbriF,Lars Gustaf Larsson,true
i-8oTiRh5LRVoj5o7VSbriF,Larsson,false
i-8oYFzY7mtnexGuBWwwEGt,Carlén,false
i-8oYFzY7mtnexGuBWwwEGt,Richard Carlén,true
i-8oYFzY7mtnexGuBWwwEGt,Richard Theodor Carlén,false
i-8p48HpocW16xGw7Q3QmaWR,Selberg,false
i-8p48HpocW16xGw7Q3QmaWR,Åke Selberg,true
i-8pJqy5ekTiYsJKdTnJ27uj,Olavi Viitanen,true
i-8pJuJ7cpFV75dB4vcHCzJA,Henrik Rosensvärd,true
i-8pJuJ7cpFV75dB4vcHCzJA,Johan Henrik Rosensvärd,false
i-8pJuJ7cpFV75dB4vcHCzJA,Rosensvärd,false
i-8pbX6LRKzxvUdbXMazCxto,Alfred Kihlberg,true
i-8pbX6LRKzxvUdbXMazCxto,Kihlberg,false
i-8pbX6LRKzxvUdbXMazCxto,Knut Alfred Kihlberg,false
i-8q84CfWpoFkjGhrjKmh5nV,Elias Lagerheim,true
i-8q84CfWpoFkjGhrjKmh5nV,Ellias Lagerheim,false
i-8qAK6uce4XDtYyNnkh282z,Christer Erlandsson,true
i-8qsw49p61YjV3cD8SVC3Hw,Ludvig Ceimertz,true
i-8rBHrEZkZ7ACGd4xuaStuB,Franzon,false
i-8rBHrEZkZ7ACGd4xuaStuB,Fritz Laur Franzon,false
i-8rBHrEZkZ7ACGd4xuaStuB,Laur Franzon,true
i-8rgPqLrraP4U2Uu8wEKuJF,Backman,false
i-8rgPqLrraP4U2Uu8wEKuJF,Jan Backman,true
i-8rgPqLrraP4U2Uu8wEKuJF,Jan Ingemar Backman,false
i-8rjVavTFp7UjLy1RbrHnia,Peterson,false
i-8rjVavTFp7UjLy1RbrHnia,Thage Edvin Gerhard Peterson,false
i-8rjVavTFp7UjLy1RbrHnia,Thage G Peterson,false
i-8rjVavTFp7UjLy1RbrHnia,Thage G. Peterson,true
i-8rjVavTFp7UjLy1RbrHnia,Thage Gerhard Peterson,false
i-8ruHc4FpAYBqKYdjiFPdAq,Birgit Marianne Lundqvist,false
i-8ruHc4FpAYBqKYdjiFPdAq,Marianne Lundqvist,true
i-8s82sZqLm7pvUHTtpv2LZG,Herman Wikblad,true
i-8s82sZqLm7pvUHTtpv2LZG,Sven Herman Wikblad,false
i-8t1d1pjJMRNbvfdj1Kusb7,Carl Åkerhielm,true
i-8t1d1pjJMRNbvfdj1Kusb7,Åkerhielm af Margretelund,false
i-8tpDmPvgnXjJkWGy9k68Ba,Eva Johansson,true
i-8tpDmPvgnXjJkWGy9k68Ba,Johansson,false
i-8tybgmERR4BQLDYZ1Bgnm9,Michael Lund,true
i-8tziXSxDrWMyeBSfxeQR2U,Axel Bergmark,true
i-8tziXSxDrWMyeBSfxeQR2U,Axel Magnus Bergmark,false
i-8tziXSxDrWMyeBSfxeQR2U,Bergmark,false
i-8uZQYUDvSkrZ9C65jGh6Ce,Stefan Svanström,true
i-8uoKV5sqsJoS76di7i7eSz,Romina Pourmokhtari,true
i-8upA7fUmJDG9eshM6xjAMc,Barbro Sandberg,true
i-8upA7fUmJDG9eshM6xjAMc,Sandberg,false
i-8vGqUQiHk3YbPHG215imQH,Nils Seye Larsen,true
i-8voj19hLWTGJHkxNP79tRb,Nooshi Dadgostar,true
i-8wXxnHnnptRtNwUBmBHP8W,From,false
i-8wXxnHnnptRtNwUBmBHP8W,Gideon From,true
i-8wXxnHnnptRtNwUBmBHP8W,Josef Gideon From,false
i-8wbMeTkVReRz8W8ow2uEho,Grabo,false
i-8wbMeTkVReRz8W8ow2uEho,Grabö,false
i-8wbMeTkVReRz8W8ow2uEho,Paul Grabö,true
i-8xJdTZwSqZSytpZc9s1P2M,Carl Birger Alfred Eklundh,false
i-8xJdTZwSqZSytpZc9s1P2M,Carl Eklundh,true
i-8xJdTZwSqZSytpZc9s1P2M,Eklundh,false
i-8xM6U2UEMYF2ek1xU2cetn,Ulrika Heindorff,true
i-8xM6U2UEMYF2ek1xU2cetn,Ulrika Linnea Heindorff,false
i-8xTNMP7CVTCRZUC85xfBv2,Helge Börge Lindström,false
i-8xTNMP7CVTCRZUC85xfBv2,Helge Börje Lindström,false
i-8xTNMP7CVTCRZUC85xfBv2,Helge Lindström,true
i-8xTNMP7CVTCRZUC85xfBv2,Lindström,false
i-8xwhJr3GiQ8oGuymkLFyKR,Ingegerd Sahlström,true
i-8xwhJr3GiQ8oGuymkLFyKR,Sahlström,false
i-8xx95YKLjMC83YPJobGgTT,Ekenman,false
i-8xx95YKLjMC83YPJobGgTT,Thor Ekenman,true
i-8xx95YKLjMC83YPJobGgTT,Thor Ludvig August Ekenman,false
i-8yGuNy24hvMd2Z2td7mHze,Benedicks,false
i-8yGuNy24hvMd2Z2td7mHze,Gustaf Benedicks,true
i-8yQhUdz9Nx88HudKyzraDE,Aastrup,false
i-8yQhUdz9Nx88HudKyzraDE,Nils Aastrup,true
i-8yQhUdz9Nx88HudKyzraDE,Nils Gustaf Emil Aastrup,false
i-8yrd8fXpNiYeshuJ9CBor8,Andersson,false
i-8yrd8fXpNiYeshuJ9CBor8,Lars Andersson,true
i-8yyvLpxb7FizGgP49DEPeM,Anna Corshammar-Bojerud,true
i-8zen6gqoJKVpG7SVBDYFet,David Hjalmar Pettersson,false
i-8zen6gqoJKVpG7SVBDYFet,David Pettersson,true
i-8zen6gqoJKVpG7SVBDYFet,Pettersson,false
i-8zp4he8AQrCEaqtn8kZcTc,Edvard von Krusenstierna,false
i-8zp4he8AQrCEaqtn8kZcTc,Edvard von Krusenstjerna,true
i-8zp4he8AQrCEaqtn8kZcTc,Julius Edvard von Krusenstjerna,false
i-8zp4he8AQrCEaqtn8kZcTc,von Krusenstjerna,false
i-9118KyeHJPwjSm2gBg9zwB,Lars Hjälmered,true
i-913aYXEiAr4Brs26JsKve9,Carl Albert Viktor Kallstenius,false
i-913aYXEiAr4Brs26JsKve9,Carl Kallstenius,true
i-913aYXEiAr4Brs26JsKve9,Kallstenius,false
i-9176GQUFtfs5bLdpQnVS9M,Arthur Engberg,true
i-9176GQUFtfs5bLdpQnVS9M,Engberg,false
i-9176GQUFtfs5bLdpQnVS9M,Jonas Arthur Engberg,false
i-91SAXsUbmLaUj8YfQKHZ1n,Per-Eric Ringaby,true
i-91SAXsUbmLaUj8YfQKHZ1n,Ringaby,false
i-92St7w7rocnbikt1wMWuD9,Björck,false
i-92St7w7rocnbikt1wMWuD9,Carl Björck,true
i-92St7w7rocnbikt1wMWuD9,Carl Henrik Björck,false
i-92j4c5FkzDFwghYzLG8fVq,Berglind,false
i-92j4c5FkzDFwghYzLG8fVq,Carl Wilhelm Berglind,true
i-92m93tAMUTKkSzFCqeubqH,Erik Forssberg,true
i-92m93tAMUTKkSzFCqeubqH,Forssberg,false
i-92m93tAMUTKkSzFCqeubqH,J Erik Forssberg,false
i-92m93tAMUTKkSzFCqeubqH,John Erik Forssberg,false
i-941xKVssAyrgTFNe9CECJQ,Fahlman,false
i-941xKVssAyrgTFNe9CECJQ,Georg Fahlman,true
i-941xKVssAyrgTFNe9CECJQ,Georg Ludvig Fahlman,false
i-943UoRGNRSGAMuf3ei1pAs,Eric Jönsson,true
i-943UoRGNRSGAMuf3ei1pAs,Eric Lennart Jönsson,false
i-943UoRGNRSGAMuf3ei1pAs,Jönsson,false
i-94a67izxUsoBkEgSVVeZQK,Helmuth Wrangel von Brehmer,true
i-94a67izxUsoBkEgSVVeZQK,Wrangel von Brehmer,false
i-95F4sSt2W2tyXAwECzMBoc,Bernström,false
i-95F4sSt2W2tyXAwECzMBoc,Bonnie Bernström,true
i-95K5z35tn37uoiYoUqCBaa,Olof Olsson,true
i-95K5z35tn37uoiYoUqCBaa,Olsson,false
i-95TdQsXQmFnoNLDdcUhjVR,Pernilla Mobeck,true
i-967Q9DmWbuMgaG62XNQNDR,Brännström,false
i-967Q9DmWbuMgaG62XNQNDR,Roland Brännström,true
i-967Q9DmWbuMgaG62XNQNDR,Roland Johannes Brännström,false
i-96hHV3ALkrSUzCixZLWNaR,Carl Johansson,true
i-96hHV3ALkrSUzCixZLWNaR,Johansson,false
i-96nBSnmqsaHst62vebU4eB,Gustaf David Rudolf Tornérhjelm,false
i-96nBSnmqsaHst62vebU4eB,Gustaf Tornérhjelm,true
i-96nBSnmqsaHst62vebU4eB,Tornérhjelm,false
i-97ancH8vcZWM84VcKVCDX7,Margareta Andersson,true
i-97ancH8vcZWM84VcKVCDX7,Rut Margareta Andersson,false
i-97rkoRdFr5kvGgE9yZ7fBW,Jonas Peter Zakrisson,true
i-97rkoRdFr5kvGgE9yZ7fBW,Jonas Zakrisson,false
i-97rkoRdFr5kvGgE9yZ7fBW,Zakrisson,false
i-98N1HMQdQDhWnDhpZoi1by,Janne Persson Tynell,false
i-98N1HMQdQDhWnDhpZoi1by,Janne Tynell,true
i-98N1HMQdQDhWnDhpZoi1by,Tynell,false
i-98YmR9vAxCy513DNUvVDH5,Kalixtus Nordström,true
i-98YmR9vAxCy513DNUvVDH5,Nordström,false
i-98YmR9vAxCy513DNUvVDH5,Oskar Malkolm Kalixtus Nordström,false
i-991obiMTz36s9V7z3YpuZk,Gunilla Wahlén,true
i-998zuvZXsvbXuA7m2RRgZk,Berit Oscarsson,true
i-998zuvZXsvbXuA7m2RRgZk,Oscarsson,false
i-99Gtnfkc7dLsyQohEJEYBn,Carl Jonas Meijerberg,false
i-99Gtnfkc7dLsyQohEJEYBn,Carl Meijerberg,true
i-99Gtnfkc7dLsyQohEJEYBn,Meijerberg,false
i-99KJS3F82n3svGRv82RqRZ,Björn Kjellin,true
i-99KJS3F82n3svGRv82RqRZ,Björn Torsten Martin Kjellin,false
i-99apTmys3yg4ezCGCxtPbq,Annie Kristina Magdalena Gunne,false
i-99apTmys3yg4ezCGCxtPbq,Gunne,false
i-99apTmys3yg4ezCGCxtPbq,Stina Gunne,true
i-99apTmys3yg4ezCGCxtPbq,Wallerius,false
i-99ornwsfDdeiuFqfTPvwWz,Carl Hildebrand Schröder,false
i-99ornwsfDdeiuFqfTPvwWz,Hildebrand Schröder,true
i-99ornwsfDdeiuFqfTPvwWz,Schröder,false
i-9A8V6t4pkLR2AKNxHphvV1,Karin Ingegerd Nilsson,false
i-9A8V6t4pkLR2AKNxHphvV1,Karin Nilsson,true
i-9AEiGfKs79aDrF7tqW6o2z,Margit Wadensten,true
i-9ASkBXA9k1EGNEuvr3rVgj,Björck,false
i-9ASkBXA9k1EGNEuvr3rVgj,Emanuel Björck,true
i-9ASkBXA9k1EGNEuvr3rVgj,Karl Olof Emanuel Björck,false
i-9AVauGWoNZ6utf3kmZanbm,Anna Ekström,true
i-9Ar1jXVCdxuLG4j6W3svGu,Inger Ingvar-Svensson,true
i-9Ar1jXVCdxuLG4j6W3svGu,Ingvar-Svensson,false
i-9B4d4a6UtqsapvnQkHRiBw,Erik Norén,true
i-9B4d4a6UtqsapvnQkHRiBw,Erik Werner Norén,false
i-9B4d4a6UtqsapvnQkHRiBw,Norén,false
i-9BUsH2Bn1bGihptNC5r7uq,Lars-Johan Peter Eriksson,false
i-9BUsH2Bn1bGihptNC5r7uq,Peter Eriksson,true
i-9BhJo8qQot8sFJg6YMJxQP,Irene Oskarsson,true
i-9BhJo8qQot8sFJg6YMJxQP,Irene Ulla Elisabeth Oskarsson,false
i-9ByMxGpDUrswk5Kmko1dAC,Axel Fält,true
i-9ByMxGpDUrswk5Kmko1dAC,Axel Samuel Fält,false
i-9ByMxGpDUrswk5Kmko1dAC,Fält,false
i-9Bz6eD77dbibFG3TqSJZ4u,Axel Fredric Ros,false
i-9Bz6eD77dbibFG3TqSJZ4u,Axel Ros,true
i-9Bz6eD77dbibFG3TqSJZ4u,Ros,false
i-9C6mLQs4QzU7geZ2uSMUpe,Essen Herman Georg Lindahl,false
i-9C6mLQs4QzU7geZ2uSMUpe,Essen Lindahl,true
i-9C6mLQs4QzU7geZ2uSMUpe,Lindahl,false
i-9CH1KbWwyrj8DRqAQB3Fza,Gustaf Fridolin,false
i-9CH1KbWwyrj8DRqAQB3Fza,Gustav Fridolin,true
i-9CH1KbWwyrj8DRqAQB3Fza,Per Gustav Edvard Fridolin,false
i-9CjDazXFvzcWCxA6Zkewr1,Landberg,false
i-9CjDazXFvzcWCxA6Zkewr1,Maj-Lis Landberg,true
i-9CuY4EZ971YdyxJ8sudKc,Åsa Lindhagen,true
i-9CuY4EZ971YdyxJ8sudKc,Åsa Maria Lindhagen,false
i-9CvkAU1JKjTkULuqucvebo,Bäckström,false
i-9CvkAU1JKjTkULuqucvebo,Maja Bäckström,true
i-9D97X6fo9to7QoKCna8LuM,Bo Lennart Georg Siegbahn,false
i-9D97X6fo9to7QoKCna8LuM,Bo Siegbahn,true
i-9D97X6fo9to7QoKCna8LuM,Siegbahn,false
i-9DETYuf2xa4o1AQ7HpbNMT,Burenstam Linder,false
i-9DETYuf2xa4o1AQ7HpbNMT,Hans Martin Staffan Burenstam Linder,false
i-9DETYuf2xa4o1AQ7HpbNMT,Staffan Burenstam Linder,true
i-9Dgk5sb8PfHwvFgn8agAfm,Frans Oscar Larsson,false
i-9Dgk5sb8PfHwvFgn8agAfm,Larsson,false
i-9Dgk5sb8PfHwvFgn8agAfm,Oscar Larsson,true
i-9EKrgr3Ba4x3Qu2BozYUEA,Lindholm,false
i-9EKrgr3Ba4x3Qu2BozYUEA,Per Sigurd Lindholm,false
i-9EKrgr3Ba4x3Qu2BozYUEA,Sigurd Lindholm,true
i-9EVBHH2xJEGMABgsX8L45Q,Björk,false
i-9EVBHH2xJEGMABgsX8L45Q,Nils Björk,true
i-9FLyBDaVeYA1bbxCdRsmNS,Lars von Engeström,true
i-9FZ4w8Hg49p7i94HbueNCk,Andersson,false
i-9FZ4w8Hg49p7i94HbueNCk,Gösta Andersson,true
i-9FaEFPLt3oQFHYZzfytdP2,Erik Wijk,true
i-9FaEFPLt3oQFHYZzfytdP2,Wijk,false
i-9GJTh6Ygp8gnwvQy8xcnJd,Adolf Roos,true
i-9GJTh6Ygp8gnwvQy8xcnJd,Carl Johan Adolf Roos,false
i-9GJTh6Ygp8gnwvQy8xcnJd,Roos,false
i-9GJUYyk1FqrAw36gAt5V7H,Andreas Viktor Åbergsson,true
i-9GJUYyk1FqrAw36gAt5V7H,Åbergsson,false
i-9GkZmWA6j3AXTPSkudVbZ,Larsson,false
i-9GkZmWA6j3AXTPSkudVbZ,Roland Larsson,true
i-9HcVjqUUaRi25byWTYJ6eH,Gustaf Lagerbjelke,true
i-9HcVjqUUaRi25byWTYJ6eH,Johan Gustaf Lagerbjelke,false
i-9HcVjqUUaRi25byWTYJ6eH,Lagerbjelke,false
i-9Hwwz2RnQnrJTjSv8uVmaM,Camilla Hansén,true
i-9J1gmLVJSnGBRMzrAVvtvR,Ann Wibble,false
i-9J1gmLVJSnGBRMzrAVvtvR,Anne Marie Ohlin,false
i-9J1gmLVJSnGBRMzrAVvtvR,Anne Marie Wibble,false
i-9J1gmLVJSnGBRMzrAVvtvR,Anne Wibble,true
i-9J1gmLVJSnGBRMzrAVvtvR,Wibble,false
i-9J6rjw3utcJATqZ2vfEqtx,Albert Lindhagen,true
i-9J6rjw3utcJATqZ2vfEqtx,Claes Albert Lindhagen,false
i-9J6rjw3utcJATqZ2vfEqtx,Lindhagen,false
i-9JBdyzqpHdCbPwHHz64Qqs,Erik Johansson,true
i-9JBdyzqpHdCbPwHHz64Qqs,Johansson,false
i-9JsxBiraiBoy2MDeoaZACy,Hagar Margreta Normark,false
i-9JsxBiraiBoy2MDeoaZACy,Hagar Normark,true
i-9JsxBiraiBoy2MDeoaZACy,Normark,false
i-9KG7jeGdkJDsSQQb3gKA2U,Urban Ahlin,true
i-9KG7jeGdkJDsSQQb3gKA2U,Urban Christian Ahlin,false
i-9KMMSs9ogHkUo61MW9rk3G,Per Klarberg,true
i-9Kt7koTgzUZUA9ovNXYdWj,Marietta Anna Therese de Pourbaix-Lundin,false
i-9Kt7koTgzUZUA9ovNXYdWj,Marietta de Pourbaix-Lundin,true
i-9LE4uwYS8LySpZjtTwxjti,Heli Anitta Berg,false
i-9LE4uwYS8LySpZjtTwxjti,Heli Berg,true
i-9MFHjq6CgKrRzcV8mJqNJd,Antonsson,false
i-9MFHjq6CgKrRzcV8mJqNJd,Johannes Antonsson,true
i-9MFHjq6CgKrRzcV8mJqNJd,Johannes Mikael Antonsson,false
i-9My6zQNwR987YADn41a1Q6,Byström,false
i-9My6zQNwR987YADn41a1Q6,Jakob Byström,true
i-9My6zQNwR987YADn41a1Q6,Jakob Jakobsson Byström,false
i-9N94VnavhL9irJidF3qceM,Katarina Luhr,true
i-9NFp9L9xoNGpV3XBh2fHox,Ferdinand Lindedal,true
i-9NFp9L9xoNGpV3XBh2fHox,Lindedal,false
i-9NyAqYQHXK6ctRb6HgHd9R,Albert Carl August Lars Ehrensvärd,false
i-9NyAqYQHXK6ctRb6HgHd9R,Albert Ehrensvärd,false
i-9NyAqYQHXK6ctRb6HgHd9R,Albert Ehrensvärd d.ä.,false
i-9NyAqYQHXK6ctRb6HgHd9R,Albert Ehrensvärd den äldre,true
i-9NyAqYQHXK6ctRb6HgHd9R,Ehrensvärd,false
i-9NzPe84PpTkZS9PGFEPbNv,Adolf Englund,true
i-9NzPe84PpTkZS9PGFEPbNv,Englund,false
i-9NzPe84PpTkZS9PGFEPbNv,Erik Adolf Englund,false
i-9P5NZaksQybZxn8tBxUxvh,Carina Herrstedt,true
i-9P5NZaksQybZxn8tBxUxvh,Carina Ståhl Herrstedt,false
i-9P5NZaksQybZxn8tBxUxvh,Eva Carina Jessica Ståhl Herrstedt,false
i-9P9pMwjrnX38LhidwctarW,Egon Jacobsson,true
i-9P9pMwjrnX38LhidwctarW,Jacobsson,false
i-9PLN35eAW11kpHa4aVJ25k,Almgren,false
i-9PLN35eAW11kpHa4aVJ25k,Oscar Almgren,true
i-9PLN35eAW11kpHa4aVJ25k,Oscar Mauritz Almgren,false
i-9PPhUwAxV5oTXqnRWTfXhC,Laila Bäck,true
i-9Q45RD3uYLp3AUHrZrQV3T,Bergström,false
i-9Q45RD3uYLp3AUHrZrQV3T,Karl Anton Edvard Bergström,false
i-9Q45RD3uYLp3AUHrZrQV3T,Karl Bergström,true
i-9QCqayEzEwDSfgWUUHHs92,Andersson,false
i-9QCqayEzEwDSfgWUUHHs92,Peter Andersson,true
i-9QQ4cnXFLEnLvTUUTUWU1C,Gullberg,false
i-9QQ4cnXFLEnLvTUUTUWU1C,Wilhelm Gullberg,true
i-9QdPzWQizWUzv1EJz5xBUH,Frans Henrik Johan Schartau,false
i-9QdPzWQizWUzv1EJz5xBUH,Frans Schartau,true
i-9QdPzWQizWUzv1EJz5xBUH,Schartau,false
i-9RLcUvCSHfkEBCw4ME8ju8,John Karlsson,true
i-9RLcUvCSHfkEBCw4ME8ju8,John Otto Karlsson,false
i-9RLcUvCSHfkEBCw4ME8ju8,Karlsson,false
i-9Rm6Eb5yMkktw53BMFCfU1,Karl Larsson,true
i-9Rm6Eb5yMkktw53BMFCfU1,Karl Laurentius Johan Larsson,false
i-9Rm6Eb5yMkktw53BMFCfU1,Larsson,false
i-9Rr7JqtzHpZv84evqPH4D8,Karin Enström,true
i-9SHnAjHpLBQfhwqrNpggaV,Fåhræus,false
i-9SHnAjHpLBQfhwqrNpggaV,Olof Fåhraeus,false
i-9SHnAjHpLBQfhwqrNpggaV,Olof Fåhræus,true
i-9SHnAjHpLBQfhwqrNpggaV,Olof Immanuel von Fåhraeus,false
i-9SmZvBQ1JjEVvKGU1wJV8V,Johan Wahlgren,true
i-9SmZvBQ1JjEVvKGU1wJV8V,Wahlgren,false
i-9SqyWHQCE2TQTMebB2Em3P,Cederqvist,false
i-9SqyWHQCE2TQTMebB2Em3P,Wivi-Anne Cederqvist,true
i-9T1VcZJygBvugYuUMzkGjn,Gustaf Henrik Mellin,false
i-9T1VcZJygBvugYuUMzkGjn,Gustaf Mellin,true
i-9T1VcZJygBvugYuUMzkGjn,Mellin,false
i-9T9bti79sN5bBcZ1cgwb6q,Allan Fredrik Adolf Holstensson,false
i-9T9bti79sN5bBcZ1cgwb6q,Allan Holstensson,true
i-9T9bti79sN5bBcZ1cgwb6q,Holstenson,false
i-9TrnWeXFDK3Uh1XKbxtcmy,Jon Gustaf Siljeström,false
i-9TrnWeXFDK3Uh1XKbxtcmy,Jon Siljeström,true
i-9TrnWeXFDK3Uh1XKbxtcmy,Siljeström,false
i-9UANgY6uSfiLVzstXMbEPV,Johan Lennart Johansson,false
i-9UANgY6uSfiLVzstXMbEPV,Johansson,false
i-9UANgY6uSfiLVzstXMbEPV,Lennart Johansson,true
i-9UYqycUkhn1ehSciZgSn6m,Johansson,false
i-9UYqycUkhn1ehSciZgSn6m,Malcolm Johansson,true
i-9Up3oAkPcmkEWMgrLL5W41,Björn Kaaling,true
i-9Up3oAkPcmkEWMgrLL5W41,Kaaling,false
i-9VQB2AJUahVE6YUpda5FKN,Annika Strandhäll,true
i-9VXiGjcrFsmLfrPh2SM3RV,Nils Peter Sköld,true
i-9VXiGjcrFsmLfrPh2SM3RV,Nils Sköld,false
i-9VXiGjcrFsmLfrPh2SM3RV,Sköld,false
i-9W12Gpcqc3ogLGL4GEzLTs,August Lindh,true
i-9W12Gpcqc3ogLGL4GEzLTs,Lindh,false
i-9WD2S5rDe1yyGDE3dzu9jo,Erik Westin,true
i-9WD2S5rDe1yyGDE3dzu9jo,Westin,false
i-9X2XYXPBTEhd3dVshQ4PFJ,Ewy Möller,true
i-9X2XYXPBTEhd3dVshQ4PFJ,Möller,false
i-9XHDwtcK1WinGBgwCyQx4G,Hallin,false
i-9XHDwtcK1WinGBgwCyQx4G,Olof Fredrik Hallin,false
i-9XHDwtcK1WinGBgwCyQx4G,Olof Hallin,true
i-9XMd1rpWw6C27numwL2pi2,Almkvist,false
i-9XMd1rpWw6C27numwL2pi2,John Almkvist,true
i-9XMd1rpWw6C27numwL2pi2,Nils Johan Fredrik Almkvist,false
i-9XTMNkDLu5u66FsWiwysh1,Karin Rågsjö,true
i-9XuHqsad9Y4ZuW7LJvmnDf,Gustaf Carl Witt,true
i-9XuHqsad9Y4ZuW7LJvmnDf,Witt,false
i-9Y4xyA9x1QxKAxWcTDiJ57,Gunvor Ingegärd Ryding,false
i-9Y4xyA9x1QxKAxWcTDiJ57,Gunvor Ryding,true
i-9Y4xyA9x1QxKAxWcTDiJ57,Ryding,false
i-9YGU9DsvbhLihhVNnvsKND,Colliander,false
i-9YGU9DsvbhLihhVNnvsKND,Harriet Colliander,true
i-9YGU9DsvbhLihhVNnvsKND,Harriet Elisabet Colliander Groth,false
i-9YHBfyjymitTPr4vy99fRs,Erik Emmanuel Jansson,false
i-9YHBfyjymitTPr4vy99fRs,Erik Jansson,true
i-9YHBfyjymitTPr4vy99fRs,Jansson,false
i-9YKB8rsGppqRutMkVzzGbk,Marta Amalia Obminska,false
i-9YKB8rsGppqRutMkVzzGbk,Marta Obminska,true
i-9YdjuCLZM3rAee4wYQN5wp,Carlsson,false
i-9YdjuCLZM3rAee4wYQN5wp,Erik Carlsson,true
i-9Yj3oznPw2R7BCssHu4Mfe,Charles Dickson,true
i-9Yj3oznPw2R7BCssHu4Mfe,Dickson,false
i-9YvP6nuaPe1iEBtBxdhhWi,Lars-Olof Karlsson,true
i-9ZJEdfip5n7qwmSL2BfYSA,Ekström,false
i-9ZJEdfip5n7qwmSL2BfYSA,Magnus Ekström,true
i-9ZfzFzDXHZKY5aBmYVFU3a,Rune Rydén,true
i-9ZfzFzDXHZKY5aBmYVFU3a,Rydén,false
i-9ZkJdt3SxjWjwGTPfijAbv,Sven H. Salén,true
i-9ZkJdt3SxjWjwGTPfijAbv,Sven Hampus Salén,false
i-9aRLLJUPp6dkL6wGF6nZuc,Sten Hans Roland Söderberg,false
i-9aRLLJUPp6dkL6wGF6nZuc,Sten Söderberg,true
i-9aRLLJUPp6dkL6wGF6nZuc,Söderberg,false
i-9aV6a5JgMMU7racuNkrEgj,Richard Jomshof,true
i-9adPkD75NVypGed632N39a,Andreas Lennkvist Manriquez,true
i-9b5dygstFooeZAKETPPzo2,Bengtsson,false
i-9b5dygstFooeZAKETPPzo2,Hugo Bengtsson,true
i-9b5dygstFooeZAKETPPzo2,Hugo Valter Bengtsson,false
i-9bDkAhuLUrj8UwYGXuiCfH,Birger Ekeberg,true
i-9bDkAhuLUrj8UwYGXuiCfH,Lars Birger Ekeberg,false
i-9beYBFzEh8w1EjPQHXW3mC,Jan-Evert Rådhström,true
i-9bfQSfVCLTvHZiJQpxNMkR,Fridén,false
i-9bfQSfVCLTvHZiJQpxNMkR,Lennart Fridén,true
i-9bqWLXmB7Cb3r3JUmkkLBy,Hans Ekström,true
i-9cPaRoHDR9DLsNoEfU1LNN,Carl Lind,true
i-9cPaRoHDR9DLsNoEfU1LNN,Carl Tobias Lind,false
i-9cPaRoHDR9DLsNoEfU1LNN,Lind,false
i-9cYsFuLsrAUioQXvcyUNgJ,Erik Petter Waldemar Röing,false
i-9cYsFuLsrAUioQXvcyUNgJ,Erik Röing,true
i-9cYsFuLsrAUioQXvcyUNgJ,Röing,false
i-9csSHEDuiLf5skfsfkp1Ub,Ekberg,false
i-9csSHEDuiLf5skfsfkp1Ub,Ove Ekberg,true
i-9csSHEDuiLf5skfsfkp1Ub,Ove Johan Ekberg,false
i-9csrSsTp3kPVAcfCYPLzkX,Axel Einar Rimmerfors,false
i-9csrSsTp3kPVAcfCYPLzkX,Einar Rimmerfors,true
i-9csrSsTp3kPVAcfCYPLzkX,Rimmerfors,false
i-9cwpx6keR2x17KyT6hbxDB,Strömbäck-Norrman,false
i-9cwpx6keR2x17KyT6hbxDB,Åsa Strömbäck-Norrman,true
i-9cxsGvSXQ9gJu9kgNvNoFn,Ture Ångqvist,true
i-9cxsGvSXQ9gJu9kgNvNoFn,Ångqvist,false
i-9d17c5JDYLzRHqmu4dmaug,Eva Jenny Christina Julin,false
i-9d17c5JDYLzRHqmu4dmaug,Eva Julin,true
i-9dA83pW6aqwpFAFbEVXFAS,Forss,false
i-9dA83pW6aqwpFAFbEVXFAS,Johan August Forss,true
i-9dSPCGCoE69Vw6g6QAmPNz,Nils Nilsson,true
i-9dSPCGCoE69Vw6g6QAmPNz,Nilsson,false
i-9eC9BPLsrpdJeWTr8iBPeT,Nyquist,false
i-9eC9BPLsrpdJeWTr8iBPeT,Ola Nyquist,true
i-9evG1wrCY8ugVuT6DJU4R7,Tomas Avenborg,true
i-9fDXbKSL4EGWadJh9sRFip,Björnberg,false
i-9fDXbKSL4EGWadJh9sRFip,Tor Björnberg,true
i-9fDXbKSL4EGWadJh9sRFip,Tor Karl Emanuel Björnberg,false
i-9faG75S9uS5dwmJ9GTvda1,Johan August Öberg,true
i-9faG75S9uS5dwmJ9GTvda1,Öberg,false
i-9fdWbFK67588CD12XaNZBq,Sven-Erik Österberg,true
i-9fhNUi6m4NDXPgfDkKj62y,Gustaf Göthberg,true
i-9fibvuHttW7hnzuhVZKV7i,Samuel Gustaf von Troil,false
i-9fibvuHttW7hnzuhVZKV7i,Samuel von Troil,true
i-9fibvuHttW7hnzuhVZKV7i,von Troil,false
i-9fmcZcGuiE51S4XGih65wn,Kent Johan Mikael Eskilandersson,false
i-9fmcZcGuiE51S4XGih65wn,Mikael Eskilandersson,true
i-9fnjME1eW8K8kyikqsAoDW,Fröman,false
i-9fnjME1eW8K8kyikqsAoDW,Nils August Fröman,false
i-9fnjME1eW8K8kyikqsAoDW,Nils Fröman,true
i-9fsFw1TuALNQWZGH3AZGpj,Jan Riise,true
i-9fu2RpDWsgfQkioDX57nD6,Ingrid Hammarberg,true
i-9fu2RpDWsgfQkioDX57nD6,Ingrid Maria Hammarberg,false
i-9gw6tCpchuRJcG4S3PU6wP,Johan Johansson,true
i-9gw6tCpchuRJcG4S3PU6wP,Johansson,false
i-9hG74ML7xpYycy9PPPCLrq,Janne Åstrand,true
i-9hG74ML7xpYycy9PPPCLrq,Johan Axel Åstrand,false
i-9hG74ML7xpYycy9PPPCLrq,Åstrand,false
i-9hGKtwhDVvJSEkq4CXz1ii,Jönsson,false
i-9hGKtwhDVvJSEkq4CXz1ii,Lasse Jönsson,true
i-9hXFBy6ojwu8oqarGUPSqM,Fredrik Fåhraeus,false
i-9hXFBy6ojwu8oqarGUPSqM,Fredrik Fåhræus,false
i-9hXFBy6ojwu8oqarGUPSqM,Johan Fredrik Fåhraeus,false
i-9hXFBy6ojwu8oqarGUPSqM,Johan Fredrik Fåhræus,true
i-9hz9iPqymCdhBS9gVoZrbj,Thomas Nihlén,true
i-9iEQVLNm6X7rUXvq9ydNgk,Oswald Wikström,true
i-9iEQVLNm6X7rUXvq9ydNgk,Per Olof Oswald Wikström,false
i-9iEQVLNm6X7rUXvq9ydNgk,Wikström,false
i-9iNp1MZbdkNsrM73feEQmc,Carl Gustav Vilhelm Tham,false
i-9iNp1MZbdkNsrM73feEQmc,Carl Tham,true
i-9iNp1MZbdkNsrM73feEQmc,Tham,false
i-9idAyFKDmaYR8KCqbRYowd,Janne Schmidt,true
i-9idAyFKDmaYR8KCqbRYowd,Johan August Schmidt,false
i-9idAyFKDmaYR8KCqbRYowd,Schmidt,false
i-9ig2PDavZA2bYmLyk9DYjw,Anders Petter Andersson,true
i-9ig2PDavZA2bYmLyk9DYjw,Andersson,false
i-9igV4UYxvovYHfEKhx7fdK,Alexander Fabian Zefanias Reuterskiöld,false
i-9igV4UYxvovYHfEKhx7fdK,Fabian Reuterskiöld,true
i-9ih4smVvRYKCMas4i52Xiw,Kjell Ingemar Larsson,false
i-9ih4smVvRYKCMas4i52Xiw,Kjell Larsson,true
i-9iqLBgdAYEoR244dkazyYj,Johannes Rickard Sandler,false
i-9iqLBgdAYEoR244dkazyYj,Rickard Johannes Sandler,false
i-9iqLBgdAYEoR244dkazyYj,Rickard Sandler,true
i-9iqLBgdAYEoR244dkazyYj,Sandler,false
i-9jKVe9z33h622yznGX79gp,Carl Robert Jansson,false
i-9jKVe9z33h622yznGX79gp,Jansson,false
i-9jKVe9z33h622yznGX79gp,Robert Jansson,true
i-9jUGmzGyHsdf8ZZxHz35xE,Bengt Bengtsson,true
i-9jUGmzGyHsdf8ZZxHz35xE,Bengtsson,false
i-9jbeXPGrQfxx5oSytp9bfF,Ivar Jonas Pettersson,false
i-9jbeXPGrQfxx5oSytp9bfF,Ivar Pettersson,true
i-9jbeXPGrQfxx5oSytp9bfF,Pettersson,false
i-9jhvJdksrB87LGgUuY4HrE,Carl Johansson,true
i-9jhvJdksrB87LGgUuY4HrE,Johansson,false
i-9jmWzNfPHSQcWxQe8zYvPU,Cederström,false
i-9jmWzNfPHSQcWxQe8zYvPU,Claes Cederström,true
i-9jmWzNfPHSQcWxQe8zYvPU,Claes Henrik Cederström,false
i-9jz5ycDdUNuEbuww4Ui1YW,Boheman,false
i-9jz5ycDdUNuEbuww4Ui1YW,Erik Boheman,true
i-9jz5ycDdUNuEbuww4Ui1YW,Erik Carlsson Boheman,false
i-9kL7gDrzsvgPervhw6VVyb,Hans Eklind,true
i-9kQEhG7b4RhJm3feAQj7DQ,Pehr Westman,false
i-9kQEhG7b4RhJm3feAQj7DQ,Per Westman,true
i-9kQEhG7b4RhJm3feAQj7DQ,Petrus Westman,false
i-9kQEhG7b4RhJm3feAQj7DQ,Westman,false
i-9kWc6wneUpBp61seLvVTr9,Jöns Åke Sjölin,false
i-9kWc6wneUpBp61seLvVTr9,Jöns Åkesson Sjölin,false
i-9kWc6wneUpBp61seLvVTr9,Sjölin,false
i-9kWc6wneUpBp61seLvVTr9,Åke Sjölin,true
i-9kxSuouuwmqt1Fib8fHVwA,Bengt Dalström,true
i-9kxSuouuwmqt1Fib8fHVwA,Dalström,false
i-9mhZBB7AP9JCjQVZJRGsGS,Sven-Otto Österdahl,true
i-9mhZBB7AP9JCjQVZJRGsGS,Österdahl,false
i-9miqvNzN384nNnNXeuVKVu,Gustafson,false
i-9miqvNzN384nNnNXeuVKVu,Hjalmar Albin Gustafson,false
i-9miqvNzN384nNnNXeuVKVu,Hjalmar Gustafson,true
i-9mpjL7WndAk2vS1p76SEft,Fredrik Pettersson,true
i-9mpjL7WndAk2vS1p76SEft,Olof Fredrik Petersson,false
i-9mpjL7WndAk2vS1p76SEft,Petersson,false
i-9msUCw725vKguNSQS4ikv4,Dau,false
i-9msUCw725vKguNSQS4ikv4,Hans Dau,true
i-9msUCw725vKguNSQS4ikv4,Hans Robert Dau,false
i-9nQnnjEYdDqQdpqWHaTczL,Per Lodenius,true
i-9neWeUB6rm8ST1aH5Er8wM,Jimmy Loord,true
i-9neWeUB6rm8ST1aH5Er8wM,Jimmy Mikael Loord,false
i-9oPPjVzrULrHNYKFEafWno,Lars-Erik Soting,true
i-9od8XMMEFpuGQ58mq2Csw5,Gustafsson,false
i-9od8XMMEFpuGQ58mq2Csw5,Torsten Gustafsson,true
i-9osx7gdXCsvHnf1J7JQnnY,Jarl Bertil Lander,false
i-9osx7gdXCsvHnf1J7JQnnY,Jarl Lander,true
i-9osx7gdXCsvHnf1J7JQnnY,Lander,false
i-9oymRiJJCuDafQz6ywVqQ4,Bertil Löfberg,true
i-9oymRiJJCuDafQz6ywVqQ4,Löfberg,false
i-9p3zYcCAyeaFU6YTz9qtsw,Carl Eric Ericsson,false
i-9p3zYcCAyeaFU6YTz9qtsw,Eric Ericsson,true
i-9p3zYcCAyeaFU6YTz9qtsw,Ericsson,false
i-9pZ6GzfD2R22bxSydJmuYz,Eriksson,false
i-9pZ6GzfD2R22bxSydJmuYz,Karl Erik Eriksson,true
i-9pniEQjQ1nuD311D7jnQjy,Harry Wahrendorff,true
i-9pniEQjQ1nuD311D7jnQjy,John Harry Alexander Wahrendorff,false
i-9pniEQjQ1nuD311D7jnQjy,Wahrendorff,false
i-9pqBScm7qEYTEwntKZpTiM,Gustaf Odqvist,true
i-9pqBScm7qEYTEwntKZpTiM,Odqvist,false
i-9q7rZgxi59wWj9sHREqvJT,Barbro Elisabet Wagenius,false
i-9q7rZgxi59wWj9sHREqvJT,Barbro Evermo,false
i-9q7rZgxi59wWj9sHREqvJT,Barbro Evermo Palmerlund,false
i-9q7rZgxi59wWj9sHREqvJT,Barbro Holm,false
i-9q7rZgxi59wWj9sHREqvJT,Barbro Palmerlund,false
i-9q7rZgxi59wWj9sHREqvJT,Barbro Wagenius,true
i-9q7rZgxi59wWj9sHREqvJT,Evermo,false
i-9q7rZgxi59wWj9sHREqvJT,Evermo Palmerlund,false
i-9q7rZgxi59wWj9sHREqvJT,Palmerlund,false
i-9qwc3VxwtKLym8d6MM3YkT,Jan Erik Ågren,true
i-9qwc3VxwtKLym8d6MM3YkT,Ågren,false
i-9rzEiT5qs2rumTNiqr6kVD,Rose-Marie Carlsson,true
i-9sCRQAt7PK4FUgLX6kWCiK,Ernst August Lindblad,false
i-9sCRQAt7PK4FUgLX6kWCiK,Ernst Lindblad,true
i-9sCRQAt7PK4FUgLX6kWCiK,Lindblad,false
i-9sbggAkNaaFH8ywMWFbLEk,Göran Lennmarker,true
i-9sbggAkNaaFH8ywMWFbLEk,Lennmarker,false
i-9tSgmQkmz5TxiEpuaWLf1v,Alkman,false
i-9tSgmQkmz5TxiEpuaWLf1v,Edvard Alkman,true
i-9tSgmQkmz5TxiEpuaWLf1v,Edvard Petrus Alkman,false
i-9tTQQwvoxmXJiQfaNwGXL4,Arne Blomkvist,true
i-9tTQQwvoxmXJiQfaNwGXL4,Blomkvist,false
i-9tTQQwvoxmXJiQfaNwGXL4,Gustav Arne Blomkvist,false
i-9uQZPc39YosBbFHGUtpYgf,A.C. Lindblad,false
i-9uQZPc39YosBbFHGUtpYgf,Anders Christenson Lindblad,false
i-9uQZPc39YosBbFHGUtpYgf,Anders Lindblad,true
i-9uQZPc39YosBbFHGUtpYgf,Lindblad,false
i-9uS62EqsJWW4P5ZumD9Sgp,Andersson,false
i-9uS62EqsJWW4P5ZumD9Sgp,Widar Andersson,true
i-9vF9GLoMDyn8Hpm8LBX7nv,Jonas Erik Olofsson Schödén,false
i-9vF9GLoMDyn8Hpm8LBX7nv,Jonas Schödén,true
i-9vF9GLoMDyn8Hpm8LBX7nv,Schödén,false
i-9vMXbtY8tuv8GJ8te4me1T,Almgren,false
i-9vMXbtY8tuv8GJ8te4me1T,Harald Almgren,true
i-9vMXbtY8tuv8GJ8te4me1T,Nils Oskar Harald Almgren,false
i-9vaPeJXzHNY4GewzmyfoX1,Bäckman,false
i-9vaPeJXzHNY4GewzmyfoX1,Per Albert Bäckman,true
i-9vzvR7ubRqamDbtf3hFRAW,Adolf Sköldberg,true
i-9vzvR7ubRqamDbtf3hFRAW,Sköldberg,false
i-9wDWXwUuXhtHCJJVpBsxrn,David Adolf Hugo Karlström,false
i-9wDWXwUuXhtHCJJVpBsxrn,Hugo Karlström,true
i-9wDWXwUuXhtHCJJVpBsxrn,Karlström,false
i-9wF1b38LpGCCCg2P4b8nS1,Feodor Werner,true
i-9wF1b38LpGCCCg2P4b8nS1,Werner,false
i-9wGNq3SSwPyfuXoCASDnJr,Eskils Hans Hansson,true
i-9wGNq3SSwPyfuXoCASDnJr,Hansson,false
i-9wN2nfyUfzSDZicp5e3dkR,Hugo Alexandersson Segerdahl,false
i-9wN2nfyUfzSDZicp5e3dkR,Hugo Segerdahl,true
i-9wN2nfyUfzSDZicp5e3dkR,Segerdahl,false
i-9wQPeLB82vHLUkoTaiQML4,Lars G Linder,true
i-9wQPeLB82vHLUkoTaiQML4,Lars G. Linder,false
i-9wV4fcZuqie3Ynp8i4E2mo,Hansson,false
i-9wV4fcZuqie3Ynp8i4E2mo,Peter Hansson,true
i-9wYeeuP3RWB6bA1svcTBE,Elowson,false
i-9wYeeuP3RWB6bA1svcTBE,Gullbrand Elowson,true
i-9wuGFV27d4wT614qHyapco,Bruse,false
i-9wuGFV27d4wT614qHyapco,Carl Gustaf Bruce,true
i-9x2nw6aosA3pyEJfJTc1eD,Holm,false
i-9x2nw6aosA3pyEJfJTc1eD,Ulf Holm,true
i-9xarzmckV5SS8EyJPN5b3x,Hans Ingmar Wallmark,false
i-9xarzmckV5SS8EyJPN5b3x,Hans Vallmark,false
i-9xarzmckV5SS8EyJPN5b3x,Hans Wallmark,true
i-9xcMYrrML4AzXQ6jGcD6e2,Christin Hagberg,true
i-9xcMYrrML4AzXQ6jGcD6e2,Christin Nilsson,false
i-9xcTdsAB236nR9jJ9qZKvV,Lagerblad,false
i-9xcTdsAB236nR9jJ9qZKvV,Oskar Fredrik Lagerblad,false
i-9xcTdsAB236nR9jJ9qZKvV,Oskar Lagerblad,true
i-9xnJYWRw1BWmFV8LVCC5EH,Gustaf Tamm,false
i-9xnJYWRw1BWmFV8LVCC5EH,Gösta Tamm,true
i-9xnJYWRw1BWmFV8LVCC5EH,Tamm,false
i-9zMaK3CVtpd6kY7dATfeep,Kjell-Arne Welin,true
i-9zMaK3CVtpd6kY7dATfeep,Welin,false
i-9zRsgfuWT8wBQjciJNTNXW,Erik David Valdemar Martin,false
i-9zRsgfuWT8wBQjciJNTNXW,Erik Martin,true
i-9zRsgfuWT8wBQjciJNTNXW,Martin,false
i-9zVzWnoioAar55EeacA9wU,Berggren,false
i-9zVzWnoioAar55EeacA9wU,Frans Berggren,true
i-9zXKiuNmSKJDEsoG3gjATF,Lundell,false
i-9zXKiuNmSKJDEsoG3gjATF,Per Olof Lundell,true
i-9ze7Agfk3sUS4gjAyEcBRi,Ericsson,false
i-9ze7Agfk3sUS4gjAyEcBRi,Pehr Ericsson,true
i-A16XHDHnpsSEskwvgsUhaw,Falkmer,false
i-A16XHDHnpsSEskwvgsUhaw,Karin Falkmer,true
i-A1DmMyDvHEJCw6gARxn6Ev,Johan Peter Sjögren,false
i-A1DmMyDvHEJCw6gARxn6Ev,Johan Sjögren,true
i-A1DmMyDvHEJCw6gARxn6Ev,Sjögren,false
i-A1NGMRYUqzQ6yvBRZ8XqFg,Linda Modig,true
i-A1NGMRYUqzQ6yvBRZ8XqFg,Linda Ylivainio,false
i-A1WkfiAbmndDMThhAvrWEm,Hans Backman,true
i-A1WkfiAbmndDMThhAvrWEm,Hans-Christer Backman,false
i-A1YdRbL2UQ3JDchun7nahz,Birger Isacson,false
i-A1YdRbL2UQ3JDchun7nahz,Birger Isacsson,true
i-A1YdRbL2UQ3JDchun7nahz,Erik Birger Julius Isacsson,false
i-A1YdRbL2UQ3JDchun7nahz,Isacson,false
i-A1rXJfgfS6b5QQQgwn3Jm8,Alströmer,false
i-A1rXJfgfS6b5QQQgwn3Jm8,Carl Jonas Oscar Alströmer,false
i-A1rXJfgfS6b5QQQgwn3Jm8,Oscar Alströmer,true
i-A299eggckA8HS7jSxqrvbz,Palm,false
i-A299eggckA8HS7jSxqrvbz,Sture Palm,true
i-A2SKxkXq7pZ5UV2ssX3g5g,Nils Winkler,true
i-A2SKxkXq7pZ5UV2ssX3g5g,Winkler,false
i-A2jgxgPRi11BxUsPb2uNmM,Branting,false
i-A2jgxgPRi11BxUsPb2uNmM,Carin Marie-Charlotte Branting,false
i-A2jgxgPRi11BxUsPb2uNmM,Charlotte Branting,true
i-A37vmFDFqtaNCP1Zn7USP4,Ericsson,false
i-A37vmFDFqtaNCP1Zn7USP4,Johan Ericsson,true
i-A4jkDhz3Qhq16rRWcenUbw,Hammarskjöld,false
i-A4jkDhz3Qhq16rRWcenUbw,Hammarskjöld Stockholm,false
i-A4jkDhz3Qhq16rRWcenUbw,Hjalmar Hammarskjöld,true
i-A4jkDhz3Qhq16rRWcenUbw,Knut Hjalmar Leonard Hammarskjöld,false
i-A4xHkoj5hLnWEChHnCCjS5,Jonny Cato,true
i-A4xHkoj5hLnWEChHnCCjS5,Lars Jonny Anders Cato Hansson,false
i-A57rs3Py2LnxnU1a4DJZfR,Johan Nilsson,true
i-A57rs3Py2LnxnU1a4DJZfR,Johannes Nilsson,false
i-A57rs3Py2LnxnU1a4DJZfR,Nilsson,false
i-A5JQXuHfaRp4u95HrYD9gd,Bohnstedt,false
i-A5JQXuHfaRp4u95HrYD9gd,Carl Edvard Ludvig Bohnstedt,false
i-A5JQXuHfaRp4u95HrYD9gd,Edvard Bohnstedt,true
i-A5R84cTmpky3NHJ7nLKaEt,Bo Ingvar Karchimirer Ringholm,false
i-A5R84cTmpky3NHJ7nLKaEt,Bo Ringholm,false
i-A5R84cTmpky3NHJ7nLKaEt,Bosse Ringholm,true
i-A5veKeNbVa7LFj6tYgMzn1,Ilan De Basso,true
i-A6HKJELS9dEVb676FNQ5tp,Asker,false
i-A6HKJELS9dEVb676FNQ5tp,Ferdinand Asker,true
i-A6HKJELS9dEVb676FNQ5tp,Gustaf Ferdinand Asker,false
i-A6T9WoUzRwW8LUK52znHwX,Ibrahim Baylan,true
i-A6gx9dK7mRxJPJ5JedE7Z,Carl Gustaf von Otter,true
i-A7oyGrcQCHCGYURTKKXFvN,Lagergren,false
i-A7oyGrcQCHCGYURTKKXFvN,Olof Lagergren,true
i-A7r9RuWHjYFLa2Zviisv8B,Per Olof Olsson Fridh,false
i-A7r9RuWHjYFLa2Zviisv8B,Per Olsson,false
i-A7r9RuWHjYFLa2Zviisv8B,Per Olsson Fridh,true
i-A8LJ4FrqJ35S8tKsgfukzY,Gustav Lindstam,true
i-A8LJ4FrqJ35S8tKsgfukzY,Lindstam,false
i-A8LZLugDPnnssXjw7UbMVN,Lena Ödeen,true
i-A8WYbyYxrhjfUex6Z8WMVq,Albin Eriksson,true
i-A8WYbyYxrhjfUex6Z8WMVq,Albin Toftered,false
i-A8WYbyYxrhjfUex6Z8WMVq,Eriksson,false
i-A8WzRmo8WwUKmVmAJX9cLc,Didrik Pontus Burén,false
i-A8WzRmo8WwUKmVmAJX9cLc,Didrik Pontus af Burén,true
i-A8WzRmo8WwUKmVmAJX9cLc,af Burén,false
i-A8ft8hMHUcZDSE5fKdjGpq,Ekman,false
i-A8ft8hMHUcZDSE5fKdjGpq,Kerstin Ekman,true
i-A8ft8hMHUcZDSE5fKdjGpq,Kerstin Margareta Ekman,false
i-A9Ayvp3K9sd8Pmw311ondn,Gustaf Oscar Peyron,false
i-A9Ayvp3K9sd8Pmw311ondn,Gustaf Peyron den yngre,true
i-A9Ayvp3K9sd8Pmw311ondn,Peyron,false
i-A9gFi7dPaz2uAdYRAB5NBW,Alfred Lundgren,true
i-A9gFi7dPaz2uAdYRAB5NBW,Johan Alfred Lundgren,false
i-A9gFi7dPaz2uAdYRAB5NBW,Lundgren,false
i-A9i2Lpv7GKACsQTHi2RMaG,Anna Hagwall,true
i-A9phxhhSVEV1RMX498pFjb,Alexandra Völker,true
i-A9phxhhSVEV1RMX498pFjb,Sofia Alexandra Völker,false
i-A9vqDKZAyWHDYBf3ZrGCYN,Carl Cederström,true
i-A9vqDKZAyWHDYBf3ZrGCYN,Carl Gustaf Rudolf Cederström,false
i-A9vqDKZAyWHDYBf3ZrGCYN,Cederström,false
i-A9vqDKZAyWHDYBf3ZrGCYN,Karl Gustav Rudolf Cederström,false
i-A9wTTx74ViuquWXmgF5vjj,Jan Birger Jennehag,false
i-A9wTTx74ViuquWXmgF5vjj,Jan Jennehag,true
i-A9wTTx74ViuquWXmgF5vjj,Jennehag,false
i-A9wvbABAZbZLXEU3iuoik9,Ulf Löfgren,true
i-AAGtAmKub2DD5pa6CPqaxW,Andersson,false
i-AAGtAmKub2DD5pa6CPqaxW,Johan Andersson,true
i-AAqwCtq1uiCsRVNQ99pvu2,Eklund,false
i-AAqwCtq1uiCsRVNQ99pvu2,Ludvig August Eklund,false
i-AAqwCtq1uiCsRVNQ99pvu2,Ludvig Eklund,true
i-ABFN9YRCJxWR5CQLV4KEKc,Carl Hoppe,true
i-ABFN9YRCJxWR5CQLV4KEKc,Ernst Carl Hoppe,false
i-ABFN9YRCJxWR5CQLV4KEKc,Hoppe,false
i-ABHqHPdDMU18oR56JBTLbP,Herman Schmidt,true
i-ABHqHPdDMU18oR56JBTLbP,Herrman Schmidt,false
i-ABHqHPdDMU18oR56JBTLbP,Schmidt,false
i-ABaSrrbKvV3cZxEgs6yiWG,Alfred Petersson,true
i-ABaSrrbKvV3cZxEgs6yiWG,Petersson,false
i-AC8RFPqgo4aFfG6KooA2u5,John Inge Lundberg,false
i-AC8RFPqgo4aFfG6KooA2u5,John Lundberg,true
i-AC8RFPqgo4aFfG6KooA2u5,Lundberg,false
i-AC9Jzb7rGfAoZhrWbv9Veg,Christina Nilsson,true
i-ACVAPuDAAVNFDcYqCfRkK,Arvid Eskel,true
i-ACVAPuDAAVNFDcYqCfRkK,Arvid Nikodemus Eskel,false
i-ACVAPuDAAVNFDcYqCfRkK,Eskel,false
i-ACWKGms7M2Koi56psvY5xp,Robert Olesen,true
i-ACY8pQ3rqhZBZFNjZVeYJU,Mårten Trulsson,true
i-ACY8pQ3rqhZBZFNjZVeYJU,Trulsson,false
i-AD4PVxoWFJ5WK9APNtM5vP,Knut Erik Valdemar Senander,false
i-AD4PVxoWFJ5WK9APNtM5vP,Knut Senander,true
i-AD4PVxoWFJ5WK9APNtM5vP,Senander,false
i-ADcRhddZxegj2BX4Abux5i,Samuel Grubbe,true
i-ADwpi5gosLNrj8eqtdXe6o,John Jonsson,true
i-ADwpi5gosLNrj8eqtdXe6o,John Wiktor Jonsson,false
i-ADwpi5gosLNrj8eqtdXe6o,Jonsson,false
i-AEuL1tZkLG8yisHEPTUMjg,Margit Selma Clasine Vinge,false
i-AEuL1tZkLG8yisHEPTUMjg,Margit Vinge,true
i-AEuL1tZkLG8yisHEPTUMjg,Vinge,false
i-AFKRuqw65ewVGnDdU6pKeD,Harald Anders Ivar Pettersson,false
i-AFKRuqw65ewVGnDdU6pKeD,Harald Pettersson,true
i-AFKRuqw65ewVGnDdU6pKeD,Pettersson,false
i-AFUc4j3t58ghU1eJpFnKLi,Charles Emil von Oelreich,false
i-AFUc4j3t58ghU1eJpFnKLi,Charles von Oelreich,true
i-AFUc4j3t58ghU1eJpFnKLi,Charles-Emil von Oelreich,false
i-AFUc4j3t58ghU1eJpFnKLi,von Oelreich,false
i-AFafkqp43qaf9gEGTZMMhQ,Bergstedt,false
i-AFafkqp43qaf9gEGTZMMhQ,Carl Bergstedt,true
i-AFafkqp43qaf9gEGTZMMhQ,Carl Fredrik Bergstedt,false
i-AFqenDANYsfYo9enniesNh,Werbro,false
i-AFqenDANYsfYo9enniesNh,Wiking Evald Werbro,false
i-AFqenDANYsfYo9enniesNh,Wiking Werbro,true
i-AFto3gTmjTfTgomtq31hLZ,Jessica Andersson,false
i-AFto3gTmjTfTgomtq31hLZ,Jessica Rosencrantz,true
i-AGERzDgeCK5wHu4VB6sv87,Harald Ferdinand Emanuel Sternhagen,false
i-AGERzDgeCK5wHu4VB6sv87,Harald Sternhagen,true
i-AGERzDgeCK5wHu4VB6sv87,Sternhagen,false
i-AGZfiA6EHSwo3gcCJR2xiv,Falk,false
i-AGZfiA6EHSwo3gcCJR2xiv,Karl Falk,true
i-AGZfiA6EHSwo3gcCJR2xiv,Karl Henrik Falk,false
i-AHMTURuCvt5jswfNK1Q8Qg,Anita Jönsson,true
i-AHMTURuCvt5jswfNK1Q8Qg,Jönsson,false
i-AHfQ621Fp1orxTGB2WDjUY,Fredrik Malm,true
i-AJCahuHrtMzn7qwctgkSw7,Börjesson,false
i-AJCahuHrtMzn7qwctgkSw7,Fritz Arne Börjesson,false
i-AJCahuHrtMzn7qwctgkSw7,Fritz Börjesson,true
i-AJXktptSRuni1fw754JqsT,Hammarlund,false
i-AJXktptSRuni1fw754JqsT,Nestor Hammarlund,true
i-AJXktptSRuni1fw754JqsT,Nestor Leander Hammarlund,false
i-AJYMmToguz9cYJxmuCbrBw,Anders Gustaf Anderson,false
i-AJYMmToguz9cYJxmuCbrBw,Anderson,false
i-AJYMmToguz9cYJxmuCbrBw,Gustaf Anderson,true
i-AJmnQZAj5vxA1hK3yiJiEm,David Alexander Perez,false
i-AJmnQZAj5vxA1hK3yiJiEm,David Perez,true
i-AKZYwn5gCDj23JtMGqjTaK,Inger Birgitta Koch,false
i-AKZYwn5gCDj23JtMGqjTaK,Inger Koch,true
i-AKZYwn5gCDj23JtMGqjTaK,Koch,false
i-AKraiMHX6EJGF2cSKBpPb5,Per Anders Örtendahl,true
i-AL1CrNrpoub4xWW7MHUhYk,Erik Larsson,true
i-AL1CrNrpoub4xWW7MHUhYk,Erik Waldemar Larsson,false
i-AL1CrNrpoub4xWW7MHUhYk,Larsson,false
i-AL1z9woUn69erbUoQ2x8Ce,Tomas Nilsson,true
i-ALSqZDERrTV2VUJqcfC5VF,Sara Leghissa,true
i-ALSqZDERrTV2VUJqcfC5VF,Sara Viktoria Leghissa,false
i-ALSqZDERrTV2VUJqcfC5VF,Zara Leghissa,false
i-ALVd7VosM3XKaoWie25FK8,Fabian Wilhelm Staël von Holstein,true
i-ALVd7VosM3XKaoWie25FK8,Stael von Holstein,false
i-ALf1dLQQ1zU42JvCjYwPAf,Nilsson,false
i-ALf1dLQQ1zU42JvCjYwPAf,Per Nilsson,true
i-ALh3PHXDXv6YrkEMi4FuSj,Eriksson,false
i-ALh3PHXDXv6YrkEMi4FuSj,Ulf Eriksson,true
i-AM9FiHBfEfHmx9V5MLBTSB,Andersson,false
i-AM9FiHBfEfHmx9V5MLBTSB,Karl Albert Björkänge,false
i-AM9FiHBfEfHmx9V5MLBTSB,Karl Björkänge,true
i-AMJmTeTPRiL1USX39mHZ6w,Bergstrand,false
i-AMJmTeTPRiL1USX39mHZ6w,Paul Bergstrand,true
i-AMJmTeTPRiL1USX39mHZ6w,Paul Johannes Bergstrand,false
i-AMWvsAmfXhcB7kDsWLx8qY,Arvid Enarsson,true
i-AMWvsAmfXhcB7kDsWLx8qY,Enarsson,false
i-ANAEMQsmJiYPJ3EqincHey,Axel Reinhold Rosenqwist,true
i-ANAEMQsmJiYPJ3EqincHey,Axel Rosenqwist,false
i-ANAEMQsmJiYPJ3EqincHey,Rosenqwist,false
i-ANBUUEpZ7fny8muDcGY2Sn,Jan Björinge,true
i-ANiCfxVv7RGYGKMSeQiRq,Johan Larsson,true
i-ANiCfxVv7RGYGKMSeQiRq,Larsson,false
i-APELvxGf3JYiSTi4k8E9SN,Mona Jönsson,true
i-APZprqrYevJCzGDk2WxRM7,Anne-Marie Gustafsson,true
i-APZprqrYevJCzGDk2WxRM7,Gustafsson,false
i-APdYmA6gEZ5MaLN6tJK7ae,Filip Johansson,true
i-APdYmA6gEZ5MaLN6tJK7ae,Johansson,false
i-AQAc7L3yWtMcgD3r6CxRHG,Maria Stenberg,true
i-AQAc7L3yWtMcgD3r6CxRHG,Maria Öberg,false
i-AQM8mzde8ixYG8gZEV93F4,Carl Oscar Lundquist,false
i-AQM8mzde8ixYG8gZEV93F4,Lundquist,false
i-AQM8mzde8ixYG8gZEV93F4,Oscar Lundquist,true
i-AQXTwzTQEJiySickVRFT1U,Jönsson,false
i-AQXTwzTQEJiySickVRFT1U,Marianne Jönsson,true
i-AQbj7mREH2JZr8JyEH5jwF,Willemo Carlsson,true
i-AR2qqDPUQpxw9v9Lv1Da3q,Jonas Åkerlund,true
i-ARPckKnLjiLq7mJ1r6Psod,Andersson,false
i-ARPckKnLjiLq7mJ1r6Psod,Nils Andersson,true
i-ARQCpzRTv8ggWtQVRwi1x5,Berglund,false
i-ARQCpzRTv8ggWtQVRwi1x5,Rune Berglund,true
i-ARSF9aBhDAbqejYY3uDE6X,Carl Magnus Rydqvist,false
i-ARSF9aBhDAbqejYY3uDE6X,Carl Rydqvist,true
i-ARSF9aBhDAbqejYY3uDE6X,Rydqvist,false
i-ARhFvspt3bc1nQS2KaREWV,Brolin,false
i-ARhFvspt3bc1nQS2KaREWV,Sven Brolin,true
i-ASHgRusN9GoHAH8eioxicP,Marie Caroline Wahlgren,false
i-ASHgRusN9GoHAH8eioxicP,Marie Wahlgren,true
i-ASZGAumSZoEqnNdy4PgJAw,Lithander,false
i-ASZGAumSZoEqnNdy4PgJAw,Pehr Emanuel Lithander,false
i-ASZGAumSZoEqnNdy4PgJAw,Pehr Lithander,true
i-ATZej4sqnWosVieztaCqD4,Anders Emil Hansson,false
i-ATZej4sqnWosVieztaCqD4,Anders Hansson,true
i-ATZej4sqnWosVieztaCqD4,Hansson,false
i-ATcwa3wSYttW59H6uu1PFg,Olle Westberg,true
i-ATcwa3wSYttW59H6uu1PFg,Westberg,false
i-AUCKptBWsFh38KS56FBcnz,Bäckström,false
i-AUCKptBWsFh38KS56FBcnz,Edvin Bäckström,true
i-AUS3xJ5viRWXYnDpt66BXU,Holger Mossberg,true
i-AUS3xJ5viRWXYnDpt66BXU,Mossberg,false
i-AUiKAHUouizyVHGxxpPv52,Johan Oscar Lindewall,false
i-AUiKAHUouizyVHGxxpPv52,Lindewall,false
i-AUiKAHUouizyVHGxxpPv52,Oscar Lindewall,true
i-AUmBd8T8oEP8tVpZMy3qz4,Boberg,false
i-AUmBd8T8oEP8tVpZMy3qz4,Carl Boberg,true
i-AUmBd8T8oEP8tVpZMy3qz4,Carl G Boberg,false
i-AUmBd8T8oEP8tVpZMy3qz4,Carl Gustaf Boberg,false
i-AUocZy5YDqXmCwrRq6eGaW,Mårten Werner,true
i-AUocZy5YDqXmCwrRq6eGaW,Nils Mårten Samuel Werner,false
i-AUocZy5YDqXmCwrRq6eGaW,Werner,false
i-AVRXLvGU2mSVYUvMHYuiQ2,Borge,false
i-AVRXLvGU2mSVYUvMHYuiQ2,Oscar Borge,true
i-AVRXLvGU2mSVYUvMHYuiQ2,Oscar Fredrik Borge,false
i-AVW6fd1KoKKvAfHCNC7wXY,Patrik Karlson,true
i-AW2Kqb5j7PK8cas4SinHt3,Paavo Olavi Vallius,false
i-AW2Kqb5j7PK8cas4SinHt3,Paavo Vallius,true
i-AWLNBm49upAvWc2G2jYeiD,Andersson,false
i-AWLNBm49upAvWc2G2jYeiD,Ebon Andersson,true
i-AWLNBm49upAvWc2G2jYeiD,Ebon Olivia Bernhardina Andersson,false
i-AWLNBm49upAvWc2G2jYeiD,Ebon Olivia Bernhardina Hallgren,false
i-AWmb2DrpURM4UqQM5TA3tU,Ahlsten,false
i-AWmb2DrpURM4UqQM5TA3tU,Johan Ahlsten,true
i-AWnCXGKxBPDN7gJVRfodvt,Karl Allan Westman,true
i-AWnCXGKxBPDN7gJVRfodvt,Westman,false
i-AXJQS9WpdKCwq6vcfVTRUy,Nermina Mizimovic,true
i-AXYg1TruGPk6ZEU1e47ofF,Ulf Sivertun,true
i-AY9UmxrTq4s4hcaqyGkSRg,Kjellberg,false
i-AY9UmxrTq4s4hcaqyGkSRg,Knut Erik Ossian Kjellberg,false
i-AY9UmxrTq4s4hcaqyGkSRg,Knut Kjellberg,true
i-AYNGXU3H8K1ywAMiw61q9Y,Nilsson,false
i-AYNGXU3H8K1ywAMiw61q9Y,Per Nilsson,true
i-AYS9tHbc9NGtqGUYhiGt8Y,Carl Florus Toll,true
i-AYS9tHbc9NGtqGUYhiGt8Y,Toll,false
i-AYmS6K7Srh7q1Zzbf1nZwW,Christopher Ödmann,true
i-AZLUb1tb1XBKEbcvPVdCkZ,Helene Petersson,true
i-AZLUb1tb1XBKEbcvPVdCkZ,Petersson,false
i-AZnaWEAg22YQ3HzVMfNSHR,Bildt,false
i-AZnaWEAg22YQ3HzVMfNSHR,Carl Bildt,true
i-AZnaWEAg22YQ3HzVMfNSHR,Nils Daniel Carl Bildt,false
i-Aa7GZWXKV4jaAkodU9F2T,A. A. N. Reuterskiöld,false
i-Aa7GZWXKV4jaAkodU9F2T,Arvid Adam Nathanaël Reuterskiöld,false
i-Aa7GZWXKV4jaAkodU9F2T,Arvid Reuterskiöld,true
i-Aa7GZWXKV4jaAkodU9F2T,Reuterskiöld,false
i-Aa8kdvoMdZzFJ7wbmcm1Sh,Wictorsson,false
i-Aa8kdvoMdZzFJ7wbmcm1Sh,Åke Wictorsson,true
i-AaBGKkCU4qFAGwjd9YLfzH,Arthur Natanael Thomson,false
i-AaBGKkCU4qFAGwjd9YLfzH,Arthur Thomson,true
i-AaBGKkCU4qFAGwjd9YLfzH,Thomson,false
i-AafTcNaT6Yw9qX5m97WYip,Carin Nygren,true
i-AbaNSxTWvU5n5aEtEmU4sS,Kellgren,false
i-AbaNSxTWvU5n5aEtEmU4sS,Nils Emil Kellgren,false
i-AbaNSxTWvU5n5aEtEmU4sS,Nils Kellgren,true
i-AbswNU1skgfjJi4ZnN7HgY,Per Söderlund,true
i-Ac9yxy2x5ktJ5wzveXCsFQ,Arne Svensson,true
i-Ac9yxy2x5ktJ5wzveXCsFQ,Svensson,false
i-AcrNjdftfgEDKtVYDbE4tQ,Gudrun Ingeborg Nordborg,false
i-AcrNjdftfgEDKtVYDbE4tQ,Gudrun Nordborg,true
i-Aczr3QcauMaebRRbhWvMM3,Gustav Daniel Schyllert,false
i-Aczr3QcauMaebRRbhWvMM3,Gustav Schyllert,true
i-AdqA2i9C9h8S2dLNFbX7KB,Crafoord,false
i-AdqA2i9C9h8S2dLNFbX7KB,Georg Crafoord,true
i-AdqA2i9C9h8S2dLNFbX7KB,Jacob Georg Henrik Georgsson,false
i-AeCCW6b874bMxRWjUE2k8G,Anders Lönnberg,true
i-AeRihY4YpUHoYMdpRJ5j33,Hansson,false
i-AeRihY4YpUHoYMdpRJ5j33,Nils Birger Hansson,false
i-AeRihY4YpUHoYMdpRJ5j33,Nils Hansson,true
i-AeygsPpZHRw5TndXwnCHQm,Karin Margareta Starrin,false
i-AeygsPpZHRw5TndXwnCHQm,Karin Starrin,true
i-AeygsPpZHRw5TndXwnCHQm,Starrin,false
i-Af27F1xYCu7PKfDmUgU7Xb,Bengt Börjesson,true
i-Af27F1xYCu7PKfDmUgU7Xb,Bengt Johan Börjesson,false
i-Af27F1xYCu7PKfDmUgU7Xb,Börjesson,false
i-Af4Qh6NyHu5cGbpwa97J5Y,Hanna Maria Heldina Nilsson,false
i-Af4Qh6NyHu5cGbpwa97J5Y,Maria Nilsson,true
i-AfBPHZLWRPsh7B4P9VGWFb,Börjesson,false
i-AfBPHZLWRPsh7B4P9VGWFb,Lars Börjesson,true
i-AgDzv162Qd6emDzJqLgb4d,Falk,false
i-AgDzv162Qd6emDzJqLgb4d,Johan Ludvig Falk,false
i-AgDzv162Qd6emDzJqLgb4d,John Falk,true
i-AgDzv162Qd6emDzJqLgb4d,John Ludvig Falk,false
i-AgGMZzru6dKoQKBAEAC9qQ,Johan Lindqvist,false
i-AgGMZzru6dKoQKBAEAC9qQ,John Lindqvist,true
i-AgGMZzru6dKoQKBAEAC9qQ,Lindqvist,false
i-AgNCAWJHhFupxLXMubwF7R,R Wiktor Thörnberg,false
i-AgNCAWJHhFupxLXMubwF7R,Robert Wiktor Thörnberg,false
i-AgNCAWJHhFupxLXMubwF7R,Thörnberg,false
i-AgNCAWJHhFupxLXMubwF7R,Viktor Thörnberg,true
i-AgNCAWJHhFupxLXMubwF7R,Wiktor Thörnberg,false
i-AgajL2ZKu2tZSDtG8f1oe7,Per Sundgren,true
i-AgajL2ZKu2tZSDtG8f1oe7,Per Vilhelm Sundgren,false
i-Ah2GaXbPFmZmazHpBVHvGy,Johan Olof Ramstedt,false
i-Ah2GaXbPFmZmazHpBVHvGy,Johan Ramstedt,true
i-Ah6esEHAmwpbkj7qdoxVev,Lundberg,false
i-Ah6esEHAmwpbkj7qdoxVev,Otto Lundberg,true
i-Ah6esEHAmwpbkj7qdoxVev,Otto Victor Lundberg,false
i-AhRKDyS7vZqKEaMUuU2aVs,Häggroth,false
i-AhRKDyS7vZqKEaMUuU2aVs,Sören Häggroth,true
i-AhdCawMp57HqtHN3W4jZsE,Margareta Jonback,true
i-AhfUaLLE4KoRkwDYaExPfT,Larsson,false
i-AhfUaLLE4KoRkwDYaExPfT,Per Zakarias Larsson,false
i-AhfUaLLE4KoRkwDYaExPfT,Zakarias Larsson,true
i-Ahzryxd2b7naJSD37mfHNJ,Hegeland,false
i-Ahzryxd2b7naJSD37mfHNJ,Hugo Hegeland,true
i-Ahzryxd2b7naJSD37mfHNJ,Hugo Oscar Hegeland,false
i-Ai6D678svLCFNxzAAsM74L,Hanson,false
i-Ai6D678svLCFNxzAAsM74L,Nils Hanson,true
i-AipmLKPhUTxucoHSHc9KaD,Carl Gottfrid Johansson,false
i-AipmLKPhUTxucoHSHc9KaD,Carl Johansson,true
i-AipmLKPhUTxucoHSHc9KaD,Johansson,false
i-Ajekh7GRdPd1C7AkYkX1qw,Kerstin Nilsson,true
i-Ajekh7GRdPd1C7AkYkX1qw,Nilsson,false
i-Ajiv7zVfskeKabYjoTib3h,Göran Hargestam,true
i-AjqE7JdXtdUoEcWCcLuYLG,Carl-Olof Bengtsson,true
i-AkSRM5M7EY6VTfmFE8PNis,Jarl C E Christerson,false
i-AkSRM5M7EY6VTfmFE8PNis,Jarl Casimir Engéne Christerson,false
i-AkSRM5M7EY6VTfmFE8PNis,Jarl Christerson,true
i-AkSRM5M7EY6VTfmFE8PNis,Jarl Kasimir Eugen Christerson,false
i-AkkdfpGktUNP8mcA1ApJ7P,Emil Hammarlund,true
i-AkkdfpGktUNP8mcA1ApJ7P,Hammarlund,false
i-Akp6TAGeiXLBcodZf8itDp,Eric Magnus af Klint,false
i-Akp6TAGeiXLBcodZf8itDp,Eric af Klint,true
i-Akp6TAGeiXLBcodZf8itDp,af Klint,false
i-Akry4qWgBXVHLyPnTaxeen,Carl Axel Trolle,true
i-Akry4qWgBXVHLyPnTaxeen,Trolle,false
i-AktM7FqujRsJ6kGjNePGjq,Lars-Ivar Ericson,true
i-AkuwGcT8kWAThsQcz1BS1e,Lili André,true
i-Akw6TaNXU6i1CPtvUchuu3,Emil August Gustafson,false
i-Akw6TaNXU6i1CPtvUchuu3,Emil Gustafson,true
i-Akw6TaNXU6i1CPtvUchuu3,Gustafson,false
i-Akzn9z23GnAQdeU8SSqyQ4,Rönn-Christiansson,false
i-Akzn9z23GnAQdeU8SSqyQ4,Solveig Rönn,false
i-Akzn9z23GnAQdeU8SSqyQ4,Solveig Rönn-Christiansson,true
i-AmKppgrWPnLHER7xpP5Nar,Ekman,false
i-AmKppgrWPnLHER7xpP5Nar,Johan Oscar Ekman,false
i-AmKppgrWPnLHER7xpP5Nar,Oscar Ekman,true
i-AmbXfMD9fxXupM6wdyBFHo,Annica Jonsson,true
i-Amix13w5CwbirmoN46TB7n,Carl Gustaf Schedin,false
i-Amix13w5CwbirmoN46TB7n,Carl Schedin,true
i-Amix13w5CwbirmoN46TB7n,Schedin,false
i-AmkEPQHyLbWFNYdCQzmzAu,Elisabeth Kristin Thand Ringqvist,false
i-AmkEPQHyLbWFNYdCQzmzAu,Elisabeth Thand Ringqvist,true
i-AnkY8mcdfarCUByckew7sD,Alfred Stärner,true
i-AnkY8mcdfarCUByckew7sD,Stärner,false
i-AnrRW8P2FoZPwmfbQGBp8u,Arne Gadd,true
i-AnrRW8P2FoZPwmfbQGBp8u,Gadd,false
i-AnrRW8P2FoZPwmfbQGBp8u,Per Emil Arne Gadd,false
i-Ao65QGy15CSfY5Bs93ui2H,Holmgren,false
i-Ao65QGy15CSfY5Bs93ui2H,Karl Edvard Holmgren,false
i-Ao65QGy15CSfY5Bs93ui2H,Karl Holmgren,true
i-AoCcPLPG5iPhwCGEcPTMbh,Carl Malmroth,true
i-AoRmp626pkU9Q5rUHCUN3a,Carl Sædén,true
i-AoRmp626pkU9Q5rUHCUN3a,Sædén,false
i-Aom2r9CSQGi7yhNDjnA4qS,Elsa Britt Madeleine Olefjord Widding,false
i-Aom2r9CSQGi7yhNDjnA4qS,Elsa Widding,true
i-Ap6PaQn9pzDFdUtnP8xyzP,Björklund,false
i-Ap6PaQn9pzDFdUtnP8xyzP,Ulf Björklund,true
i-ApHmSnfxK7X5tAzqwJM3Ve,Hierta,false
i-ApHmSnfxK7X5tAzqwJM3Ve,Lars Johan Hierta,true
i-ApMdb3k8RRd3uNyrUKrRGM,Anderson,false
i-ApMdb3k8RRd3uNyrUKrRGM,Per Anderson,true
i-ApS23bs5MqYzWtTbdEG2Jz,Edvard Gelin,true
i-ApS23bs5MqYzWtTbdEG2Jz,Edvard Valentin Gelin,false
i-ApS23bs5MqYzWtTbdEG2Jz,Gelin,false
i-ApUSkmTmSTvD6wvc5VeThD,Lars Olsson Smith,true
i-ApUSkmTmSTvD6wvc5VeThD,Smith,false
i-Apri7FgXXxnC71KLoUptE9,Carlsson,false
i-Apri7FgXXxnC71KLoUptE9,Claes Erik Carlsson,false
i-Apri7FgXXxnC71KLoUptE9,Eric Carlsson,false
i-Apri7FgXXxnC71KLoUptE9,Erik Carlsson,true
i-Apyf3DsrtN2zmshEtt35Qo,Marie-Louise Hänel Sandström,true
i-AqE93YNX5ebVmFiTaUg1Pq,Franzén,false
i-AqE93YNX5ebVmFiTaUg1Pq,Karl Franzén,true
i-AqE93YNX5ebVmFiTaUg1Pq,Karl Gustaf Algot Franzén,false
i-AqZkPRg6HbbZ9nDzibdbp5,Björn Hamilton,true
i-AqkTDdERRgq7MWP7ajMpZo,Jasenko Omanović,true
i-ArBoKHFxXfA2rh9Sm2XzUy,Johan Jakob Magnell,true
i-ArBoKHFxXfA2rh9Sm2XzUy,Magnell,false
i-ArTJhZXmHWPctgLQZ76SZd,Mahmood Fahmi,true
i-ArTJhZXmHWPctgLQZ76SZd,Mahmood Jamal Ahmad Fahmi,false
i-ArgDgyVkJdUq9Gq6HuxKoT,Bertil Mogård,true
i-ArgDgyVkJdUq9Gq6HuxKoT,Johan Adolf Bertil Mogård,false
i-ArgDgyVkJdUq9Gq6HuxKoT,Mogård,false
i-ArhQprPdQtbW2r48DvQ9ky,Christer Eriksson,true
i-AsKctAWx6ZcmMUPi7YHKuw,Andersson,false
i-AsKctAWx6ZcmMUPi7YHKuw,Carl Olof Harald Andersson,false
i-AsKctAWx6ZcmMUPi7YHKuw,Harald Andersson,true
i-AsKctAWx6ZcmMUPi7YHKuw,Karl Olof Harald Andersson,false
i-AsgGVUhtw8VqZgcDkdv4Xv,Herman Georg Waldemar Wrangel,false
i-AsgGVUhtw8VqZgcDkdv4Xv,Herman Wrangel,true
i-AsgGVUhtw8VqZgcDkdv4Xv,Wrangel,false
i-Asq7NRpmkGRyqdnCrfGpjH,Evert Ingemar Svensson,false
i-Asq7NRpmkGRyqdnCrfGpjH,Evert Svensson,true
i-Asq7NRpmkGRyqdnCrfGpjH,Svensson,false
i-AtvKBXC4FZbodCNyRko9RA,Klevenås,false
i-AtvKBXC4FZbodCNyRko9RA,Lena Klevenås,true
i-Atz7ai4RJKnyNCwfSAJEeC,Jonas Eriksson,true
i-Au5MnYkbRDPQPetSRettaC,Ander,false
i-Au5MnYkbRDPQPetSRettaC,Anderson,false
i-Au5MnYkbRDPQPetSRettaC,Carl Edor Anderson,false
i-Au5MnYkbRDPQPetSRettaC,Edor Anderson,true
i-AuCKd7EHzKTWJ9RrDhp6Zh,Nilsson,false
i-AuCKd7EHzKTWJ9RrDhp6Zh,Per Nilsson,true
i-AuDFSNHXg72pSatxXN4KsX,Bergström,false
i-AuDFSNHXg72pSatxXN4KsX,Petrus Bergström,true
i-AuM8Jq8UoCNghqcoEjsqU9,Tekla J. L. Torbrink,false
i-AuM8Jq8UoCNghqcoEjsqU9,Tekla Jenny Linnea Torbrink,false
i-AuM8Jq8UoCNghqcoEjsqU9,Tekla Lindkvist Torbrink,false
i-AuM8Jq8UoCNghqcoEjsqU9,Tekla Torbrink,true
i-AuM8Jq8UoCNghqcoEjsqU9,Torbrink,false
i-AuvNgvupyypcCHtg3MDctG,Anders C Gasslander,false
i-AuvNgvupyypcCHtg3MDctG,Anders Kristian Gasslander,true
i-AuvNgvupyypcCHtg3MDctG,Gasslander,false
i-Av5iFLEVV3RMNr1v9Tf4z8,Carl Ehrenfried von der Lancken,false
i-Av5iFLEVV3RMNr1v9Tf4z8,Ehrenfried von der Lancken,true
i-Av5iFLEVV3RMNr1v9Tf4z8,von der Lancken,false
i-AvFShRZVEyBV61S19AKNGK,Jan Arne Björklund,false
i-AvFShRZVEyBV61S19AKNGK,Jan Björklund,true
i-AvGpsGJvs5PXTcEG4DtbFt,Eric Gyllenstierna,true
i-AvGpsGJvs5PXTcEG4DtbFt,Erik Gyllenstierna,false
i-AvGpsGJvs5PXTcEG4DtbFt,Erik Gyllenstjerna,false
i-AvGpsGJvs5PXTcEG4DtbFt,Gyllenstierna af Lundholm,false
i-AvpuCBNCdN7LHjCsU7ixe5,Zinaida Kajevic,true
i-AvtuWmW4WHMDrctQKwDQuR,Eva Flyborg,true
i-AvyNgUr5vHb4YSPYHYNoDf,Tage Gynnerstedt,true
i-AvyNgUr5vHb4YSPYHYNoDf,Tage Vilhelm Karl Gynnerstedt,false
i-AvzEMP2Ghg9SW3p1DSySpn,Boel Lindén,true
i-AwBs4Cp83TTbZr1ZyVyniN,Hedna-Olle,false
i-AwBs4Cp83TTbZr1ZyVyniN,Olof Olsson,true
i-AwBs4Cp83TTbZr1ZyVyniN,Olsson,false
i-AwBs4Cp83TTbZr1ZyVyniN,Olsson med håret,false
i-AwGuLd7wq4gs9EydwvqXdC,C. G. Thor,false
i-AwGuLd7wq4gs9EydwvqXdC,Carl Gustaf Thor,false
i-AwGuLd7wq4gs9EydwvqXdC,Gustaf Thor,true
i-AwGuLd7wq4gs9EydwvqXdC,Thor,false
i-AwanSeTqakekXXjJp2MFbe,Lithner,false
i-AwanSeTqakekXXjJp2MFbe,Pehr Lithner,true
i-Ax7aSZgHS52YNs2WSu7MWr,Andres Küng,true
i-AxBTXyeLFsiYLPmK3wvMYX,Anneli Hulthén,true
i-AxBTXyeLFsiYLPmK3wvMYX,Hulthén,false
i-Ay6zrjzeNnZpMAPRBGZ8tC,Gunnar Hökmark,true
i-Ay6zrjzeNnZpMAPRBGZ8tC,Hökmark,false
i-AyHSMtd1f1kVFSaVvtTmaY,Alfred Jonsson,true
i-AyHSMtd1f1kVFSaVvtTmaY,Jonsson,false
i-AyLtPYUtfuc83nLoJEwQj4,Ethel Florén-Winther,true
i-AyLtPYUtfuc83nLoJEwQj4,Ethel Hildur Dorothy Florén-Winthe,false
i-AyLtPYUtfuc83nLoJEwQj4,Florén-Winther,false
i-AyN7HRP1y38PeQoLunJifb,Jörgen Johansson,true
i-AyQ5VXLb2o7kpqffdoV4Wu,August Låftman,true
i-AyQ5VXLb2o7kpqffdoV4Wu,Johan Jakob August Låftman,false
i-AyQ5VXLb2o7kpqffdoV4Wu,Låftman,false
i-AyzArf9ikS7ACDJkk6G8q3,Gustafsson,false
i-AyzArf9ikS7ACDJkk6G8q3,Henning Gustafsson,true
i-AztMVLti5hapQ8yJnkFbgD,Sofia Nilsson,true
i-B1CYV55jAsSkBLgG5JFjwZ,Gustafsson,false
i-B1CYV55jAsSkBLgG5JFjwZ,Stig Gustafsson,true
i-B1QAmZ6hd8iYYbZ4y9ee12,Alf Axelsson Wennerfors,false
i-B1QAmZ6hd8iYYbZ4y9ee12,Alf Wennerfors,true
i-B1QAmZ6hd8iYYbZ4y9ee12,Wennerfors,false
i-B1SwupwM9QjXTLJUdzWAMP,Anders Hansson,true
i-B1SwupwM9QjXTLJUdzWAMP,Hansson,false
i-B1TD61aoCX1X8inXyshE45,Josef Smedberg,true
i-B1TD61aoCX1X8inXyshE45,Smedberg,false
i-B1jH6xuNdP1VDkcHJM5hF3,Daniel Tarschys,true
i-B1jH6xuNdP1VDkcHJM5hF3,Tarschys,false
i-B23GjshyfGkPGKgYN7xpVQ,Brandt,false
i-B23GjshyfGkPGKgYN7xpVQ,Edvard Henry Brandt,false
i-B23GjshyfGkPGKgYN7xpVQ,Henry Brandt,true
i-B25PXrQwRSEFXwvdsqCzFG,Inger Gustafsson,true
i-B25PXrQwRSEFXwvdsqCzFG,Inger Sigrid Elisabeth Gustafsson,false
i-B2pG9UoeZowv3W1y4urFYy,Billström,false
i-B2pG9UoeZowv3W1y4urFYy,Lars Billström,true
i-B34sv9ytsiioT1XaQtyXUo,Helén Pettersson,true
i-B3z5KLtSxEyGCKFUSRo6dn,Jacobsson,false
i-B3z5KLtSxEyGCKFUSRo6dn,Ulla Ingeborg Jacobsson,false
i-B3z5KLtSxEyGCKFUSRo6dn,Ulla Jacobsson,true
i-B471TcSCwHNHrNRk1EdJek,Eskil Erlandsson,true
i-B4hV7rgBZqLtXzSvZhQHbo,Mia Sydow Mölleby,true
i-B4nc1rYu6gqhHmUqKRJTib,Andersson,false
i-B4nc1rYu6gqhHmUqKRJTib,Carl Andersson,true
i-B4nc1rYu6gqhHmUqKRJTib,Karl Andersson,false
i-B4nu9XszBXgUbk8rfByBoJ,Camilla Odhnoff,true
i-B4nu9XszBXgUbk8rfByBoJ,Camilla Wilske,false
i-B4nu9XszBXgUbk8rfByBoJ,Elna Camilla Odhnoff,false
i-B4xUKqUrA116s5SyuEVHyM,Gustaf Anton Larsen,false
i-B4xUKqUrA116s5SyuEVHyM,Gustaf Anton Larsén,true
i-B4xUKqUrA116s5SyuEVHyM,Larsén,false
i-B4xztskudaZRx8gWqEyNmX,Björn Lind,true
i-B5Mnjpt8rqBfGh6JQ4dcyz,Fredrik Sundström,true
i-B5Mnjpt8rqBfGh6JQ4dcyz,Sundström,false
i-B5pWFFTpKgTiAMZh5ZK37h,Carl Emil Fagerlund,false
i-B5pWFFTpKgTiAMZh5ZK37h,Emil Fagerlund,true
i-B5pWFFTpKgTiAMZh5ZK37h,Fagerlund,false
i-B5phFk4C84P3fc5QYREUQN,Jansson,false
i-B5phFk4C84P3fc5QYREUQN,Lars Jansson,false
i-B5phFk4C84P3fc5QYREUQN,Lars Johan Jansson,true
i-B61H8bVAUjJ6rv3nkF94m,Harald Lemke,true
i-B61H8bVAUjJ6rv3nkF94m,Lemke,false
i-B699wHiwRp6br9TjezHPAV,Edvard Montgomery,true
i-B699wHiwRp6br9TjezHPAV,Hampus Edvard Montgomery,false
i-B699wHiwRp6br9TjezHPAV,Montgomery,false
i-B6x81JbBG2USKz2585kbnd,Nils Odhe,true
i-B6x81JbBG2USKz2585kbnd,Nils Sigurd Odhe,false
i-B6x81JbBG2USKz2585kbnd,Odhe,false
i-B73xzEvLUp5QXKnd7QSJky,N. Svensson,false
i-B73xzEvLUp5QXKnd7QSJky,Nils Svensson,true
i-B73xzEvLUp5QXKnd7QSJky,Svensson,false
i-B7AMN8Vydck1XmL2LBZZRk,Martin Filip Nyström,false
i-B7AMN8Vydck1XmL2LBZZRk,Martin Nyström,true
i-B7AMN8Vydck1XmL2LBZZRk,Nyström,false
i-B7LX4Gyyh4tsUX8MWZmh68,Dahlbäck,false
i-B7LX4Gyyh4tsUX8MWZmh68,Oscar Dahlbäck,true
i-B7LX4Gyyh4tsUX8MWZmh68,Oscar Fredrik Dahlbäck,false
i-B7hrTkCutn2YGLqw9zbUd2,Bengt Sjönell,true
i-B7hrTkCutn2YGLqw9zbUd2,Per Bengt Göran Sjönell,false
i-B7hrTkCutn2YGLqw9zbUd2,Sjönell,false
i-B8Ls87opUvuaKByzqXEp1m,Johannes Andreas Åkesson,false
i-B8Ls87opUvuaKByzqXEp1m,Johannes Åkesson,true
i-B8Ls87opUvuaKByzqXEp1m,Åkesson,false
i-B8NxNnu1t7iC4QAwR3ccxG,Almer,false
i-B8NxNnu1t7iC4QAwR3ccxG,Johan Severin Almer,true
i-B8rKtGL4c7HssB773AJ52s,Carl Fredrik Petersson,false
i-B8rKtGL4c7HssB773AJ52s,Carl Petersson,true
i-B8rKtGL4c7HssB773AJ52s,Petersson,false
i-B8wFGVyzJsDS6zUEFaUgeN,Joakim Järrebring,true
i-B8y96mdDcSM76tgEwwEPsz,Andersson,false
i-B8y96mdDcSM76tgEwwEPsz,Ernst Andersson,true
i-B8y96mdDcSM76tgEwwEPsz,Ernst Gustaf Andersson,false
i-B9JE2reNPJuJKbgj8XMNR,Boman,false
i-B9JE2reNPJuJKbgj8XMNR,Gustaf Boman,true
i-B9krH8HXZPSWGdDWnrPma5,Leonard Tjällgren,true
i-B9krH8HXZPSWGdDWnrPma5,Olof Leonard Tjällgren,false
i-B9krH8HXZPSWGdDWnrPma5,Tjällgren,false
i-B9npx6C1eGS11MAa7dhbD7,Stefan Caplan,true
i-BAB7JTqwHUAHz87bdy5smY,Tanja Linderborg,true
i-BAQZQCwvaeCDiXjeD54AnV,Ivar Nordberg,true
i-BAQZQCwvaeCDiXjeD54AnV,Nordberg,false
i-BBK91V3iny7XsSDQzrNv8o,Axel Hugo Sandström,false
i-BBK91V3iny7XsSDQzrNv8o,Hugo Sandström,true
i-BBK91V3iny7XsSDQzrNv8o,Sandström,false
i-BBUr9QfjeTZnYsBSJ1KaEe,Johan Algot Stenberg,true
i-BBUr9QfjeTZnYsBSJ1KaEe,Stenberg,false
i-BBf53T86AcjHGCDvSCt7M2,Pehr Rabe,true
i-BBf53T86AcjHGCDvSCt7M2,Pehr Reinhold Rabe,false
i-BBf53T86AcjHGCDvSCt7M2,Rabe,false
i-BCLTs1Vthr8mEcmxVrQwpg,Pernilla Stålhammar,true
i-BCZWbGeLzeuFhF8y3gEaZo,Dahlstedt,false
i-BCZWbGeLzeuFhF8y3gEaZo,Lars Dahlstedt,true
i-BCiY4VtviNcVs4r1Gb3Js4,Emmanuel Morfidiakis,true
i-BDUhpvcffbkaomdPDBeK8T,Lars Ulander,true
i-BDUhpvcffbkaomdPDBeK8T,Ulander,false
i-BDdBBhN658SGB6KjQvN8tK,Axel Andersson Sterne,false
i-BDdBBhN658SGB6KjQvN8tK,Axel Julius Andersson Sterne,false
i-BDdBBhN658SGB6KjQvN8tK,Axel Sterne,true
i-BDdBBhN658SGB6KjQvN8tK,Sterne,false
i-BDh5dt6HqKvaYnNWd6Sy8w,Johansson,false
i-BDh5dt6HqKvaYnNWd6Sy8w,N. Rune Johansson,false
i-BDh5dt6HqKvaYnNWd6Sy8w,Nils Rune Johansson,false
i-BDh5dt6HqKvaYnNWd6Sy8w,Rune Johansson,true
i-BDyTfvRPbqHRWnog75qTEp,Carl Erik Hedlund,true
i-BE5heMiSWyuLnMtuoSP5Up,Axel Reutercrona,true
i-BE5heMiSWyuLnMtuoSP5Up,Carl Eric Miles Gustaf Axel Reutercrona,false
i-BE5heMiSWyuLnMtuoSP5Up,Reutercrona,false
i-BE9rE88w7g6A9eUimJmA8D,Anders Karlsson,true
i-BE9rE88w7g6A9eUimJmA8D,Anders Kenneth Karlsson,false
i-BEAJPAXxfUmCrCNzby7gn8,Carl Gustaf Österberg,false
i-BEAJPAXxfUmCrCNzby7gn8,Gust. Österberg,false
i-BEAJPAXxfUmCrCNzby7gn8,Gustaf Österberg,true
i-BEAJPAXxfUmCrCNzby7gn8,Österberg,false
i-BEmKPkc4pYM6CbmnRs8wL1,Jöns Olsson,true
i-BEmKPkc4pYM6CbmnRs8wL1,Olsson,false
i-BFARkU8JBdh3WvC4Snrf4s,Hans Pettersson,true
i-BFARkU8JBdh3WvC4Snrf4s,Pettersson,false
i-BFGDB1bJnGJ9rKYG9ZeVSr,Bengt Gunnar Ingemar Göransson,false
i-BFGDB1bJnGJ9rKYG9ZeVSr,Bengt Göransson,true
i-BFGDB1bJnGJ9rKYG9ZeVSr,Göransson,false
i-BFoXCgys28ckfAVNL5WTAG,Astrid Elisabet Lindekvist,false
i-BFoXCgys28ckfAVNL5WTAG,Astrid Lindekvist,true
i-BFoXCgys28ckfAVNL5WTAG,Lindekvist,false
i-BG3ppKEV9tJVCs6dQEWdSL,Erik Gunnar Sundqvist,false
i-BG3ppKEV9tJVCs6dQEWdSL,Gunnar Sundqvist,true
i-BG3ppKEV9tJVCs6dQEWdSL,Sundqvist,false
i-BG62CjWHzJPrnkPkGYJy9c,Eva Lohman,true
i-BGtVauDn38oYmvprWfvpHg,Fredrik Thomas Carl von Rosen§∞,false
i-BGtVauDn38oYmvprWfvpHg,Fredrik von Rosen,true
i-BGtVauDn38oYmvprWfvpHg,von Rosen,false
i-BGtjdawXrCaotzLN8TCQbZ,Lennart Degerliden,true
i-BGtjdawXrCaotzLN8TCQbZ,Sture Lennart Degerliden,false
i-BH3Wicu86qyFpe88FLoM4s,Brusewitz,false
i-BH3Wicu86qyFpe88FLoM4s,Fredrik Brusewitz,true
i-BH3Wicu86qyFpe88FLoM4s,Fredrik Ludvig Brusewitz,false
i-BHVsLDz5YDDkjyE1f5Gzz3,Lennart Kollmats,true
i-BHdk6r4gSueHaCjF4xQ9BW,Gunnar Karl Viktor Larsson,false
i-BHdk6r4gSueHaCjF4xQ9BW,Gunnar Larsson,true
i-BHdk6r4gSueHaCjF4xQ9BW,Larsson,false
i-BJBzNB9LAGC3qSskPaTy4G,Friherre Otto Baltzar Arvid Silfverschiöld,false
i-BJBzNB9LAGC3qSskPaTy4G,Otto Baltzar Arvid Silfverschiöld,false
i-BJBzNB9LAGC3qSskPaTy4G,Otto Silfverschiöld,true
i-BJBzNB9LAGC3qSskPaTy4G,Silfverschiöld,false
i-BKYGEujCYuPaSbrCKLjRLu,Gustaf Svanberg,true
i-BKYGEujCYuPaSbrCKLjRLu,Per Fredrik Gustaf Cornelius Svanberg,false
i-BKYGEujCYuPaSbrCKLjRLu,Svanberg,false
i-BKaeof17U4zVqCVaBSDwyd,Alexander Thore,true
i-BKaeof17U4zVqCVaBSDwyd,Thore,false
i-BKajFCFhE63eQ7v5oSGuCX,Nils Fredrik Posse,false
i-BKajFCFhE63eQ7v5oSGuCX,Nils Posse,true
i-BKajFCFhE63eQ7v5oSGuCX,Posse,false
i-BL8VPjM82tkSPDaKjC7Tc2,Nils Norling,true
i-BL8VPjM82tkSPDaKjC7Tc2,Nils Sigfrid Norling,false
i-BL8VPjM82tkSPDaKjC7Tc2,Norling,false
i-BLJsSYde4NkMtqfqGADxxj,Jim Anders Svensk Larm,false
i-BLJsSYde4NkMtqfqGADxxj,Jim Svensk Larm,true
i-BLZcnT9Jmq3nLehYQPHH6Q,Birgit Hansson,true
i-BLZcnT9Jmq3nLehYQPHH6Q,Birgit Valborg Kristina Hansson,false
i-BMTxaGNqCLRjPTZWStMh8F,Boman,false
i-BMTxaGNqCLRjPTZWStMh8F,Sven Birger Boman,false
i-BMTxaGNqCLRjPTZWStMh8F,Sven Boman,true
i-BMYEUF5ZqkJVawjRJ2AGUT,Alsén,false
i-BMYEUF5ZqkJVawjRJ2AGUT,Lennart Alsén,true
i-BMvvzzThcsBmaQw4xDgX15,Ivan Warberg,true
i-BMvvzzThcsBmaQw4xDgX15,Peter Ivan Warberg,false
i-BMvvzzThcsBmaQw4xDgX15,Warberg,false
i-BN7hrp3MWW7LxGbB8eqBPh,Fredholm,false
i-BN7hrp3MWW7LxGbB8eqBPh,Henrik Fredholm,true
i-BN7hrp3MWW7LxGbB8eqBPh,Johan Henrik Gotthard Fredholm,false
i-BNPcdNmACXycfvLR8wqbHp,Ann-Charlotte Hammar,false
i-BNPcdNmACXycfvLR8wqbHp,Ann-Charlotte Hammar Johnsson,true
i-BNPchMuaTAad4g7pbxM8XC,Bo Martinsson,true
i-BNPchMuaTAad4g7pbxM8XC,Bo Nils Olof Martinsson,false
i-BNPchMuaTAad4g7pbxM8XC,Martinsson,false
i-BNWQgtDfxcr5WDooQoXSqi,Ulla Voss-Schrader,true
i-BNopNRTJ6yxtE9N9JcRvtW,Brolin,false
i-BNopNRTJ6yxtE9N9JcRvtW,Johan Gustaf Brolin,true
i-BNs9NctwwvjUQnQxyESNVd,Eva Christina Sonidsson,false
i-BNs9NctwwvjUQnQxyESNVd,Eva Sonidsson,true
i-BPER7EvtHwcVum52SKD8SD,Gerd Mahl Karlsson,true
i-BPER7EvtHwcVum52SKD8SD,Gerd Mahl Nilsson,false
i-BPER7EvtHwcVum52SKD8SD,Gerd Rosette Elisabet Mahl Nilsson,false
i-BPGYb4sQuEg2EmBWT8DkA2,Alströmer,false
i-BPGYb4sQuEg2EmBWT8DkA2,Carl Thore Jonas Alströmer,false
i-BPGYb4sQuEg2EmBWT8DkA2,Thore Alströmer,true
i-BPhvESwTS4sZBndBBZwpmE,Eva Thede,true
i-BPkBsgah8x1Nd1AqvUafxw,Carlberg,false
i-BPkBsgah8x1Nd1AqvUafxw,Per Carlberg,true
i-BPs8bXZi1zN1z1pikPgMYP,Nils Erik Wååg,true
i-BPs8bXZi1zN1z1pikPgMYP,Nils Wååg,false
i-BPs8bXZi1zN1z1pikPgMYP,Wååg,false
i-BPyL9xrSiFW1DR7Gx5wkdi,Andersson,false
i-BPyL9xrSiFW1DR7Gx5wkdi,Jan Lars Christer Andersson,false
i-BPyL9xrSiFW1DR7Gx5wkdi,Lars Andersson,true
i-BQQ4dRmnfYdhouxWmv5bYR,Ina Järlesjö,true
i-BQScTYw9e9X1t9N4oRxmpj,Adolf Norell,true
i-BQScTYw9e9X1t9N4oRxmpj,Norell,false
i-BQSn1kKDYkBawniKGBqERh,Jeppsson,false
i-BQSn1kKDYkBawniKGBqERh,John Jeppsson,true
i-BQk38xZFxNDqnNmPFzbAHx,Carl L Olausson,true
i-BQk38xZFxNDqnNmPFzbAHx,Carl Ludvig Olausson,false
i-BQk38xZFxNDqnNmPFzbAHx,Carl Olausson,false
i-BQk38xZFxNDqnNmPFzbAHx,Olausson,false
i-BQkxuAonXYMwkLiuxdAv6S,Niclas Lindberg,true
i-BRM4AiymSvYJ8CY7PeMc6F,Bruce,false
i-BRM4AiymSvYJ8CY7PeMc6F,Nils Olof Bruce,false
i-BRM4AiymSvYJ8CY7PeMc6F,Olof Bruce,true
i-BRVDAnCnib83pYossDYwRa,August Fredrik Weinberg,false
i-BRVDAnCnib83pYossDYwRa,August Weinberg,true
i-BRVDAnCnib83pYossDYwRa,Weinberg,false
i-BRbSgB6kTjTGkYknyWRHHb,Martin Olsson,true
i-BRbSgB6kTjTGkYknyWRHHb,Olsson,false
i-BRmUZfMLduEncvKwzTHutV,Frithiof Söderbergh,true
i-BRmUZfMLduEncvKwzTHutV,Svante Frithiof Edvard Söderbergh,false
i-BRmUZfMLduEncvKwzTHutV,Söderbergh,false
i-BRuzd8mx5ZrcGFkpRPTNji,Reinhold Jakob von Essen,false
i-BRuzd8mx5ZrcGFkpRPTNji,Reinhold von Essen,true
i-BRuzd8mx5ZrcGFkpRPTNji,von Essen,false
i-BS6ps5HhwmHVnkWMJgVqae,Blidfors,false
i-BS6ps5HhwmHVnkWMJgVqae,Johannes Blidfors,true
i-BS6ps5HhwmHVnkWMJgVqae,Torsten Efraim Johannes Blidfors,false
i-BSEtbZG4ePv3rfebXQWRkd,Nilsson,false
i-BSEtbZG4ePv3rfebXQWRkd,Torsten Nilsson,true
i-BT47MSwG1gLkUPj7t1NX3R,Magnus Sundström,true
i-BT47MSwG1gLkUPj7t1NX3R,Sundström,false
i-BTGqBdsxNPf1pwvV721ciW,Bertil Dahlén,true
i-BTGqBdsxNPf1pwvV721ciW,Dahlén,false
i-BTQHo9TKPt4psovBo1HK4X,Hans Nordgren,true
i-BTQHo9TKPt4psovBo1HK4X,Hans Per Wilhelm Nordgren,false
i-BTQHo9TKPt4psovBo1HK4X,Nordgren,false
i-BTT4KmhANXmGX5MoaLfFg9,Margareta Pålsson,true
i-BTYdghU4EMq5Q5aBuDLzBK,Björkquist,false
i-BTYdghU4EMq5Q5aBuDLzBK,Lola Björkquist,true
i-BUYvEhrSc9gnHcd6iS4eDJ,Allan Widman,true
i-BUsYTbnmyQrtHXSA2gEp9T,Torsten Lindström,true
i-BVCep6Z6PDPz44gLEcbB89,Carl G. Nilsson,true
i-BVCep6Z6PDPz44gLEcbB89,Carl Gustav Nilsson,false
i-BVCep6Z6PDPz44gLEcbB89,Nilsson,false
i-BWMiK93wmWx3GZyLYTeCYV,Carl August Molin,false
i-BWMiK93wmWx3GZyLYTeCYV,Carl Molin,true
i-BWMiK93wmWx3GZyLYTeCYV,Molin,false
i-BWRJYa7Tr185rgSmDSjQgU,Andersson,false
i-BWRJYa7Tr185rgSmDSjQgU,Arne Andersson,true
i-BWRJYa7Tr185rgSmDSjQgU,Arne Axel Amdersson,false
i-BWrrLCo5SxLJXHedGLLCjS,Anders Theodor Wallenius,false
i-BWrrLCo5SxLJXHedGLLCjS,Anders Wallenius,true
i-BWrrLCo5SxLJXHedGLLCjS,Wallenius,false
i-BXpR2GEHKN2fK4Av22X32z,Birgitta Ahlqvist,true
i-BXpR2GEHKN2fK4Av22X32z,Karin Birgitta Ahlqvist,false
i-BXpR2GEHKN2fK4Av22X32z,Karin Birgitta Alkvist,false
i-BYffGRDNfByecyMpUbbDdF,Andersson,false
i-BYffGRDNfByecyMpUbbDdF,Axel Andersson,true
i-BYjwZdBZQgLjpVecBi68Gh,Carl Sigvard Cruse,false
i-BYjwZdBZQgLjpVecBi68Gh,Cruse,false
i-BYjwZdBZQgLjpVecBi68Gh,Sigvard Cruse,true
i-BZ7PcK8D1efvHXsafGEMKE,Andreas Norlén,true
i-BZDMLaDZjTMLecbbyhYS3t,Hellström,false
i-BZDMLaDZjTMLecbbyhYS3t,Mats Hellström,true
i-BZDMLaDZjTMLecbbyhYS3t,Mats Johan Hellström,false
i-BZLHYUpd3pecPJhafTWcP,Persson,false
i-BZLHYUpd3pecPJhafTWcP,Ragnar Persson,true
i-BZLHYUpd3pecPJhafTWcP,Ragnar Valdemar Persson,false
i-BZYHPV3nNgdZRBW6KgTrPB,Gustaf Birger Hellman,false
i-BZYHPV3nNgdZRBW6KgTrPB,Gustaf Hellman,true
i-BZYHPV3nNgdZRBW6KgTrPB,Hellman,false
i-BZbnrNjY9pcUokRtrW7hbm,Carl Gustaf Teodor Wickman,false
i-BZbnrNjY9pcUokRtrW7hbm,Carl Gustaf Wickman,true
i-BZbnrNjY9pcUokRtrW7hbm,Wickman,false
i-Ba5pk2rGL4rDrzoirW3mNb,Fredriksson,false
i-Ba5pk2rGL4rDrzoirW3mNb,Karl Torsten Fredriksson,false
i-Ba5pk2rGL4rDrzoirW3mNb,Torsten Fredriksson,true
i-BaBRFz7sgjhbuqYiz8u7vt,Désirée Pethrus,true
i-BaoTdWzJCCPQoTCPVGY9A7,Berglund,false
i-BaoTdWzJCCPQoTCPVGY9A7,Johan Valdemar Berglund,false
i-BaoTdWzJCCPQoTCPVGY9A7,Valdemar Berglund,true
i-Bb3a5Tp3o3xtsMykxsBq3X,Johan Georg Johnsson,false
i-Bb3a5Tp3o3xtsMykxsBq3X,Johan Johnsson,true
i-Bb3a5Tp3o3xtsMykxsBq3X,Johnsson,false
i-BbKFhjo9kAo4oaRua8qzJo,Arne Persson,true
i-BbKFhjo9kAo4oaRua8qzJo,Persson,false
i-BbWhKN8LYooYPeK77uLHBD,Per Unckel,true
i-BbWhKN8LYooYPeK77uLHBD,Unckel,false
i-BbiLJyQjTgGoxdGRDLvnDo,Andersson,false
i-BbiLJyQjTgGoxdGRDLvnDo,Erik Gösta Andersson,false
i-BbiLJyQjTgGoxdGRDLvnDo,Gösta Andersson,true
i-BcpdUKhPbeES19rexxtwyD,Sermin Özürküt,true
i-BdGamkrAyFATWurnEU5s3K,Axel Gabriel Johan Svedelius,false
i-BdGamkrAyFATWurnEU5s3K,Axel Svedelius,true
i-BdGamkrAyFATWurnEU5s3K,Svedelius,false
i-BedoVVUtGhYy2ZeyUHdGDk,Herman Fredrik Lamm,false
i-BedoVVUtGhYy2ZeyUHdGDk,Herman Lamm,true
i-BedoVVUtGhYy2ZeyUHdGDk,Lamm,false
i-Beux79YM43dDCxrVuBqfWw,Torbjörn Björlund,true
i-BfjBjTNSiDeXTLc1DJWqTQ,Andreas Nilsson,true
i-BfjBjTNSiDeXTLc1DJWqTQ,Nilsson,false
i-BfmJ8hLMzGF9XMcc4M8Bfa,Cassandra Sundin,true
i-Bfy54QTrq7uXd38Kx2mLGE,Berndt Hasselrot,true
i-BgYMHuvQnmiXN1vtn6FCfK,Gillström,false
i-BgYMHuvQnmiXN1vtn6FCfK,Åke Gillström,true
i-BgyM5Tm3d8PzY9vxrrLcj4,Erik Lundbom,true
i-BgyM5Tm3d8PzY9vxrrLcj4,Johan Erik Lundbom,false
i-BgyM5Tm3d8PzY9vxrrLcj4,Lundbom,false
i-BhLT94K3EEgGwh3YGirz9S,Aron Christoffer Gunnarsson,true
i-BhLT94K3EEgGwh3YGirz9S,Gunnarsson,false
i-Bi2WZvAmtMKg1U6ue53ndW,Richard August Wawrinsky,false
i-Bi2WZvAmtMKg1U6ue53ndW,Richard Wawrinsky,true
i-Bi2WZvAmtMKg1U6ue53ndW,Wawrinsky,false
i-BiMpWamDCrtYZ5cYZ97cjT,Malin Löfsjögård,true
i-BiXbgRR8YzdywCma6BzTez,Israelsson,false
i-BiXbgRR8YzdywCma6BzTez,Per Israelsson,true
i-BibwVxLqqeX5rUkp4qZsoT,Ragnar Gyllensvärd,true
i-BibwVxLqqeX5rUkp4qZsoT,Ragnar Gyllenswärd,false
i-BibwVxLqqeX5rUkp4qZsoT,Ragnar Hugo Ferdinand Gyllenswärd,false
i-BijAhigzcR1MHdRoo4YtH5,Liselott Hagberg,true
i-Bio8tbASRyri8PZeHWMU4D,Aina Linde,false
i-Bio8tbASRyri8PZeHWMU4D,Aina Viola Hillevi Westin,false
i-Bio8tbASRyri8PZeHWMU4D,Aina Westin,true
i-Bio8tbASRyri8PZeHWMU4D,Westin,false
i-BitKAYgYMYZ7bLxJmgvN8s,Albert William Ohlsson,false
i-BitKAYgYMYZ7bLxJmgvN8s,Ohlsson,false
i-BitKAYgYMYZ7bLxJmgvN8s,William Ohlsson,false
i-BitKAYgYMYZ7bLxJmgvN8s,William Olsson,true
i-BjNiod8wotUabh41ByfhRU,Bo Turesson,true
i-BjNiod8wotUabh41ByfhRU,Turesson,false
i-BjeM1Hsbrf8mM7JBLXtGFk,Gunnar Spetz,true
i-BjeM1Hsbrf8mM7JBLXtGFk,Spetz,false
i-BjjxWBPyNaW4sPkC9AvZPw,Margareta Wallin-Johansson,true
i-Bk5ay6tFvBHcejdonHYHfa,Almquist,false
i-Bk5ay6tFvBHcejdonHYHfa,Helge Almquist,true
i-Bk5ay6tFvBHcejdonHYHfa,Helge Knut Hjalmar Almquist,false
i-BkQoi6KA1EKK9EEJhT16Cz,Ingegerd Troedsson,true
i-BkQoi6KA1EKK9EEJhT16Cz,Troedsson,false
i-BmST5ytpGNmM91VrrrMoRF,Fröding,false
i-BmST5ytpGNmM91VrrrMoRF,Nils Fröding,true
i-BmST5ytpGNmM91VrrrMoRF,Nils Gustaf Olof Fröding,false
i-Bmi9XXt8ni373cdiv3K6qx,Kenneth G. Forslund,true
i-Bmi9XXt8ni373cdiv3K6qx,Kenneth Gustaf Forslund,false
i-BmmCknnFJ7aPP89K4ZvaFq,Danström,false
i-BmmCknnFJ7aPP89K4ZvaFq,Ludvig Danström,true
i-BmrZd3Rg3Z2t3PAsyemrvL,Björkenstam,false
i-BmrZd3Rg3Z2t3PAsyemrvL,Knut Björkenstam,true
i-BmrZd3Rg3Z2t3PAsyemrvL,Knut Wilhelm Björkenstam,false
i-Bmxu9K3yS89dSP1etG4TRJ,Börje Runesson,true
i-Bmxu9K3yS89dSP1etG4TRJ,Runesson,false
i-BnHiBgFtncWWuL2vqzgWzD,Anders Elver Thorwald Ekdahl,false
i-BnHiBgFtncWWuL2vqzgWzD,Ekdahl,false
i-BnHiBgFtncWWuL2vqzgWzD,Thorwald Ekdahl,true
i-Bno3sd3Zxxh3J4z8T4TyrT,Anita Stenberg,true
i-Bno3sd3Zxxh3J4z8T4TyrT,Stenberg,false
i-Bnz3CtyDuUKaUuyY26aPwP,Lovén,false
i-Bnz3CtyDuUKaUuyY26aPwP,Pehr Sigurd Lovén,false
i-Bnz3CtyDuUKaUuyY26aPwP,Sigurd Lovén,true
i-BoL9XYAnLchxuCqnC95mXX,Ager,false
i-BoL9XYAnLchxuCqnC95mXX,Ruth Ager,true
i-BoL9XYAnLchxuCqnC95mXX,Ruth Maria Ager,false
i-BoRLrCqi4prCw3N11EyJPF,Karin Solveig Hellquist,false
i-BoRLrCqi4prCw3N11EyJPF,Solveig Hellquist,true
i-Botm2Gp8Nzu8PtrnVugd1N,Christina Andersson,true
i-Bowmcp4zrGYoCCMUkWNi8J,Ericsson,false
i-Bowmcp4zrGYoCCMUkWNi8J,Evald Ericsson,true
i-BpXx7nwLpg9Po4oYTZPzUj,Sivert Carlsson,true
i-BpbhXD9KYF8b5MTBrbGPWZ,Björling,false
i-BpbhXD9KYF8b5MTBrbGPWZ,Carl Björling,true
i-BpbhXD9KYF8b5MTBrbGPWZ,Carl Joel Björling,false
i-BpjQbCyD87dfhoTPHChrGZ,Eliasson,false
i-BpjQbCyD87dfhoTPHChrGZ,Jan Eliasson,true
i-BpjQbCyD87dfhoTPHChrGZ,Johan Eliasson,false
i-BprbpWQgeNpqWTF9sztgqA,Lars Lindblad,true
i-Bq5kFbphhtQdaR5oJhBA64,Emil Malmborg,true
i-Bq5kFbphhtQdaR5oJhBA64,Gustav Emil Malmborg,false
i-Bq5kFbphhtQdaR5oJhBA64,Malmborg,false
i-BqDGKscaLhUZHhaFFmx5pf,Bertil G Ohlin,false
i-BqDGKscaLhUZHhaFFmx5pf,Bertil Gotthard Ohlin,false
i-BqDGKscaLhUZHhaFFmx5pf,Bertil Ohlin,true
i-BqDGKscaLhUZHhaFFmx5pf,Ohlin,false
i-BqQH9ezwWaYDdL68ucmJxi,Persson,false
i-BqQH9ezwWaYDdL68ucmJxi,Set Persson,true
i-BqTEGFHCkiyw2BHdEDbheb,Nilsson,false
i-BqTEGFHCkiyw2BHdEDbheb,Sven Nilsson,true
i-BqxiGcrvRSyw7vSVD9ghzT,Nilsson,false
i-BqxiGcrvRSyw7vSVD9ghzT,Sven Nilsson,true
i-BrAo3z7vsfe5g7Q6iWvhFL,Anders Olsson,true
i-BrAo3z7vsfe5g7Q6iWvhFL,Olsson,false
i-BrKX6vUWqciKjmxtTB9GBV,Lisbeth Sundén Andersson,true
i-BrQ1B3ieN9yhKMjGAKHuqE,Axel Törner,true
i-BrQ1B3ieN9yhKMjGAKHuqE,Törner,false
i-BrefwLmQyv9KychpNsEvVG,Alarik Fredenberg,true
i-BrefwLmQyv9KychpNsEvVG,Fredenberg,false
i-BrjASYwo9T62jMPhtH59Zh,Johansson,false
i-BrjASYwo9T62jMPhtH59Zh,Petter Magnus Johansson,true
i-Bs6HAugbEikWxWig1ej69y,Lennart Sacrédeus,true
i-Bsa1bRZ8s4aqtJquDTqLPc,Ulf Berg,true
i-Bsa1bRZ8s4aqtJquDTqLPc,Ulf Erik Berg,false
i-BtEDDc8ZkodPivwnvjZCKA,Jonsson,false
i-BtEDDc8ZkodPivwnvjZCKA,Lars Johan Jonsson,false
i-BtEDDc8ZkodPivwnvjZCKA,Lars Jonsson,true
i-BtQ4ubBXfEg4xPiwpPM4Vt,Rolf Gustav Stefan Wirtén,false
i-BtQ4ubBXfEg4xPiwpPM4Vt,Rolf Wirtén,true
i-BtQ4ubBXfEg4xPiwpPM4Vt,Wirtén,false
i-BtszRKWKgFfiTcr2r2Ek6j,Sven Wedén,true
i-BtszRKWKgFfiTcr2r2Ek6j,Wedén,false
i-BtvLLTdEWsPLoULTnmNQvo,Jönsson,false
i-BtvLLTdEWsPLoULTnmNQvo,Paul Jönsson,true
i-BuoQWnUhmgcCdqGHDfNkww,Hanson,false
i-BuoQWnUhmgcCdqGHDfNkww,Per-Olof Hanson,true
i-Bv85PfPyP6Kza9FMou862E,Carl Ekman,true
i-Bv85PfPyP6Kza9FMou862E,Ekman,false
i-BvW79W4WsVDaDHA2t5P9cQ,Andersson,false
i-BvW79W4WsVDaDHA2t5P9cQ,Gunnar Andersson,true
i-BvW79W4WsVDaDHA2t5P9cQ,Gunnar Aron Andersson,false
i-BvxBJicYo5FW1E9fuXk8LW,Owe Hellberg,true
i-Bw3CRjjRDucPSzgj8LJkE4,Sten Söderberg,true
i-Bw3CRjjRDucPSzgj8LJkE4,Söderberg,false
i-BwY2whLwKe1V2Hwha5xS55,Lars Månsson,true
i-BwY2whLwKe1V2Hwha5xS55,Månsson,false
i-Bwox3EjKfvDRkzWdd46vzA,T. G. v. Seth,false
i-Bwox3EjKfvDRkzWdd46vzA,Torgil Gabriel Alexander von Seth,false
i-Bwox3EjKfvDRkzWdd46vzA,Torgil von Seth,true
i-Bwox3EjKfvDRkzWdd46vzA,von Seth,false
i-Bx9fbNBh4ybH7H2kWavRdb,Gabriel Romanus,true
i-Bx9fbNBh4ybH7H2kWavRdb,Lars Gabriel Romanus,false
i-Bx9fbNBh4ybH7H2kWavRdb,Romanus,false
i-BxH3NSJM4BrovQLAHNuY8H,Ella Johnsson,true
i-BxH3NSJM4BrovQLAHNuY8H,Johnsson,false
i-BxQULY1dLx35woPC8vEGQ,Alexanderson,false
i-BxQULY1dLx35woPC8vEGQ,Carl Abraham Alexanderson,false
i-BxQULY1dLx35woPC8vEGQ,Carl Alexanderson,true
i-BxjA8CtLt5WrWsPVvWSLBt,Nestrup,false
i-BxjA8CtLt5WrWsPVvWSLBt,Nils Nestor Nestrup,false
i-BxjA8CtLt5WrWsPVvWSLBt,Nils Nestrup,true
i-BytdFfh3YuhnvkuEUjKtkY,Gunnar Lodenius,true
i-BytdFfh3YuhnvkuEUjKtkY,Lodenius,false
i-BytdFfh3YuhnvkuEUjKtkY,Viktor Gunnar Lodenius,false
i-BzYgGpLotxmsWDEnHPnKgu,Lennart Mattsson,true
i-BzYgGpLotxmsWDEnHPnKgu,Mattsson,false
i-BzccJvrsm3YED8gWPHwfGn,Karl Gustav Abramsson,true
i-C1dumaUjqTgW3QkeLTYGVm,Gustaf Olsson,true
i-C1dumaUjqTgW3QkeLTYGVm,Olsson,false
i-C1fZBCKUGy1gZCDs8Cfrc6,Abraham Berglund,true
i-C1fZBCKUGy1gZCDs8Cfrc6,Berglund,false
i-C24azNNi8ERyiqeewBq9vS,August Persson,true
i-C24azNNi8ERyiqeewBq9vS,Persson,false
i-C2VM46vRGtzGexbCmpfNpg,Pehr Jacob Ehrenheim,false
i-C2VM46vRGtzGexbCmpfNpg,Pehr von Ehrenheim,true
i-C2VM46vRGtzGexbCmpfNpg,von Ehrenheim,false
i-C2s3YhmmVmNkgvznmmnD4x,Per Bolund,true
i-C2s3YhmmVmNkgvznmmnD4x,Per Daniel Bolund,false
i-C35T2p8YzaajordcxyTv9z,Per Svensson,true
i-C35T2p8YzaajordcxyTv9z,Svensson,false
i-C35yyip4t5V4hBSBwnGD7Z,Per Edvin Sköld,true
i-C35yyip4t5V4hBSBwnGD7Z,Sköld,false
i-C36nTuziKMuU7CCNJm8Dgo,Kristin Oretorp,true
i-C36nTuziKMuU7CCNJm8Dgo,Sara Sofia Kristin Oretorp,false
i-C3AtGSK2kCCQrcij1zKWxy,David Emanuel Hall,false
i-C3AtGSK2kCCQrcij1zKWxy,David Gustafsson,false
i-C3AtGSK2kCCQrcij1zKWxy,David Hall,true
i-C3AtGSK2kCCQrcij1zKWxy,Gustavson,false
i-C3AtGSK2kCCQrcij1zKWxy,Hall,false
i-C3fSSzQDuoh3kKasHW4AKa,Sonja Fransson,true
i-C3fSSzQDuoh3kKasHW4AKa,Sonja Ingrid Mildred Fransson,false
i-C3g8qo8CaLkaffDmgmdDBY,Carlsson,false
i-C3g8qo8CaLkaffDmgmdDBY,Gustaf Carlsson,true
i-C3g8qo8CaLkaffDmgmdDBY,Johan Gustaf Carlsson,false
i-C3gWg8iCPVzkTtCPyTNWPt,Emil Erhard Näsström,false
i-C3gWg8iCPVzkTtCPyTNWPt,Emil Näsström,true
i-C3gWg8iCPVzkTtCPyTNWPt,Näsström,false
i-C3pbJfgMjJipDqWLJcuDvz,Aphram Melki,true
i-C3ssPUv2X6tsSEWo9qPD5D,Andersson,false
i-C3ssPUv2X6tsSEWo9qPD5D,Birger Andersson,true
i-C42HYWXtX9Sq2Aq83rz3ZE,Abraham Halef,true
i-C44sMEE9ocAndjedeN9fLp,Yvonne Ruwaida,true
i-C4QS4gxWUMydutdM42dsft,Karl Ernst Magnusson,false
i-C4QS4gxWUMydutdM42dsft,Karl Magnusson,true
i-C4QS4gxWUMydutdM42dsft,Magnusson,false
i-C51LtkfFfJgLEsjX8iE6cg,Anders Andersson,true
i-C51LtkfFfJgLEsjX8iE6cg,Andersson,false
i-C5JetE1KcaA3AEzNVRe5CG,Ulla-Britt Åbark,true
i-C5JetE1KcaA3AEzNVRe5CG,Åbark,false
i-C5oSgDpxjTK7J31TqsPEwQ,Claes Roxbergh,true
i-C5oSgDpxjTK7J31TqsPEwQ,Roxbergh,false
i-C6AHTsGLfWs8c3HTQyHiro,Carl Johan Johansson,true
i-C6AHTsGLfWs8c3HTQyHiro,Johansson,false
i-C6HNwpn1FYD7iQBA8QzbWE,Eric Ericson,true
i-C6HNwpn1FYD7iQBA8QzbWE,Ericson,false
i-C6HNwpn1FYD7iQBA8QzbWE,Johan Eric Ericson,false
i-C6MPg8QS78d6rtHZ6Jc424,Bohlin,false
i-C6MPg8QS78d6rtHZ6Jc424,Sinikka Bohlin,true
i-C6aD4fFdpUi2nPQGB6E1W7,Cavalli,false
i-C6aD4fFdpUi2nPQGB6E1W7,Henrik Cavalli,true
i-C6aD4fFdpUi2nPQGB6E1W7,Per Axel Henrik Cavalli,false
i-C6h82v5qVtasAovgeXnC2a,Carl Fredrik Hederstierna,false
i-C6h82v5qVtasAovgeXnC2a,Carl Fredrik Wilhelm Hederstierna,false
i-C6h82v5qVtasAovgeXnC2a,Carl Hederstierna,true
i-C6h82v5qVtasAovgeXnC2a,Hederstierna,false
i-C7DZuYBTYVgDDEa9nQ2V9Z,Ejnar Lindbärg,true
i-C7DZuYBTYVgDDEa9nQ2V9Z,Knut Ejnar Lindbärg,false
i-C7DZuYBTYVgDDEa9nQ2V9Z,Lindbärg,false
i-C7UubUEibHL8dkQPBcYG1M,Gustaf Rydén,true
i-C7UubUEibHL8dkQPBcYG1M,Rydén,false
i-C7kGGZBVXyqtxAjpTfN3gS,John Pehrsson,true
i-C7kGGZBVXyqtxAjpTfN3gS,Pehrsson,false
i-C842r64wWtgCH96JedB7oD,Erik Laurén,true
i-C842r64wWtgCH96JedB7oD,Laurén,false
i-C8AtWSyu9UUdjr3d1wvyNs,Thor Mattisson,true
i-C8AurAmxvP4Mf5VjS5h6ic,K Sven-Göran Olhede,false
i-C8AurAmxvP4Mf5VjS5h6ic,Klas Sven-Göran Olhede,false
i-C8AurAmxvP4Mf5VjS5h6ic,Olhede,false
i-C8AurAmxvP4Mf5VjS5h6ic,Sven-Göran Olhede,true
i-C8PkJMK2t4qxHVLF67oQfy,Karl Johan Vilhelm Lundström,false
i-C8PkJMK2t4qxHVLF67oQfy,Lundström,false
i-C8PkJMK2t4qxHVLF67oQfy,Vilhelm Lundström,true
i-C8hXep4VfcFmj8MnNnxvJ6,Nils Nilsson,true
i-C8hXep4VfcFmj8MnNnxvJ6,Nilsson,false
i-C8nuwd4NC4PTEGDpr64Cno,August Cervin,true
i-C8nuwd4NC4PTEGDpr64Cno,Cervin,false
i-C9K2zQhbi7bGUXtbQLDqku,Hallwyl,false
i-C9K2zQhbi7bGUXtbQLDqku,Walther von Hallwyl,true
i-C9K2zQhbi7bGUXtbQLDqku,von Hallwyl,false
i-CA3pFyLdFtkVneaXbdnyV4,Karl Åke Sture Polstam,false
i-CA3pFyLdFtkVneaXbdnyV4,Polstam,false
i-CA3pFyLdFtkVneaXbdnyV4,Åke Polstam,true
i-CACgimSSwyWTa9yioWxPRC,Eldensjö,false
i-CACgimSSwyWTa9yioWxPRC,Kjell Eldensjö,true
i-CAMVj9o4VjUkqFZqH7JTMp,Helge Klöver,true
i-CAMVj9o4VjUkqFZqH7JTMp,Klöver,false
i-CArzepfsAJyeAEb6ZwQ2sy,Hulda Skoglund-Lindblom,true
i-CArzepfsAJyeAEb6ZwQ2sy,Skoglund-Lindblom,false
i-CB2z8QUnc7dMfvd8PAWaX6,Lidman-Frostenson,false
i-CB2z8QUnc7dMfvd8PAWaX6,Ulla Ebba Catharina Lidman,false
i-CB2z8QUnc7dMfvd8PAWaX6,Ulla Ebba Catharina Lidman-Frostenson,false
i-CB2z8QUnc7dMfvd8PAWaX6,Ulla Lidman-Frostenson,true
i-CBtNTZGJtZPBBSm4FxdhSN,Gerda Höjer,true
i-CBtNTZGJtZPBBSm4FxdhSN,Höjer,false
i-CBuK3dFLMHFNiQVSusHsaD,Melin,false
i-CBuK3dFLMHFNiQVSusHsaD,Ulf Melin,true
i-CBvEVpUTWYnAYiATHqHqj,Bernhard Santesson,true
i-CBvEVpUTWYnAYiATHqHqj,Bernhard Theodor Santesson,false
i-CBvEVpUTWYnAYiATHqHqj,Santesson,false
i-CC15Mek2X4Kux8g4DWxYCS,Erik Johan Severin,false
i-CC15Mek2X4Kux8g4DWxYCS,Erik Severin,true
i-CC15Mek2X4Kux8g4DWxYCS,Severin,false
i-CC4z6y829HSoYCYrGDHrtv,Kenth Högström,true
i-CDKhUdmb1S9QFH6sC7PTmi,Erik Almqvist,true
i-CDPmVaqqS4kFscPWtDJC7c,Damström,false
i-CDPmVaqqS4kFscPWtDJC7c,Karl Adolf Damström,false
i-CDPmVaqqS4kFscPWtDJC7c,Karl Damström,true
i-CDR3CxvefYeeomKACi2qKN,Andersson,false
i-CDR3CxvefYeeomKACi2qKN,Hans Andersson,true
i-CDjSHpShj8K86Tq8DTYWY1,De Geer af Finspång,false
i-CDjSHpShj8K86Tq8DTYWY1,Gerard De Geer,true
i-CDjSHpShj8K86Tq8DTYWY1,Gerard Jacob De Geer,false
i-CDjSHpShj8K86Tq8DTYWY1,Gerard Jakob De Geer,false
i-CDtcRAHWKsFZPBcvtTcbW5,Karl-Erik Svartberg,true
i-CDtcRAHWKsFZPBcvtTcbW5,Svartberg,false
i-CEfqbpA8oaZDiGioappJrM,Alemyr,false
i-CEfqbpA8oaZDiGioappJrM,Stig Alemyr,true
i-CEfqbpA8oaZDiGioappJrM,Stig Roland Alemyr,false
i-CFBTXiBcPe8NYPXcemieGp,Bäckgren,false
i-CFBTXiBcPe8NYPXcemieGp,Carl Gustaf Bäckgren,false
i-CFBTXiBcPe8NYPXcemieGp,Gustaf Bäckgren,true
i-CFgTG42GDu6i8infTbEfdz,Anders Olsson,true
i-CFgTG42GDu6i8infTbEfdz,Olsson,false
i-CFgbZeCcJGhC2XsHdc2MkV,Johan Adolf Theodor Nilsson,false
i-CFgbZeCcJGhC2XsHdc2MkV,Nilsson,false
i-CFgbZeCcJGhC2XsHdc2MkV,Theodor Nilsson,true
i-CFrV2TyBYXoaSUjKGX9fA,David Otto Mauritz Silfverstolpe,false
i-CFrV2TyBYXoaSUjKGX9fA,Mauritz Silfverstolpe,true
i-CFrV2TyBYXoaSUjKGX9fA,Silfverstolpe,false
i-CGE4bZLZ5QNrC7d32a1snU,Nils J Sigfrid,false
i-CGE4bZLZ5QNrC7d32a1snU,Nils Sigfrid,true
i-CGE4bZLZ5QNrC7d32a1snU,Sigfrid,false
i-CGSD9z8yQ5S4qfXaaeczbU,Ernst August Lantz,true
i-CGSD9z8yQ5S4qfXaaeczbU,Lantz,false
i-CGzX4nnnDeAszRpv5wPm83,Karl Konstanin Westerström,false
i-CGzX4nnnDeAszRpv5wPm83,Karl Konstans Westerström,false
i-CGzX4nnnDeAszRpv5wPm83,Karl Westerström,true
i-CGzX4nnnDeAszRpv5wPm83,Westerström,false
i-CHJPjAq3cfFXw6rLQ1zPWT,Lena Baastad,false
i-CHJPjAq3cfFXw6rLQ1zPWT,Lena Rådström Baastad,true
i-CHJPjAq3cfFXw6rLQ1zPWT,Lena Therese Rådström Baastad,false
i-CHK4pmDUSNrTx9whg8Wpnu,Johannes Johansson,false
i-CHK4pmDUSNrTx9whg8Wpnu,Johannes Onsjö,true
i-CHK4pmDUSNrTx9whg8Wpnu,Johansson,false
i-CHSiUzWc5r6kp8ToWv26VG,Maj-Britt Elisabet Wallhorn,false
i-CHSiUzWc5r6kp8ToWv26VG,Maj-Britt Wallhorn,true
i-CHb5QD22TtN9sqpp7iBcmw,Margareta E. Nordenvall,true
i-CHmkTpxgGxyTsWpgrhnXr6,Johnsson,false
i-CHmkTpxgGxyTsWpgrhnXr6,Pehr Johnsson,true
i-CHrawWriCQrJY5QQztrvv7,Carl Fredrik Oscar Åkerberg,false
i-CHrawWriCQrJY5QQztrvv7,Fredrick Åkerberg,true
i-CHrawWriCQrJY5QQztrvv7,Fredrik Åkerberg,false
i-CHrawWriCQrJY5QQztrvv7,Åkerberg,false
i-CJ1mGeSpx3Qan3wxFAzPPP,Andrea Törnestam,true
i-CJ2A9EDvVX5GDYm4ek2CH8,Carl Östlund,true
i-CJ2A9EDvVX5GDYm4ek2CH8,Östlund,false
i-CJ8VxhEn7B4ML38d2dZPgd,Carl Ludvig von Hohenhausen,true
i-CJGH9Zi3QLfkXV98wNJPXh,Per Tysk,true
i-CJGH9Zi3QLfkXV98wNJPXh,Tysk,false
i-CJrCTNjx52Xn65aijhiykK,Hans Holmlin,true
i-CJrCTNjx52Xn65aijhiykK,Holmlin,false
i-CKB9zf1Fa9swzv75FZtCFn,Alfred Waldenström,true
i-CKB9zf1Fa9swzv75FZtCFn,Waldenström,false
i-CKE7aDduHCi2h4vSdJ8r3f,Baron Slusk,false
i-CKE7aDduHCi2h4vSdJ8r3f,Christoffer Rutger Ludvig Manderström,false
i-CKE7aDduHCi2h4vSdJ8r3f,Christopher Rutger Ludvig Manderström,false
i-CKE7aDduHCi2h4vSdJ8r3f,Ludvig Manderström,true
i-CKE7aDduHCi2h4vSdJ8r3f,Manderström,false
i-CKNS4ECLHLt8ewceWcsVsp,Nils Ragnar Wiking Rosenberg,false
i-CKNS4ECLHLt8ewceWcsVsp,Ragnar Rosenberg,true
i-CKNS4ECLHLt8ewceWcsVsp,Rosenberg,false
i-CKPxoexCDVwLwSdbnob6s2,Charles Emil Adolf Gustaf Piper,false
i-CKPxoexCDVwLwSdbnob6s2,Charles Emil Piper,false
i-CKPxoexCDVwLwSdbnob6s2,Charles Piper,true
i-CKPxoexCDVwLwSdbnob6s2,Piper,false
i-CKeMdsg9MbymP6ZEKomqw4,Berglund,false
i-CKeMdsg9MbymP6ZEKomqw4,Carl Berglund,true
i-CKeMdsg9MbymP6ZEKomqw4,Carl V L Berglund,false
i-CKeMdsg9MbymP6ZEKomqw4,Carl Vilhelm Laurentius Berglund,false
i-CKu9S1kewRGpyfxsYgrR6d,Anders Gustaf Ericsson,false
i-CKu9S1kewRGpyfxsYgrR6d,Ericsson,false
i-CKu9S1kewRGpyfxsYgrR6d,Gustaf Ericsson,true
i-CL9JxBMKYKcePiYAowsQyH,Andersson,false
i-CL9JxBMKYKcePiYAowsQyH,Emil Andersson,true
i-CLb64zAX7yr86UaNA9TcfP,Henning Wilhelm Mauritz von Krusenstierna,false
i-CLb64zAX7yr86UaNA9TcfP,Henning von Krusenstierna,true
i-CLumAYb3xrgqPcWz3Gu397,Bror Carl Lundkvist,false
i-CLumAYb3xrgqPcWz3Gu397,Bror K Lundkvist,false
i-CLumAYb3xrgqPcWz3Gu397,Bror Karl Lundkvist,false
i-CLumAYb3xrgqPcWz3Gu397,Bror Lundkvist,true
i-CLumAYb3xrgqPcWz3Gu397,Lundkvist,false
i-CMGiiZNVocLdbkuKqXgWTG,Berndtson,false
i-CMGiiZNVocLdbkuKqXgWTG,Nils Artur Berndtson,false
i-CMGiiZNVocLdbkuKqXgWTG,Nils Berndtson,true
i-CMcCHP4M4fTSvskDVXpQgV,Anders Andersson,true
i-CMcCHP4M4fTSvskDVXpQgV,Andersson,false
i-CMeN1LMPs7fPYY5k3Y79z4,August Sundblad,true
i-CMeN1LMPs7fPYY5k3Y79z4,Sundblad,false
i-CMoRRNd5mmMNzLy51CkWv4,Gunnar Falla,true
i-CMoRRNd5mmMNzLy51CkWv4,Gunnar Persson,false
i-CMoRRNd5mmMNzLy51CkWv4,Persson,false
i-CMr6GHE5oX3sRg9ewp17rH,Leonard Maijström,true
i-CMr6GHE5oX3sRg9ewp17rH,Maijström,false
i-CMr6GHE5oX3sRg9ewp17rH,Paul Leonard Maijström,false
i-CN2UUpRS3AEJJ1wyZ3WtyP,Gustafsson,false
i-CN2UUpRS3AEJJ1wyZ3WtyP,Gösta Gustafsson,true
i-CN5GcrTCAiACbxzR19qgkc,Amundson,false
i-CN5GcrTCAiACbxzR19qgkc,Ruth Amundson,true
i-CN5GcrTCAiACbxzR19qgkc,Ruth Karin Maria Amundson,false
i-CN8Ax1AGAeNQfgGEixwxQ7,Karlsson,false
i-CN8Ax1AGAeNQfgGEixwxQ7,Rinaldo Karlsson,true
i-CNBy5dFgNNyEozHVpAj93c,Jacob Johnson,true
i-CNvLbrNqC9tGtN8NpANMA3,Gustaf Nilson,true
i-CNvLbrNqC9tGtN8NpANMA3,Gustav Erik Nilsson,false
i-CNvLbrNqC9tGtN8NpANMA3,Nilsson,false
i-CP1NFcCA4knd73wq3oaYZW,Börje Stensson,true
i-CP1NFcCA4knd73wq3oaYZW,Stensson,false
i-CPfUdQUFStbLWNfMwcYqBw,Nils Persson,true
i-CPfUdQUFStbLWNfMwcYqBw,Persson,false
i-CPtoMWgLrgv4G3RshUo2Y1,Johan August Johansson,true
i-CPtoMWgLrgv4G3RshUo2Y1,Johansson,false
i-CQCbk3hcKEhENmU1urNQYc,G. A. E. Kronlund,false
i-CQCbk3hcKEhENmU1urNQYc,Georg Adolf Edvin Kronlund,false
i-CQCbk3hcKEhENmU1urNQYc,Georg Kronlund,true
i-CQCbk3hcKEhENmU1urNQYc,Kronlund,false
i-CQNunnuF81FHJsj8WZxmf8,Ewald Gustav Valdemar Johannesson,false
i-CQNunnuF81FHJsj8WZxmf8,Ewald Johannesson,true
i-CQNunnuF81FHJsj8WZxmf8,Johannesson,false
i-CQamupPnhXCRdDFfdWsNoM,Bengt Johan Jönsson,false
i-CQamupPnhXCRdDFfdWsNoM,Johan Jönsson,true
i-CQamupPnhXCRdDFfdWsNoM,Jönsson,false
i-CQhB6x9PhEPY4XxhzGDRx9,Karl Gustav Viklund,false
i-CQhB6x9PhEPY4XxhzGDRx9,Karl Viklund,true
i-CQhB6x9PhEPY4XxhzGDRx9,Viklund,false
i-CQtoxcCx8s7hYkzafGerhR,Arvid Nilsson,true
i-CQtoxcCx8s7hYkzafGerhR,Nilsson,false
i-CQwK55qAkVUZt7PtiHxAxd,P.-O. STRINDBERG,false
i-CQwK55qAkVUZt7PtiHxAxd,Per-Olof Johan Strindberg,false
i-CQwK55qAkVUZt7PtiHxAxd,Per-Olof Strindberg,true
i-CQwK55qAkVUZt7PtiHxAxd,Strindberg,false
i-CRg57QyeX8aiXhez3Dk7Ai,Schwerin,false
i-CRg57QyeX8aiXhez3Dk7Ai,Werner von Schwerin,true
i-CRg57QyeX8aiXhez3Dk7Ai,von Schwerin,false
i-CRrQ11jBYKgVxkui4zFH5v,Magnus Jogan Täcklind,false
i-CRrQ11jBYKgVxkui4zFH5v,Magnus Täcklind,true
i-CRrQ11jBYKgVxkui4zFH5v,Täcklind,false
i-CSGB7BSLWcVycgnbynHD51,Johansson,false
i-CSGB7BSLWcVycgnbynHD51,Knut Brynolf Martin Johansson,false
i-CSGB7BSLWcVycgnbynHD51,Knut Johansson,true
i-CSSvFYJqF1rNFZNiY5Xnmx,Mats Gerdau,true
i-CSSvFYJqF1rNFZNiY5Xnmx,Mats Peter Gerdau,false
i-CSYUL6TKHTJUbrxfYUfcEk,Anders Emanuel Ros,false
i-CSYUL6TKHTJUbrxfYUfcEk,Anders Ros,true
i-CSYUL6TKHTJUbrxfYUfcEk,Ros,false
i-CTRDnjHvysaSVk2BrDb7Nd,Jacob Spens,true
i-CTRDnjHvysaSVk2BrDb7Nd,Jacob Wilhelm Spens,false
i-CTRDnjHvysaSVk2BrDb7Nd,Spens,false
i-CTcLzM4zKUFTMMReYZVn2H,Anderson,false
i-CTcLzM4zKUFTMMReYZVn2H,Johan Eric Anderson,true
i-CTtrTJpWLfPLDUNWuLctMB,Emil Petersson,true
i-CTtrTJpWLfPLDUNWuLctMB,Peter Emil Petersson,false
i-CTtrTJpWLfPLDUNWuLctMB,Petersson,false
i-CU4eSFiFKKx8yk9jS92iFV,Bagge,false
i-CU4eSFiFKKx8yk9jS92iFV,Gösta Bagge,true
i-CUTJJgAGx5ob6YXU1BcjVG,Denis Begic,true
i-CUukTuMrujdJnRf5hwhGP2,Elfving,false
i-CUukTuMrujdJnRf5hwhGP2,Gösta Elfving,true
i-CUukTuMrujdJnRf5hwhGP2,Oskar Gösta Charles Elfving,false
i-CUvgh8FbAS51NxDGz1KFL7,Anders Ahlgren,true
i-CVCXfw1YgSNtfc8szARmnb,Hyttring,false
i-CVCXfw1YgSNtfc8szARmnb,Jan Evert Hyttring,false
i-CVCXfw1YgSNtfc8szARmnb,Jan Hyttring,true
i-CVG5H18C4Zmb44stfabVSc,Allan Georg Fredrik Vougt,false
i-CVG5H18C4Zmb44stfabVSc,Allan Vougt,true
i-CVG5H18C4Zmb44stfabVSc,Vougt,false
i-CVa3GtLUphESXFxPuwSvNV,Karl Erik Olsson,true
i-CVa3GtLUphESXFxPuwSvNV,Olsson,false
i-CVoCUBTPiiHqu1xJR1mYMs,Anders Fredrik Broström,false
i-CVoCUBTPiiHqu1xJR1mYMs,Broström,false
i-CVoCUBTPiiHqu1xJR1mYMs,Fredrik Broström,true
i-CW5YBUyvpNEdY38AxaAJng,Gustav Engelbert Holm,false
i-CW5YBUyvpNEdY38AxaAJng,Gustav Holm,true
i-CW5YBUyvpNEdY38AxaAJng,Holm,false
i-CWFbCpTNYcEzzAhNPvdKj9,Nilsson,false
i-CWFbCpTNYcEzzAhNPvdKj9,Olof Nilsson,true
i-CWLq4aq3r7xBNvLFbzBxom,Axel Löfgren,true
i-CWLq4aq3r7xBNvLFbzBxom,Löfgren,false
i-CWUxSXzDg63TTMyFwngh5N,Adam Hult,true
i-CWUxSXzDg63TTMyFwngh5N,Adam Jonatan Hult,false
i-CWUxSXzDg63TTMyFwngh5N,Hult,false
i-CWWYqdnnUFLvQEhYk3V8Wo,Linders,false
i-CWWYqdnnUFLvQEhYk3V8Wo,Sven Linders,true
i-CWWYqdnnUFLvQEhYk3V8Wo,Sven Nilsson Linders,false
i-CWfiHdNSdGTUVN8YTsZNYc,Camilla Dahlin-Andersson,true
i-CWitrJGVd6NKk1cewd2XaY,Persson,false
i-CWitrJGVd6NKk1cewd2XaY,Yngve Persson,true
i-CXFCZFq2nZauNUKatGNNgK,Carl Johan Storckenfeldt,false
i-CXFCZFq2nZauNUKatGNNgK,Carl Storckenfeldt,true
i-CXFCZFq2nZauNUKatGNNgK,Storckenfeldt,false
i-CXFCZFq2nZauNUKatGNNgK,Storckenfelt,false
i-CXH952YTwEBp1MrBj68c64,My Gillberg,true
i-CXJs3vHzVoES7NXKVkYeoe,Anders Sundvik,true
i-CXJs3vHzVoES7NXKVkYeoe,Sundvik,false
i-CXnh7E1eZgYvyPUwWW1W6h,Johan Rutberg,true
i-CXnh7E1eZgYvyPUwWW1W6h,Rutberg,false
i-CYQXMbTJsLyt2Dt3gwbE3g,Boman,false
i-CYQXMbTJsLyt2Dt3gwbE3g,Rudolf Boman,true
i-CYXB5gc8UwhvnW3jqhdnoq,Sven Gunnar Persson,true
i-CZYhqMaUy5VkTwsMNWg9pc,Berggren,false
i-CZYhqMaUy5VkTwsMNWg9pc,Inga Berggren,true
i-CZYhqMaUy5VkTwsMNWg9pc,Inga Kristina Berggren,false
i-CZfz17878t3hy5c58Bz5VJ,David Ollén,true
i-CZfz17878t3hy5c58Bz5VJ,Ollén,false
i-Ca4vSGXLUHJmoroaLz9BvD,Åsa Karlsson,true
i-CaQWC2kZvYP2UJrKQsmAjU,Frits Leander Lindqvist,false
i-CaQWC2kZvYP2UJrKQsmAjU,Frits Lindqvist,true
i-CaQWC2kZvYP2UJrKQsmAjU,Fritz Leander Lindqvist,false
i-CaQWC2kZvYP2UJrKQsmAjU,Lindqvist,false
i-CaReJU7GckAgFwH9eRz9J,Alexander Åkerhielm,true
i-CaReJU7GckAgFwH9eRz9J,Bror Christian Alexander Bonde Åkerhielm,false
i-CaReJU7GckAgFwH9eRz9J,Åkerhielm af Margretelund,false
i-CajxChHCyySL6R6AQNT1bF,Anna Kinberg Batra,true
i-CakSt71sHecUuCwQm5ALoP,Kerstin Margareta Warnerbring,false
i-CakSt71sHecUuCwQm5ALoP,Kerstin Warnerbring,true
i-CavYjhVERLJM4FagRagnHa,Brita Löwenhielm,true
i-CavYjhVERLJM4FagRagnHa,Löwenhielm,false
i-Caz7gZ2D5g4ZT1C9y5aErb,Troed Troedsson,true
i-Caz7gZ2D5g4ZT1C9y5aErb,Troedsson,false
i-CbLt4jaPJd5mKjDaGXr293,Anders Emil Johansson,false
i-CbLt4jaPJd5mKjDaGXr293,Anders Johansson,true
i-CbLt4jaPJd5mKjDaGXr293,Johansson,false
i-CbP8sTV35SJqStcUchg5Qq,Erik Huss,true
i-CbP8sTV35SJqStcUchg5Qq,Erik Johan Huss,false
i-Cbfe9kLftFCPyoPQ2gDG1P,Charlotte Quensel,true
i-CcBP7WNKRWLHe9TiVYkGbJ,Gillner-Ringenson,false
i-CcBP7WNKRWLHe9TiVYkGbJ,Sigrid Gillner,true
i-CcBP7WNKRWLHe9TiVYkGbJ,Sigrid Maria Fred Gillner-Ringenson,false
i-CcBP7WNKRWLHe9TiVYkGbJ,Sigrid Maria Fredrika Gillner-Ringenson,false
i-CcBP7WNKRWLHe9TiVYkGbJ,Sigrid Maria Gillner-Ringenson,false
i-CcdZckB2ErC625pmVtogZg,Leni Björklund,true
i-Ccf5co4J8vgacyaAV8GHKW,Kaj Lokander,true
i-Ccf5co4J8vgacyaAV8GHKW,Kaj Tore Lokander,false
i-Ccf5co4J8vgacyaAV8GHKW,Lokander,false
i-CcpzmowRD9FCdmx6qJ2zA4,Forssling,false
i-CcpzmowRD9FCdmx6qJ2zA4,Johan Oscar Forssling,false
i-CcpzmowRD9FCdmx6qJ2zA4,Oscar Forssling,true
i-Cd1KL55s1P4VpgkZMge4ns,Maria Abrahamsson,true
i-Cd1KL55s1P4VpgkZMge4ns,Maria Elisabeth Abrahamsson,false
i-CdKPr5PV7B8cJEHJFtQGGn,Peter Helander,true
i-Cdgsqn4Ts9WMwbjXcE4537,Gårdestig,false
i-Cdgsqn4Ts9WMwbjXcE4537,Märta Ingeborg Gårdestig,false
i-Cdgsqn4Ts9WMwbjXcE4537,Märta Ingeborg Hedman,false
i-Cdgsqn4Ts9WMwbjXcE4537,Märtha Gårdestig,true
i-Cdgsqn4Ts9WMwbjXcE4537,Märtha Ingeborg Gårdestig,false
i-CeD33j2BoygGUPjxMfLU4K,Anders Reinhold,false
i-CeD33j2BoygGUPjxMfLU4K,Anders Reinhold Holm,true
i-CeD33j2BoygGUPjxMfLU4K,Holm,false
i-CeGvv2Aweq3Yr9kqppiSub,Carl Frick,true
i-CeGvv2Aweq3Yr9kqppiSub,Carl Gilius Frick,false
i-CeGvv2Aweq3Yr9kqppiSub,Frick,false
i-CefVg4hZQCLumkjC463hGu,Per Adolf de Jounge,true
i-CefVg4hZQCLumkjC463hGu,de Jounge,false
i-CetFkRWST91ShCPmaZKsM4,Jan Andersson,true
i-CetFkRWST91ShCPmaZKsM4,Jan Inge Andersson,false
i-CewRmErNoC8h2od6nrV18q,Anders Alexander Berger,false
i-CewRmErNoC8h2od6nrV18q,Anders Berger,true
i-CewRmErNoC8h2od6nrV18q,Berger,false
i-CfZDtfi5fxYpMgG45nMNHF,Lotta Jonsson,true
i-CfaW8X7Nnsttq21KhW52MH,Erik Hjalmar Hulting,false
i-CfaW8X7Nnsttq21KhW52MH,Hjalmar Hulting,true
i-CfaW8X7Nnsttq21KhW52MH,Hulting,false
i-Cfo63qbe6LVS8fXqBpFrKy,Säve,false
i-Cfo63qbe6LVS8fXqBpFrKy,Teofron Adolf Säve,false
i-Cfo63qbe6LVS8fXqBpFrKy,Teofron Säve,true
i-Cg3YnBbUB1G82oao8pSkBq,Erik Edin,true
i-Cg3YnBbUB1G82oao8pSkBq,Erik Johan Edin,false
i-CgLZxiLTqtr669ULBLHcuK,Yasmine Posio,true
i-Cgjpze7tVXfB3avYEk3Fuj,K. Sigvard E. Rimås,false
i-Cgjpze7tVXfB3avYEk3Fuj,Karl Sigvard Emanuel Rimås,false
i-Cgjpze7tVXfB3avYEk3Fuj,Rimås,false
i-Cgjpze7tVXfB3avYEk3Fuj,Sigvard Rimås,true
i-CgxGgDwzyrio5iEmv86u4Y,Gillis Olof Torolf Charles Olsson,false
i-CgxGgDwzyrio5iEmv86u4Y,Gillis Olsson,true
i-CgxGgDwzyrio5iEmv86u4Y,Olsson,false
i-Ch6N1ddXaHhYxZN72JKZAS,Alexandra Anstrell,true
i-Ch6N1ddXaHhYxZN72JKZAS,Alexandra Eliasson,false
i-Ch6N1ddXaHhYxZN72JKZAS,Anna Maria Alexandra Anstrell,false
i-Ch6N1ddXaHhYxZN72JKZAS,Anna Maria Alexandra Eliasson,false
i-ChDzdZDYwg4X9oGXyFy8Ta,Anna Kristina Axén Olin,false
i-ChDzdZDYwg4X9oGXyFy8Ta,Axen Olin,false
i-ChDzdZDYwg4X9oGXyFy8Ta,Kristina Axén Olin,true
i-ChDzdZDYwg4X9oGXyFy8Ta,Kristina axen olin,false
i-CiCVc1arZNK5WGUQmfSttX,Jansson,false
i-CiCVc1arZNK5WGUQmfSttX,Jonas Jansson,true
i-CiKCAULSzzNLisTT3igVjU,Gustaf Sundberg,true
i-CiKCAULSzzNLisTT3igVjU,Sundberg,false
i-CiY7VNsAwtDMYeA3zzhgP2,Hansson,false
i-CiY7VNsAwtDMYeA3zzhgP2,Stig F. Hansson,true
i-CiY7VNsAwtDMYeA3zzhgP2,Stig Folke Hansson,false
i-CicdbyfBoitjsXT8ugY99b,Isabella Lövin,true
i-CicdbyfBoitjsXT8ugY99b,Lövin,false
i-Cj9FYr3Q5sLFjM9zvEVNNE,Maggi Mikaelsson,true
i-Cj9FYr3Q5sLFjM9zvEVNNE,Margareta Kristina Maria Mikaelsson,false
i-Cj9FYr3Q5sLFjM9zvEVNNE,Mikaelsson,false
i-CjSFC5KzVjviPvMWRXCbe6,Boström,false
i-CjSFC5KzVjviPvMWRXCbe6,Johan Boström,true
i-CjSFC5KzVjviPvMWRXCbe6,Nils Johan Boström,false
i-CjZkXimkoMyh995sWqXoSH,Anders Nordin,true
i-CjZkXimkoMyh995sWqXoSH,Björn Karl Anders Nordin,false
i-CjcAsr6NHted9aqDSy2zYV,Allan Grönkvist,true
i-CjcAsr6NHted9aqDSy2zYV,Grönkvist,false
i-CjfJ7zKhtcCGm2cb4c1t3E,Barbro Hietala Nordlund,true
i-CjfJ7zKhtcCGm2cb4c1t3E,Barbro Irene Hietala Nordlund,false
i-CkeNQcvMptDHBoMgPq2bfa,Axel Linnér,true
i-CkeNQcvMptDHBoMgPq2bfa,Linnér,false
i-Ckf69izyjKSjoYe237pqQQ,Andrén,false
i-Ckf69izyjKSjoYe237pqQQ,Josef Andrén,true
i-Ckf69izyjKSjoYe237pqQQ,Josef Henrik Andrén,false
i-CkprnrTz3hpNREdKrcoiAi,CARL-WILH. LOTHIGIUS,false
i-CkprnrTz3hpNREdKrcoiAi,Carl-Wilhelm Lothigius,true
i-CkprnrTz3hpNREdKrcoiAi,Lothigius,false
i-CkrjLJdWgd59gs7nnotfwh,Einar Holm,true
i-CkrjLJdWgd59gs7nnotfwh,Holm,false
i-CkrjLJdWgd59gs7nnotfwh,Otto Einar Holm,false
i-CksKgXj6RQCidtpN3NmKCH,Cecilia Dalman Eek,true
i-Cm8VfczuffLedifoqtKNyc,Andersson,false
i-Cm8VfczuffLedifoqtKNyc,Wilhelm Andersson,true
i-CnQeUq7JY18PNz1pmhSkpr,Assarsson,false
i-CnQeUq7JY18PNz1pmhSkpr,Christen Assarsson,true
i-Cndwseqc83uGA5s7vUEPqB,Karl Olof Anders Helge Sandahl,false
i-Cndwseqc83uGA5s7vUEPqB,Olle Sandahl,true
i-CnoiM39VKopDWcuG7JuGp7,Hallin,false
i-CnoiM39VKopDWcuG7JuGp7,Olof Hallin,true
i-CnoiM39VKopDWcuG7JuGp7,Olof Peter Hallin,false
i-Co4TBMcmY1januJCiyZRoy,Henric Lovén,true
i-Co4TBMcmY1januJCiyZRoy,Henrik Lovén,false
i-Co4TBMcmY1januJCiyZRoy,Johan Henrik Lovén,false
i-Co7CHUvCQqnWiD6XBtunA3,Martin Nisser,true
i-Co7CHUvCQqnWiD6XBtunA3,Nisser,false
i-Co7CHUvCQqnWiD6XBtunA3,Samuel Martin Nisser,false
i-CoyS5tz71X62zhGLCLr2Ww,Ericson,false
i-CoyS5tz71X62zhGLCLr2Ww,Frans Ericson,true
i-CoyS5tz71X62zhGLCLr2Ww,Frans Oscar Ericson,false
i-CoyS5tz71X62zhGLCLr2Ww,Frans Oskar Eriksson,false
i-Cp46a4HxYeUeSRRkf26BKD,Jonas Fredrik Ringqvist,false
i-Cp46a4HxYeUeSRRkf26BKD,Jonas Ringqvist,true
i-CpDe8Ez4j6HcFbBfHMRKAE,Bengt Berg,true
i-CpgswtAFXDTAyYjTrFkW5J,Jöns Pålsson,true
i-CpgswtAFXDTAyYjTrFkW5J,Pålsson,false
i-CphaobCDkTcFx9MN686234,Lennart Pettersson,true
i-CqdbkEVABnHhSKZUPt664K,Birgitta Wichne,true
i-CrC3SmfGqjW34KSMhumUgo,Ekelund,false
i-CrC3SmfGqjW34KSMhumUgo,Ulla Ekelund,true
i-CrKFd8YrUoQVBgUYnwpDY7,Astrid Kristensson,true
i-CrKFd8YrUoQVBgUYnwpDY7,Astrid Margareta Kristensson,false
i-CrKFd8YrUoQVBgUYnwpDY7,Astrid Zetterstrand,false
i-CrKFd8YrUoQVBgUYnwpDY7,Batongmormor,false
i-CrKFd8YrUoQVBgUYnwpDY7,Kristensson,false
i-CrsQWgsxp8ZpRgZJubT4Xn,Carl Anders Neiglick,true
i-CrsQWgsxp8ZpRgZJubT4Xn,Neiglick,false
i-Cs8wfQc9mLw7iJ6FtDeHiC,John Olof Leffler,false
i-Cs8wfQc9mLw7iJ6FtDeHiC,Leffler,false
i-Cs8wfQc9mLw7iJ6FtDeHiC,Olle Leffler,false
i-Cs8wfQc9mLw7iJ6FtDeHiC,Olof Leffler,true
i-CsPVNzn1NWKhuBqKDr2StW,Jerry Martinger,true
i-CsPVNzn1NWKhuBqKDr2StW,Martinger,false
i-CsbwtD9SJNV2a1TSegVatr,Hugo Sandén,true
i-CsbwtD9SJNV2a1TSegVatr,Martin Hugo Sandén,false
i-CsbwtD9SJNV2a1TSegVatr,Sandén,false
i-Csc7yC4r8hvm8juPSLyuDt,Edvard Frisk,true
i-Csc7yC4r8hvm8juPSLyuDt,Frisk,false
i-CstbzCQGy4imdVSWZesSu,Berg,false
i-CstbzCQGy4imdVSWZesSu,Frans Oskar Berg,false
i-CstbzCQGy4imdVSWZesSu,Oskar Berg,true
i-Ct7W83fwgMLpB48uiYaBqi,Mia Franzén,true
i-CtVv2fCUPhz6QSDDUnM3C4,Karl Längberg,true
i-CtdRwcAzh5Qsduz6RJeCot,Thomas Ragnarsson,true
i-CtdRwcAzh5Qsduz6RJeCot,Thomas Stig Ragnarsson,false
i-Cu3kjdTBuGU9w2XTM1QAdW,Anton Nilsson,true
i-Cu3kjdTBuGU9w2XTM1QAdW,Nils Anton Nilsson,false
i-Cu3kjdTBuGU9w2XTM1QAdW,Nilsson,false
i-CuCEpUT8oy9rpZGyeXZqqn,Rolf Rämgård,true
i-CuCEpUT8oy9rpZGyeXZqqn,Rämgård,false
i-CuDS8imLC9tVmMZFNCATkP,Valter Oskar Åman,false
i-CuDS8imLC9tVmMZFNCATkP,Valter Åman,true
i-CuDS8imLC9tVmMZFNCATkP,Åman,false
i-CvCZRi5Zenq69gXAVcsfN2,Bror Olof Viktor Hellström,false
i-CvCZRi5Zenq69gXAVcsfN2,Hellström,false
i-CvCZRi5Zenq69gXAVcsfN2,Olof Hellström,true
i-CvE9G8tRKYnVxdnpwQtaEa,Bengtsson,false
i-CvE9G8tRKYnVxdnpwQtaEa,Jöns Bengtsson,true
i-Cvjn6T7VdsF6kMswK7SemA,Carl Jönsson,false
i-Cvjn6T7VdsF6kMswK7SemA,Jönsson,false
i-Cvjn6T7VdsF6kMswK7SemA,Karl Jönsson,true
i-CvmaDbz8ueGm8meSVWj6vr,Ingvar Svensson,true
i-CvmaDbz8ueGm8meSVWj6vr,Svensson,false
i-CwVjNqMneZm6zhJTP798e5,Helena Bargholtz,true
i-CwVjNqMneZm6zhJTP798e5,Helena Elisabet Bargholtz,false
i-CwngYEDknGjbWVod4ccLBb,Ericsson,false
i-CwngYEDknGjbWVod4ccLBb,Johan Apollonius Ericsson,false
i-CwngYEDknGjbWVod4ccLBb,Johan Ericsson,true
i-CwvK3x6KLx1cCJkKX96jJz,Bovin,false
i-CwvK3x6KLx1cCJkKX96jJz,Johan Anton Bovin,true
i-Cx7GhXwo6MUkSvgCyM6F5m,Carl Gustaf Patrik De Laval,false
i-Cx7GhXwo6MUkSvgCyM6F5m,Gustaf de Laval,true
i-Cx7GhXwo6MUkSvgCyM6F5m,Gustav de Laval,false
i-Cx7GhXwo6MUkSvgCyM6F5m,de Laval,false
i-CxVeiDdM1XTee9388Bhbtb,Anners,false
i-CxVeiDdM1XTee9388Bhbtb,Erik Anners,true
i-CxVeiDdM1XTee9388Bhbtb,Erik Gustaf Erland Anners,false
i-Cy7JhhFbTQzMcpFrzFnwHc,Erik Rosén,true
i-Cy7JhhFbTQzMcpFrzFnwHc,Gustaf Erik Åke Rosén,false
i-Cy7JhhFbTQzMcpFrzFnwHc,Ros,false
i-Cy7JhhFbTQzMcpFrzFnwHc,Rosén,false
i-CyRoxEq2KbDs42MtkNnNiv,Anders Andersson,true
i-CyRoxEq2KbDs42MtkNnNiv,Andersson,false
i-CymhXqr3fYxLD4TqyabRPP,Bergström,false
i-CymhXqr3fYxLD4TqyabRPP,Carl Bergström,true
i-CyuvXZeUkrDukkDafko1Nk,Almqvist,false
i-CyuvXZeUkrDukkDafko1Nk,Erik Almqvist,false
i-CyuvXZeUkrDukkDafko1Nk,Erik Victor Almqvist,false
i-CyuvXZeUkrDukkDafko1Nk,Erik Viktor Almquist,true
i-CzSLM3shrZLmTTnZc6d9aL,John Östling,true
i-CzSLM3shrZLmTTnZc6d9aL,Östling,false
i-CzfH8kMvk6qeNsYUwvMSLp,Erik Marks von Würtemberg,true
i-D1JJYSnwdtdYQGMYCSH8nt,Björn Petersson,true
i-D1LmR9xTHCTZDEgatPAWW2,Andersson,false
i-D1LmR9xTHCTZDEgatPAWW2,Jonas Andersson,true
i-D2BSEzHjiKvYCd8UmLJW4F,Kristoffer Lindberg,true
i-D2JRw2JQkbJnAYJEiDcH47,Camilla Brodin,true
i-D2K9Zxad4hQHpZ82uBcBqg,Gansmoe,false
i-D2K9Zxad4hQHpZ82uBcBqg,Hans Gustav Ove Gansmoe,false
i-D2K9Zxad4hQHpZ82uBcBqg,Ove Gansmoe,true
i-D2uJEWzkUt2JAeCGbpSqPy,Karl-Petter Thorwaldsson,true
i-D2uJEWzkUt2JAeCGbpSqPy,Karl-Petter Torvaldsson,false
i-D2uJEWzkUt2JAeCGbpSqPy,Thorwaldsson,false
i-D33H5dL4TMdTn9ZXMMYEbb,Rigmor Stenmark,true
i-D3DqCCyeLe2A7LE3SiSJFk,Aspelin,false
i-D3DqCCyeLe2A7LE3SiSJFk,Christian Aspelin,true
i-D3DqCCyeLe2A7LE3SiSJFk,Christian Henrik Thomas Aspelin,false
i-D3YRCFLkUTakYBacGs93SC,Per Fredrik Westin,false
i-D3YRCFLkUTakYBacGs93SC,Per Westin,true
i-D3YRCFLkUTakYBacGs93SC,Westin,false
i-D3gZFbAoQxThi1vvRv3kca,Carl Henrik Nordenfelt,false
i-D3gZFbAoQxThi1vvRv3kca,Carl Nordenfelt,true
i-D3gZFbAoQxThi1vvRv3kca,Nordenfelt,false
i-D3mUnZ2NtGGUN1T9oeCCfw,Johan Johanson,true
i-D3mUnZ2NtGGUN1T9oeCCfw,Johanson,false
i-D48LnWh2MhYRfi53JpMV8c,Alice Lundbeck,true
i-D48LnWh2MhYRfi53JpMV8c,Alice Margaretha Lundbeck,false
i-D48LnWh2MhYRfi53JpMV8c,Lundbeck,false
i-D4XsMLfPNYoud5AKgx3uPd,Albert Mossberg,true
i-D4XsMLfPNYoud5AKgx3uPd,Mossberg,false
i-D5LfJM2ogp63JUpovUZzZY,Axel Uhlén,true
i-D5LfJM2ogp63JUpovUZzZY,Uhlén,false
i-D5W4KMbqzfAEfRXajZLt7z,Lars Ivan Gottfrid Lilja,false
i-D5W4KMbqzfAEfRXajZLt7z,Lars Lilja,true
i-D67aVg2PXxmkS16QumukuW,Andersson,false
i-D67aVg2PXxmkS16QumukuW,Ingrid Andersson,true
i-D67aVg2PXxmkS16QumukuW,Ingrid Stina Maria Andersson,false
i-D6FoJiygfdxtz5puDj2NkN,Hegardt,false
i-D6FoJiygfdxtz5puDj2NkN,Ingeborg Hegardt,true
i-D6FoJiygfdxtz5puDj2NkN,Ingeborg Matilda Hegardt,false
i-D6V9ti7ETxin1WbJjDaShE,Nina Lundström,true
i-D6WhYz3CQwyb2zimKjUUEk,Mariam Osman Sherifay,true
i-D6aqZFLHgoGLzA4xpqmeuW,Gustaf Adolf Vive Sparre,false
i-D6aqZFLHgoGLzA4xpqmeuW,Gustaf Adolph Vive Sparre,false
i-D6aqZFLHgoGLzA4xpqmeuW,Gustaf Sparre,true
i-D6aqZFLHgoGLzA4xpqmeuW,Gösta Adolf Vive Sparre,false
i-D6aqZFLHgoGLzA4xpqmeuW,Sparre af Söfdesborg,false
i-D6eLXMZPfbqKQQaMooVp8h,Gustaf Smith,true
i-D6eLXMZPfbqKQQaMooVp8h,Johan Gustaf Smith,false
i-D6eLXMZPfbqKQQaMooVp8h,Smith,false
i-D6hrZCxPVTQxPgXvGFfuJ7,Ulf Sjösten,true
i-D6pTBvn9TaGwrvt4eGjtdS,Kenneth Lantz,true
i-D6pTBvn9TaGwrvt4eGjtdS,Lantz,false
i-D6vkdCkFFijEpFQLD1bQDY,Anna-Kerstin Larsson,true
i-D74cdq6EQpWG5dWigfnSSw,Per Erik Gunnar Westerberg,false
i-D74cdq6EQpWG5dWigfnSSw,Per Westerberg,true
i-D74cdq6EQpWG5dWigfnSSw,Westerberg,false
i-D7DoBxtqydpiQLLuPn5F82,Alf Meyerhöffer,true
i-D7DoBxtqydpiQLLuPn5F82,Alf Roar Dag Meyerhöffer,false
i-D7DoBxtqydpiQLLuPn5F82,Meyerhöffer,false
i-D7KfkW1nDvvN3JwmiZtbX5,Sandqvist,false
i-D7KfkW1nDvvN3JwmiZtbX5,Svante Sandqvist,true
i-D7KfkW1nDvvN3JwmiZtbX5,Sven Johan Sandqvist,false
i-D7mgFwiCKxywz1E18YrEuZ,Agneta Luttropp,true
i-D8B2Xf6UADbqciPHrqFxSc,Birgitta Ohlsson,true
i-D8B2Xf6UADbqciPHrqFxSc,Birgitta Olsson,false
i-D9e1qBZk5bQ47d1qTpxkFS,Carl Adolf Erland von Hofsten,false
i-D9e1qBZk5bQ47d1qTpxkFS,Erland von Hofsten,true
i-D9e1qBZk5bQ47d1qTpxkFS,von Hofsten,false
i-D9iCNaqxQvuHFjK2SSEFvT,Carina Elisabeth Moberg,false
i-D9iCNaqxQvuHFjK2SSEFvT,Carina Moberg,true
i-DA4mEcuMULgPh6WXGQRaWW,Angelika Bengtsson,true
i-DA5x4pwHttfr6RN2eeF8q3,Allan Gustafsson,true
i-DA5x4pwHttfr6RN2eeF8q3,Allan Gustavsson,false
i-DA5x4pwHttfr6RN2eeF8q3,Gustafsson,false
i-DA7GTCA3CU2XWPSDGEB8tG,Sten Stendahl,true
i-DA7GTCA3CU2XWPSDGEB8tG,Stendahl,false
i-DAH7HE7hyooQ6Npv1s89cz,Adolf Linus Lundström,false
i-DAH7HE7hyooQ6Npv1s89cz,Linus Lundström,true
i-DAH7HE7hyooQ6Npv1s89cz,Lundström,false
i-DALrnQJRfAh9VdHWZSTBni,Boman,false
i-DALrnQJRfAh9VdHWZSTBni,Johan Boman,true
i-DAs5BquEp16WYyZHVFqxbu,Loui Bernal,true
i-DAzwuDmrMCAk4CXBrm86y5,Elin Söderberg,true
i-DBdcSTUVm4sJQbDkngaUb3,Albert Björck,true
i-DBdcSTUVm4sJQbDkngaUb3,Albert Wilhelm Björck,false
i-DBdcSTUVm4sJQbDkngaUb3,Björck,false
i-DCE5sV4akf1Cdc87U3q3am,Gunnar Skagerlund,true
i-DCE5sV4akf1Cdc87U3q3am,Nils Carl Gunnar Skagerlund,false
i-DCE5sV4akf1Cdc87U3q3am,Skagerlund,false
i-DCakY9RHfn7aZuvoRZqmay,Johan Norlén,true
i-DCakY9RHfn7aZuvoRZqmay,Norlén,false
i-DCyBt1A1WiAhi5tm5k4A7H,Jimmie Åkesson,true
i-DCyBt1A1WiAhi5tm5k4A7H,Jimmy Åkesson,false
i-DCyBt1A1WiAhi5tm5k4A7H,Åkesson,false
i-DDBp1Uv1xUyCgUST4Mk7Ub,Ahrland,false
i-DDBp1Uv1xUyCgUST4Mk7Ub,Karin Ahrland,true
i-DDBp1Uv1xUyCgUST4Mk7Ub,Karin Margareta Ahrland,false
i-DDRRE6ii74yxfPP37w7AD6,Carlsson,false
i-DDRRE6ii74yxfPP37w7AD6,Oscar Albert Carlsson,false
i-DDRRE6ii74yxfPP37w7AD6,Oscar Carlsson,true
i-DDTGf6wkyXKiMd3kYJ4KQv,Anne Birgit Charlotte Ludvigsson,false
i-DDTGf6wkyXKiMd3kYJ4KQv,Anne Ludvigsson,true
i-DDbQAJrNwu3e569rbqpH8y,Ericsson,false
i-DDbQAJrNwu3e569rbqpH8y,Gustaf Ericsson,true
i-DDom5WhNnhGt29SFzVaFqG,Carl Lybeck,true
i-DDom5WhNnhGt29SFzVaFqG,Carl Ulrik Samuel Lybeck,false
i-DDom5WhNnhGt29SFzVaFqG,Lybeck,false
i-DE54eeAavnn6cxULQBWstU,Frost,false
i-DE54eeAavnn6cxULQBWstU,Gustaf Filip Frost,true
i-DE54eeAavnn6cxULQBWstU,Gustav Filip Frost,false
i-DE86LDEC7dgsNMqreAPcdK,Borg,false
i-DE86LDEC7dgsNMqreAPcdK,F. T. Borg,false
i-DE86LDEC7dgsNMqreAPcdK,Fredrik Theodor Borg,true
i-DEuAZ6Evr3ehWFz8VTCYBx,Adolf Barnekow,true
i-DEuAZ6Evr3ehWFz8VTCYBx,Adolf Gabriel Barnekow,false
i-DEuAZ6Evr3ehWFz8VTCYBx,Barnekow,false
i-DF6yJMSNGfT6HwisDSi4qz,Josef Fransson,true
i-DFpvVoxMXp4vArQdqqVHEX,Alfred Wendt,true
i-DFpvVoxMXp4vArQdqqVHEX,Jakob Alfred Wendt,false
i-DFpvVoxMXp4vArQdqqVHEX,Wendt,false
i-DG6BXgx8UjAtTaWFXph2np,Per Johan Persson,true
i-DG6BXgx8UjAtTaWFXph2np,Persson,false
i-DGMnBps2wUrSusm54kdoY7,Frans Evert Knut Åkerberg,false
i-DGMnBps2wUrSusm54kdoY7,Knut Åkerberg,true
i-DGMnBps2wUrSusm54kdoY7,Åkerberg,false
i-DGTHVhbApAq9J741uJW2uT,Marléne Lund Kopparklint,true
i-DGWck5RqFSbnKb8DXViXWK,A. A. Eriksson,false
i-DGWck5RqFSbnKb8DXViXWK,Anders August Eriksson,true
i-DGWck5RqFSbnKb8DXViXWK,Eriksson,false
i-DGcLR21cjcBjrD374xbmmM,Ellen Juntti,true
i-DGvzUDrC2cMYgWGZ9TzYaY,Eva Margareta Persson,false
i-DGvzUDrC2cMYgWGZ9TzYaY,Eva Margareta Widell,false
i-DGvzUDrC2cMYgWGZ9TzYaY,Margareta Persson,true
i-DGvzUDrC2cMYgWGZ9TzYaY,Persson,false
i-DHGQWRCmusU1kvnhUeZ5zm,Edvard Petersson,true
i-DHGQWRCmusU1kvnhUeZ5zm,J Edvard Petersson,false
i-DHGQWRCmusU1kvnhUeZ5zm,Johan Edvard Petersson,false
i-DHGQWRCmusU1kvnhUeZ5zm,Petersson,false
i-DHYpTMwsJXozrWKyLBwLVw,Axel Wilhelm Nilson,false
i-DHYpTMwsJXozrWKyLBwLVw,Nilson,false
i-DHYpTMwsJXozrWKyLBwLVw,Wilhelm Nilson,true
i-DHjzH9jnTayyfbJeUy4jsg,Karl Wilhelm Andersson,false
i-DHjzH9jnTayyfbJeUy4jsg,Karl Wilhelm Andersson Skareen,false
i-DHjzH9jnTayyfbJeUy4jsg,Karl Wilhelm Skareen,true
i-DHjzH9jnTayyfbJeUy4jsg,Skareen,false
i-DHoT18fqexoNMsvjTEnVkS,Anders Medin,true
i-DHoT18fqexoNMsvjTEnVkS,Medin,false
i-DHwvmoxGznvZxBSFYiMCWT,Tersmeden,false
i-DHwvmoxGznvZxBSFYiMCWT,Wilhelm Fredrik Tersmeden,true
i-DHyJnTqHxJuz92Y1rFf2i4,Arin Karapet,true
i-DHzCeaDVGVBvBuTUWsK7CK,Berg,false
i-DHzCeaDVGVBvBuTUWsK7CK,Robert Berg,true
i-DHzCeaDVGVBvBuTUWsK7CK,Robert Vilhelm Ferdinand Berg,false
i-DHzCeaDVGVBvBuTUWsK7CK,Robert Vilhelm Färdinand Berg,false
i-DJ8dGLyQXx8GQeiGkcBRiK,Annika Eclund,true
i-DJcen8PKUDu66AuEh3MXxH,Dandenell,false
i-DJcen8PKUDu66AuEh3MXxH,Otto Algot Dandenell,false
i-DJcen8PKUDu66AuEh3MXxH,Otto Dandenell,true
i-DJgH7q21vrKJDYHFpgpTiX,Penilla Evy Maria Gunther,false
i-DJgH7q21vrKJDYHFpgpTiX,Penilla Gunther,true
i-DJmvBzWCuSAieCMDLx8wNm,Anna Rheyneuclaudes Kihlman,true
i-DJnJsaN8gU9psEXFGToouQ,Johansson,false
i-DJnJsaN8gU9psEXFGToouQ,Nils Brånalt,false
i-DJnJsaN8gU9psEXFGToouQ,Nils Johansson,true
i-DJnJsaN8gU9psEXFGToouQ,Nils Johansson-Brånalt,false
i-DKREZ6d9ABNsKHo4dUFY5q,Bengt Dahlgren,true
i-DKREZ6d9ABNsKHo4dUFY5q,Dahlgren,false
i-DKVEwjAedaaDyvZjYRUhUM,Britta Rådström,true
i-DKX1MP4aaNtFZSpMKXCwY,Olof Palme,true
i-DKX1MP4aaNtFZSpMKXCwY,Palme,false
i-DKX1MP4aaNtFZSpMKXCwY,Sven Olof Joachim Palme,false
i-DKcSarjroHy1Bts6XBWjvv,Fjellman,false
i-DKcSarjroHy1Bts6XBWjvv,Johannes Mathias Fjellman,false
i-DKcSarjroHy1Bts6XBWjvv,Jonny Fjellman,true
i-DKsVYU73WDtSTFEeLoboVx,Ola Henry Sundell,false
i-DKsVYU73WDtSTFEeLoboVx,Ola Sundell,true
i-DLCd4s2Nzs47fFtUa1HP9H,Eduard von Schoultz,true
i-DLCd4s2Nzs47fFtUa1HP9H,Hans Odert Eduard von Schoultz,false
i-DLCd4s2Nzs47fFtUa1HP9H,von Schoultz,false
i-DLCwBb7jxfH8x1KBLZSg8y,Agneta Ingrid Karin Karlsson,false
i-DLCwBb7jxfH8x1KBLZSg8y,Agneta Karlsson,true
i-DLt3BwBDVwBxqxVEki5m5B,Annika Lillemets,true
i-DLt3BwBDVwBxqxVEki5m5B,Annika Maria Charlotte Lillemets,false
i-DLx4ySwzLpD3342zPr9u8Q,Rickard Persson,true
i-DMARkhrND5qBTRHjFnURbq,Göran Wilhelm Skytte af Sätra,false
i-DMARkhrND5qBTRHjFnURbq,Skytte af Sätra,false
i-DMARkhrND5qBTRHjFnURbq,Wilhelm Skytte,true
i-DMGKRcZKJjLDnd1Mozdje8,Camilla Sköld Jansson,true
i-DMfacrypLeyVdkQkWWN8F4,Johan Albert Wallin,false
i-DMfacrypLeyVdkQkWWN8F4,Johan Wallin,true
i-DMfacrypLeyVdkQkWWN8F4,Wallin,false
i-DMh3exABdyie4FuycG7Nae,Andersson,false
i-DMh3exABdyie4FuycG7Nae,Lennart Andersson,true
i-DMh3exABdyie4FuycG7Nae,Lennart Fredrik Helmer Andersson,false
i-DMheKZZCYDtLzdvzFzc5vP,Kenth Skårvik,true
i-DMheKZZCYDtLzdvzFzc5vP,Skårvik,false
i-DMs16qwN3uGgTraB34UW2Z,Ericsson,false
i-DMs16qwN3uGgTraB34UW2Z,John August Ericsson,false
i-DMs16qwN3uGgTraB34UW2Z,John Ericsson,true
i-DNAfxkqTemTE3xD2EYiqpa,Peter Thure Gabriel Stockenberg,false
i-DNAfxkqTemTE3xD2EYiqpa,Stockenberg,false
i-DNAfxkqTemTE3xD2EYiqpa,Thure Stockenberg,true
i-DNH2CPqEwAU8mq3JqcTNrc,Carl Albin Holmberg,false
i-DNH2CPqEwAU8mq3JqcTNrc,Carl Holmberg,true
i-DNH2CPqEwAU8mq3JqcTNrc,Holmberg,false
i-DNNiNSDxQTnBcHkT2viXX4,Björn Arne Tidland,false
i-DNNiNSDxQTnBcHkT2viXX4,Björn Tidland,true
i-DNeLvjYn7kX5YstpJdB4h5,Martin Marmgren,true
i-DNh2eaQo9m2RBV92faC1qz,Carl Ulric Widström,false
i-DNh2eaQo9m2RBV92faC1qz,Ulric Widström,true
i-DNh2eaQo9m2RBV92faC1qz,Widström,false
i-DNqTcsfB3EXVTxeGMdNa11,Anna Mary Sylvia Prytz-Holmqvist,false
i-DNqTcsfB3EXVTxeGMdNa11,Holmqvist,false
i-DNqTcsfB3EXVTxeGMdNa11,Mary Holmqvist,true
i-DP63nXUT3WdGMsHBfkoKrr,Carl Nordblom,true
i-DP63nXUT3WdGMsHBfkoKrr,Carl Olof Bengt Nordblom,false
i-DPSKdaCf6QjiTxUvV2sFQN,Hamilton,false
i-DPSKdaCf6QjiTxUvV2sFQN,Hugo Erik Gustaf Hamilton,false
i-DPSKdaCf6QjiTxUvV2sFQN,Hugo Hamilton,true
i-DPSKuUhxasojZBK6nSTaFW,Falkenberg af Bålby,false
i-DPSKuUhxasojZBK6nSTaFW,Melker Falkenberg,true
i-DPSKuUhxasojZBK6nSTaFW,Melker Henrik Gustaf Falkenberg,false
i-DQ9MiFCTqXqDgv4LnUitVT,Hellström,false
i-DQ9MiFCTqXqDgv4LnUitVT,Paul Hellström,true
i-DQ9MiFCTqXqDgv4LnUitVT,Paulus Hellström,false
i-DQDor1VSGwaqfjd3pPpgT5,Helmer Laurentius Wikström,false
i-DQDor1VSGwaqfjd3pPpgT5,Helmer Wikström,true
i-DQDor1VSGwaqfjd3pPpgT5,Wikström,false
i-DRiwPcfjVYQdJiVawKhKpN,Erkki Tammenoksa,true
i-DRiwPcfjVYQdJiVawKhKpN,Tammenoksa,false
i-DRqpu2aaHKSgAVbkTGg4rs,Catarina Deremar,true
i-DRqpu2aaHKSgAVbkTGg4rs,Catarina Maria Deremar,false
i-DS8CrcdMywGfGy5nhRKmEd,Andersson,false
i-DS8CrcdMywGfGy5nhRKmEd,Magnus Andersson,true
i-DSN77U31kbbKG93FmgbYzx,August Danielsson,true
i-DSN77U31kbbKG93FmgbYzx,Danielsson,false
i-DSgCixAdAvhSA1u2TeDZQH,Jan Emanuel,true
i-DSgCixAdAvhSA1u2TeDZQH,Jan Emanuel Johansson,false
i-DSuwArqvpRXotBm7ggATZG,Johansson,false
i-DSuwArqvpRXotBm7ggATZG,Nils Johansson,true
i-DSuwArqvpRXotBm7ggATZG,Nils Samuel Johansson,false
i-DT7FwMFZjjyEbrZDSVqNcX,Herlitz,false
i-DT7FwMFZjjyEbrZDSVqNcX,Karl Georg Herlitz,false
i-DT7FwMFZjjyEbrZDSVqNcX,Karl Herlitz,true
i-DTmkoCNeQQ86QVUCxUiScF,August Larson,true
i-DTmkoCNeQQ86QVUCxUiScF,Larson,false
i-DUURC5WEUiXCfVp6YBFV6o,Jacobsson,false
i-DUURC5WEUiXCfVp6YBFV6o,Per Jacobsson,true
i-DUV7vwAqp6nrUh7BWLFiKm,Andersson,false
i-DUV7vwAqp6nrUh7BWLFiKm,Jonas Andersson,true
i-DUpfpChzMCLm8BKUvCnw3T,Teresa Carvalho,true
i-DUpfpChzMCLm8BKUvCnw3T,Teresa Kristina Carvalho,false
i-DVBTR4FnJMy9pff8g7tptN,Carl Winberg,true
i-DVBTR4FnJMy9pff8g7tptN,Winberg,false
i-DVeJPdntfiiSAkscAApupW,Carlsson,false
i-DVeJPdntfiiSAkscAApupW,Lars Magnus Carlsson,true
i-DWeXh4zHCbqRVgtH4QLZC3,Johansson,false
i-DWeXh4zHCbqRVgtH4QLZC3,Larz Arvid Johansson,false
i-DWeXh4zHCbqRVgtH4QLZC3,Larz Johansson,true
i-DWgcUDJTHbEcGKZqHxJj8C,Lars Thomsson,true
i-DWoRJk5rw6WHBeByBxHKMY,Anders Bengtsson,true
i-DWoRJk5rw6WHBeByBxHKMY,Bengtsson,false
i-DX1CPUDypMGHkS1bH65PfG,Andersson,false
i-DX1CPUDypMGHkS1bH65PfG,Rosarus Andersson,true
i-DXGYFK7qyjVCT7njRxj8GT,Eklund,false
i-DXGYFK7qyjVCT7njRxj8GT,Maria Elvira Eklund,false
i-DXGYFK7qyjVCT7njRxj8GT,Vira Eklund,true
i-DXYijt8wprzTgm7zCTJYc3,Veronica Palm,true
i-DXnNfB4M1wvfgz73SWecrk,Carl Gustaf Lindgren,false
i-DXnNfB4M1wvfgz73SWecrk,Carl Gustaf Lindley,false
i-DXnNfB4M1wvfgz73SWecrk,Charles Lindley,true
i-DXnNfB4M1wvfgz73SWecrk,Lindley,false
i-DXpsTxMWdJETAv6yzZJDPy,Edström,false
i-DXpsTxMWdJETAv6yzZJDPy,Gunnar Edström,true
i-DXpsTxMWdJETAv6yzZJDPy,Gunnar Olof Edström,false
i-DY4rh9MyNSEmq4sn42Vg5S,Abel Vinborg,true
i-DY4rh9MyNSEmq4sn42Vg5S,Reinhold Abel Vinborg,false
i-DY4rh9MyNSEmq4sn42Vg5S,Winborg,false
i-DYgzAT37kBVShgAsK7YzHQ,Dahlén,false
i-DYgzAT37kBVShgAsK7YzHQ,Olle Dahlén,true
i-DYgzAT37kBVShgAsK7YzHQ,Per Olof Reinhold Dahlén,false
i-DYxXbC2LXzL11J2rHdExZh,Hans Birger Nyhage,false
i-DYxXbC2LXzL11J2rHdExZh,Hans Nyhage,true
i-DYxXbC2LXzL11J2rHdExZh,Nyhage,false
i-DZAnqjUMmj8qFZsvGfjxRv,Carl Johan Thyselius,true
i-DZAnqjUMmj8qFZsvGfjxRv,Thyselius,false
i-DZFQeFBsFcs9N6uxCPxEWg,Evald Chrispin Kropp,false
i-DZFQeFBsFcs9N6uxCPxEWg,Evald Krispin Kropp,true
i-DZFQeFBsFcs9N6uxCPxEWg,Kropp,false
i-DZnFKHRVhVQYnGq7dU8UeP,Axel Strand,true
i-DZnFKHRVhVQYnGq7dU8UeP,Axel Wilhelm Strand,false
i-DZnFKHRVhVQYnGq7dU8UeP,Strand,false
i-DZnrxW2kSEVtagNyHZpyyH,Bengt Henry Silfverstrand,false
i-DZnrxW2kSEVtagNyHZpyyH,Bengt Silfverstrand,true
i-DZnrxW2kSEVtagNyHZpyyH,Silfverstrand,false
i-Da4Dtr61YRDt7Rh1d2ZoZz,August Theodor Emanuel Magnusson,false
i-Da4Dtr61YRDt7Rh1d2ZoZz,Magnusson,false
i-Da4Dtr61YRDt7Rh1d2ZoZz,Theodor Magnusson,true
i-DaBwGZZ6ynJ11yQkgFkGpi,Jonas Widén,true
i-DaBwGZZ6ynJ11yQkgFkGpi,Widén,false
i-DaGNzDugnyRMkYYfAo2AZy,Andersson,false
i-DaGNzDugnyRMkYYfAo2AZy,Hans Andersson,true
i-DaLWJ8ahzok9ttQBrRy71h,Carl Johan Johansson,true
i-DaLWJ8ahzok9ttQBrRy71h,Johansson,false
i-DaicBBuxahZnC8TXUP7pKP,Grauers,false
i-DaicBBuxahZnC8TXUP7pKP,Stig Bertil Grauers,false
i-DaicBBuxahZnC8TXUP7pKP,Stig Grauers,true
i-DaxspjHMgaa4Y4c6vUVh22,Hermelin,false
i-DaxspjHMgaa4Y4c6vUVh22,Joseph Hermelin,true
i-DbXGNtMCSMbiX9RnQ3yzyL,Alkemark,false
i-DbXGNtMCSMbiX9RnQ3yzyL,Sven-Erik Alkemark,true
i-DbdvN45VmHEK9gFMtoD6DC,Fredrik Norén,true
i-DbdvN45VmHEK9gFMtoD6DC,Norén,false
i-DbdvN45VmHEK9gFMtoD6DC,S. F. Norén,false
i-DbdvN45VmHEK9gFMtoD6DC,Svante Fredrik Norén,false
i-DcK6kBeQEhcbMEUN1K5dkG,Fredrik Wilhelm Linder,false
i-DcK6kBeQEhcbMEUN1K5dkG,Linder,false
i-DcK6kBeQEhcbMEUN1K5dkG,William Linder,true
i-Dcv7orvbcwV75515Zn1HKJ,Boëthius,false
i-Dcv7orvbcwV75515Zn1HKJ,Simon Boëthius,true
i-Dcv7orvbcwV75515Zn1HKJ,Simon Johannes Boëthius,false
i-DdXWx7Nj5d7XYS8hEPL4Ro,Siv Ramsell,true
i-Ddmtm1uG9esPH37c8XjUXZ,De la Gardie,false
i-Ddmtm1uG9esPH37c8XjUXZ,Robert De la Gardie,false
i-Ddmtm1uG9esPH37c8XjUXZ,Robert De la Gardie d.ä.,false
i-Ddmtm1uG9esPH37c8XjUXZ,Robert De la Gardie den äldre,true
i-DdpGurNSK1gsC7JXZ7kFDP,Bildt,false
i-DdpGurNSK1gsC7JXZ7kFDP,Didrik Anders Gillis Bildt,false
i-DdpGurNSK1gsC7JXZ7kFDP,Didrik Gillis Bildt,false
i-DdpGurNSK1gsC7JXZ7kFDP,Gillis Bildt,true
i-DdtTLWnx7UACZsKE2ev6s,Flodström,false
i-DdtTLWnx7UACZsKE2ev6s,Karin Flodström,true
i-De1x3H1kWk3e7qagXWJWkc,Lars Bergstig,true
i-De1x3H1kWk3e7qagXWJWkc,Lars Hilmer Bergstig,false
i-De6ztVBeHosJZpNFbNMrgb,Bror Ivar Jansson,false
i-De6ztVBeHosJZpNFbNMrgb,Ivar Jansson,true
i-De6ztVBeHosJZpNFbNMrgb,Jansson,false
i-DeKzv6NmJK9sL4zKkMd4cA,August Johansson,true
i-DeKzv6NmJK9sL4zKkMd4cA,Johan August Johansson,false
i-DeKzv6NmJK9sL4zKkMd4cA,Johansson,false
i-DeMcYgqj88271pG5nHrmLT,David Gomér,true
i-DeMcYgqj88271pG5nHrmLT,Gomér,false
i-DeMcYgqj88271pG5nHrmLT,Oskar David Gomér,false
i-DeQimv88r3Lef1GaRx6Gwk,Bengt Martin Larsson,false
i-DeQimv88r3Lef1GaRx6Gwk,Larsson,false
i-DeQimv88r3Lef1GaRx6Gwk,Martin Larsson,true
i-DeVfQ6A9p3piatQSzsHysN,Göran Magnusson,true
i-DeVfQ6A9p3piatQSzsHysN,Magnusson,false
i-DekifuGshdv8S5FqGFB6XZ,Gustaf Reinhold Selberg,false
i-DekifuGshdv8S5FqGFB6XZ,Reinhold Selberg,true
i-DekifuGshdv8S5FqGFB6XZ,Selberg,false
i-DeptGBZtEQx7vKbsL6e4hX,Emma Hult,true
i-DeptGBZtEQx7vKbsL6e4hX,Emma Ulla Elisabet Hult,false
i-DfMBmwjfAwnb2JfXgJ9isk,Per-Arne Håkansson,true
i-DfQCZENTNqZdmhKQNP4e5m,Anders Alftberg,true
i-DfQCZENTNqZdmhKQNP4e5m,Anders Kent Tomas Alftberg,false
i-DfcqLG9Ux1Nu6mMoqrKYpQ,Elin Eriksson,true
i-DfcqLG9Ux1Nu6mMoqrKYpQ,Elin Sofia Eriksson,false
i-DfcqLG9Ux1Nu6mMoqrKYpQ,Eriksson,false
i-DffEkVAuyPUUJZZTAf2UsX,Christian Sonesson,true
i-DfhkQMzdpeNADLcfBVuyn7,Andersson,false
i-DfhkQMzdpeNADLcfBVuyn7,Oscar Tornegård,true
i-DgHXCqSBg6qSwLFdwpyqAj,Anders Andersson,true
i-DgHXCqSBg6qSwLFdwpyqAj,Andersson,false
i-DgXsGKxHiy4HJ7kxaF3zW8,Robert Macfie Thorburn,false
i-DgXsGKxHiy4HJ7kxaF3zW8,Robert Thorburn,true
i-DgXsGKxHiy4HJ7kxaF3zW8,Thorburn,false
i-Dh86x4tP3poRsuGn2pQFUn,Christina Husmark Pehrsson,false
i-Dh86x4tP3poRsuGn2pQFUn,Christina Husmark Persson,false
i-Dh86x4tP3poRsuGn2pQFUn,Cristina Husmark Pehrsson,true
i-Dh86x4tP3poRsuGn2pQFUn,Cristina Maria Husmark Pehrsson,false
i-Dh86x4tP3poRsuGn2pQFUn,Husmark Pehrsson,false
i-DhFtpnk9dqFrTXA2tvjJnb,Paula Örn,true
i-DhKcHWipWA2w7meLAwkbAA,Lars Isacsson,true
i-DheXLtyjqikyrPUGjuZgqh,Abel Gotthard Leopold Sundberg,false
i-DheXLtyjqikyrPUGjuZgqh,Abel Sundberg,true
i-DheXLtyjqikyrPUGjuZgqh,Sundberg,false
i-Dhr3fepGLYhSnsGQouLwQy,Ellen Sofia Axelina Svedberg,false
i-Dhr3fepGLYhSnsGQouLwQy,Ellen Svedberg,true
i-Dhr3fepGLYhSnsGQouLwQy,Svedberg,false
i-DhsJGTt2ShPZgLBHMEihwT,August Edvin Åkesson,false
i-DhsJGTt2ShPZgLBHMEihwT,August Åkesson,true
i-DhsJGTt2ShPZgLBHMEihwT,Åkesson,false
i-DhydwP8Z8XB2zCbdWxm1YP,Fritjof Lager,true
i-DhydwP8Z8XB2zCbdWxm1YP,Karl Fritjof Lager,false
i-DhydwP8Z8XB2zCbdWxm1YP,Lager,false
i-DiWCweDTmwg5EmsqsQgiVF,G. H. von Koch,false
i-DiWCweDTmwg5EmsqsQgiVF,Gerard Halfred von Koch,false
i-DiWCweDTmwg5EmsqsQgiVF,Gerhard Halfred von Koch,false
i-DiWCweDTmwg5EmsqsQgiVF,Halfred von Koch,true
i-DiWCweDTmwg5EmsqsQgiVF,von Koch,false
i-DimfqbdD771EhwPUcMWMTy,Håkansson,false
i-DimfqbdD771EhwPUcMWMTy,Sven Håkansson,true
i-DjeBWa5GvkPtwGp5yfccUZ,Aida Hadzialic,true
i-DjeBWa5GvkPtwGp5yfccUZ,Aida Hadžialić,false
i-DjzMK2q4HBp8SxyHxFkXFq,Ferdinand Nilsson,true
i-DjzMK2q4HBp8SxyHxFkXFq,Nilsson,false
i-DjzMK2q4HBp8SxyHxFkXFq,Otto Ferdinand Nilsson,false
i-DkE8paHuWrA3pdPYEHLKoY,Ekman,false
i-DkE8paHuWrA3pdPYEHLKoY,Godword Harpolekare,false
i-DkE8paHuWrA3pdPYEHLKoY,K.J. Ekman,false
i-DkE8paHuWrA3pdPYEHLKoY,Karl Ekman,true
i-DkE8paHuWrA3pdPYEHLKoY,Karl Johan Ekman,false
i-DkwxHBjUQFnnMjSrmuYw9H,Andersson,false
i-DkwxHBjUQFnnMjSrmuYw9H,Linus Andersson,true
i-DkwxHBjUQFnnMjSrmuYw9H,Oskar Linus Andersson,false
i-DkxF3Bp5G35ogbSbuNFExc,Håkansson,false
i-DkxF3Bp5G35ogbSbuNFExc,Margot Håkansson,true
i-Dkz1KdQBrKqVm9WCptUQaD,Adam Marttinen,true
i-DmGUZa81u2cGhyBZmcdGvf,Bror Eriksson,true
i-DmSPxYoCTsGsu2HBSaHRHb,Hammarskjöld,false
i-DmSPxYoCTsGsu2HBSaHRHb,Hugo Hammarskjöld,true
i-DmSPxYoCTsGsu2HBSaHRHb,Å. H. Hammarskjöld,false
i-DmSPxYoCTsGsu2HBSaHRHb,Åke Hugo Hammarskjöld,false
i-DmUZytVbrrufqUhEMo3Q2X,Malin Larsson,true
i-DmdTkUnLmmD3GK3nb5iQQU,Johan Widén,true
i-DmdTkUnLmmD3GK3nb5iQQU,Widén,false
i-DnBfdRUButhiwSk9JDWDo1,Ljunggren,false
i-DnBfdRUButhiwSk9JDWDo1,Otto Ljunggren,true
i-DnBfdRUButhiwSk9JDWDo1,Per Otto Wilhelm Ljunggren,false
i-DnH6x9TuxveUwVHVCUfXop,Carl Abraham Waldemar Skarstedt,false
i-DnH6x9TuxveUwVHVCUfXop,Skarstedt,false
i-DnH6x9TuxveUwVHVCUfXop,Waldemar Skarstedt,true
i-DnTstrvT1jenyw6pdMxfZi,Mikael Ingmarsson Odenberg,false
i-DnTstrvT1jenyw6pdMxfZi,Mikael Odelberg,false
i-DnTstrvT1jenyw6pdMxfZi,Mikael Odenberg,true
i-DnTstrvT1jenyw6pdMxfZi,Odenberg,false
i-Dnc5M1DTGNVBxsnXz7TcBj,Pär Axel Sahlberg,true
i-Dojdaqz1Xnckajnx4HsfYk,Eric Ersson,true
i-Dojdaqz1Xnckajnx4HsfYk,Ersson,false
i-DophkK4FaHGap4dgehWsag,Axel Knut Trolle-Wachtmeister,false
i-DophkK4FaHGap4dgehWsag,Axel Knut Trolle-Wachtmeister af Johannishus,false
i-DophkK4FaHGap4dgehWsag,Axel Trolle-Wachtmeister,true
i-DophkK4FaHGap4dgehWsag,Trolle-Wachtmeister,false
i-DophkK4FaHGap4dgehWsag,Wachtmeister af Johannishus,false
i-Doq5FwKCoek9xba14pYK5P,Edvin Gilje,true
i-Doq5FwKCoek9xba14pYK5P,Edvin Johansson,false
i-Doq5FwKCoek9xba14pYK5P,Gustav Edvin Napoleon Gilje,false
i-Doq5FwKCoek9xba14pYK5P,Gustav Edvin Napoleon Johansson,false
i-Doq5FwKCoek9xba14pYK5P,Johansson,false
i-DppvGQ6wbKdV4N2FxoAaLM,Anna Vedin,true
i-DqaQcqe1tEL9ujA64kcwV7,Hellerström,false
i-DqaQcqe1tEL9ujA64kcwV7,Sven Albert Hellerström,false
i-DqaQcqe1tEL9ujA64kcwV7,Sven Hellerström,true
i-Dqwk6WRPNzjzwmqmA18xc1,Ericson,false
i-Dqwk6WRPNzjzwmqmA18xc1,Sture Ericson,true
i-Dqwk6WRPNzjzwmqmA18xc1,Sture Torsten Ericson,false
i-DrXSPzMYgVV6atUHfgBSF4,Peter Petersson,true
i-DrXSPzMYgVV6atUHfgBSF4,Petersson,false
i-Ds7sSTFH4EAscvdepjuZf3,Calner,false
i-Ds7sSTFH4EAscvdepjuZf3,Lisbet Calner,true
i-DsA7JDV9XexiB7YxfnpCm5,Pettersson,false
i-DsA7JDV9XexiB7YxfnpCm5,Ulla Pettersson,true
i-DseAX2z2ZzXoN1AquKvaDC,Anders Österberg,true
i-DszPJjXoFJthb83JZ9Pvm1,Carl Gustaf Kruse,false
i-DszPJjXoFJthb83JZ9Pvm1,Carl Kruse,true
i-DszPJjXoFJthb83JZ9Pvm1,Kruse,false
i-Dt448JefoURo4sEMRH39aM,Lilian Virgin,true
i-Dt5hSraH652po1YHZdhcSr,Aronson,false
i-Dt5hSraH652po1YHZdhcSr,Aronsson,false
i-Dt5hSraH652po1YHZdhcSr,Ernst Aronson,true
i-Dt5hSraH652po1YHZdhcSr,Ernst Carl Aronson,false
i-DtBHWRyYP7feeoaPjNdNRv,Frans Oskar Mörtsell,true
i-DtBHWRyYP7feeoaPjNdNRv,Mörtsell,false
i-DtEwsmHqVBdsQjidMSNhx8,Allan Cederborg,true
i-DtEwsmHqVBdsQjidMSNhx8,Cederborg,false
i-DtHjAikgqoTHF75xLRKDpj,Carl Johan Mustaparta,true
i-DtHjAikgqoTHF75xLRKDpj,Mustaparta,false
i-DtUBL4PhS8MGp9QnAiAJc7,Nils Pehrsson,true
i-DtUBL4PhS8MGp9QnAiAJc7,Pehrsson,false
i-DthTyR9U9R8S6NVcPNcNQA,Ida Anna Carolina Gabrielsson,false
i-DthTyR9U9R8S6NVcPNcNQA,Ida Gabrielsson,true
i-DtxLnvKNi8eR1muemGYCHj,Liselotte Wågö,true
i-DtxLnvKNi8eR1muemGYCHj,Wågö,false
i-DuCgc7X8a4wHuXxQm37d7Z,Daniel Lönn,true
i-DuKowRCZeJcfZANidh4RSE,Gunnar Arvid Thollander,false
i-DuKowRCZeJcfZANidh4RSE,Gunnar Thollander,true
i-DuKowRCZeJcfZANidh4RSE,Thollander,false
i-DuMkbdojgoQN2GPx9cnpUs,Fredrik Stenberg,true
i-DuMmQVGSnykDcj8ZwohCuA,Bertil Jonasson,true
i-DuMmQVGSnykDcj8ZwohCuA,Jonasson,false
i-DuTGLmUR63ryrWbdsEmZiX,Ericsson,false
i-DuTGLmUR63ryrWbdsEmZiX,Hildur Ericsson,true
i-DuTGLmUR63ryrWbdsEmZiX,Hildur Kristina Ericsson,false
i-Dupw3qwYSE3y5mdMHBzQvA,Boström,false
i-Dupw3qwYSE3y5mdMHBzQvA,E. G. Boström,false
i-Dupw3qwYSE3y5mdMHBzQvA,E. Gust. Boström,false
i-Dupw3qwYSE3y5mdMHBzQvA,Erik Gustaf Bernhard Boström,false
i-Dupw3qwYSE3y5mdMHBzQvA,Erik Gustaf Boström,true
i-DuqNXPNqnMK9UiDvGL7CkD,Göran Lindgren,true
i-DuqNXPNqnMK9UiDvGL7CkD,Göran Oscar Vilhelm Lindgren,false
i-DuqNXPNqnMK9UiDvGL7CkD,Göran Oskar Vilhelm Lindgren,false
i-DuqNXPNqnMK9UiDvGL7CkD,Lindgren,false
i-DvBHsEyohWBknp7Yk6WKb,Alf Pettersson,true
i-DvBHsEyohWBknp7Yk6WKb,Alf Sture Pettersson,false
i-DvBHsEyohWBknp7Yk6WKb,Pettersson,false
i-DvgCBv3UsYLrNcdawe5XTT,Amne Ali,true
i-DvmWVsZ8tLdK6PbEaXEacH,Jerker Svensson,true
i-DvmWVsZ8tLdK6PbEaXEacH,Jerker Uno Svensson,false
i-DvmWVsZ8tLdK6PbEaXEacH,Svensson,false
i-DwQJNqzqPxPQkg4P62oRt9,Fredrik Ahlstedt,true
i-DwxYm9yDWznJg1azvmMBXP,Jörgen Grubb,true
i-DxBeY6YTKqmwyT3E9hvydY,Hans Lennart Eliasson,false
i-DxBeY6YTKqmwyT3E9hvydY,Lennart Eliasson,true
i-DxGcB23GM9fL4gSkh4rWEV,Anders Gudmundsson,true
i-DxGcB23GM9fL4gSkh4rWEV,Gudmundsson,false
i-DxLwWYaykm3cqWP9bLmY7Y,Karl Sanfrid Viktor Welin,true
i-DxLwWYaykm3cqWP9bLmY7Y,Welin,false
i-DyMWrZMvLW1B7NfePkXTu4,Fredrik Christensson,true
i-DyRx69amzrrY88Jd1Ln7EC,Bo Broman,true
i-DyTmp7YURsib9gzvRDZtm9,Stig Henriksson,true
i-DyZDeJHPADf8949NFr7LUq,Johan Johanson,true
i-DyZDeJHPADf8949NFr7LUq,Johanson,false
i-Dyi69yYxyRyYMchmmZjbQU,Almqvist,false
i-Dyi69yYxyRyYMchmmZjbQU,K.F.G. Almqvist,false
i-Dyi69yYxyRyYMchmmZjbQU,Knut Almqvist,true
i-Dyi69yYxyRyYMchmmZjbQU,Knut Fredrik Gerhard Almqvist,false
i-DywAEYAUc8R6SgTtVB1Yyw,Carl Hjalmar Setterberg,false
i-DywAEYAUc8R6SgTtVB1Yyw,Hjalmar Setterberg,true
i-DywAEYAUc8R6SgTtVB1Yyw,Setterberg,false
i-Dz8mLcsGo2h4KeNmgJ6ccT,Alda Tullia Björnsdotter von Sydow,false
i-Dz8mLcsGo2h4KeNmgJ6ccT,Tullia von Sydow,true
i-DzA9vwhZEu4AiEwM8vGtr1,Gustaf Nilsson,true
i-DzA9vwhZEu4AiEwM8vGtr1,Nilsson,false
i-Dzc5xrZoX6PeTCJ7wgLJxy,Alvén,false
i-Dzc5xrZoX6PeTCJ7wgLJxy,Hildur Alvén,true
i-Dzc5xrZoX6PeTCJ7wgLJxy,Hildur Maria Alvén,false
i-Dzkp4nRZwEKZzM6evjKdoq,Axel Jansson,true
i-Dzkp4nRZwEKZzM6evjKdoq,Jansson,false
i-Dzkp4nRZwEKZzM6evjKdoq,Karl Axel Jansson,false
i-Dzw6dZpN17gDpun3Z7BthD,Hakon Sylvan,true
i-Dzw6dZpN17gDpun3Z7BthD,Hakon Theodor Sylvan,false
i-Dzw6dZpN17gDpun3Z7BthD,Sylvan,false
i-E25SjiKakKHVe6mbHVtKjb,Parisa Liljestrand,true
i-E25SjiKakKHVe6mbHVtKjb,Parisa Molagholi Liljestrand,false
i-E2VEuW8StdbwuJyGXtUP4D,Per Lager,true
i-E2VEuW8StdbwuJyGXtUP4D,Per Wilhelm Lager,false
i-E2fxcEquh7ZcaAQQXdYz4F,Fredrik Knut Harald Strömfelt,false
i-E2fxcEquh7ZcaAQQXdYz4F,Harald Strömfelt,true
i-E2fxcEquh7ZcaAQQXdYz4F,Strömfelt,false
i-E4AiRv2UMsiA9KQkJbXB8E,Max Christian Elger,false
i-E4AiRv2UMsiA9KQkJbXB8E,Max Elger,true
i-E62dRxYV1gQK174YmcQa9s,Klinckowström,false
i-E62dRxYV1gQK174YmcQa9s,Rudolf Klinckowström,true
i-E62dRxYV1gQK174YmcQa9s,Rudolf Mauritz Klinckowström,false
i-E6YAzSwhTJaJS5hnMGCntf,Hanna Wigh,true
i-E6eVGtZq3M4Xn8SnoJuzr5,Axel Vindahl,true
i-E6eVGtZq3M4Xn8SnoJuzr5,Vindahl,false
i-E7Wz2C6DkzLr8bHCReFAYk,Karl August Nilson,true
i-E7Wz2C6DkzLr8bHCReFAYk,Nilson,false
i-E7aB8B6ZVrFekyhd9pNoQt,A O Wallenberg,false
i-E7aB8B6ZVrFekyhd9pNoQt,A.O. Wallenberg,false
i-E7aB8B6ZVrFekyhd9pNoQt,Andre Oscar Wallenberg,false
i-E7aB8B6ZVrFekyhd9pNoQt,André Oscar Wallenberg,true
i-E7aB8B6ZVrFekyhd9pNoQt,Oscar Wallenberg,false
i-E7aB8B6ZVrFekyhd9pNoQt,Wallenberg,false
i-E7dNofGGgvG7ZPBxoj8tgD,Johansson,false
i-E7dNofGGgvG7ZPBxoj8tgD,Sven Anton Bertil Johansson,false
i-E7dNofGGgvG7ZPBxoj8tgD,Sven Johansson,true
i-E7fRuRXTYTHmhzRHqPW3ER,Eric Adolf Svenning,false
i-E7fRuRXTYTHmhzRHqPW3ER,Eric Svenning,true
i-E7fRuRXTYTHmhzRHqPW3ER,Svenning,false
i-E87PtNrvf5D9mPbn59wpkU,Gilljam,false
i-E87PtNrvf5D9mPbn59wpkU,Gustaf Fredrik Gilljam,false
i-E87PtNrvf5D9mPbn59wpkU,Gustaf Gilljam,true
i-E8RYUg1BkEEkAtUt2AhVzP,Elvy Söderström,true
i-E8RYUg1BkEEkAtUt2AhVzP,Söderström,false
i-E8TiwWqfaYd3F9AxYvGujx,Forsell,false
i-E8TiwWqfaYd3F9AxYvGujx,Tullius Forsell,true
i-E8TiwWqfaYd3F9AxYvGujx,Tullius Walfrid Forsell,false
i-E92rgqKkvM4kNk9eGmN4Vz,Höjer,false
i-E92rgqKkvM4kNk9eGmN4Vz,Magnus Höjer,true
i-E92rgqKkvM4kNk9eGmN4Vz,Magnus M Höjer,false
i-E92rgqKkvM4kNk9eGmN4Vz,Magnus Mauritz Höjer,false
i-E9448xLY8M4wqwfcWUh29o,Annica Agardsson,false
i-E9448xLY8M4wqwfcWUh29o,Annica Cecilia Hjerling,false
i-E9448xLY8M4wqwfcWUh29o,Annica Hjerling,true
i-E9KFDaoCdaRkB3h6v7VM3c,Arhe Hamednaca,true
i-E9UKx4WmmGEZB6bfgz3ZPT,Dahl,false
i-E9UKx4WmmGEZB6bfgz3ZPT,Georg Dahl,true
i-E9UKx4WmmGEZB6bfgz3ZPT,Johan Georg Dahl,false
i-E9aScmhjijhnqjzEW3KgLJ,Sten Gösta William Wahlund,false
i-E9aScmhjijhnqjzEW3KgLJ,Sten Wahlund,true
i-E9aScmhjijhnqjzEW3KgLJ,Wahlund,false
i-E9djo2afkFBrVaX9HUFTei,Marie Wickberg,true
i-E9wRrmWzHKZve8zXnpQf1w,Anders Johansson,true
i-E9wRrmWzHKZve8zXnpQf1w,Johansson,false
i-EA8wBt8xukzeWCyU5cj94D,Forssell,false
i-EA8wBt8xukzeWCyU5cj94D,Otto Forssell,true
i-EA8wBt8xukzeWCyU5cj94D,Otto Herman Forssell,false
i-EANGVQ7bBDvQLJRQXHptPX,Kenneth Johansson,true
i-EB1wB73zmy6s7pGzn13Fg5,Carl Axel Reuterskiöld,true
i-EB1wB73zmy6s7pGzn13Fg5,Carl Ludvig August Axel Reuterskiöld,false
i-EB1wB73zmy6s7pGzn13Fg5,Reuterskiöld,false
i-EBJajA8LzwBaLyBVQxuFTz,Johan Johansson,true
i-EBJajA8LzwBaLyBVQxuFTz,Johannes Johansson,false
i-EBJajA8LzwBaLyBVQxuFTz,Johansson,false
i-EBjvRVrZ2orWptqsKHZXKR,Danielsson,false
i-EBjvRVrZ2orWptqsKHZXKR,Oscar Danielsson,true
i-EBjvRVrZ2orWptqsKHZXKR,Oscar Emanuel Danielsson,false
i-EBumKGJYNTwywfCXk5HpcS,Carl Johan Fritiof Lindskog,false
i-EBumKGJYNTwywfCXk5HpcS,Carl Johan Lindskog,false
i-EBumKGJYNTwywfCXk5HpcS,Fritiof Lindskog,true
i-EBumKGJYNTwywfCXk5HpcS,Karl Johan Fritiof Lindskog,false
i-EBumKGJYNTwywfCXk5HpcS,Lindskog,false
i-EDRJhBHzVgQtpo6Ksyzirg,Robert Stenkvist,true
i-EDao2Bn1aKSyrw9vFDbxpE,Eva Jeanette Gustafsdotter,false
i-EDao2Bn1aKSyrw9vFDbxpE,Eva Jeanette Olsson,false
i-EDao2Bn1aKSyrw9vFDbxpE,Jeanette Gustafsdotter,true
i-EE6FRts3Vi6U8EPsiGPPgm,Leonid Yurkovskiy,true
i-EEgp39w6M66SH9dRdqEEBo,Anton Wikström,true
i-EEgp39w6M66SH9dRdqEEBo,Wikström,false
i-EEpr1Cx3sBrwmNG6AU1JMZ,Johan Ohlsson,true
i-EEpr1Cx3sBrwmNG6AU1JMZ,Ohlsson,false
i-EEr67QoAWMXbtnP8GE84pL,Asker,false
i-EEr67QoAWMXbtnP8GE84pL,Axel Asker,true
i-EF1yX9Uco1pMJZRdYjmxyp,Lars Pålsson,true
i-EF1yX9Uco1pMJZRdYjmxyp,Pålsson,false
i-EF4gEp1CrEwnV5AnkFU4P2,Carl Per Gunnar Gahrton,false
i-EF4gEp1CrEwnV5AnkFU4P2,Gahrton,false
i-EF4gEp1CrEwnV5AnkFU4P2,Per Gahrton,true
i-EF4gEp1CrEwnV5AnkFU4P2,Per Garthon,false
i-EFGMikwqApUMCA86eB1wGu,Carl Edvard Casparsson,false
i-EFGMikwqApUMCA86eB1wGu,Casparsson,false
i-EFGMikwqApUMCA86eB1wGu,Edvard Casparsson,true
i-EFJ93MgPh6dJrzDB1Tt657,Yvonne Andersson,true
i-EFJ93MgPh6dJrzDB1Tt657,Yvonne Ingeborg Christina Andersson,false
i-EFSi2jUBxZRYjB1MJ7dVjA,Johannes Nyqvist,true
i-EFSi2jUBxZRYjB1MJ7dVjA,Nyqvist,false
i-EFg8HwcKJoaLpGz6Y9q9aW,Lundsten,false
i-EFg8HwcKJoaLpGz6Y9q9aW,Per Lundsten,true
i-EFyqMDPjj4sV5q6Rf11dnj,Anders Elisson,true
i-EFyqMDPjj4sV5q6Rf11dnj,Anders Peter Elisson,false
i-EFyqMDPjj4sV5q6Rf11dnj,Anders Petter Elisson,false
i-EFyqMDPjj4sV5q6Rf11dnj,Elisson,false
i-EGQRPeKD3SD3zr2maYY9kb,Carl Ingvar Wåhlin,true
i-EGQRPeKD3SD3zr2maYY9kb,Wåhlin,false
i-EGwQL87oCFw9QVorsYeDnJ,Johan Theodor Winborg,false
i-EGwQL87oCFw9QVorsYeDnJ,Theodor Winborg,true
i-EGwQL87oCFw9QVorsYeDnJ,Winborg,false
i-EGzvssMCtUmig8cQyyyXqu,Björck,false
i-EGzvssMCtUmig8cQyyyXqu,Carl Anders Vilhelm Björck,false
i-EGzvssMCtUmig8cQyyyXqu,Karl Anders Vilhelm Björck,false
i-EGzvssMCtUmig8cQyyyXqu,Wilhelm Björck,true
i-EJPrKn1TJ5XUBRL6LjpF78,Ahlin,false
i-EJPrKn1TJ5XUBRL6LjpF78,Zacharias Ahlin,false
i-EJPrKn1TJ5XUBRL6LjpF78,Zakarias Ahlin,true
i-EK6Ekrx6gXjweeFGx5Siz,Adolfsson,false
i-EK6Ekrx6gXjweeFGx5Siz,Erik Holger Jonatan Adolfsson,false
i-EK6Ekrx6gXjweeFGx5Siz,Holger Adolfsson,true
i-EKAdp351JQgZiMQXg875jB,Gertrud Kristina Blixt-Sigurdsen,false
i-EKAdp351JQgZiMQXg875jB,Gertrud Sigurdsen,true
i-EKAdp351JQgZiMQXg875jB,Sigurdsen,false
i-EKXQ584yuio3iyn2qYCSaQ,Gustaf Tamm,true
i-EKXQ584yuio3iyn2qYCSaQ,Tamm,false
i-EKaDexh9v9nEiz9rz9MXY2,Lucas Petersson,true
i-EKaDexh9v9nEiz9rz9MXY2,Martin Lucas Petersson,false
i-EKaDexh9v9nEiz9rz9MXY2,Petersson,false
i-EKavACDwxsTS3yRK5kqLwY,Hans Bernhard Albert Hanson,false
i-EKavACDwxsTS3yRK5kqLwY,Hans Hansson,true
i-EKavACDwxsTS3yRK5kqLwY,Hansson,false
i-EKcEsJ8rgRpxXJKX9UZCn,Henric Gustaf Paulus Öhngren,false
i-EKcEsJ8rgRpxXJKX9UZCn,Henric Öhngren,true
i-EKcEsJ8rgRpxXJKX9UZCn,Öhngren,false
i-ELDAUPfRgFPiVy5G37SrBn,Henrik Wilhelm Bredberg,true
i-ELsRRpWWTXoMip8x1t9rDT,Clericus Eremita,false
i-ELsRRpWWTXoMip8x1t9rDT,Erik Nyström,true
i-ELsRRpWWTXoMip8x1t9rDT,Johan Erik Nyström,false
i-ELsRRpWWTXoMip8x1t9rDT,Johannes Baptista,false
i-ELsRRpWWTXoMip8x1t9rDT,Nyström,false
i-EMnZ9doEs8MQVGY2nAGkkE,Edén,false
i-EMnZ9doEs8MQVGY2nAGkkE,Nils Edén,true
i-EMrT8Jq3dLhMVxxy5ibzUJ,Karin Maj Britt Margareta Theorin,false
i-EMrT8Jq3dLhMVxxy5ibzUJ,Maj Britt Theorin,true
i-EMrT8Jq3dLhMVxxy5ibzUJ,Theorin,false
i-EMzDjpDYCmjtET8YXWh9TM,Monika Lövgren,true
i-EN2Ltfa3VFVFqNbPXeanv,Sjöblom,false
i-EN2Ltfa3VFVFqNbPXeanv,Sven Ludvig Sjöblom,false
i-EN2Ltfa3VFVFqNbPXeanv,Sven Sjöblom,true
i-ENPZD2cHtYHZB5xyP7qddu,Friberg,false
i-ENPZD2cHtYHZB5xyP7qddu,Gustaf Friberg,true
i-ENPZD2cHtYHZB5xyP7qddu,P Gustaf Friberg,false
i-ENPZD2cHtYHZB5xyP7qddu,Per Gustaf Friberg,false
i-ENka9fRWC7HrGDQTU4F2ah,Birger Hagård,true
i-ENka9fRWC7HrGDQTU4F2ah,Hagård,false
i-ENzFqRqcmqswYoSKLDEz5j,Eva-Lena Gustavsson,true
i-EP6GLnbcXJQENTaGnpm52Z,Annika Jonsell,true
i-EPD5BJ5xvWKMLybqidZ7xr,Persson,false
i-EQ1EaRBTJC4gvBVqD6F6QS,Otto Emil Lybeck,false
i-EQ1EaRBTJC4gvBVqD6F6QS,Otto Lybeck,true
i-EQ7CXYU17b5CWo5cXgeZWy,Ericson,false
i-EQ7CXYU17b5CWo5cXgeZWy,John Ericson,false
i-EQ7CXYU17b5CWo5cXgeZWy,John Philip Ericson,true
i-EQM2NLR1fbN9izUQhjTRGR,Larsson,false
i-EQM2NLR1fbN9izUQhjTRGR,Uno Georg Ingemar Larsson,false
i-EQM2NLR1fbN9izUQhjTRGR,Uno Larsson,true
i-EQSJnvt3y9r5wULtNbkTNu,Jörn Svensson,true
i-EQSJnvt3y9r5wULtNbkTNu,Svensson,false
i-EQvDPGJ5Hz8HszTYVhWKFv,Lars Larsson,true
i-EQvDPGJ5Hz8HszTYVhWKFv,Larsson,false
i-ERLGssyT3kP3LWr2asYQ5u,Carl Gösta Jacobsson,false
i-ERLGssyT3kP3LWr2asYQ5u,Gösta Jacobsson,true
i-ERLGssyT3kP3LWr2asYQ5u,Jacobsson,false
i-ERLGssyT3kP3LWr2asYQ5u,Karl Gösta Jacobsson,false
i-ERTFQPdbrLL5nsYqVAz5fk,Nordström,false
i-ERTFQPdbrLL5nsYqVAz5fk,Sten August Carl Nordström,false
i-ERTFQPdbrLL5nsYqVAz5fk,Sten August Karl Nordström,false
i-ERTFQPdbrLL5nsYqVAz5fk,Sten Nordström,true
i-ERZdkAwWUNZZFepETj5sb1,Folke Petrén,true
i-ERZdkAwWUNZZFepETj5sb1,Petrén,false
i-ERiVJNFmpgUdsS9YuT6kpg,Bülow,false
i-ERiVJNFmpgUdsS9YuT6kpg,Christian Bülow,true
i-ERiVJNFmpgUdsS9YuT6kpg,Jöns Christian Jönsson Bülow,false
i-ESAm1DKfv3KraeQ1CSiwmq,Pehr Pehrson,true
i-ESAm1DKfv3KraeQ1CSiwmq,Pehrson,false
i-ESJQbzDQZmwRNsAawsFtAJ,Mats Olsson,true
i-ESJQbzDQZmwRNsAawsFtAJ,Olsson,false
i-ESKbhHz2VETwMj9meYcmxk,Lars Engqvist,true
i-ESKbhHz2VETwMj9meYcmxk,Lars Fredrik Engqvist,false
i-ETEkSVpR9UzmnQi4tLS2zA,Harry Walfrid August Weibull,false
i-ETEkSVpR9UzmnQi4tLS2zA,Harry Weibull,true
i-ETEkSVpR9UzmnQi4tLS2zA,Weibull,false
i-ETThN5PMwgm55mHzui2Ubf,Augustinus Keijer,true
i-ETThN5PMwgm55mHzui2Ubf,Johan Augustinus Keijer,false
i-ETThN5PMwgm55mHzui2Ubf,Keijer,false
i-EUAjUsDS5Ei6t11ZAdx9dV,Andersson,false
i-EUAjUsDS5Ei6t11ZAdx9dV,Johannes Andersson,true
i-EUDRv3EqvNVr8K5AXzVcTU,Bengt Elmgren,true
i-EUDRv3EqvNVr8K5AXzVcTU,Bengt Folke Elmgren,false
i-EUDRv3EqvNVr8K5AXzVcTU,Elmgren,false
i-EUJNg9gYXvm5gNgqHeaHuD,Helmer Johansson,true
i-EUJNg9gYXvm5gNgqHeaHuD,Johan Helmer Johansson,false
i-EUJNg9gYXvm5gNgqHeaHuD,Johansson,false
i-EUSebT6iNRdbBryXZXBgSW,Edvard Petrén,true
i-EV8Pts9LgPV9TKVreGG4cG,Larsson,false
i-EV8Pts9LgPV9TKVreGG4cG,Torgny Larsson,true
i-EVAXcoxBqZMW8GMthp2eHa,Nils Petersson,true
i-EVAXcoxBqZMW8GMthp2eHa,Petersson,false
i-EVApWX5NtuZg5QM3eGJt1D,Melin,false
i-EVApWX5NtuZg5QM3eGJt1D,Olof Melin,true
i-EVApWX5NtuZg5QM3eGJt1D,Olof Richard Melin,false
i-EVpotEKqaW9CiU6NxacCQV,Franzén,false
i-EVpotEKqaW9CiU6NxacCQV,Tommy Franzén,true
i-EW22J8NsmjzxgXApBF1vYu,Karl Olsson,true
i-EW22J8NsmjzxgXApBF1vYu,Olsson,false
i-EWWEEcJPPJTTcYmFWvx2F6,Baeckman,false
i-EWWEEcJPPJTTcYmFWvx2F6,Oscar Baeckman,true
i-EWWEEcJPPJTTcYmFWvx2F6,Oscar Hugo Bæckman,false
i-EWYgFejtNgYZQdZwG9wyTh,Fredricson,false
i-EWYgFejtNgYZQdZwG9wyTh,Fredriksson,false
i-EWYgFejtNgYZQdZwG9wyTh,Jan Fredrik Fredricson,true
i-EWYgFejtNgYZQdZwG9wyTh,Johan Fredrik Fredricson,false
i-EWYgFejtNgYZQdZwG9wyTh,Johan Fredrik Fredriksson,false
i-EWafU85uPvE7nLNCCVH4rn,Hammarberg,false
i-EWafU85uPvE7nLNCCVH4rn,Thomas Hammarberg,true
i-EWszvfJHbPLCQKeFqNXv1s,Bo Henrik von Stockenström,false
i-EWszvfJHbPLCQKeFqNXv1s,Bo von Stockenström,true
i-EWszvfJHbPLCQKeFqNXv1s,von Stockenström,false
i-EYsBC4u5K3oa8SyoHdgTPc,Claes Västerteg,true
i-EYtSQeorgj7y8BCPjaqciZ,Bengt Gustav-Adolf Wittbom,false
i-EYtSQeorgj7y8BCPjaqciZ,Bengt Wittbom,true
i-EYtSQeorgj7y8BCPjaqciZ,Wittbom,false
i-EZ3BJWo75cyGmwreR1eJKd,Carl David Richard Hermelin,false
i-EZ3BJWo75cyGmwreR1eJKd,Friherre Carl David Richard Hermelin,false
i-EZ3BJWo75cyGmwreR1eJKd,Hermelin,false
i-EZ3BJWo75cyGmwreR1eJKd,Richard Hermelin,true
i-EZ9X9GfSprmW5pF17Z89YU,Hassler,false
i-EZ9X9GfSprmW5pF17Z89YU,Nils Henrik Hassler,false
i-EZ9X9GfSprmW5pF17Z89YU,Åke Hassler,true
i-EZCiCL8zUah6zwB7Fi8kr3,Eric Ericsson,true
i-EZCiCL8zUah6zwB7Fi8kr3,Ericsson,false
i-EZEtDK9JHw3Gk7dkPLEyuw,C. E. Johansson,false
i-EZEtDK9JHw3Gk7dkPLEyuw,Carl Emil Johansson,false
i-EZEtDK9JHw3Gk7dkPLEyuw,Carl Johansson,true
i-EZEtDK9JHw3Gk7dkPLEyuw,Johansson,false
i-EZRVrXd7dZCHpRgBpnf69S,Agneta Elisabet Ringman,false
i-EZRVrXd7dZCHpRgBpnf69S,Agneta Ringman,true
i-EZXyp3hwdtyUUsQTYZmKEj,Cronstedt,false
i-EZXyp3hwdtyUUsQTYZmKEj,Fredrik Cronstedt,true
i-EZXyp3hwdtyUUsQTYZmKEj,Fredrik Johan Cronstedt,false
i-EZYMWS6pSZNPSxi4996Lpc,Forssell,false
i-EZgzHXqRzCH5Uq63fALDeS,Knut Ebbe von Geijer,false
i-EZgzHXqRzCH5Uq63fALDeS,Knut von Geijer,true
i-EZgzHXqRzCH5Uq63fALDeS,von Geijer,false
i-EaZnKH6pxHCkXzigK6A5oV,Anna Maria Sjöström-Bengtsson,false
i-EaZnKH6pxHCkXzigK6A5oV,Anna Sjöström-Bengtsson,true
i-EaZnKH6pxHCkXzigK6A5oV,Sjöström-Bengtsson,false
i-Eacy3hoeNxvqq2LX6QNV8u,Martin Kinnunen,true
i-EaiobhkKSCFjVoGi3uyvzx,Karl Leuchovius,true
i-EaiobhkKSCFjVoGi3uyvzx,Leuchovius,false
i-EbEcnmS256rQwq3q9xVfku,Matheus Enholm,true
i-EbEcnmS256rQwq3q9xVfku,Matheus Olsson,false
i-Ebyp9W2YFMJt8TeXMzhUjW,Lennart Värmby,true
i-EcTyixp6xZjny5gSkGGShK,Hildur Amalia Maria Humla,false
i-EcTyixp6xZjny5gSkGGShK,Hildur Humla,true
i-EcTyixp6xZjny5gSkGGShK,Humla,false
i-EcotANmeNJFxTczcmCM5XD,Ernst Stridsberg,true
i-EcotANmeNJFxTczcmCM5XD,Ernst Victor Stridsberg,false
i-EcotANmeNJFxTczcmCM5XD,Stridsberg,false
i-Ee1MJWRWqkqDKJwGjzRWAW,Otto Persson,true
i-Ee1MJWRWqkqDKJwGjzRWAW,Otto Sigfrid Persson,false
i-Ee1MJWRWqkqDKJwGjzRWAW,Persson,false
i-EeEQ2rKeN91p4z1e2rPUpR,Inga-Britt Birgitta Johansson,false
i-EeEQ2rKeN91p4z1e2rPUpR,Inga-Britt Johansson,true
i-EeEQ2rKeN91p4z1e2rPUpR,Johansson,false
i-Eebhs7hcsBzFVpf2qd3NeW,Janson,false
i-Eebhs7hcsBzFVpf2qd3NeW,Stig Janson,true
i-Eeg7xi1T7Z7FCTRJvzS29h,Georg Karlsson,true
i-EemRytGskeDvwKV2im64qt,Anders Borg,true
i-EemRytGskeDvwKV2im64qt,Anders Erik Borg,false
i-EfAM5G3DJEfvAmPswNVe8G,Edbom,false
i-EfAM5G3DJEfvAmPswNVe8G,Olof Wilhelm Edbom,false
i-EfAM5G3DJEfvAmPswNVe8G,Wilhelm Edbom,true
i-EfAtGibJYJ8Q9qCEgFEimc,Bror Eric Karlsson,false
i-EfAtGibJYJ8Q9qCEgFEimc,Eric Karlsson,true
i-EfAtGibJYJ8Q9qCEgFEimc,Karlsson,false
i-EfLrWUocZwsV2PVnPdzohZ,Birger Schlaug,true
i-EfLrWUocZwsV2PVnPdzohZ,Schlaug,false
i-Eg2dLs7LynNfSgbK3ZGcGd,Biörklund,false
i-Eg2dLs7LynNfSgbK3ZGcGd,Henning Biörklund,true
i-Eg2dLs7LynNfSgbK3ZGcGd,Henning Theodor Biörklund,false
i-EgEMs3G3eDSfgHzi297bmm,Alexander Hamilton,true
i-EgEMs3G3eDSfgHzi297bmm,Hamilton,false
i-EgEMs3G3eDSfgHzi297bmm,Malcolm Alexander Hugo Hamilton,false
i-EgERDpRLMPYUJP8J6xLJWn,Erik Blom,true
i-EgF6TKN1x6rdVrDC5ecKA2,Hans Otto Carl Ramel,false
i-EgF6TKN1x6rdVrDC5ecKA2,Hans Ramel,true
i-EgF6TKN1x6rdVrDC5ecKA2,Ramel,false
i-EgXqeVnPhVAxu5tLpK9F8M,Karolina Vasiliki Tsouplaki,false
i-EgXqeVnPhVAxu5tLpK9F8M,Vasiliki Tsouplaki,true
i-EgaTAnLgAaq14BwHNkVAHD,Ekström,false
i-EgaTAnLgAaq14BwHNkVAHD,Klas Ragnar Ekström,false
i-EgaTAnLgAaq14BwHNkVAHD,Ragnar Ekström,true
i-EghjWo8X6J8EqRorAV3wKX,Peter Risberg,true
i-EghjWo8X6J8EqRorAV3wKX,Risberg,false
i-EgqHRHVoW5y9USDYuNoYuA,Hillevi Larsson,true
i-EgsVb5tTQDmSD3RGoxHA3R,Eva Bengtson Skogsberg,true
i-Eh28M5AZY2tWhNydPzRYf3,Boström,false
i-Eh28M5AZY2tWhNydPzRYf3,J.O. Boström,false
i-Eh28M5AZY2tWhNydPzRYf3,Johan Boström,true
i-Eh28M5AZY2tWhNydPzRYf3,Johan Oskar Boström,false
i-Ei1nBXw6axJf1Dpco4kzrb,Isidor von Stapelmohr,true
i-Ei1nBXw6axJf1Dpco4kzrb,Kristoffer Isidor von Stapelmohr,false
i-Ei1nBXw6axJf1Dpco4kzrb,von Stapelmohr,false
i-EiDyMSrxvZFP6tHgQcgkmN,Gustaf Nyblaeus,false
i-EiDyMSrxvZFP6tHgQcgkmN,Gustaf Nyblæus,true
i-EiDyMSrxvZFP6tHgQcgkmN,Nyblaeus,false
i-EiN2R3RFmpP2Fwqrg18WSr,Claëson,false
i-EiN2R3RFmpP2Fwqrg18WSr,Hjalmar Claëson,true
i-EiN2R3RFmpP2Fwqrg18WSr,Otto Hjalmar Leonard Claëson,false
i-EirzkhdwfUoMhiGdb6EdVa,Brodén,false
i-EirzkhdwfUoMhiGdb6EdVa,Carl Johan Brodén,true
i-Ej7GqB6XDsmEuEtqUYcCNG,Johan Nordenfalk,false
i-Ej7GqB6XDsmEuEtqUYcCNG,Johan Nordenfalk den yngre,true
i-Ej7GqB6XDsmEuEtqUYcCNG,Nordenfalk,false
i-EjCEL4azGRG75fgKBPg8Rq,Christen Christenson,true
i-EjCEL4azGRG75fgKBPg8Rq,Christenson,false
i-EjEKL9dmFcrekuggyNiCSZ,Hamilton af Hageby,false
i-EjEKL9dmFcrekuggyNiCSZ,Hugo Adolf Hamilton,false
i-EjEKL9dmFcrekuggyNiCSZ,Hugo Adolph Hamilton af Hageby,false
i-EjEKL9dmFcrekuggyNiCSZ,Hugo Hamilton,true
i-EjP2hRU7XWTbJVpFzgutfx,Croneborg,false
i-EjP2hRU7XWTbJVpFzgutfx,Henrik Hjalmar Ulrik Croneborg,false
i-EjP2hRU7XWTbJVpFzgutfx,Hjalmar Croneborg,true
i-EjPMvKrvi7HdAPnB25iKv8,Ingela Nylund Watz,true
i-EjgCsasV3xuCur7HxqaNHA,Cars,false
i-EjgCsasV3xuCur7HxqaNHA,Hadar Cars,true
i-EjgCsasV3xuCur7HxqaNHA,Hadar Otto Hjalmar Gustaf Gunnar Hadarsson Cars,false
i-EjrwczzWeDXdSPXT5TLk7s,Gavelius,false
i-EjrwczzWeDXdSPXT5TLk7s,Janne Gavelius,false
i-EjrwczzWeDXdSPXT5TLk7s,Johan Erland Gavelius,true
i-EkHKGEpr4tEC2BogFc76Gt,Nils Gustav Nordh,false
i-EkHKGEpr4tEC2BogFc76Gt,Nils Nordh,true
i-EkHKGEpr4tEC2BogFc76Gt,Nordh,false
i-EkQKNQQonia5BuXejJsb5G,Carl Christenson,true
i-EkQKNQQonia5BuXejJsb5G,Christenson,false
i-EkW2jeAE67h8gKoZYoTGvf,Carl Magnusson,true
i-EkW2jeAE67h8gKoZYoTGvf,Carl Teodor Magnusson,false
i-EkW2jeAE67h8gKoZYoTGvf,Magnusson,false
i-Ekk6Q6yDN2NMYeoAzM8ZLx,Ruben Swedberg,true
i-Ekk6Q6yDN2NMYeoAzM8ZLx,Swedberg,false
i-EkkjNF1vBGKCszDwz6nywb,Johan Robert Rettig,false
i-EkkjNF1vBGKCszDwz6nywb,John Rettig,true
i-EkkjNF1vBGKCszDwz6nywb,John Robert Rettig,false
i-EkkjNF1vBGKCszDwz6nywb,Rettig,false
i-EmjigjZuAQAJx6WM7GX1ZK,Björn Ericson,true
i-EmjigjZuAQAJx6WM7GX1ZK,Ericson,false
i-En3CE6QoStF8T5JvdqYiDW,Mubarik Mohamed Abdirahman,true
i-EnC3VHufiqpKfgXVa9Vozo,Håkan Strömberg,true
i-EnC3VHufiqpKfgXVa9Vozo,Strömberg,false
i-EnP8BTag9UkPc8S5HLtfts,Franzén,false
i-EnP8BTag9UkPc8S5HLtfts,Nils Franzén,true
i-EnP8BTag9UkPc8S5HLtfts,Nils Karl Hugo Franzén,false
i-EnY75k4BnjsRjmfLfQWBqT,Hans Rosengren,true
i-EnY75k4BnjsRjmfLfQWBqT,Hans Åke Johan Rosengren,false
i-EnY75k4BnjsRjmfLfQWBqT,Rosengren,false
i-EnmqTi83N1DBEPPz3Vdve9,Eleonore Lundkvist,true
i-Enw1KHymm14HvZLXai5pNR,Hansson,false
i-Enw1KHymm14HvZLXai5pNR,Torsten Bengt Gunnar Hansson,false
i-Enw1KHymm14HvZLXai5pNR,Torsten Hansson,true
i-Eo9kRYLJjs1m75cXCdvmdh,Kjell-Arne Ottosson,true
i-Eoor7chig2KkpNDt6f9K2V,Claeson,false
i-Eoor7chig2KkpNDt6f9K2V,Tore Claeson,true
i-EotgTDRvSKhq6DFbRnbg2w,Fritz Piper,true
i-EotgTDRvSKhq6DFbRnbg2w,Piper,false
i-EpB6DAiA2qyU3edQAThA9u,Johan Anton Johansson,true
i-EpB6DAiA2qyU3edQAThA9u,Johansson,false
i-EpDNYovHuTxUaBfQe7k5xH,Evensson,false
i-EpDNYovHuTxUaBfQe7k5xH,Rune Allvar Evensson,false
i-EpDNYovHuTxUaBfQe7k5xH,Rune Evensson,true
i-EpGkoMNMbkRJY15jN8HtRn,Jönsson,false
i-EpGkoMNMbkRJY15jN8HtRn,Nils Jönsson,true
i-EpkJAsCf15osmWnpEQgYvg,Andreas Wilhelm Styrlander,false
i-EpkJAsCf15osmWnpEQgYvg,Styrlander,false
i-EpkJAsCf15osmWnpEQgYvg,Wilhelm Styrlander,true
i-EqYVu3WY4kd1C46kjEy47v,Willy Söderdahl,true
i-EqbawbuouJm9DWYVDB79Yw,Fredrik Emil Pettersson,false
i-EqbawbuouJm9DWYVDB79Yw,Fredrik Pettersson,true
i-EqbawbuouJm9DWYVDB79Yw,Pettersson,false
i-EqeRzbHurAEKvyxtQDBHJQ,Signe Augusta Maria Vessman,false
i-EqeRzbHurAEKvyxtQDBHJQ,Signe Vessman,true
i-EqeRzbHurAEKvyxtQDBHJQ,Signe Wessman,false
i-EqeRzbHurAEKvyxtQDBHJQ,Vessman,false
i-EqkBXQnPvEvTMEsU4BvDGk,Holmström,false
i-EqkBXQnPvEvTMEsU4BvDGk,Karl Wiktor Holmström,false
i-EqkBXQnPvEvTMEsU4BvDGk,Wiktor Holmström,true
i-EqrZERoYAFBNUZFGZV2njJ,Gösta Rahmn,true
i-EqrZERoYAFBNUZFGZV2njJ,Rahmn,false
i-Er1TuHALtWNaEXhLWh1arA,Birgitta Budd,true
i-Er4nebvwtobxtzVBSv1vhB,Johan Lagerfelt,true
i-Er61oaczszUgxR1FzN9neP,Erik Hägglund,true
i-Er61oaczszUgxR1FzN9neP,Hägglund,false
i-ErNemW6WNsbRaNz3Q9qVQH,Andersson,false
i-ErNemW6WNsbRaNz3Q9qVQH,Sven Andersson,true
i-ErNemW6WNsbRaNz3Q9qVQH,Sven Olof Morgan Andersson,false
i-ErVmo7eYu7oehJQsJSwD6t,Per Landgren,true
i-ErVmo7eYu7oehJQsJSwD6t,Per Lennart Landgren,false
i-EruM5YB3jbpsmdyuFZNU1F,Andreasson,false
i-EruM5YB3jbpsmdyuFZNU1F,Pehr Andreasson,true
i-EruM5YB3jbpsmdyuFZNU1F,Pehr Teodor Andreasson,false
i-ErxxwnY3HXvQGbZj6oQ6ho,Molander,false
i-ErxxwnY3HXvQGbZj6oQ6ho,Seth Molander,true
i-ErzkfggpF4LYEpcV54eVV9,David Melcher Lyckholm,false
i-ErzkfggpF4LYEpcV54eVV9,Lyckholm,false
i-ErzkfggpF4LYEpcV54eVV9,Melcher Lyckholm,true
i-Es9MssSEtBNEH1aADUejcS,Leif Marklund,true
i-Es9MssSEtBNEH1aADUejcS,Marklund,false
i-EsuUYJiQxytWNxQe542atz,Erik Leonard Östrand,false
i-EsuUYJiQxytWNxQe542atz,Erik Östrand,true
i-EsuUYJiQxytWNxQe542atz,Östrand,false
i-EtThq89KCE79SrwT9ppHwa,Rune Hermansson,true
i-EtZPp558NBkJSFmtZFrnn,Hanna Rebecca Zetterberg,false
i-EtZPp558NBkJSFmtZFrnn,Hanna Zetterberg,true
i-EtZPp558NBkJSFmtZFrnn,Hanna Zetterberg Struwe,false
i-EtZPp558NBkJSFmtZFrnn,Zetterberg Struwe,false
i-EtzAH131XhzsgKEF18yz69,Erik Gustavsson-Hedenby,false
i-EtzAH131XhzsgKEF18yz69,Erik Hedenby,true
i-EtzAH131XhzsgKEF18yz69,Erik Reinhold Hedenby,false
i-EtzAH131XhzsgKEF18yz69,Erik Reinhold Hedenby Gustafsson,false
i-EtzAH131XhzsgKEF18yz69,Hedenby,false
i-EuDLsjc6kknhMzPB1UFjeq,Hamrin,false
i-EuDLsjc6kknhMzPB1UFjeq,Rickard Yngve Hamrin,false
i-EuDLsjc6kknhMzPB1UFjeq,Yngve Hamrin,true
i-EucyipYZH7KqGXP6UuKNta,Knut Dahlberg,true
i-Ev13DrJjHbo85jEmQ5EPLM,Ewa Thalén Finné,true
i-Ev2bAyMrQ6WFtkDbPD2E9z,Magnus Stuart,true
i-Ev6Dx3pWj2WT32VGQpabaz,Finn Bengtsson,true
i-Ev6Dx3pWj2WT32VGQpabaz,Finn Gustav Bengtsson,false
i-EvEhiwEfBXTnZhpZqBB1u5,Grönfeldt Bergman,false
i-EvEhiwEfBXTnZhpZqBB1u5,Lisbeth Grönfeldt Bergman,true
i-EvPzMSBHEcceknxhL5XNSk,Peter Weibull Bernström,true
i-EvfrJDfNX48Xm79gzDBSsB,Nilsson,false
i-EvfrJDfNX48Xm79gzDBSsB,Patrick Isidor Nilsson,false
i-EvfrJDfNX48Xm79gzDBSsB,Patrick Nilsson,true
i-Evjo9hsKrPvb3KMyegAipb,Cecilia Magnusson,true
i-EwMNfGWXSptE1i89f5to9e,Elliot,false
i-EwMNfGWXSptE1i89f5to9e,Erik Elliot,true
i-EwMNfGWXSptE1i89f5to9e,Johan Erik Elliot,false
i-EwQLj64QESe7nyTkQt6qeD,Hedfors,false
i-EwQLj64QESe7nyTkQt6qeD,Lars Hedfors,true
i-EwWj1hhTj77GkxX2Z7SW8V,Eriksson,false
i-EwWj1hhTj77GkxX2Z7SW8V,Nancy Eriksson,true
i-Ewi7Lwy3h4DBNJ2zradbNt,Torkild Strandberg,true
i-EwkQLpEWsYinedez1xYHNE,Ahlkvist,false
i-EwkQLpEWsYinedez1xYHNE,Emil Ahlkvist,true
i-EwkQLpEWsYinedez1xYHNE,Karl Emil Ahlkvist,false
i-Ex2Sr4oaEDXh8raD7qTfv1,Björck,false
i-Ex2Sr4oaEDXh8raD7qTfv1,Frans Björck,true
i-ExQ7iYJ23FD6ip4JCvWQQA,Abenius,false
i-ExQ7iYJ23FD6ip4JCvWQQA,Erik Wilhelm Abenius,false
i-ExQ7iYJ23FD6ip4JCvWQQA,Wilhelm Abenius,true
i-ExSAYRqk2xRRexace2P8wV,Ernst Victor Larsson,false
i-ExSAYRqk2xRRexace2P8wV,Larsson,false
i-ExSAYRqk2xRRexace2P8wV,Victor Larsson,true
i-ExxTfkncy1gMjhEpJL1Dyn,Aug. Pettersson,false
i-ExxTfkncy1gMjhEpJL1Dyn,August Peterson,true
i-ExxTfkncy1gMjhEpJL1Dyn,Peterson,false
i-Ey2xJ5PQcAYBGtnz2AK3qu,Anti Avsan,true
i-EyuGmrupfCbCjnEH6T6dVd,Carl Adam Jakob Raab,true
i-EyuGmrupfCbCjnEH6T6dVd,Carl Raab,false
i-EyuGmrupfCbCjnEH6T6dVd,Raab,false
i-EzTewE2Qf2bcH25pxSMAdX,Erikson,false
i-EzTewE2Qf2bcH25pxSMAdX,Gustaf Erikson,true
i-EzcxskgMAVbnq8hM2F2km9,Andersson,false
i-EzcxskgMAVbnq8hM2F2km9,Arne Andersson,true
i-EzhmCmNyKREE4AaqdncvAo,Carl Frans Lundström,true
i-EzhmCmNyKREE4AaqdncvAo,Carl Franz Lundström,false
i-EzhmCmNyKREE4AaqdncvAo,Lundström,false
i-EzoYa8ssNG2yng3ZQUDftM,Per Sörensson,true
i-EzoYa8ssNG2yng3ZQUDftM,Sörensson,false
i-F1Qv8honQNYhyeiCp8bRG5,Jiwe,false
i-F1Qv8honQNYhyeiCp8bRG5,Johan Johnsson,true
i-F1Qv8honQNYhyeiCp8bRG5,Johan Viktor Johnsson,false
i-F1Qv8honQNYhyeiCp8bRG5,Johan Wiktor Johnsson,false
i-F1Qv8honQNYhyeiCp8bRG5,Johnsson,false
i-F1RwJxotHWwBitEw9rLdhZ,Lindahl,false
i-F1RwJxotHWwBitEw9rLdhZ,Torkel Lindahl,true
i-F1dpMef5QiAAg6QLm3tfpo,Carl Erik Hallgren,false
i-F1dpMef5QiAAg6QLm3tfpo,Erik Hallgren,true
i-F1dpMef5QiAAg6QLm3tfpo,Hallgren,false
i-F25NVHcBHh8Wvt6w7kLUBA,Berg,false
i-F25NVHcBHh8Wvt6w7kLUBA,John Berg,true
i-F25NVHcBHh8Wvt6w7kLUBA,K. J. Berg,false
i-F25NVHcBHh8Wvt6w7kLUBA,Karl Johan Berg,false
i-F2XKt56YqizbKSiAR4NKb5,Hansson,false
i-F2XKt56YqizbKSiAR4NKb5,Jacob Hansson,true
i-F2ZGUJuWW6iUhgwMRj9q9y,Dahlgren,false
i-F2ZGUJuWW6iUhgwMRj9q9y,Johan Dahlgren,true
i-F2wQdu2KxmTQSgwQsrrGe9,Gustaf Emanuel Heüman,false
i-F2wQdu2KxmTQSgwQsrrGe9,Gustaf Heüman,true
i-F2wQdu2KxmTQSgwQsrrGe9,Gustav Emanuel Heüman,false
i-F2wQdu2KxmTQSgwQsrrGe9,Heuman,false
i-F2wQdu2KxmTQSgwQsrrGe9,Heüman,false
i-F3i2WXg5uopbejwCtrn52,Hansson,false
i-F3i2WXg5uopbejwCtrn52,Sigfrid Hansson,true
i-F3n4JZh4qoiZP1uf3cHstr,Axel Georg Wästfelt,false
i-F3n4JZh4qoiZP1uf3cHstr,Axel Wästfelt,true
i-F3n4JZh4qoiZP1uf3cHstr,Wästfelt,false
i-F44hcDXUa1kLFsipmvqi6X,Gustaf Lagerbring,true
i-F44hcDXUa1kLFsipmvqi6X,Gustaf Otto Robert Lagerbring,false
i-F44hcDXUa1kLFsipmvqi6X,Lagerbring,false
i-F4NNPD3ks862FRzkUn5FVs,Gunvor Stenberg,true
i-F4NNPD3ks862FRzkUn5FVs,Stenberg,false
i-F4Pzs4iARRvqG686ESA9J,Anitha Bondestam,true
i-F4Pzs4iARRvqG686ESA9J,Anitha Ingrid Bondestam,false
i-F52EbcFXmC4tU6H8DhNZx3,Collvin,false
i-F52EbcFXmC4tU6H8DhNZx3,Edvard Collvin,true
i-F52EbcFXmC4tU6H8DhNZx3,Henrik Edvard Collvin,false
i-F52oCDZ9guhfNeEcHBMYaW,Lars Härneman,true
i-F5CraRitpEtuezeja6cK6P,Anders Sellström,true
i-F5LBsm5aabFnfCnsq47XrV,Holmberg,false
i-F5LBsm5aabFnfCnsq47XrV,Nils G Holmberg,false
i-F5LBsm5aabFnfCnsq47XrV,Nils Holmberg,true
i-F6Qp4bx3aMVLN2vuCyMK7D,Knut Gustaf Nils Wachtmeister,false
i-F6Qp4bx3aMVLN2vuCyMK7D,Knut Wachtmeister,true
i-F6Qp4bx3aMVLN2vuCyMK7D,Wachtmeister,false
i-F6cbUKxaDsHRKogUdrL9Vr,Eriksson,false
i-F6cbUKxaDsHRKogUdrL9Vr,Karl Olof Eriksson,true
i-F6oRPmj32S4tXs2mDMqmeE,Lars Olsson,true
i-F6oRPmj32S4tXs2mDMqmeE,Olsson,false
i-F75GdyfEGNRiwZrKbuWUGy,Börje Hörnlund,true
i-F75GdyfEGNRiwZrKbuWUGy,Hörnlund,false
i-F7At3v6PvJpNCH37qRhr8A,Sofia Damm,true
i-F7ULzRrCf8CRpTUenaxX9w,Arhusiander,false
i-F7ULzRrCf8CRpTUenaxX9w,Magnus Arhusiander,true
i-F7ioeA3twRfGezzwa4JPQA,Erica Anna Nådin,false
i-F7ioeA3twRfGezzwa4JPQA,Erica Nådin,true
i-F7kGC3XVFAzms4GW6rJCFC,Falk,false
i-F7kGC3XVFAzms4GW6rJCFC,Wilhelm Falk,true
i-F7sXynodngMrLGUpq5f1k6,Bissmark,false
i-F7sXynodngMrLGUpq5f1k6,Georg Bissmark,true
i-F7sXynodngMrLGUpq5f1k6,Georg Fredrik Bissmarck,false
i-F7sXynodngMrLGUpq5f1k6,Georg Fredrik Bissmark,false
i-F8PYYMApcYdswb4AWjZyqf,Flensburg,false
i-F8PYYMApcYdswb4AWjZyqf,Niclas Theodor Flensburg,false
i-F8PYYMApcYdswb4AWjZyqf,Theodor Flensburg,true
i-F8Q1QN8EmRLzQz9iUe6zgL,Anders Nilsson,true
i-F8Q1QN8EmRLzQz9iUe6zgL,Nilsson,false
i-F8X3mhDV538hWWiCr79TJJ,Percy Einar August Liedholm,false
i-F8X3mhDV538hWWiCr79TJJ,Percy Liedholm,true
i-F8bSD7JcePAy5c3DWYPLRs,Andersson,false
i-F8bSD7JcePAy5c3DWYPLRs,Sven Johan Vigelsbo,false
i-F8bSD7JcePAy5c3DWYPLRs,Sven Vigelsbo,true
i-F8bSD7JcePAy5c3DWYPLRs,Vigelsbo,false
i-F8oXMDVWmvzk7gi1D88cYJ,Bæckström,false
i-F8oXMDVWmvzk7gi1D88cYJ,Frans Bæckström,true
i-F8oXMDVWmvzk7gi1D88cYJ,Frans Eric August Bæckström,false
i-F8qdE2eedz12PwFanq3ahv,Ekendahl,false
i-F8qdE2eedz12PwFanq3ahv,Maud Ekendahl,true
i-F9ewtPwkU2RmcUUoQ6XRXa,Holmström,false
i-F9ewtPwkU2RmcUUoQ6XRXa,Martin Holmström,true
i-F9ewtPwkU2RmcUUoQ6XRXa,Martin Wilhelm Holmström,false
i-F9kyuoJF3pqKRJjx8EPq4F,Marcus Jonsson,true
i-F9oag7TTVyYhefCPVcBEwu,Carl Magnus Oscar Schenström,false
i-F9oag7TTVyYhefCPVcBEwu,Oscar Schenström,true
i-F9oag7TTVyYhefCPVcBEwu,Schenström,false
i-F9qq7Mc97xQJVDuazrU4kA,Beck-Friis,false
i-F9qq7Mc97xQJVDuazrU4kA,Carl Beck-Friis,true
i-F9qq7Mc97xQJVDuazrU4kA,Carl Sigvard Beck-Friis,false
i-F9yiexrfiaMq7XRkN2UQtm,Forssell,false
i-FAH2d8Kq5VBd7TJJ4zb8PQ,Knut Petersson,true
i-FAH2d8Kq5VBd7TJJ4zb8PQ,Knut Z. Petersson,false
i-FAH2d8Kq5VBd7TJJ4zb8PQ,Knut Zakarias Petersson,false
i-FAH2d8Kq5VBd7TJJ4zb8PQ,Petersson,false
i-FAhoYDeAxVXRZmnF5LnHgv,Kent Persson,true
i-FAknsKH1HCB1h2f4cEi1dZ,Hjalmar Nilsson,true
i-FAknsKH1HCB1h2f4cEi1dZ,Nilsson,false
i-FBK3K4EJqegXoebWg1uTca,Maria Irene Jacobsson,false
i-FBK3K4EJqegXoebWg1uTca,Maria Jacobsson,true
i-FBVyR2c9ZXHBjh2ETNQb8U,L. M. Nordenfelt,false
i-FBVyR2c9ZXHBjh2ETNQb8U,L. Nordenfelt,false
i-FBVyR2c9ZXHBjh2ETNQb8U,Leonard Magnus Nordenfelt,false
i-FBVyR2c9ZXHBjh2ETNQb8U,Leonard Nordenfelt,true
i-FBVyR2c9ZXHBjh2ETNQb8U,Nordenfelt,false
i-FBqnnZt6zvmwFVLD1bjimL,Montgomery-Cederhielm,false
i-FBqnnZt6zvmwFVLD1bjimL,Robert Montgomery-Cederhielm,true
i-FBqnnZt6zvmwFVLD1bjimL,Robert Nils Germund Montgomery-Cederhielm,false
i-FC2GX5wJcH8fCeQiYyc1TQ,Arvid Erikson,true
i-FC2GX5wJcH8fCeQiYyc1TQ,Erikson,false
i-FC2GX5wJcH8fCeQiYyc1TQ,Fredrik Arvid Erikson,false
i-FCMnpjWTxQ3MKDCVHqbnHZ,Granath,false
i-FCMnpjWTxQ3MKDCVHqbnHZ,Per Granath,true
i-FCiENqoUbHX3BSFketWBxb,Alsterlund,false
i-FCiENqoUbHX3BSFketWBxb,Magnus Alsterlund,true
i-FCx1vSp3maaCJRjsYNbHqo,Jan Magnusson,true
i-FCx1vSp3maaCJRjsYNbHqo,Magnusson,false
i-FDE8vHVwQL5JtnfhZTNxMP,Edvard Herman Rodhe,true
i-FDE8vHVwQL5JtnfhZTNxMP,Rohde,false
i-FDUnfwLSnbmZFbmEoCBSeE,Karl Karlsson,true
i-FDUnfwLSnbmZFbmEoCBSeE,Karlsson,false
i-FDVfwmP4JrDHZEsdcS6SN,Jonsson,false
i-FDVfwmP4JrDHZEsdcS6SN,Olof Jonsson,true
i-FDa87dk7yYWBzZZXiiurE6,Michael Stjernström,true
i-FDkKvDMncsBnE8nzn8d1Re,Emma Nohrén,true
i-FEhBEDLo57j2bLex22jKPW,Bengtsson,false
i-FEhBEDLo57j2bLex22jKPW,Pål Alfred Bengtsson,false
i-FEhBEDLo57j2bLex22jKPW,Pål Bengtsson,true
i-FErqYyg4ctnxLzmQuzsAZ5,August Wengberg,true
i-FErqYyg4ctnxLzmQuzsAZ5,Per August Wengberg,false
i-FErqYyg4ctnxLzmQuzsAZ5,Wengberg,false
i-FFnvvbj3MefWasEFe2C2jQ,Stefan Tornberg,true
i-FFyGhg7yDLhat7YPoNLzaH,Ekdahl,false
i-FFyGhg7yDLhat7YPoNLzaH,Gustaf Adalrik Ekdahl,false
i-FFyGhg7yDLhat7YPoNLzaH,Gustaf Ekdahl,true
i-FGusd4eXuptNKUobbCPboZ,Björkman,false
i-FGusd4eXuptNKUobbCPboZ,Folke Björkman,true
i-FGusd4eXuptNKUobbCPboZ,Nils Gustaf Folke Björkman,false
i-FJ3qAMd2ReYtDiK92hL27W,Barbro Feltzing,true
i-FJ3qAMd2ReYtDiK92hL27W,Barbro Margareta Feltzing,false
i-FJjVB1uFZKDS8XH3A1Z3Cd,Göran Thingwall,true
i-FKLdFezw4jPcBcpexqvUyJ,Kent Bertil Leo Olsson,false
i-FKLdFezw4jPcBcpexqvUyJ,Kent Olsson,true
i-FKLdFezw4jPcBcpexqvUyJ,Olsson,false
i-FL3Tee8NjTSCkq4XGmHcyw,Carina Adolfsson Elgestam,true
i-FLEUnTue6oAgyDmZZjwLh8,Anna Greta Leijon,false
i-FLEUnTue6oAgyDmZZjwLh8,Anna Greta Leion,false
i-FLEUnTue6oAgyDmZZjwLh8,Anna Greta Lejon,false
i-FLEUnTue6oAgyDmZZjwLh8,Anna Margareta Maria Lejon,false
i-FLEUnTue6oAgyDmZZjwLh8,Anna-Greta Leijon,true
i-FLEUnTue6oAgyDmZZjwLh8,Anna-Greta Leion,false
i-FLEUnTue6oAgyDmZZjwLh8,Anna-Greta Lejon,false
i-FLEUnTue6oAgyDmZZjwLh8,Annagreta Leion,false
i-FLEUnTue6oAgyDmZZjwLh8,Annagreta lejon,false
i-FLEUnTue6oAgyDmZZjwLh8,Leijon,false
i-FM6MMcusGpk6ZPWpXeYthr,Hedvall,false
i-FM6MMcusGpk6ZPWpXeYthr,Jakob Julius Hedvall,false
i-FM6MMcusGpk6ZPWpXeYthr,Julius Hedvall,true
i-FMF8HQuCkg6coFTxRQFae3,Peter Andreas Åkerlund,false
i-FMF8HQuCkg6coFTxRQFae3,Peter Åkerlund,true
i-FMF8HQuCkg6coFTxRQFae3,Åkerlund,false
i-FMbdAtQDi1xjoBLrjZem5c,Anders Johansson,true
i-FMbdAtQDi1xjoBLrjZem5c,Johansson,false
i-FMmERwnYXRjNZmhsggDb2Y,Johan Olofsson,true
i-FMmERwnYXRjNZmhsggDb2Y,Olofsson,false
i-FNYgeUFNqB3Rb19pmBYaA9,Fredrik Sandwall,true
i-FNYgeUFNqB3Rb19pmBYaA9,Fredrik Vilhelm Sandwall,false
i-FNYgeUFNqB3Rb19pmBYaA9,Sandwall,false
i-FNouskd2fezESJGQG7jTit,Lars Fredrik Odell,true
i-FNouskd2fezESJGQG7jTit,Odell,false
i-FNvUq6siEkjKMWmKLJgUz1,Karl Persson,true
i-FNvUq6siEkjKMWmKLJgUz1,Karl Ragnar Persson,false
i-FNvUq6siEkjKMWmKLJgUz1,Persson,false
i-FNvuqdN5bu7HwDNrzpb3ij,Bror August Petrén,false
i-FNvuqdN5bu7HwDNrzpb3ij,Bror Petrén,true
i-FNvuqdN5bu7HwDNrzpb3ij,Petrén,false
i-FNweMv3T21DVohEFW14YxW,Adolph Fredrik Nils Gyldenstolpe,false
i-FNweMv3T21DVohEFW14YxW,Nils Gyldenstolpe,true
i-FNzFVydYDVzPSVJ2wM7JXB,Inger Nordlander,true
i-FP7vFgYczp8p2cR6u496W6,Eriksson,false
i-FP7vFgYczp8p2cR6u496W6,Täpp Jonas Eriksson,true
i-FPAKQDaBoHV4aDFBYWggpk,Brivio Thörner,true
i-FPAKQDaBoHV4aDFBYWggpk,Jan Brivio Knut Thörner,false
i-FPpfM5ZVv1R5M45zNkpLUZ,Hans Ebbe Petersson,false
i-FPpfM5ZVv1R5M45zNkpLUZ,Hans Petersson,true
i-FPpfM5ZVv1R5M45zNkpLUZ,Petersson,false
i-FQJJCrSL887VqdEgWRuCYj,Cornelius Alexander Sjöcrona,false
i-FQJJCrSL887VqdEgWRuCYj,Cornelius Sjöcrona,true
i-FQJJCrSL887VqdEgWRuCYj,Sjöcrona,false
i-FQNi1j1M668gRqjAAsHwZU,Arfved Lovisin,false
i-FQNi1j1M668gRqjAAsHwZU,Carl Arfved Lovisin,false
i-FQNi1j1M668gRqjAAsHwZU,Carl Lovisin,true
i-FREGKa9PtXVgWChpGg3rFi,Hector,false
i-FREGKa9PtXVgWChpGg3rFi,Sven Erik Christian Hector,false
i-FREGKa9PtXVgWChpGg3rFi,Sven Hector,true
i-FRGfTH5KkJZJxRVKbTaC5V,John Örwall,true
i-FRGfTH5KkJZJxRVKbTaC5V,Örwall,false
i-FRnebi6Me6RrLAQEkjSEQi,Carl Johan Georg af Schmidt,false
i-FRnebi6Me6RrLAQEkjSEQi,Georg af Schmidt,true
i-FRnebi6Me6RrLAQEkjSEQi,af Schmidt,false
i-FRxB8oznSTCKcmDJnb8HAC,Gunnar Hyltander,true
i-FRxB8oznSTCKcmDJnb8HAC,Hyltander,false
i-FRxB8oznSTCKcmDJnb8HAC,Karl Gunnar Esaias Hyltander,false
i-FRxB8oznSTCKcmDJnb8HAC,herr Hyltander,false
i-FS6XMkBBexKbwY1R15w7a3,Malin Östh,true
i-FSJ4kw3boEHgUkPEAcBMPU,Beck-Friis,false
i-FSJ4kw3boEHgUkPEAcBMPU,Johan Beck-Friis,true
i-FSJ4kw3boEHgUkPEAcBMPU,Johan Gabriel Beck-Friis,false
i-FSSYxP3VAxmi4UU9bL1D8z,Sture Thun,true
i-FSSYxP3VAxmi4UU9bL1D8z,Thun,false
i-FSVPoxQV1hd2wjkk2XNetD,Dalberg,false
i-FSVPoxQV1hd2wjkk2XNetD,Erik Dalberg,true
i-FSjCAqMWRPMvgHfG4VFk1P,Leif Georg Nysmed,false
i-FSjCAqMWRPMvgHfG4VFk1P,Leif Nysmed,true
i-FTiFt8AALJDsUjHZcZEDSH,Erik Lorents Petersson,false
i-FTiFt8AALJDsUjHZcZEDSH,Lorents Petersson,true
i-FTiFt8AALJDsUjHZcZEDSH,Lortentz Petersson,false
i-FTiFt8AALJDsUjHZcZEDSH,Petersson,false
i-FTkwAMo13hmDoeXLXEV1N,Henricsson,false
i-FTkwAMo13hmDoeXLXEV1N,Sven Henricsson,true
i-FTpmQFfwbC9Ed9f3wcMTTb,Henrik Olof Vinge,false
i-FTpmQFfwbC9Ed9f3wcMTTb,Henrik Vinge,true
i-FTuxB98cDMBkWw68Y9RHEc,Anneli Särnblad,true
i-FUEo6Dnsq56JqjTo6aMkR9,August Rappe,true
i-FUEo6Dnsq56JqjTo6aMkR9,August Vilhelm Rappe,false
i-FUEo6Dnsq56JqjTo6aMkR9,August Wilhelm Rappe,false
i-FUEo6Dnsq56JqjTo6aMkR9,Rappe,false
i-FUHcN4Y2HY7c5xfzgU4XMe,Adolf Fredrik Zakarias Rappe,false
i-FUHcN4Y2HY7c5xfzgU4XMe,Adolf Rappe,true
i-FUHcN4Y2HY7c5xfzgU4XMe,Rappe,false
i-FUSNFKTExLXiTZd91oF5JK,Johansson,false
i-FUSNFKTExLXiTZd91oF5JK,Lisa Johansson,true
i-FUSNFKTExLXiTZd91oF5JK,Valborg Elisabeth Jogansson,false
i-FVGR8XZdsZ21ySWBmsNQwi,Emthén,false
i-FVGR8XZdsZ21ySWBmsNQwi,Oswald Emthén,true
i-FW8z2Ue1aA9Rg4FPuHWZEk,Larsson,false
i-FW8z2Ue1aA9Rg4FPuHWZEk,Per Larsson,true
i-FWDfd5GmfMC3Hg2HeccBUS,Christian von Sydow,true
i-FWDfd5GmfMC3Hg2HeccBUS,von Sydow,false
i-FWGPPxcLZRFDrb58TQhLuJ,Mats Berglind,true
i-FWydL5N493XBW1LnZgZjCH,Inger Strömbom,true
i-FXBJKBtcAbb72LJstZb26n,John Olsson,true
i-FXBJKBtcAbb72LJstZb26n,Jonathan Olsson,false
i-FXBJKBtcAbb72LJstZb26n,Olsson,false
i-FXGWoBwKu8GNht8F4SqeQM,Inger Gustavsson,true
i-FXLEj98MEhXCxuiihroJSv,Andersson,false
i-FXLEj98MEhXCxuiihroJSv,Edoff Andersson,true
i-FXLEj98MEhXCxuiihroJSv,Edoff Emanuel Andersson,false
i-FXrhyHf2ZVdxnRyHs6A8Zn,Hellberg,false
i-FXrhyHf2ZVdxnRyHs6A8Zn,Lars Henrik Wilhelm Hellberg,false
i-FXrhyHf2ZVdxnRyHs6A8Zn,Wilhelm Hellberg,true
i-FYQMv7Nmr5BzKpTjd9ia9j,Carl Fock,true
i-FYQMv7Nmr5BzKpTjd9ia9j,Carl Johan Fredrik Emil Fock,false
i-FYQMv7Nmr5BzKpTjd9ia9j,Fock,false
i-FYmvZq2dEnGGK4W9oYox7,Odelberg,false
i-FYmvZq2dEnGGK4W9oYox7,Oscar Wilhelm Odelberg,false
i-FYmvZq2dEnGGK4W9oYox7,Wilhelm Odelberg,true
i-FYsVUYKruvwGFkVY3YHpi7,Signell,false
i-FYsVUYKruvwGFkVY3YHpi7,Sven-Gösta Signell,true
i-FYyRXPgwp22BpTRV76t6ga,Filip Fridolfsson,true
i-FYyRXPgwp22BpTRV76t6ga,Filip W. Fridolfsson,false
i-FYyRXPgwp22BpTRV76t6ga,Filip William Fridolfsson,false
i-FYyRXPgwp22BpTRV76t6ga,Fridolfsson,false
i-Fa75ePV6JC2wN91aE4xcYD,Attefall,false
i-Fa75ePV6JC2wN91aE4xcYD,Jan Stefan Attefall,false
i-Fa75ePV6JC2wN91aE4xcYD,Stefan Attefall,true
i-FaHZVPWVR2eB2WbWdES1dK,Pohanka,false
i-FaHZVPWVR2eB2WbWdES1dK,Ragnhild Pohanka,true
i-FaoUS6KQkC3yXJre1uVh4Z,Gustaf Silfverstolpe,true
i-FaoUS6KQkC3yXJre1uVh4Z,Silfverstolpe,false
i-FbFHwwTTGqDXgSo7gujPje,Apelqvist,false
i-FbFHwwTTGqDXgSo7gujPje,Gustav Harry Apelqvist,false
i-FbFHwwTTGqDXgSo7gujPje,Harry Apelqvist,true
i-FbgXPMzNKnueZcDyW5q2Fi,Ahlfvengren,false
i-FbgXPMzNKnueZcDyW5q2Fi,Frederik Elias Ahlfvengren,false
i-FbgXPMzNKnueZcDyW5q2Fi,Fredrik Elias Ahlfvengren,true
i-Fbr8NZHB3G14H5Wdpn95gM,Anita Wermelin,true
i-FbsJjajC2NS2vEr6XTq5ft,Andersson,false
i-FbsJjajC2NS2vEr6XTq5ft,Lars Andersson,true
i-FbsJjajC2NS2vEr6XTq5ft,Lars Peter Andersson,false
i-Fc95WfULHTRVFGndMbh1qx,Magnusson,false
i-Fc95WfULHTRVFGndMbh1qx,Nils Bertil Magnusson,false
i-Fc95WfULHTRVFGndMbh1qx,Nils Magnusson,true
i-FcLcPpvkCZeto2vtiWZzYU,Petter Löberg,true
i-FcSHwyiPoR4KQVGMkW2y5K,Anna-Lisa Nilsson,true
i-FcSHwyiPoR4KQVGMkW2y5K,Nilsson,false
i-FcYFZsJudP2Q26xks7EHrA,Ann-Marie Fagerström,true
i-FdJqbT12WauhcFeDqFwxGA,Erik Öberg,true
i-FdJqbT12WauhcFeDqFwxGA,Öberg,false
i-FdnTYP32J7a1rbP8ftq9dN,August Ernfors,true
i-FdnTYP32J7a1rbP8ftq9dN,Eriksson,false
i-FdnTYP32J7a1rbP8ftq9dN,Ernfors,false
i-FdnTYP32J7a1rbP8ftq9dN,Oscar August Ernfors,false
i-FdnTYP32J7a1rbP8ftq9dN,Oskar August Ernfors,false
i-Fdo3AEU8rkoPNuq1CJd5L6,Branting,false
i-Fdo3AEU8rkoPNuq1CJd5L6,Georg Branting,true
i-FdoD219QSnSV59bQLxhamx,Tone Tingsgård,true
i-FdvWw4zD2L3JULLMLZP4N7,Kjell A. Mattsson,true
i-FdvWw4zD2L3JULLMLZP4N7,Mattsson,false
i-FeC3S4FAB2umGYonuK8yx9,Gustaf Peterson,true
i-FeC3S4FAB2umGYonuK8yx9,Pehr Henrik Gustaf Peterson,false
i-FeC3S4FAB2umGYonuK8yx9,Pehr Henrik Peterson Gustaf Karlskrona,false
i-FeC3S4FAB2umGYonuK8yx9,Peterson,false
i-FePE36s1a3hBYzZb3JduF8,Göte Peterson,true
i-FePE36s1a3hBYzZb3JduF8,Göte Petterson,false
i-FePE36s1a3hBYzZb3JduF8,Peterson,false
i-FeVXF7pVocmUfQoPXGuJKR,Valter Mutt,true
i-Femz36yT2bdW6F7rkafEXw,Olof Östling,true
i-Femz36yT2bdW6F7rkafEXw,Östling,false
i-FfCiJc8kVZcwio9wsCvVkH,Mehmet Kaplan,true
i-Ffeyu3W1u9rCYut1yN4GxR,Canell,false
i-Ffeyu3W1u9rCYut1yN4GxR,Fredrik Canell,true
i-Ffeyu3W1u9rCYut1yN4GxR,Per Fredrik Canell,false
i-FgPMLnSevim92vXDyJ4J7F,Jonas Selggren,true
i-FgPMLnSevim92vXDyJ4J7F,Selggren,false
i-Fgesu2cj1Ub5D7stoi6hAK,Andreasson,false
i-Fgesu2cj1Ub5D7stoi6hAK,Egon Andreasson,true
i-Fgesu2cj1Ub5D7stoi6hAK,Nils Egon Andreasson,false
i-FgzAUwo9tMyYZoSJPdHYT1,Anders Andersson,true
i-FgzAUwo9tMyYZoSJPdHYT1,Andersson,false
i-FgzAUwo9tMyYZoSJPdHYT1,von Horn,false
i-FhLSLTTgMvsYGQ25DUwcvz,Fredrik Wilhelm von Otter,false
i-FhLSLTTgMvsYGQ25DUwcvz,Fredrik von Otter,true
i-FhLSLTTgMvsYGQ25DUwcvz,von Otter,false
i-FhTohnRic91X2Lkt914b7Q,David Larsson,true
i-FhTohnRic91X2Lkt914b7Q,Larsson,false
i-FhdnsbdSgKWks7yKVAW7kg,Dahlberg,false
i-FhdnsbdSgKWks7yKVAW7kg,Rolf Dahlberg,true
i-FhdnsbdSgKWks7yKVAW7kg,Rolf Ingemar Dahlberg,false
i-Fhk3PyhUu1U7pERFL41uYn,Gustaf Åkerlindh,true
i-Fhk3PyhUu1U7pERFL41uYn,Nils Gustaf Åkerlindh,false
i-Fhk3PyhUu1U7pERFL41uYn,Åkerlindh,false
i-FhvoeBduW7oVaiorj7G8jz,Agneta Brendt,true
i-Fi6exxqsKfo6JqsZqL1DSb,Adolf von Proschwitz,true
i-Fi6exxqsKfo6JqsZqL1DSb,von Proschwitz,false
i-FiTPPuzznmyiAtRpneFHDU,Carl Höök,true
i-FiTPPuzznmyiAtRpneFHDU,Carl Robert Höök,false
i-FiTPPuzznmyiAtRpneFHDU,Höök,false
i-FiisfXYQcUpGymcboYQpoF,C H Hermansson,false
i-FiisfXYQcUpGymcboYQpoF,C-H Hermansson,false
i-FiisfXYQcUpGymcboYQpoF,C-H. Hermansson,false
i-FiisfXYQcUpGymcboYQpoF,C. H. Hermansson,false
i-FiisfXYQcUpGymcboYQpoF,C.-H. Hermansson,true
i-FiisfXYQcUpGymcboYQpoF,C.H. Hermansson,false
i-FiisfXYQcUpGymcboYQpoF,Carl Henrik Hermansson,false
i-FiisfXYQcUpGymcboYQpoF,Carl-Henrik Hermansson,false
i-FiisfXYQcUpGymcboYQpoF,Ch hermansson,false
i-FiisfXYQcUpGymcboYQpoF,Hermansson,false
i-Fj19ja55x172rhdXkgEaCP,Lennart Johan Viktor Stiernstedt,false
i-Fj19ja55x172rhdXkgEaCP,Lennart Stiernstedt,true
i-Fj19ja55x172rhdXkgEaCP,Stiernstedt,false
i-FjD659tSC5Hi56fXrfmgbW,Nils Henrik Vult von Steyern,false
i-FjD659tSC5Hi56fXrfmgbW,Nils von Steyern,true
i-FjV3Ag28Gv7zKm2HhsFrtm,Carlström,false
i-FjV3Ag28Gv7zKm2HhsFrtm,Marianne Carlström,true
i-Fjd4MNrvC2pQQ5PT3qzrNp,Ingvar Karlén,true
i-Fkd1agCRiP7hy5diYEuk3V,Eric Nillson,true
i-Fkd1agCRiP7hy5diYEuk3V,Nillson,false
i-Fm5wCs4qyiLgbEJmwnvC5K,Andersson,false
i-Fm5wCs4qyiLgbEJmwnvC5K,Karl Andersson,true
i-Fm5wCs4qyiLgbEJmwnvC5K,Karl Emil Andersson,false
i-Fn6GZyzoxgGzKkevJhSZFP,Carl Patric Ossbahr,true
i-Fn6GZyzoxgGzKkevJhSZFP,Ossbahr,false
i-FnYuSnrPcb2UZaoXY7vjXa,Mikael Johansson,true
i-FneeHdWC4kJvq3GyuxpvWq,Carl Petrus Valdemar Gränebo,false
i-FneeHdWC4kJvq3GyuxpvWq,Carl Petrus Valdemar Nilsson,false
i-FneeHdWC4kJvq3GyuxpvWq,Gränebo,false
i-FneeHdWC4kJvq3GyuxpvWq,Nilsson,false
i-FneeHdWC4kJvq3GyuxpvWq,Petrus Gränebo,true
i-FneeHdWC4kJvq3GyuxpvWq,Petrus Nilsson,false
i-FnfN9cA2cbqkM9kt541hzu,Thoralf Alfsson,true
i-Fnk9Zpnk5sS5WYPNBLTPx3,Pia Gerd Steensland,false
i-Fnk9Zpnk5sS5WYPNBLTPx3,Pia Steensland,true
i-FnmoUk9DEGo2zFpukMaTE1,Fahlbeck,false
i-FnmoUk9DEGo2zFpukMaTE1,Pontus Erland Andersson Fahlbeck,false
i-FnmoUk9DEGo2zFpukMaTE1,Pontus Erland Fahlbeck,false
i-FnmoUk9DEGo2zFpukMaTE1,Pontus Fahlbeck,true
i-Fnu186BGHvvTJDuB7t6zMb,Amiral Lindman,false
i-Fnu186BGHvvTJDuB7t6zMb,Arvid Lindman,true
i-Fnu186BGHvvTJDuB7t6zMb,Lindman,false
i-Fnu186BGHvvTJDuB7t6zMb,Salomon Arvid Achates Lindman,false
i-Fo8c69e17JbS2VpbPxTMyr,RosMarie Jönsson Neckö,true
i-FoWwxKnaSfisnVY2AfH7M5,Beijer,false
i-FoWwxKnaSfisnVY2AfH7M5,Gottfried Beijer,true
i-FoZGPWdjE7CaiMyuRthV17,Anders Tage Magnusson,false
i-FoZGPWdjE7CaiMyuRthV17,Magnusson,false
i-FoZGPWdjE7CaiMyuRthV17,Tage Magnusson,true
i-FobwHosJYCEwYxuVKmWWjL,Lars Petersson,true
i-FooDdbstXg6Pqwp431p9Bu,Ivar Persson,true
i-FooDdbstXg6Pqwp431p9Bu,Persson,false
i-Fosqa88LPhzc5pdJM2b9et,Einar Persson,true
i-Fosqa88LPhzc5pdJM2b9et,Gröt Einar Persson,false
i-Fosqa88LPhzc5pdJM2b9et,Gröt Viktor Einar Persson,false
i-Fosqa88LPhzc5pdJM2b9et,Persson,false
i-FpL7eaFiczneAakXW1Qpwc,Anderrs Rune Hedlund,false
i-FpL7eaFiczneAakXW1Qpwc,Hedlund,false
i-FpL7eaFiczneAakXW1Qpwc,Rune Hedlund,true
i-FpZhtERayFHq9rSuxCQ5k5,Karin Gullan Maria Hult Jeppsson,false
i-FpZhtERayFHq9rSuxCQ5k5,Karin Jeppsson,true
i-FpZhtERayFHq9rSuxCQ5k5,Karin Olsson,false
i-FpwNz9bjmeyh23RqtLzYMg,Per Martin Petersson,false
i-FpwNz9bjmeyh23RqtLzYMg,Per Petersson,true
i-FpwNz9bjmeyh23RqtLzYMg,Petersson,false
i-FqNHHzdSYZ7GFrCA1qhT8A,Nils August Silfverschiöld,true
i-FqNHHzdSYZ7GFrCA1qhT8A,Silfverschiöld,false
i-FqZjPok6yktzr9xuGVDBUn,Nilsson,false
i-FqZjPok6yktzr9xuGVDBUn,Per Nilsson,true
i-FqeyFJ1u1idxjSXq4qyzpf,August Stålberg,true
i-FqeyFJ1u1idxjSXq4qyzpf,Carl August Stålberg,false
i-FqeyFJ1u1idxjSXq4qyzpf,Stålberg,false
i-FqirGpgVadzcvH1i4Q2RHU,Jon Thorbjörnson,true
i-Fr4XrhPZzYuHPqPxEZNQXc,Carl af Trampe,true
i-Fr4XrhPZzYuHPqPxEZNQXc,Jens David Carl Waldemar af Trampe,false
i-Fr4XrhPZzYuHPqPxEZNQXc,af Trampe,false
i-FrC3WwfjWAuoWu4BnbedDa,Jan-Olof Hugo Larsson,false
i-FrC3WwfjWAuoWu4BnbedDa,Jan-Olof Larsson,true
i-FrTJne8fam41FasSB9mLUA,Kerstin Engle,true
i-FrTJne8fam41FasSB9mLUA,Kerstin Lisbeth Engle,false
i-FrTLU8XsViAuhG5Rne23ue,Fredrik Saweståhl,true
i-FrizKF8qiYUeCD64QhzzFt,Johansson,false
i-FrizKF8qiYUeCD64QhzzFt,Olof Johansson,true
i-FrizKF8qiYUeCD64QhzzFt,S. Olof H. Johansson,false
i-Fs28U5eoatRQgJWdacjnwo,Kerstin Hermansson,true
i-Fs9KpZYHZp1uu9ioJZkH5D,Antby,false
i-Fs9KpZYHZp1uu9ioJZkH5D,Sven Antby,true
i-FsQi9rLBPWwgHr8YrG1deY,Anna-Karin Alterå,false
i-FsQi9rLBPWwgHr8YrG1deY,Anna-Karin Hatt,true
i-FsQi9rLBPWwgHr8YrG1deY,Sara Anna-Karin Hatt,false
i-FsVJ5uJg34mMgm9najd3TF,Emil Olovson,true
i-FsVJ5uJg34mMgm9najd3TF,Olovson,false
i-FsVJ5uJg34mMgm9najd3TF,Oskar Emil Olovson,false
i-FspDTJR46n7g4C1LGfX7xd,Johan A. Olsson,true
i-FspDTJR46n7g4C1LGfX7xd,Johan Andreas Olsson,false
i-FspDTJR46n7g4C1LGfX7xd,Olsson,false
i-FtDu6RJBJQN8GndUd7Pg2A,Bergström,false
i-FtDu6RJBJQN8GndUd7Pg2A,Johan Bergström,true
i-FtKuFRknbCgZKWtRSFNThj,Carl Johan von Essen af Zellie,false
i-FtKuFRknbCgZKWtRSFNThj,Carl von Essen,true
i-FtKuFRknbCgZKWtRSFNThj,von Essen af Zellie,false
i-FucmvyHZ22CXcKRGnfjaC4,Anders Åkesson,true
i-Fv65AszCZzasU1jcuNZjXx,Monica Widnemark,true
i-Fv65AszCZzasU1jcuNZjXx,Widnemark,false
i-FvWE3z31Yyhos89eePxNBZ,Anjou,false
i-FvWE3z31Yyhos89eePxNBZ,Christofer Ludvig Anjou,true
i-FvpsLGyVJwy2VnAqBbfthX,Maria Wetterstrand,true
i-FvpsLGyVJwy2VnAqBbfthX,Wetterstrand,false
i-FvwiuqhHW4fmCrwxpGsft7,Janne Marcuson,true
i-FvwiuqhHW4fmCrwxpGsft7,Johan Magnus Marcuson,false
i-FvwiuqhHW4fmCrwxpGsft7,Johan Marcuson,false
i-FvwiuqhHW4fmCrwxpGsft7,Marcuson,false
i-Fwns3EoVQhRb1AQ6Hx2wg,Lindstrand,false
i-Fwns3EoVQhRb1AQ6Hx2wg,Nils Lindstrand,true
i-Fwtr41iSkotzGb54DXogUy,Karl Johan Karlsson,true
i-Fwtr41iSkotzGb54DXogUy,Karlsson,false
i-Fwz6E1stufSMk97KKj5TyH,Gyllenstierna af Lundholm,false
i-Fwz6E1stufSMk97KKj5TyH,Johan Gyllenstierna,true
i-Fwz6E1stufSMk97KKj5TyH,Johan Gyllenstierna af Lundholm,false
i-Fx6SohHzLf8jEHPSPPQM5p,Arne Carlsson,true
i-Fx6SohHzLf8jEHPSPPQM5p,Carlsson,false
i-Fx6SohHzLf8jEHPSPPQM5p,Karl Arne Ingvar Carlsson,false
i-FxLnqjf9oK65LZCheHRNih,Hansson,false
i-FxLnqjf9oK65LZCheHRNih,Håkan Hansson,true
i-FxdNXf7jNvFd3tSPCRfsJN,Johan Jönsson,true
i-FxdNXf7jNvFd3tSPCRfsJN,Jönsson,false
i-Fy8CANAYhvFo9ryks64PAr,Eric Birger Trolle,false
i-Fy8CANAYhvFo9ryks64PAr,Eric Trolle,true
i-FyQvnzPg7M8nwrDTgLDVwB,Jeansson,false
i-FyQvnzPg7M8nwrDTgLDVwB,Johan Jeansson,true
i-FyQvnzPg7M8nwrDTgLDVwB,Johan Julius Jeansson,false
i-FyewTLfHXRZ4TcfWtKQoK3,Karl Otto,true
i-FyewTLfHXRZ4TcfWtKQoK3,Otto,false
i-Fz5Cj97GfpudL7roM6DkQL,Carl Johan Fredrik Rooth,false
i-Fz5Cj97GfpudL7roM6DkQL,Fritz Rooth,true
i-Fz5Cj97GfpudL7roM6DkQL,Rooth,false
i-Fz6yNekPxrQJNJdVcHwFS2,Johan Rudolf Kjellén,false
i-Fz6yNekPxrQJNJdVcHwFS2,Kjellén,false
i-Fz6yNekPxrQJNJdVcHwFS2,Rudolf Kjellén,true
i-FzRpmh8WLxVNu3HvPuDgvJ,Anders Peter Westerberg,true
i-FzRpmh8WLxVNu3HvPuDgvJ,Westerberg,false
i-FzbKV49jELSUZyaAAtAEsm,Olof Rönnberg,true
i-FzbKV49jELSUZyaAAtAEsm,Rönnberg,false
i-G1xzyAPjWuB2rB8kWLGUve,Enhörning,false
i-G1xzyAPjWuB2rB8kWLGUve,Erik August Enhörning,true
i-G1xzyAPjWuB2rB8kWLGUve,Erik Enhörning,false
i-G2FvChcLfdNRUQkYLtG8Ld,Paula Bieler,true
i-G2FvChcLfdNRUQkYLtG8Ld,Paula Bieler Eriksson,false
i-G2Vs6pNWWj8DSMWKKVguNb,Isak Olof Westlund,false
i-G2Vs6pNWWj8DSMWKKVguNb,Isak Westlund,true
i-G2Vs6pNWWj8DSMWKKVguNb,Westlund,false
i-G3LJegyEUATYSx1EYywRfd,Andersson,false
i-G3LJegyEUATYSx1EYywRfd,Gösta Andersson,true
i-G3LJegyEUATYSx1EYywRfd,H. G. Andersson,false
i-G3LJegyEUATYSx1EYywRfd,Henning Gösta Andersson,false
i-G3dTAbcH3rBb7tfv3toPXH,Göthberg,false
i-G3dTAbcH3rBb7tfv3toPXH,Kerstin Göthberg,true
i-G3foysEJ6LCRz9TzDch94P,Greta Gunilla Möller,false
i-G3foysEJ6LCRz9TzDch94P,Greta Möller,true
i-G3foysEJ6LCRz9TzDch94P,Möller,false
i-G4yWZyRJSqh8fhtAKm1m1D,Elowsson,false
i-G4yWZyRJSqh8fhtAKm1m1D,Nils Elowsson,true
i-G4yWZyRJSqh8fhtAKm1m1D,Nils Johan Elowsson,false
i-G5pAFA5w4nSfdSXYxcrmWR,Nilsson,false
i-G5pAFA5w4nSfdSXYxcrmWR,Per Nilsson,true
i-G6ALRwTCkd7wtQYkTEocrD,Ulrik Nilsson,true
i-G6G9pnZXyDGUS1qH1mFg1M,Hedenberg,false
i-G6G9pnZXyDGUS1qH1mFg1M,Oscar Georg Hedenberg,false
i-G6G9pnZXyDGUS1qH1mFg1M,Oscar Hedenberg,true
i-G6h5eGLouuQFhsrn32jgsV,Johnny Skalin,true
i-G76oKsdVM5Xi98Rbf1oBV3,Carl Johan Åhrberg,false
i-G76oKsdVM5Xi98Rbf1oBV3,Carl Åhrberg,true
i-G76oKsdVM5Xi98Rbf1oBV3,Åhrberg,false
i-G7NrNFSEu4BWZ8cRNLg6iH,Ing-Britt Nygren,true
i-G7NrNFSEu4BWZ8cRNLg6iH,Nygren,false
i-G7mRxTGHEwyZjjYebC8sZm,Fehr,false
i-G7mRxTGHEwyZjjYebC8sZm,Martin Fehr,true
i-G7mRxTGHEwyZjjYebC8sZm,Martin Nikolaus Fehr,false
i-G8564CqEnhC5PBjZSwUxsE,Karl Tomas Eneroth,false
i-G8564CqEnhC5PBjZSwUxsE,Tomas Eneroth,true
i-G8JbJm9Qan4fa7Ax94MYT3,Herman Lindqvist,true
i-G8JbJm9Qan4fa7Ax94MYT3,Lindqvist,false
i-G8M1D622wU8f9SQS569myw,Rebwar Hassan,true
i-G8yQZH3fj2CfZcd2neBLi1,A. E. Baaz,false
i-G8yQZH3fj2CfZcd2neBLi1,Anders Emil Baaz,false
i-G8yQZH3fj2CfZcd2neBLi1,Baaz,false
i-G8yQZH3fj2CfZcd2neBLi1,Emil Baaz,true
i-G9AhCsdMXUvMsskRsFSeWk,Carl Josef Ekman,true
i-G9AhCsdMXUvMsskRsFSeWk,Ekman,false
i-G9AhCsdMXUvMsskRsFSeWk,Josef Ekman,false
i-G9GHaoV5TJoYjtjUJ6EXYj,Jessica Christina Therese Thunander,false
i-G9GHaoV5TJoYjtjUJ6EXYj,Jessica Thunander,true
i-G9Ze2ayHon2kkwVgXWott8,Thomas Morell,true
i-G9awhLbr4bPnUKQU3s4Xyq,Mathias Tegnér,true
i-G9cByTDJLkqh3qYPdKEbAV,Aaron Norrman,true
i-G9cByTDJLkqh3qYPdKEbAV,Aron Norrman,false
i-G9cByTDJLkqh3qYPdKEbAV,Norrman,false
i-G9cpXThuSAP5KSY32ApDCj,Ann-Britt Åsebol,true
i-GAMxNriJFxoi8diZPM78s6,Paulina Brandberg,true
i-GAq3tQ4mTCjcRiVh2CbEa6,Johan Sjöberg,true
i-GAq3tQ4mTCjcRiVh2CbEa6,Sjöberg,false
i-GBEFtEgwMYgMq7xzD9j6MS,Anders Jonsson,true
i-GBEFtEgwMYgMq7xzD9j6MS,Jonsson,false
i-GBSUdoSRv56vrATyT3J3Pv,Herman Daniel Smedh,false
i-GBSUdoSRv56vrATyT3J3Pv,Herman Smedh,true
i-GBSUdoSRv56vrATyT3J3Pv,Smedh,false
i-GBa3pe5eHNbXstuF8J9CEq,Carl Fredrik Carlström,true
i-GBa3pe5eHNbXstuF8J9CEq,Carlström,false
i-GC6k6Dk5N9ZartZE9YQA5P,Gustaf Victor Schotte,true
i-GC6k6Dk5N9ZartZE9YQA5P,Schotte,false
i-GCJVTREcJGRyYmFdeMbNaN,Lindkvist,false
i-GCJVTREcJGRyYmFdeMbNaN,Oskar Lindkvist,true
i-GCJVTREcJGRyYmFdeMbNaN,Oskar Villiam Lindkvist,false
i-GCXDiYHk8XQHSVvqFgbEFv,Inga Margarete Thorsson,false
i-GCXDiYHk8XQHSVvqFgbEFv,Inga Thorsson,true
i-GCXDiYHk8XQHSVvqFgbEFv,Thorsson,false
i-GDFdKPNRdaGpkLXrouuiC1,Johan Löfstrand,true
i-GDRtWcJhBYASTufFWmprDn,Axel Frithiof Ohlsson,false
i-GDRtWcJhBYASTufFWmprDn,Frithiof Ohlsson,true
i-GDRtWcJhBYASTufFWmprDn,Ohlsson,false
i-GDepCrfAmwNw4jb6qLCPxq,Justus Hilmer Lindgren,false
i-GDepCrfAmwNw4jb6qLCPxq,Justus Lindgren,true
i-GDepCrfAmwNw4jb6qLCPxq,Lindgren,false
i-GE8V8xQLUeUXqQYs9agnuG,Rolf Olsson,true
i-GED3hUY5Hk56K8FukEWTuy,Elof Hällgren,true
i-GED3hUY5Hk56K8FukEWTuy,Elof Vendel Hällgren,false
i-GED3hUY5Hk56K8FukEWTuy,Elof Wendel Hällgren,false
i-GED3hUY5Hk56K8FukEWTuy,Hällgren,false
i-GEsNTjAnEvX1K9NMtcUk9M,Otto Virgin,true
i-GEsNTjAnEvX1K9NMtcUk9M,Otto Wilhelm Virgin,false
i-GFJcxAB9fyzG2VN1HakscJ,Mona Ingeborg Sahlin,false
i-GFJcxAB9fyzG2VN1HakscJ,Mona Sahlin,true
i-GFJcxAB9fyzG2VN1HakscJ,Mona Salin,false
i-GFJcxAB9fyzG2VN1HakscJ,Sahlin,false
i-GFTRsNqinZi5u1Qbi8pmh8,N. Yngve Nilsson,false
i-GFTRsNqinZi5u1Qbi8pmh8,Nils Yngve Nilsson,false
i-GFTRsNqinZi5u1Qbi8pmh8,Nilsson,false
i-GFTRsNqinZi5u1Qbi8pmh8,Yngve Nilsson,true
i-GFbGCi8kh9TEUKXENMrEeH,Anders Emanuel Örne,false
i-GFbGCi8kh9TEUKXENMrEeH,Anders Örne,true
i-GFbGCi8kh9TEUKXENMrEeH,Örne,false
i-GFciWHN52vkEQDA21Ys29R,Ola Pehrsson,true
i-GFciWHN52vkEQDA21Ys29R,Pehrsson,false
i-GFsqpCacJRk8QEGuC29fYK,Margareta Mörck,true
i-GFsqpCacJRk8QEGuC29fYK,Mörck,false
i-GFuCMj1DZ5rjAYsGjF6uY8,Carl Fredric von Sydow,true
i-GFuCMj1DZ5rjAYsGjF6uY8,von Sydow,false
i-GFvhnYSfU7uMwMyEbzcgSz,Busck,false
i-GFvhnYSfU7uMwMyEbzcgSz,Rudolf Theodor Busck,true
i-GFvhnYSfU7uMwMyEbzcgSz,Rudolf Theodor Christoffer Busck,false
i-GGQnyd4FBYAVAPfMuLn9Di,Carlson,false
i-GGQnyd4FBYAVAPfMuLn9Di,Claes Wilhelm Carlson,false
i-GGQnyd4FBYAVAPfMuLn9Di,Claës Wilhelm Carlson,true
i-GGVHkL3axiWQcAg4pCpnM6,Axel Fredrik Hummel,false
i-GGVHkL3axiWQcAg4pCpnM6,Axel Hummel,true
i-GGVHkL3axiWQcAg4pCpnM6,Hummel,false
i-GGmRxJER6QaBgxG9DmW9Z9,Elisabeth Persson,true
i-GGmRxJER6QaBgxG9DmW9Z9,Persson,false
i-GH7iZ7NVaSqEDS8WQo1j8G,Anders Koskull,true
i-GH7iZ7NVaSqEDS8WQo1j8G,Anders Magnus Koskull,false
i-GH7iZ7NVaSqEDS8WQo1j8G,Koskull,false
i-GHJFXr2ZNHXyYHmiA5HJ7X,Mariana Wallin,true
i-GHbfNbfakc6VkKiTN2aC3c,Erik Svensson,true
i-GHbfNbfakc6VkKiTN2aC3c,Johan Erik Olof Svensson,false
i-GHbfNbfakc6VkKiTN2aC3c,Svensson,false
i-GJ3LwA26uFJq3xQJPNm9vR,Albert Larsson,true
i-GJ3LwA26uFJq3xQJPNm9vR,Johan Albert Larsson,false
i-GJ3LwA26uFJq3xQJPNm9vR,Larsson,false
i-GJ5SBUW2RpibxnXtaNZsfD,Frans Axel Lagerquist,true
i-GJ5SBUW2RpibxnXtaNZsfD,Lagerquist,false
i-GJLL78ePjJhSXVWBYyRW8t,Margareta Cederfelt,true
i-GJtdC1efJ8G38jWRyZ61q1,Anders Peter Sandströmer,true
i-GK4vDqJ8FmihhqPyBuLgWs,Carl Oscar Svensson,true
i-GK4vDqJ8FmihhqPyBuLgWs,Svensson,false
i-GK6CLvWnX99yR9Nsn9EE9n,Adolf Arnold Louis Palander,false
i-GK6CLvWnX99yR9Nsn9EE9n,Adolf Arnold Louis Palander af Vega,false
i-GK6CLvWnX99yR9Nsn9EE9n,Louis Palander,true
i-GK6CLvWnX99yR9Nsn9EE9n,Louis Palander af Vega,false
i-GKFwXi5QctA2TJDtsbF47E,Kristina Nilsson,true
i-GKVS1EDVXVuggYqHoj3LVm,Carlsson,false
i-GKVS1EDVXVuggYqHoj3LVm,Georg Carlsson,true
i-GKVS1EDVXVuggYqHoj3LVm,Johan Ernst Carlsson,false
i-GL3JTttgTxq2EV1j2intyf,Anderson,false
i-GL3JTttgTxq2EV1j2intyf,Otto Anderson,true
i-GLB7Cj6SNDZcpFKqsN1zRL,Anders Andersson,true
i-GLB7Cj6SNDZcpFKqsN1zRL,Karl Ivan Anders Andersson,false
i-GLHYq1jMQHCT1zXejYWV8x,Allan Johan Georg Åkerlind,false
i-GLHYq1jMQHCT1zXejYWV8x,Allan Åkerlind,true
i-GLHYq1jMQHCT1zXejYWV8x,Åkerlind,false
i-GLMDEo9C95RiNNegzWkK8d,Mona Nyberg,true
i-GLV4P4jtfPZVZ95YSNxfBh,Domeij,false
i-GLV4P4jtfPZVZ95YSNxfBh,Åsa Domeij,true
i-GLno3eQa9T5zWF3tzFnibf,Gustafsson,false
i-GLno3eQa9T5zWF3tzFnibf,Nils-Eric Gustafsson,true
i-GLpGALNASBTHSmgDcbTu4m,Westlund,false
i-GLpGALNASBTHSmgDcbTu4m,Åsa Westlund,true
i-GM1k7EHRipg9AKbMRUTHAd,Asp,false
i-GM1k7EHRipg9AKbMRUTHAd,Einar Asp,true
i-GM2xU88Ad73erhWrLhU2u3,Hult,false
i-GM2xU88Ad73erhWrLhU2u3,Johan Hult,true
i-GM2xU88Ad73erhWrLhU2u3,John Gottfrid Hult,false
i-GMZUr8N4ChKMmVRrnQbLfy,Nils Axel Arvid Carlsson Trolle,false
i-GMZUr8N4ChKMmVRrnQbLfy,Nils Trolle,true
i-GMZUr8N4ChKMmVRrnQbLfy,Trolle,false
i-GMwXxAt8H2Rdte7umxBjTY,Anna Maj-Britt Stråkander Ahlesten,false
i-GMwXxAt8H2Rdte7umxBjTY,Anna Stråkander,true
i-GMwXxAt8H2Rdte7umxBjTY,Anna Stråkander Ahlesten,false
i-GN2jVbnWZ4paSMz4G7gSPo,Lisbeth Staaf-Igelström,true
i-GN2jVbnWZ4paSMz4G7gSPo,Staaf-Igelström,false
i-GNN2eANefQ7yFc4utsPNCD,Alf Egnerfors,true
i-GNN2eANefQ7yFc4utsPNCD,Egnerfors,false
i-GNWd5uE9fySggzZr5teCwt,Fraenkel,false
i-GNWd5uE9fySggzZr5teCwt,Ingegärd Cecilia Elisabeth Frænkel,false
i-GNWd5uE9fySggzZr5teCwt,Ingegärd Frænkel,true
i-GP1vZchc4gSFqrkD9KxNno,Johan Gustaf Samuelson,true
i-GP1vZchc4gSFqrkD9KxNno,Johan Samuelson,false
i-GP1vZchc4gSFqrkD9KxNno,Samuelson,false
i-GPGKuyuyCh2R5ssz7JdRg3,Eric Olsson,true
i-GPGKuyuyCh2R5ssz7JdRg3,Olsson,false
i-GPRiZgKod7jL3tWPVhiHiZ,Bertil Petersson,true
i-GPRiZgKod7jL3tWPVhiHiZ,Petersson,false
i-GPYC16egTa8Yn3wguN6WLg,Hagberg,false
i-GPYC16egTa8Yn3wguN6WLg,Hilding Hagberg,true
i-GPg5vqkZaJNKMwueErhxNf,Ehrenborg,false
i-GPg5vqkZaJNKMwueErhxNf,Richard Ehrenborg,true
i-GPg5vqkZaJNKMwueErhxNf,Richard Michael Ehrenborg,false
i-GPg5vqkZaJNKMwueErhxNf,Richard Mikael Ehrenborg,false
i-GPhiPJJyjMaN4MEFXFwkhM,Lars Erik Westblad,true
i-GPhiPJJyjMaN4MEFXFwkhM,Westblad,false
i-GPpMndMfbS5wqmSKDRcoh7,K. -E. Strömberg,false
i-GPpMndMfbS5wqmSKDRcoh7,K.-E. Strömberg,false
i-GPpMndMfbS5wqmSKDRcoh7,Karl-Erik Strömberg,true
i-GPpMndMfbS5wqmSKDRcoh7,Strömberg,false
i-GQ1MJ8QjcAJESWYVppCm7s,Berg,false
i-GQ1MJ8QjcAJESWYVppCm7s,Johan Theodor Berg,false
i-GQ1MJ8QjcAJESWYVppCm7s,Theodor Berg,true
i-GQAYcvnjDGPf99qnSoeaMb,Anders Sterner,true
i-GQAYcvnjDGPf99qnSoeaMb,Sterner,false
i-GQsM6A57gu76kXrUXejTNb,Elisabeth Andersson,true
i-GQzX6vWx4U9VMh4ci9D9yF,Hemmingsson,false
i-GQzX6vWx4U9VMh4ci9D9yF,Israelsson,false
i-GQzX6vWx4U9VMh4ci9D9yF,Margareta Hemmingsson,false
i-GQzX6vWx4U9VMh4ci9D9yF,Margareta Israelsson,true
i-GRNPu7oSfuqjgf6xMv5mB8,Dag Ericson,true
i-GRNPu7oSfuqjgf6xMv5mB8,Dag Harry Ericson,false
i-GRNPu7oSfuqjgf6xMv5mB8,Ericson,false
i-GRX2GfDazmcwmcRyZSiKdA,Gunnar Lund,true
i-GRX2GfDazmcwmcRyZSiKdA,Nils Gunnar Wiggo Lund,false
i-GS7uPECktKg1hMpsYcuyAg,Johan Büser,true
i-GSesbg17NxtqyuzE1tagzM,Carl Emil Svensson,false
i-GSesbg17NxtqyuzE1tagzM,Carl Svensson,true
i-GSesbg17NxtqyuzE1tagzM,Svensson,false
i-GSfuaZB2iKY7EQ9cNr63sp,Daléus,false
i-GSfuaZB2iKY7EQ9cNr63sp,Lennart Daléus,true
i-GSjyw1eeZNrEr8Uk3Wy79K,Carl Gustaf Sundling,false
i-GSjyw1eeZNrEr8Uk3Wy79K,Carl Sundling,true
i-GSjyw1eeZNrEr8Uk3Wy79K,Gustaf Sundling,false
i-GSjyw1eeZNrEr8Uk3Wy79K,Sundling,false
i-GTDxf4NudVQ4es4EhotQR1,Sten Svensson,true
i-GTDxf4NudVQ4es4EhotQR1,Svensson,false
i-GTSRkqXEdHWAP3eepoYJ2Q,Ericsson,false
i-GTSRkqXEdHWAP3eepoYJ2Q,Gunnar Ericsson,true
i-GTerGWWPyUkoDzcSfjEiiZ,Magnus Berntsson,true
i-GTm5yh52P6KKxDhjmNvB6Y,Jonson,false
i-GTm5yh52P6KKxDhjmNvB6Y,Richard Jonson,true
i-GTm5yh52P6KKxDhjmNvB6Y,Thorild Richard Julius Jonson,false
i-GTuuYHp9xWAMFgs56cbdRJ,Andersson,false
i-GTuuYHp9xWAMFgs56cbdRJ,Axel Andersson,true
i-GTuuYHp9xWAMFgs56cbdRJ,Erik Axel Andersson,false
i-GU6iXbz8cHt8kfQYRQ19vZ,Månsson,false
i-GU6iXbz8cHt8kfQYRQ19vZ,Ola Månsson,true
i-GUKPcJTTQcDu1zKDGhNWJP,Ekström,false
i-GUKPcJTTQcDu1zKDGhNWJP,Sven Ekström,true
i-GUKPcJTTQcDu1zKDGhNWJP,Sven Erik Axel Ekström,false
i-GUQT4NRF9jHSr6mxy1pdd1,Carl Lindmark,true
i-GUQT4NRF9jHSr6mxy1pdd1,Carl Viktor Lindmark,false
i-GUQT4NRF9jHSr6mxy1pdd1,Karl Viktor Lindmark,false
i-GUQT4NRF9jHSr6mxy1pdd1,Lindmark,false
i-GUbk38tJycNP89RwcAsB6L,Jacob August Lundahl,false
i-GUbk38tJycNP89RwcAsB6L,Jacob Lundahl,true
i-GUbk38tJycNP89RwcAsB6L,Lundahl,false
i-GV4oWvd9gsJvbCyonPRGKC,Jonas Ludvig Verner Söderkvist,false
i-GV4oWvd9gsJvbCyonPRGKC,Söderkvist,false
i-GV4oWvd9gsJvbCyonPRGKC,Verner Söderkvist,true
i-GVHobKxNYcHjgVszvkcndc,Albrecht Elof Ihre,true
i-GWCWCEFyM4JFjgRacrhwXe,Asplund,false
i-GWCWCEFyM4JFjgRacrhwXe,Carl Immanuel Asplund,true
i-GWiin5iepkds1r2XGDVyy8,Korpås,false
i-GWiin5iepkds1r2XGDVyy8,Sture Korpås,true
i-GX7BNu6JdpkCkLvrx2oYRe,Liedberg,false
i-GX7BNu6JdpkCkLvrx2oYRe,Pehr Olof Liedberg,false
i-GX7BNu6JdpkCkLvrx2oYRe,Per Liedberg,true
i-GXPMLqVJuLwTLg2rEFqqos,Jöns Åkesson,true
i-GXPMLqVJuLwTLg2rEFqqos,Åkesson,false
i-GXdR2EaK5rsF4FXRtSg17k,C. J-n,false
i-GXdR2EaK5rsF4FXRtSg17k,Conke,false
i-GXdR2EaK5rsF4FXRtSg17k,Conrad Jonsson,true
i-GXdR2EaK5rsF4FXRtSg17k,Jonsson,false
i-GXdR2EaK5rsF4FXRtSg17k,Per Conrad Jonsson,false
i-GXidniMLQ9UWnXEsb1Vcu2,Helena Gellerman,true
i-GYDmDYBwvSBCyuntDBrarj,Viktor Wärnick,true
i-GYKyw64qctSyYNpixCFbxx,Barthelson,false
i-GYKyw64qctSyYNpixCFbxx,Clemens Gustaf Barthelson,false
i-GYKyw64qctSyYNpixCFbxx,Gustaf Barthelson,true
i-GYc7gRa85umVr3awUwWxVR,Johan Erik Wilhelm Wallin,false
i-GYc7gRa85umVr3awUwWxVR,Wallin,false
i-GYc7gRa85umVr3awUwWxVR,Wilhelm Wallin,true
i-GZ8zgKrERmYzyqE3k77bWB,Axel Ryding,true
i-GZ8zgKrERmYzyqE3k77bWB,Knut Axel Ryding,false
i-GZ8zgKrERmYzyqE3k77bWB,Ryding,false
i-GZhoFvTfhRXJNWt7FFbiuE,Andersson,false
i-GZhoFvTfhRXJNWt7FFbiuE,Elon Andersson,true
i-GZhoFvTfhRXJNWt7FFbiuE,Elon Johan Andersson,false
i-GZoogxEzVqVUYFbhFp29C6,Bosson,false
i-GZoogxEzVqVUYFbhFp29C6,Per Bosson,true
i-GZoogxEzVqVUYFbhFp29C6,Per Nilsson Bosson,false
i-GZsGBZCKzYGAu8WDXso96v,Camilla Brunsberg,true
i-GZsGBZCKzYGAu8WDXso96v,Camilla Tillerkvist,false
i-Ga4FaAaNvVxH6nfoR7FVAe,Gunnar Jan Axel Nordmark,false
i-Ga4FaAaNvVxH6nfoR7FVAe,Gunnar Nordmark,true
i-GaFe2NPmaDWiYp9rPVYfGL,Carl Knut Johan Knutsson Posse,false
i-GaFe2NPmaDWiYp9rPVYfGL,Knut Knutsson Posse,true
i-GaFe2NPmaDWiYp9rPVYfGL,Posse,false
i-GaQh19d66D5oDPaFNq5DY1,Arvid Thorberg,true
i-GaQh19d66D5oDPaFNq5DY1,Johan Arvid Justinus Thorberg,false
i-GaQh19d66D5oDPaFNq5DY1,Thorberg,false
i-GaozvGLNGCb9Vstyp2PrQH,Hagberg,false
i-GaozvGLNGCb9Vstyp2PrQH,Harry Lars-Ove Hagberg,false
i-GaozvGLNGCb9Vstyp2PrQH,Lars-Ove Hagberg,true
i-Gb8kB2nAYEFskTfNSvnHpA,Carl Hammar,true
i-Gb8kB2nAYEFskTfNSvnHpA,Carl Magnus Hammar,false
i-Gb8kB2nAYEFskTfNSvnHpA,Hammar,false
i-GbKf21RVKnZ28RiqFydbVL,Susanna Haby,true
i-GbcRcfJRZED5mcXb1FyEWF,Per Pettersson,true
i-GbcRcfJRZED5mcXb1FyEWF,Pettersson,false
i-GbgpVTmbtsxfHABLU5NSxn,Pether Nordblad,true
i-GbhiuQPNmKizBowZVk5os8,Johan Nydahl,true
i-GbhiuQPNmKizBowZVk5os8,Nydahl,false
i-GcSuPZvJtsaci7tEAyk4PJ,Holmdahl,false
i-GcSuPZvJtsaci7tEAyk4PJ,Johan Otto Holmdahl,false
i-GcSuPZvJtsaci7tEAyk4PJ,Otto Holmdahl,true
i-Gcjbk3nJyjWXPaa2dm3MFR,Elver Anders Daniel Jonsson,false
i-Gcjbk3nJyjWXPaa2dm3MFR,Elver Jonsson,true
i-Gcjbk3nJyjWXPaa2dm3MFR,Jonsson,false
i-GcretNrb4CSsqYkgqQqowA,Barbro Nilsson,true
i-GcretNrb4CSsqYkgqQqowA,Nilsson,false
i-Gcsc4cP96K8RF4KV1YzHfo,Anna Ågerfalk,true
i-Gd5yQ5S8Tsx8HHyXQQwtSL,Jakob Ludvig Widell,false
i-Gd5yQ5S8Tsx8HHyXQQwtSL,Ludvig Widell,true
i-Gd5yQ5S8Tsx8HHyXQQwtSL,Widell,false
i-GdMrh6eDH6Qifthm2JAj9J,Gunnar Sanne,true
i-GdMrh6eDH6Qifthm2JAj9J,Gunnar Teodor Sanne,false
i-GdMrh6eDH6Qifthm2JAj9J,Sanne,false
i-Gdqu4mLmf7kpjnNy3obPZy,Andersson,false
i-Gdqu4mLmf7kpjnNy3obPZy,Jonas Andersson,true
i-GdxSdxj7jrYBfw9aGJn2gk,Lars Olsson,true
i-Ge2wFYqok1JgSLNhDh5TR9,Axel Lilljequist,true
i-Ge2wFYqok1JgSLNhDh5TR9,Liljequist,false
i-GeMD7gW89TWx85q2X1f9sz,Gustafsson,false
i-GeMD7gW89TWx85q2X1f9sz,John Gustafsson,true
i-GeNqvhUsb4jUqv5TQySc4z,Maria Fälth,true
i-GeSDwNr4Q2q1daXTAnHj4J,Johansson,false
i-GeSDwNr4Q2q1daXTAnHj4J,Sven Albert Johansson,false
i-GeSDwNr4Q2q1daXTAnHj4J,Sven Johansson,true
i-GebX3kmqSPBTWucSe5EXUh,Hans Blix,true
i-GebX3kmqSPBTWucSe5EXUh,Hans Martin Blix,false
i-Gfg9k3ZcPGNY4ee6zKKXZz,Julius Oscar Mörner,true
i-Gfg9k3ZcPGNY4ee6zKKXZz,Mörner af Morlanda,false
i-GfysFhkQarNccZNb2V5fjT,Bager,false
i-GfysFhkQarNccZNb2V5fjT,Johan Peter Bager,true
i-GgLe25PMgoUutAdzJ14BUX,August Beskow,true
i-GgLe25PMgoUutAdzJ14BUX,Einar August Beskow,false
i-GgmCAWT2S8XB5EGqKunWRr,Janne Petre,false
i-GgmCAWT2S8XB5EGqKunWRr,Johan Wilhelm Petre,true
i-GgmCAWT2S8XB5EGqKunWRr,Petre,false
i-GgyXv4xamqTouNVz7Tncke,Anna Lilliehöök,true
i-GhQReVwv9ZB6vkKJp4vXH2,Einar Jonsson,true
i-GhQReVwv9ZB6vkKJp4vXH2,Jonsson,false
i-GhQReVwv9ZB6vkKJp4vXH2,Karl Einar Edvin Jonsson,false
i-Ghdk27PPLqvrzeJCpZR1f6,Nordenfelt,false
i-Ghdk27PPLqvrzeJCpZR1f6,Åke Hjalmar Nordenfelt,false
i-Ghdk27PPLqvrzeJCpZR1f6,Åke Nordenfelt,true
i-GiQwAM9FyCfg9tMbUzoEAg,Göran Montan,true
i-GiSwrvRSNBMuuGVLLZE3L9,Eskil Roland Sundgren,false
i-GiSwrvRSNBMuuGVLLZE3L9,Roland Sundgren,true
i-GiSwrvRSNBMuuGVLLZE3L9,Sundgren,false
i-GiW7zxnS4J1KGakxdFC177,Berg,false
i-GiW7zxnS4J1KGakxdFC177,Lars Berg,true
i-GimwrxR6QNfQTTYxqEbj7a,Mats Josef Gunnar Wiking,false
i-GimwrxR6QNfQTTYxqEbj7a,Mats Wiking,true
i-Gj2kViB6AWtCKXHbZsn7C5,Dockered,false
i-Gj2kViB6AWtCKXHbZsn7C5,Gustaf Robert Dockered,false
i-Gj2kViB6AWtCKXHbZsn7C5,Johansson,false
i-Gj2kViB6AWtCKXHbZsn7C5,Robert Dockered,true
i-Gj2kViB6AWtCKXHbZsn7C5,Robert Johansson,false
i-GjPDKQNUpvhz9Z34ZyCJCt,Erik Hellberg,true
i-GjPDKQNUpvhz9Z34ZyCJCt,Hellberg,false
i-GjgyninALCjktLtfUxc8Qh,Björn von der Esch,true
i-GjgyninALCjktLtfUxc8Qh,von der Esch,false
i-GkGATynUsbQhroqVm6AkQW,Karlsson,false
i-GkGATynUsbQhroqVm6AkQW,Sonia Karlsson,true
i-GkRgbq36U923AvpGpuCe9j,Anders Henrikson,true
i-GkRgbq36U923AvpGpuCe9j,Henrikson,false
i-GkRjiqpt3WtaJqbS42DPxm,Johan Sunne,true
i-GkRjiqpt3WtaJqbS42DPxm,Sunne,false
i-GkhZV8UcdXi5oWAdyMaxq9,Ekerot,false
i-GkhZV8UcdXi5oWAdyMaxq9,Victor Arvidsson Ekerot,false
i-GkhZV8UcdXi5oWAdyMaxq9,Victor Ekerot,true
i-GkkQbto5JYXvdSs1bs6RLo,Johan Olof Rylander,false
i-GkkQbto5JYXvdSs1bs6RLo,Johan Rylander,true
i-GkkQbto5JYXvdSs1bs6RLo,Rylander,false
i-GmG7mR1HUgUWFAUAq7Qspt,Edin,false
i-GmG7mR1HUgUWFAUAq7Qspt,Sven Edin,true
i-GmKU9Qxg4qXaVyTretVVTs,Karl Ivar Sköldén,true
i-GmKU9Qxg4qXaVyTretVVTs,Sköldén,false
i-GmSFH9fmi5xjm5ydcN6R1m,Ingela Mårtensson,true
i-GmSFH9fmi5xjm5ydcN6R1m,Mårtensson,false
i-GmVk7Pj9JRW6GYkwiSkryS,Lamberg,false
i-GmVk7Pj9JRW6GYkwiSkryS,Peter Christian Lamberg,false
i-GmVk7Pj9JRW6GYkwiSkryS,Peter Lamberg,true
i-Gmeic5tnz63335GwfzHzd9,Emil Källström,true
i-GmrcX1xSGCMfzuc2rixqFw,Inger Segelström,true
i-Gn5RLwRVePngC2Ti3ijbcs,Johanna Hornberger,true
i-Gn8cV2h7v2J8b1jxDrjeoA,Per Rudén,true
i-Gn8cV2h7v2J8b1jxDrjeoA,Rudén,false
i-GoKZKTaCo6ooDaTyvNqahT,Anders Cederström,true
i-GoKZKTaCo6ooDaTyvNqahT,Cederström,false
i-GoPG5SYP7B72kfnF4EmN5b,Brunander,false
i-GoPG5SYP7B72kfnF4EmN5b,Kurt Lennart Brunander,false
i-GoPG5SYP7B72kfnF4EmN5b,Lennart Brunander,true
i-GogwNnaQ5DTJduArda1vUh,Bonde,false
i-GogwNnaQ5DTJduArda1vUh,Carl Carlson Bonde,true
i-GoiahHyar5yuroqV5Naeby,Gustaf von Proschwitz,true
i-GoiahHyar5yuroqV5Naeby,Proschwitz,false
i-GoiahHyar5yuroqV5Naeby,von Proschwitz,false
i-Gp9nQSiXNrc7A3997smM82,Carl Wilhelm Linder,true
i-Gp9nQSiXNrc7A3997smM82,Linder,false
i-Gp9nQSiXNrc7A3997smM82,Vilhelm Linder,false
i-GpXkEt2ecEVcnzCeKdhmaZ,Edvin Svensson,true
i-GpXkEt2ecEVcnzCeKdhmaZ,Hans Edvin Svensson,false
i-GpXkEt2ecEVcnzCeKdhmaZ,Svensson,false
i-GpZJp9yZv7rjY3JSWVZnWC,Bergh,false
i-GpZJp9yZv7rjY3JSWVZnWC,Karl Ragnar Bergh,false
i-GpZJp9yZv7rjY3JSWVZnWC,Ragnar Bergh,true
i-GqLJiLj3ZWmFCVw4KJoTtW,Janson,false
i-GqLJiLj3ZWmFCVw4KJoTtW,Johan Janson,true
i-GqTMsNLLFn5C2MaEe9w2N1,Arwin Sohrabi,true
i-GrBj5WE82qidqZC8eR9wPi,Axel Johansson,true
i-GrBj5WE82qidqZC8eR9wPi,Axel Ludvig Johansson,false
i-GrBj5WE82qidqZC8eR9wPi,Johansson,false
i-GskZCnTXMfKRYA5jFN4Toc,Mikael Rosén,true
i-GsygH5UJM18UkfLBHFkVdD,Kent Härstedt,true
i-Gtf31xqX5J4dcpnV6st3EJ,Cecilia Engström,true
i-GuqTA1ryPxMT4VhaTEcYK3,Anne Marie Brodén,true
i-GuvDeCVT1CJsHU3Sa3Wa2M,Ernst Bruno Jönson,false
i-GuvDeCVT1CJsHU3Sa3Wa2M,Ernst Jönson,true
i-GuvDeCVT1CJsHU3Sa3Wa2M,Jönson,false
i-GvBe798bQfFYpnaboy7YCF,Anders Björck,true
i-GvBe798bQfFYpnaboy7YCF,Anders Björk,false
i-GvBe798bQfFYpnaboy7YCF,Anders Per-Arne Björck,false
i-GvBe798bQfFYpnaboy7YCF,Björck,false
i-GvtjonXQZekMx7jwmnqan7,Gustaf Oscar Wallenberg,true
i-GvtjonXQZekMx7jwmnqan7,Wallenberg,false
i-GwSWKqF8wUht9mCcC5zupF,Sten Gustaf Wickbom,false
i-GwSWKqF8wUht9mCcC5zupF,Sten Wickbom,true
i-GxMiFHDpF85hpJgrkap3bS,Ulf Lönnberg,true
i-GxMiFHDpF85hpJgrkap3bS,Ulf Åke Erik Lönnberg,false
i-Gy62RUuKtV6hWituBBGmwA,Herman Gustaf Emil Kunze,false
i-Gy62RUuKtV6hWituBBGmwA,Herman Kunze,true
i-Gy62RUuKtV6hWituBBGmwA,Kunze,false
i-GyY6srbbUiLR1jEBcHLJNd,Gunvor Norberg,true
i-GyYMjkDFkNwtQ7GJKMBnVE,Eriksson,false
i-GyYMjkDFkNwtQ7GJKMBnVE,P.-O. Eriksson,false
i-GyYMjkDFkNwtQ7GJKMBnVE,Per-Ola Anders Eriksson,false
i-GyYMjkDFkNwtQ7GJKMBnVE,Per-Ola Eriksson,true
i-GymTck6WQqRkdN12tqCZDr,Peter Johnsson,false
i-GymTck6WQqRkdN12tqCZDr,Peter Jonsson,true
i-GzDHSBHMoCWsqLigfuoeGJ,Erik Larsson,true
i-GzDHSBHMoCWsqLigfuoeGJ,Larsson,false
i-GzcgHC81WecVydysZueFQ2,Appelberg,false
i-GzcgHC81WecVydysZueFQ2,Fredrik Appelberg,true
i-GzcgHC81WecVydysZueFQ2,Oskar Fredrik Appelberg,false
i-H1dwKmcmsWsYZ96ypzye6t,Nils Richard Wohlin,false
i-H1dwKmcmsWsYZ96ypzye6t,Nils Wohlin,true
i-H1dwKmcmsWsYZ96ypzye6t,Wohlin,false
i-H2YZQmoQ41fcenx4fVKTwc,Johan Rudolf Sundström,true
i-H2YZQmoQ41fcenx4fVKTwc,Sundström,false
i-H3CmSrsTRyA6EQMUTEk8D1,Carl Johan Pettersson,true
i-H3CmSrsTRyA6EQMUTEk8D1,Pettersson,false
i-H3EkzheKk4Ux49TxBfg4hb,Israel Kristian Gustaf Lagerfelt,false
i-H3EkzheKk4Ux49TxBfg4hb,Israel Lagerfelt,true
i-H3EkzheKk4Ux49TxBfg4hb,Lagerfelt,false
i-H3L7urRa1qXa9vCtxeqjEy,Ström,false
i-H3L7urRa1qXa9vCtxeqjEy,Turid Ström,true
i-H4Edsjz4cmdv9sJHCLVnfS,Catharina Bråkenhielm,true
i-H4GvhyePmFmPxED8c5StVx,Andersson,false
i-H4GvhyePmFmPxED8c5StVx,Johannes Andersson,true
i-H4iwFuXf6Rh11ruEkNpUDy,Johan Bernhard Johansson,true
i-H4iwFuXf6Rh11ruEkNpUDy,Johansson,false
i-H4nRCFeSGsy6RGNr3jYY42,Birger Jönsson,true
i-H4nRCFeSGsy6RGNr3jYY42,Carl Birger Jönsson,false
i-H4nRCFeSGsy6RGNr3jYY42,Jönsson,false
i-H51hFF5ej5tCePg4YqjSsq,Axel Schotte,true
i-H51hFF5ej5tCePg4YqjSsq,Schotte,false
i-H5FKEeoF2BPfKFJdk5tVFa,Axel Sjögreen,true
i-H5FKEeoF2BPfKFJdk5tVFa,Sjögreen,false
i-H5HJUuQkcmeBKzDKgSJFMx,Lars Johansson,true
i-H5HJUuQkcmeBKzDKgSJFMx,Lars Valdemar Johansson,false
i-H5adqkd1GxXFzroXZN7LCf,Lena Micko,true
i-H5pycNj6wdy4bmLN7bUSfN,Bratt,false
i-H5pycNj6wdy4bmLN7bUSfN,Lars Bratt,true
i-H5pycNj6wdy4bmLN7bUSfN,Lars Gustaf Bratt,false
i-H5w8iePXvnS6ELkjZJEWWQ,Anders Johan Enander,false
i-H5w8iePXvnS6ELkjZJEWWQ,Enander,false
i-H5w8iePXvnS6ELkjZJEWWQ,Johan Enander,true
i-H6i77bianCgQAnMyqCfYc8,Carl Linus Bylund,false
i-H6i77bianCgQAnMyqCfYc8,Linus Bylund,true
i-H6rrzni8wdNEWHUXz4FTEZ,Edgren,false
i-H6rrzni8wdNEWHUXz4FTEZ,Margitta Edgren,true
i-H7qdW9GRQn7LaQ2UGGAvYC,Kerstin Lundgren,true
i-H7qdW9GRQn7LaQ2UGGAvYC,Kerstin Margareta Lundgren,false
i-H89jnC5kpgnhkgix1qJ97f,Afzelius,false
i-H89jnC5kpgnhkgix1qJ97f,Fredrik Afzelius,true
i-H89jnC5kpgnhkgix1qJ97f,Fredrik Georg Afzelius,false
i-H8nf6XfDZ3vnaSoJc7JR5Q,Casimir Wrede,true
i-H8nf6XfDZ3vnaSoJc7JR5Q,Fabian Casimir Wrede,false
i-H8nf6XfDZ3vnaSoJc7JR5Q,Wrede af Elimä,false
i-HA8qZKZU3je8nF69VtPrqk,Eva-Lena Jansson,true
i-HAFZFbdF4e3ydskQmfFfkc,Adolf Tersmeden,true
i-HAFZFbdF4e3ydskQmfFfkc,Tersmeden,false
i-HAgEQXXoNesSBYagiEXMea,Hilding Johansson,true
i-HAgEQXXoNesSBYagiEXMea,Johansson,false
i-HAgEQXXoNesSBYagiEXMea,Karl Hilding Johansson,false
i-HAhJoyMXKr6u13gLG6SszU,Hillevi Engström,true
i-HAhJoyMXKr6u13gLG6SszU,Hillevi Maria Engström,false
i-HB7yeo92YUUkL72AucM8aw,Rene Francis,true
i-HBefMTHdym5gJ3a1vqK6pr,Doris Håvik,true
i-HBefMTHdym5gJ3a1vqK6pr,Håvik,false
i-HBefMTHdym5gJ3a1vqK6pr,Inga Doris Helena Håvik,false
i-HBmMYJZFCF2hFp911rkLLd,Carl-Johan Ihrfors,true
i-HCoaBgXym1UqwZHnweASdi,Henrik Olof Schönbeck,false
i-HCoaBgXym1UqwZHnweASdi,Henrik Schönbeck,true
i-HCoaBgXym1UqwZHnweASdi,Schönbeck,false
i-HCwEBLHjvaPyUHpWDFDcMz,Carl Erik Hjalmar von Heland,false
i-HCwEBLHjvaPyUHpWDFDcMz,Erik von Heland,true
i-HCwEBLHjvaPyUHpWDFDcMz,von Heland,false
i-HCx7jM5Tbb5jzUFN25F2f4,Carl Olov Gustav Persson,false
i-HCx7jM5Tbb5jzUFN25F2f4,Carl Olov Persson,true
i-HCx7jM5Tbb5jzUFN25F2f4,Persson,false
i-HDHXUmj1pQK4Aot3piEBBF,Kahlström,false
i-HDHXUmj1pQK4Aot3piEBBF,Karl Kahlström,true
i-HDHXUmj1pQK4Aot3piEBBF,Karl Reinhold Kahlström,false
i-HDUKWMEPpUMUK3MxQXxnpZ,Jessica Rodén,true
i-HDr6WDtiNAxPxAvXojfCn5,Dickson,false
i-HDr6WDtiNAxPxAvXojfCn5,Robert Dickson,true
i-HEaiAtuCoZP4zvRQQyuhM7,Linder,false
i-HEaiAtuCoZP4zvRQQyuhM7,Nicolaus Linder,false
i-HEaiAtuCoZP4zvRQQyuhM7,Nils Linder,true
i-HEp8a6QirbXWudq8pjbqYn,Gustaf Ferdinand Olofsson,false
i-HEp8a6QirbXWudq8pjbqYn,Gustaf Olofsson,true
i-HEp8a6QirbXWudq8pjbqYn,Olofsson,false
i-HEv6de5edZnUutAL5FAKFt,Mirja Räihä,true
i-HEv6de5edZnUutAL5FAKFt,Mirja Särkiniemi,false
i-HF1be62hHhvaXoZiyUz2HF,Andersson,false
i-HF1be62hHhvaXoZiyUz2HF,John Andersson,true
i-HF1be62hHhvaXoZiyUz2HF,John Olov Andersson,false
i-HG75w9uy7R57N3BxQiSTX5,Anders Gustaf Björkman,true
i-HG75w9uy7R57N3BxQiSTX5,Björkman,false
i-HG8uLqLT7SnwSx5YRobkVr,Håkan Svenneling,true
i-HGGxpahXt5Wt8KUSm1W2Hr,Bengt-Göran Hansson,true
i-HGZVFFPEcK5naSxY9nQj5C,Grym,false
i-HGZVFFPEcK5naSxY9nQj5C,Jakob Ferdinand Grym,false
i-HGZVFFPEcK5naSxY9nQj5C,Jakob Grym,true
i-HGewsaYuRmtBByFFwA97fB,Bjärnum,false
i-HGewsaYuRmtBByFFwA97fB,Engkvist,false
i-HGewsaYuRmtBByFFwA97fB,Gunnar Engkvist,true
i-HGewsaYuRmtBByFFwA97fB,Johan Gunnar Vilhelm Engkvist,false
i-HGfALYBg5SLYb8z1er3XK1,Boström,false
i-HGfALYBg5SLYb8z1er3XK1,Curt Boström,true
i-HJkUbagoaGvf95jXdVvgSA,Sven A. Svensson,false
i-HJkUbagoaGvf95jXdVvgSA,Sven Arvid Svensson,false
i-HJkUbagoaGvf95jXdVvgSA,Sven Svensson,true
i-HJkUbagoaGvf95jXdVvgSA,Svensson,false
i-HJpBphP21cniCmsRbhnJFD,Kvickers Olof Persson,false
i-HJpBphP21cniCmsRbhnJFD,Olof Persson,true
i-HJpBphP21cniCmsRbhnJFD,Persson,false
i-HJyTkWm2hwKuo7tTGBQDzS,Egnell,false
i-HJyTkWm2hwKuo7tTGBQDzS,Viktor Egnell,true
i-HJyTkWm2hwKuo7tTGBQDzS,Wiktor Egnell,false
i-HK1EEzMjnsMm3rbAtX84b9,Elof Ericsson,true
i-HK1EEzMjnsMm3rbAtX84b9,Ericsson,false
i-HK1EEzMjnsMm3rbAtX84b9,Johan Elof Ericsson,false
i-HK9qYnVFN9ozMjewUoj5Ya,Bo Hammar,true
i-HK9qYnVFN9ozMjewUoj5Ya,Bo Lennart Hammar,false
i-HK9qYnVFN9ozMjewUoj5Ya,Hammar,false
i-HKCBHNaesqPFHjWMxwcBN4,Karl Gustaf Kilsmo,false
i-HKCBHNaesqPFHjWMxwcBN4,Karl Kilsmo,true
i-HKCBHNaesqPFHjWMxwcBN4,Kilsmo,false
i-HKfiCict9QTQcaSCtdEPzo,Jönsson,false
i-HKfiCict9QTQcaSCtdEPzo,Ola Jönsson,true
i-HKim32bL65y6VoEJq4WaFg,Erik Swartz,true
i-HKim32bL65y6VoEJq4WaFg,Swartz,false
i-HLhP48YeUAXEGs7zCTagms,Anders Åström,true
i-HLhP48YeUAXEGs7zCTagms,Anders Åström den yngre,false
i-HLhP48YeUAXEGs7zCTagms,Åström,false
i-HMEQZGcMqKo8y9F6jxfnev,Alireza Akhondi,true
i-HMKGf5h5zmx86ZzMrqUVof,Carl Eric Ersson,true
i-HMKGf5h5zmx86ZzMrqUVof,Ersson,false
i-HMe4BWKH4ppySXz1SUD1wL,Emil Alexander Vasseur,false
i-HMe4BWKH4ppySXz1SUD1wL,Emil Vasseur,true
i-HMe4BWKH4ppySXz1SUD1wL,Vasseur,false
i-HMf3KYjw3nvgVVjUa7gnGs,Magdalena Streijffert,true
i-HMtJGAv6SxejLYLDAEzumP,Blom,false
i-HMtJGAv6SxejLYLDAEzumP,Lennart Blom,true
i-HMttL4pjZepaYbPREKVyoD,Oskar Efraim Sjölander,false
i-HMttL4pjZepaYbPREKVyoD,Oskar Sjölander,true
i-HMttL4pjZepaYbPREKVyoD,Sjölander,false
i-HMxgV8ZTFQ1zVbZX7KbgCT,Walter Murray,true
i-HNH9ngQnSgt5v7CjTBvhTP,Karl A Liljesköld,false
i-HNH9ngQnSgt5v7CjTBvhTP,Karl Adolf Liljesköld,false
i-HNH9ngQnSgt5v7CjTBvhTP,Karl Liljesköld,true
i-HNH9ngQnSgt5v7CjTBvhTP,Liljesköld,false
i-HNYe8aujVCZTrocrTDPodK,Helmer Lagerkvist,true
i-HNYe8aujVCZTrocrTDPodK,Lagerkwist,false
i-HNZrYrLbstv8KywRLm2FMv,Gunilla Carina Karlsson,false
i-HNZrYrLbstv8KywRLm2FMv,Gunilla Carlsson,true
i-HNZrYrLbstv8KywRLm2FMv,Gunilla Karlsson,false
i-HNjZ9Yct2VXqvJPiXkJQEh,Oskar Strutz,true
i-HNjZ9Yct2VXqvJPiXkJQEh,Strutz,false
i-HNuVydP7EJ4SP7ibEeeJMb,Ahl,false
i-HNuVydP7EJ4SP7ibEeeJMb,Carl Einar Ahl,false
i-HNuVydP7EJ4SP7ibEeeJMb,Einar Ahl,true
i-HNuVydP7EJ4SP7ibEeeJMb,Karl Einar Ahl,false
i-HNvivTxAPySuVXe8X3z3LJ,Per Nuder,false
i-HNvivTxAPySuVXe8X3z3LJ,Pär Nuder,true
i-HNw1w34Sd2tGfFnWtdrzZb,Jens Bertil Holm,false
i-HNw1w34Sd2tGfFnWtdrzZb,Jens Holm,true
i-HP26Ex6XfZD2gozC8P6pdm,Björn Rosengren,true
i-HPYYRQv4ch2ZKcsG9Poys5,Maria Eva Margareta Weimer,false
i-HPYYRQv4ch2ZKcsG9Poys5,Maria Weimer,true
i-HQFXiAPBxuNL8VAR8yGAkC,Bernhard Eugen Rutqvist,false
i-HQFXiAPBxuNL8VAR8yGAkC,Bernhard Rutqvist,true
i-HQFXiAPBxuNL8VAR8yGAkC,Rutqvist,false
i-HQtY3tC5TG3borMpFmHaac,Carl Edmund Eriksson,false
i-HQtY3tC5TG3borMpFmHaac,Carl Eriksson,true
i-HQtY3tC5TG3borMpFmHaac,Eriksson,false
i-HR7FkNR7CWoH9JSLzyadXt,Carl Gethe,true
i-HR7FkNR7CWoH9JSLzyadXt,Carl Magnus Fredrik Erland Gethe,false
i-HR7FkNR7CWoH9JSLzyadXt,Gethe,false
i-HRHmpWFqQQ3m7SzQAG7rH2,Jonas Nikolaus Svedberg,true
i-HRHmpWFqQQ3m7SzQAG7rH2,Svedberg,false
i-HRPpQ8qPTSDiXRLMZkqL1u,Mats Erik Johansson,false
i-HRPpQ8qPTSDiXRLMZkqL1u,Mats Johansson,true
i-HSEExXWc7KVPAw933NDsix,Anton Sjö,true
i-HSEExXWc7KVPAw933NDsix,Nils Anton Sjö,false
i-HSEExXWc7KVPAw933NDsix,Sjö,false
i-HSMHpUXXyiPtGnUcVPDQgp,Karin Östergren,true
i-HSP9LioPctrDbuGfZ5P4G,Carl Johan Malmsten,true
i-HSP9LioPctrDbuGfZ5P4G,Carl Malmsten,false
i-HSP9LioPctrDbuGfZ5P4G,Malmsten,false
i-HSVLs9EuZHSqQ2QS5VoFwi,Helmer Persson,true
i-HSVLs9EuZHSqQ2QS5VoFwi,Oskar Helmer Persson,false
i-HSVLs9EuZHSqQ2QS5VoFwi,Persson,false
i-HTMwcqp6N89VZX6J54ZQRi,Albert Giöbel,false
i-HTMwcqp6N89VZX6J54ZQRi,Carl Albert Giöbel,true
i-HTMwcqp6N89VZX6J54ZQRi,Giöbel,false
i-HU8UmghHLqrdKY1yH5RRaJ,Hanna Albertina Rydh,false
i-HU8UmghHLqrdKY1yH5RRaJ,Hanna Rydh,true
i-HU8UmghHLqrdKY1yH5RRaJ,Hannah Rydh,false
i-HU8UmghHLqrdKY1yH5RRaJ,Rydh,false
i-HU8UmghHLqrdKY1yH5RRaJ,Rydh Munck af Rosenschöld,false
i-HUMnMcQQ6eptpyBe7pPfLL,Johan Lundin,true
i-HUMnMcQQ6eptpyBe7pPfLL,Lundin,false
i-HUSmFsL1Y8xYLMbYyPfby2,Ebba Charlotte Hermansson,false
i-HUSmFsL1Y8xYLMbYyPfby2,Ebba Hermansson,true
i-HUVevRPZcs34md4zi4Akhv,Josef Axelsson,true
i-HUjSZiwF294s3waLDaSH8f,Agneta Berliner,true
i-HUjSZiwF294s3waLDaSH8f,Agneta Elisabeth Berliner,false
i-HUx37HrNseoZiFo8yGSqrL,Lars Sundin,true
i-HUx37HrNseoZiFo8yGSqrL,Sundin,false
i-HVFppPxKpdbmY5AnxD2Yxw,Friman,false
i-HVFppPxKpdbmY5AnxD2Yxw,Karl Friman,true
i-HVFppPxKpdbmY5AnxD2Yxw,Karl Mauritz Friman,false
i-HVG8yf9kNBC8p7xrMJWL3J,Oscar Sebastian von Otter,false
i-HVG8yf9kNBC8p7xrMJWL3J,Oscar von Otter,true
i-HVG8yf9kNBC8p7xrMJWL3J,von Otter,false
i-HVNurMXeCe8w9FG2WJ148E,Ulrika Jörgensen,true
i-HVNurMXeCe8w9FG2WJ148E,Ulrika Ödman,false
i-HVhaNEtXJXmmASotZiesG5,K.G.W. Kant,false
i-HVhaNEtXJXmmASotZiesG5,Kant,false
i-HVhaNEtXJXmmASotZiesG5,Walter Kant,true
i-HVhaNEtXJXmmASotZiesG5,Walter Karl Gustaf Kant,false
i-HVi5mYZ7fNRHzuKkkcsgHK,Järte,false
i-HVi5mYZ7fNRHzuKkkcsgHK,Otto E F Järte,false
i-HVi5mYZ7fNRHzuKkkcsgHK,Otto Edvard Fridolf Järte,false
i-HVi5mYZ7fNRHzuKkkcsgHK,Otto Järte,true
i-HVip16x9Y9uxJShStEXbhi,Carl Göran Skytte,false
i-HVip16x9Y9uxJShStEXbhi,Göran Skytte,true
i-HVip16x9Y9uxJShStEXbhi,Skytte af Sätra,false
i-HVneZdv1k4Q7h3LNapAvAG,Elin Johanna Nilsson,false
i-HVneZdv1k4Q7h3LNapAvAG,Elin Nilsson,true
i-HW3WbeQFWVwtJaT8RCt2JM,Gärde Widemar,false
i-HW3WbeQFWVwtJaT8RCt2JM,Ingrid Gärde Widemar,true
i-HWH8VyXV6MiFzzQ1Y97EM2,Olof Olsson,true
i-HWH8VyXV6MiFzzQ1Y97EM2,Olsson,false
i-HWWVGZcUSaZGHGdRYcnTju,Carleson,false
i-HWWVGZcUSaZGHGdRYcnTju,Eduard Carleson,false
i-HWWVGZcUSaZGHGdRYcnTju,Edvard Carleson,true
i-HWWVGZcUSaZGHGdRYcnTju,Edvard Henrik Carleson,false
i-HWbn7UwLvHk93mrHB9NC2c,Oscar Sjöstedt,true
i-HWdenQWgK1hBg2oxQGpueR,Hjalmar Weiland,true
i-HWdenQWgK1hBg2oxQGpueR,Karl Hjalmar Theodor Weiland,false
i-HWdenQWgK1hBg2oxQGpueR,Weiland,false
i-HWm8P2kEXE7DpXpeRRNztP,Jousma,false
i-HWm8P2kEXE7DpXpeRRNztP,Robert Jousma,true
i-HWuy1bfrVaJd5tRcAdeD1m,Nordborg,false
i-HWuy1bfrVaJd5tRcAdeD1m,Oskar Anshelm Nordborg,true
i-HWxc5gWNq1Au8fJe24ABtF,Albert Karlson,true
i-HWxc5gWNq1Au8fJe24ABtF,Johan Albert Karlson,false
i-HWxc5gWNq1Au8fJe24ABtF,Karlson,false
i-HXBso2gxqMgmH9FitU25bj,Nordlund,false
i-HXBso2gxqMgmH9FitU25bj,Sven-Olof Nordlund,true
i-HXbqFEyQ3cDBEvGisHaWzR,Birgitta Eriksson,true
i-HXbqFEyQ3cDBEvGisHaWzR,Birgitta Naemi Eriksson,false
i-HXgGEamkDznsHzKJJyjsRS,Andersson,false
i-HXgGEamkDznsHzKJJyjsRS,Einar Andersson,true
i-HXgGEamkDznsHzKJJyjsRS,Einar Sigfrid Andersson,false
i-HYFwSCrwnemwyJTLMcyqvN,Karlsson,false
i-HYFwSCrwnemwyJTLMcyqvN,Mats Karlsson,true
i-HYFwSCrwnemwyJTLMcyqvN,Mats O Karlsson,false
i-HYFwSCrwnemwyJTLMcyqvN,Mats O. Karlsson,false
i-HYFwSCrwnemwyJTLMcyqvN,Mats Olof Karlsson,false
i-HYFwSCrwnemwyJTLMcyqvN,Olof Mattias Karlsson,false
i-HYPXDg3UHMpdyrSgBez4mQ,Axel Darvik,true
i-HYbURAzNUTvqh65pcPmmZx,Ann Christin Linde,false
i-HYbURAzNUTvqh65pcPmmZx,Ann Linde,true
i-HZ3VhBAY9bEWJTypBZTeSe,Johan Johansson,true
i-HZ3VhBAY9bEWJTypBZTeSe,Johansson,false
i-HZBhdCaTFFcvyU9oXrjeXy,Anders Flanking,true
i-HZV5H2PBrEbNREbjvh2nWq,Anér,false
i-HZV5H2PBrEbNREbjvh2nWq,Kerstin Anér,true
i-Ha5uZXGHudhTidCuW8UjXN,Ragnwi Birgitta Marcelind,false
i-Ha5uZXGHudhTidCuW8UjXN,Ragnwi Marcelind,true
i-HaBKPQ5yfZK6LYjmYU1tZy,Aida Birinxhiku,true
i-HaF5q92oQDHP1ddwWQQoVv,Altin,false
i-HaF5q92oQDHP1ddwWQQoVv,L. M. Altin,false
i-HaF5q92oQDHP1ddwWQQoVv,Lars Magnus Altin,true
i-HauaxrTLL4A8vmRuUgHAMe,August Kumlin,true
i-HauaxrTLL4A8vmRuUgHAMe,Carl August Kumlin,false
i-HauaxrTLL4A8vmRuUgHAMe,Karl August Kumlin,false
i-HauaxrTLL4A8vmRuUgHAMe,Kumlin,false
i-Hb3eRR7Db6btbbXkWs3WtJ,Johan Åke Lemchen,false
i-Hb3eRR7Db6btbbXkWs3WtJ,Lemchen,false
i-Hb3eRR7Db6btbbXkWs3WtJ,Åke Lemchen,true
i-HbEYktmpx71DfmfVouRDm7,Anderson,false
i-HbEYktmpx71DfmfVouRDm7,Nils Anderson,true
i-HbEYktmpx71DfmfVouRDm7,Nils August Anderson,false
i-HbJdWKG5vqkPeq7cRxuLgC,Dieden,false
i-HbJdWKG5vqkPeq7cRxuLgC,Johan Henrik Dieden,true
i-HbJdWKG5vqkPeq7cRxuLgC,Johan Henrik Emanuel Dieden,false
i-Hbf3v1uAsuSSwTgfzfDpJW,Azadeh Gustafsson Rojhan,false
i-Hbf3v1uAsuSSwTgfzfDpJW,Azadeh Rojhan,true
i-Hbf3v1uAsuSSwTgfzfDpJW,Azadeh Rojhan Gustafsson,false
i-Hco5dtZYVczhhatjt4A2Ah,Carl-Johan Wilson,true
i-Hco5dtZYVczhhatjt4A2Ah,Wilson,false
i-HcoqR7YhxPAoWtRPS3Lzmn,Köhlin,false
i-HcoqR7YhxPAoWtRPS3Lzmn,L Thorvald Köhlin,false
i-HcoqR7YhxPAoWtRPS3Lzmn,Lorentz Thorvald Köhlin,false
i-HcoqR7YhxPAoWtRPS3Lzmn,Thorvald Köhlin,true
i-HdDQYxRiHYqcNA8if825dE,Boman,false
i-HdDQYxRiHYqcNA8if825dE,David Boman,true
i-HdDQYxRiHYqcNA8if825dE,Karl David Ansgarius Boman,false
i-HdgbjLshzwUz4YtzwRy4a6,Lars Hjalmar Lindahl,false
i-HdgbjLshzwUz4YtzwRy4a6,Lars Lindahl,true
i-HdgbjLshzwUz4YtzwRy4a6,Lindahl,false
i-HdmXapeTq3DFBQub8j1ccm,Eric Allan Krönmark,false
i-HdmXapeTq3DFBQub8j1ccm,Eric Krönmark,true
i-HdmXapeTq3DFBQub8j1ccm,Kronmark,false
i-HdmXapeTq3DFBQub8j1ccm,Krönmark,false
i-HdpJ4V35CyWFwAVSVqqmzN,Inger Josefsson,true
i-HdpJ4V35CyWFwAVSVqqmzN,Josefsson,false
i-Hec55PpbGGKBKPihBv2zjp,Åke Andreasson,true
i-HffjGMcd6xnZQnmgKPdo1Y,Björn Prytz,true
i-HffjGMcd6xnZQnmgKPdo1Y,Prytz,false
i-Hg2Wz95RvQx3yUWLWY7d8f,Carl Erik Hedin,false
i-Hg2Wz95RvQx3yUWLWY7d8f,Carl-Eric Hedin,true
i-Hg2Wz95RvQx3yUWLWY7d8f,Hedin,false
i-HgLWva36BgiPk8kSeFayyo,Anders Axel Wilhelm Lund,false
i-HgLWva36BgiPk8kSeFayyo,Axel Lund,true
i-HgLWva36BgiPk8kSeFayyo,Lund,false
i-HgrbSDdJGPDB6AgPhLBSHW,Hildebrand,false
i-HgrbSDdJGPDB6AgPhLBSHW,K. E. H. Hildebrand,false
i-HgrbSDdJGPDB6AgPhLBSHW,Karl Emil Hildebrand,false
i-HgrbSDdJGPDB6AgPhLBSHW,Karl Hildebrand,true
i-Hh9SCAcwQ6HHbjMsB1cuTy,Brandt,false
i-Hh9SCAcwQ6HHbjMsB1cuTy,Erik Brandt,true
i-HhawACVG6q8u5qJ9brg5nM,Andersson,false
i-HhawACVG6q8u5qJ9brg5nM,Jöns Andersson,true
i-HhkgRHGRURfXTuftg1jHSf,Ann-Christin Margareta Nykvist,false
i-HhkgRHGRURfXTuftg1jHSf,Ann-Christin Nykvist,true
i-HiKfkPFGETvWecEKyujzt7,Gustaf Jansson,true
i-HiKfkPFGETvWecEKyujzt7,Jansson,false
i-HiLh4CgUmPaDRYddeo7w7X,Carl Gustaf Lagercrantz,false
i-HiLh4CgUmPaDRYddeo7w7X,Gustaf Lagercrantz,true
i-HiLh4CgUmPaDRYddeo7w7X,Lagercrantz,false
i-HiSGGff3XbikXDhwU1utTf,Jensen,false
i-HiSGGff3XbikXDhwU1utTf,Martin Christian Jensen,false
i-HiSGGff3XbikXDhwU1utTf,Martin Jensen,true
i-HiSGGff3XbikXDhwU1utTf,Martin Kristian Jensen,false
i-HiVV5oHUvJvLx8V2dQFLFu,Bengtsson,false
i-HiVV5oHUvJvLx8V2dQFLFu,Carl Emil Bengtsson,false
i-HiVV5oHUvJvLx8V2dQFLFu,Emil Bengtsson,true
i-Hidj687Lh6pANSCp44Go3a,Arne Fredrik Jansson,false
i-Hidj687Lh6pANSCp44Go3a,Arne Jansson,true
i-Hidj687Lh6pANSCp44Go3a,Jansson,false
i-HirDSuaNh1pk4vs8vgCUPq,Susann Torgerson,true
i-HitFXnrRD2jnoNbwEi6wQE,Carl Johan Petersson,true
i-HitFXnrRD2jnoNbwEi6wQE,Petersson,false
i-Hj6mnAJTAmcqcCP3XSg2aA,Burman,false
i-Hj6mnAJTAmcqcCP3XSg2aA,Fredrik Burman,true
i-Hj6mnAJTAmcqcCP3XSg2aA,Georg Fredrik Burman,false
i-HjPigHCUUbP6JJ2YrjUvgj,Michael Anefur,true
i-HjxdQGHHRVV7At3JzTMGyo,Carl Fredrik Michael Fant,false
i-HjxdQGHHRVV7At3JzTMGyo,Fant,false
i-HjxdQGHHRVV7At3JzTMGyo,Fredrik Fant,true
i-Hk1GSUNr6iteSnX2ZuamZc,Carl Eric Carlson,false
i-Hk1GSUNr6iteSnX2ZuamZc,Carl Eric Carlsson,true
i-Hk1GSUNr6iteSnX2ZuamZc,Carlsson,false
i-HkFSU3qgD4WDnG8LWPTtL1,De la Gardie,false
i-HkFSU3qgD4WDnG8LWPTtL1,Johan De la Gardie,true
i-HkGA9fDwmradAgFX6GrM8h,Hedström,false
i-HkGA9fDwmradAgFX6GrM8h,Per-Erik Hedström,true
i-HkRfm34QRnYJtBXctyaMk,Ernulf,false
i-HkRfm34QRnYJtBXctyaMk,Gudmund Ernulf,true
i-HkRfm34QRnYJtBXctyaMk,T Gudmund Ernulf,false
i-HkRfm34QRnYJtBXctyaMk,Torsten Gudmund Ernulf,false
i-HkXGTzvc5Z6H1Ccj4BwQ7U,Richard Ulfvengren,true
i-HkXGTzvc5Z6H1Ccj4BwQ7U,Ulfvengren,false
i-HkbV7naLvKYhPjwbPjCEEY,Paulus Genberg,true
i-HkokySBmPE26g9SVJJdYzM,Abir Al-Sahlani,true
i-HmFB3PZrTLuf8xHTqtz5Lx,Lena Larsson,true
i-Hn2xAAaqgQLyS3k5RBuXkb,Andrea Andersson Tay,false
i-Hn2xAAaqgQLyS3k5RBuXkb,Andrea Andersson-Tay,true
i-Hn2xAAaqgQLyS3k5RBuXkb,Andrea Ellen Sofie Andersson-Tay,false
i-HnENUg8uXKCP6Phq92j9tQ,Anders Schröder,true
i-HnGeNpWedKZyLwzJfRmk7W,Axel Träff,true
i-HnGeNpWedKZyLwzJfRmk7W,John Axel Träff,false
i-HnGeNpWedKZyLwzJfRmk7W,Träff,false
i-Hnc99qM2wSocQrZmyQoJhz,Frebran,false
i-Hnc99qM2wSocQrZmyQoJhz,Rose-Marie Frebran,true
i-Ho3YiRxuk5V1ycve8tVun6,Abdirisak Waberi,false
i-Ho3YiRxuk5V1ycve8tVun6,Abdirizak Waberi,true
i-HoE2x9y5uUuRrXBrgsJFGH,Radesjö,false
i-HoE2x9y5uUuRrXBrgsJFGH,Wivi-Anne Radesjö,true
i-HoKrvTnXU5eTu8LVqgLr9p,Carl Petter Törnebladh,true
i-HoVXHkT6AvdDaqLGubdFcK,Fahlander,false
i-HoVXHkT6AvdDaqLGubdFcK,Gustaf Fahlander,true
i-HoVXHkT6AvdDaqLGubdFcK,Gustaf Ragnar Fahlander,false
i-HosDPsxC8xMsApG7PEcMfP,Ericsson,false
i-HosDPsxC8xMsApG7PEcMfP,Johan Eric Ericsson,true
i-HpAiPdAaT8ibF3ZUVvyDdX,Adrian Magnusson,true
i-Hpb6fUmHKN5zhjt8QwPwaM,Frost,false
i-Hpb6fUmHKN5zhjt8QwPwaM,Henrik Frost,true
i-Hpb6fUmHKN5zhjt8QwPwaM,Henrik Vilhelm Frost,false
i-HpwkrkkrFd1MRPixHrr8q1,Lars Ohly,true
i-HpykFSDEKjFd3AQrjBW2xc,Rembo,false
i-HpykFSDEKjFd3AQrjBW2xc,Sonja Maria Hillevi Rembo,false
i-HpykFSDEKjFd3AQrjBW2xc,Sonja Rembo,true
i-Hq12Y8GxxYHFvhmxNi8UxR,Dahlberg,false
i-Hq12Y8GxxYHFvhmxNi8UxR,Gustaf Robert Dahlberg,false
i-Hq12Y8GxxYHFvhmxNi8UxR,Robert Dahlberg,true
i-Hq4dd7mhmiAMGMTo4ZFmNN,Grethe Lundblad,true
i-Hq4dd7mhmiAMGMTo4ZFmNN,Lundblad,false
i-HqRXpcNvVcpAFSfTDWhdNx,Carl Gustaf Adolph Klingspor,false
i-HqRXpcNvVcpAFSfTDWhdNx,Carl Klingspor,true
i-HqRXpcNvVcpAFSfTDWhdNx,Klingspor,false
i-HqYF5EJZmVtB1uhgi1UT96,Nike Örbrink,true
i-Hr1HTFqifdBa5H1eAGcaEu,Karl Albert Staaff,false
i-Hr1HTFqifdBa5H1eAGcaEu,Karl Staaff,true
i-Hr1HTFqifdBa5H1eAGcaEu,Staaff,false
i-HrFkdZvTMMR7zA25xt1Lgw,Edith Liljedahl,true
i-HrFkdZvTMMR7zA25xt1Lgw,Edith Virginia Liljedahl,false
i-HrFkdZvTMMR7zA25xt1Lgw,Liljedahl,false
i-HrX19wSrHYwvP8xdgPDC2f,Adolf Wilhelm Roos,true
i-HrX19wSrHYwvP8xdgPDC2f,Roos,false
i-HrZsKAqAFtubE4g6dXmo5N,Arvid De Geer,true
i-HrZsKAqAFtubE4g6dXmo5N,Arvid Louis Gerard De Geer af Finspång,false
i-HrZsKAqAFtubE4g6dXmo5N,De Geer af Finnspång,false
i-HrxMbqKSCrsGm4aJyjuEZ8,Eva Marcusdotter,true
i-HsGsAzKWHQY5pjyAYNXAz7,Maria Ferm,true
i-HsGsAzKWHQY5pjyAYNXAz7,Maria Theresa Ferm,false
i-HsVTsRmzJC4vVEYmLCf2Ze,Carl Johan Jonsson,false
i-HsVTsRmzJC4vVEYmLCf2Ze,Carl Jonsson,true
i-HsVTsRmzJC4vVEYmLCf2Ze,Jonsson,false
i-HsWM4bpkJMwFcQjYcCpgmf,Annerås,false
i-HsWM4bpkJMwFcQjYcCpgmf,Arvid Annerås,true
i-HsWM4bpkJMwFcQjYcCpgmf,Karl Erik Arvid Annerås,false
i-HsWStjVwaHz8xpf34iEcgY,Laurentius Öhlin,true
i-HsWStjVwaHz8xpf34iEcgY,Öhlin,false
i-HsmyrkjqQGCAargTNWaeXi,Siw Ingeborg Wittgren Ahl,false
i-HsmyrkjqQGCAargTNWaeXi,Siw Wittgren-Ahl,true
i-HsozqwVS7coNRbJC75AikC,Jonsson,false
i-HsozqwVS7coNRbJC75AikC,Oscar Jonsson,true
i-HsozqwVS7coNRbJC75AikC,Oscar Magnus Jonsson,false
i-HtqAYT2HofS4owTcoSefFQ,Ljunggren,false
i-HtqAYT2HofS4owTcoSefFQ,Sigge Ljunggren,true
i-Hu7hKPMf4mxcMxbTcp28NL,Hamrin,false
i-Hu7hKPMf4mxcMxbTcp28NL,Mac Hamrin,true
i-Hu7hKPMf4mxcMxbTcp28NL,Mac P. Hamrin,false
i-HuA2xXt8AknKvizfMoSFQt,Furubjelke,false
i-HuA2xXt8AknKvizfMoSFQt,Viola Furubjelke,true
i-HuHfxcHmGPRFh1rsB9kpst,Ingemar Leander,true
i-HuHfxcHmGPRFh1rsB9kpst,Leander,false
i-HuRtwzJXstWCFHfj9AKpNG,Julius Fritiof Leonard Söderbom,false
i-HuRtwzJXstWCFHfj9AKpNG,Julius Söderbom,true
i-HuRtwzJXstWCFHfj9AKpNG,Söderbom,false
i-HvB43EUnLaSUKmFYYm2t2U,Pehr Staaff,true
i-HvB43EUnLaSUKmFYYm2t2U,Staaff,false
i-HvPTNfjYfssdgnH8eqCQcE,Carl Johan Nilsson,false
i-HvPTNfjYfssdgnH8eqCQcE,Carl Nilsson,false
i-HvPTNfjYfssdgnH8eqCQcE,Karl Johan Nilsson,false
i-HvPTNfjYfssdgnH8eqCQcE,Karl Nilsson,true
i-HvPTNfjYfssdgnH8eqCQcE,Nilsson,false
i-Hvym8X4V4D65vho9xbmJpa,Rikard Larsson,true
i-HwitR4a2J1haLtmPciyXon,Alexander Björkman,false
i-HwitR4a2J1haLtmPciyXon,Alexis Björkman,true
i-HwitR4a2J1haLtmPciyXon,Björkman,false
i-HxFVoLNmcLN3NF2EPWuWS2,August Johansson,true
i-HxFVoLNmcLN3NF2EPWuWS2,August Ludvig Johansson,false
i-HxFVoLNmcLN3NF2EPWuWS2,Johansson,false
i-HxNUqLN7WonSF9cuDBswr9,Gustaf Robert Sederholm,false
i-HxNUqLN7WonSF9cuDBswr9,Gustaf Sederholm,true
i-HxNUqLN7WonSF9cuDBswr9,Sederholm,false
i-HxcQkHC9fDSzkJWgvdhDEF,Lena Hallengren,true
i-HxcQkHC9fDSzkJWgvdhDEF,Lena Hellengren,false
i-HxcQkHC9fDSzkJWgvdhDEF,Lena Ingeborg Hallengren,false
i-Hy8eXc5sJfSc7yWxrCK2X9,Carl Gottfrid Jansson,false
i-Hy8eXc5sJfSc7yWxrCK2X9,Gottfrid Jansson,true
i-Hy8eXc5sJfSc7yWxrCK2X9,Jansson,false
i-HyGRCP9P8SeHVU6CEC3CZ3,Johan Wolmer Wrangel von Brehmer,true
i-HyGRCP9P8SeHVU6CEC3CZ3,Wrangel von Brehmer,false
i-HyWuN5gpjsLTAPxWxHMQzQ,Nils Nilsson,true
i-HyWuN5gpjsLTAPxWxHMQzQ,Nilsson,false
i-Hyqvgdf3ZjCXhRaGtAsh5V,Carl Johansson,true
i-Hyqvgdf3ZjCXhRaGtAsh5V,Johansson,false
i-Hz9oVmuU3hQh93FJoRUWxV,Karl-Gustaf Mathsson,true
i-Hz9oVmuU3hQh93FJoRUWxV,Mathsson,false
i-HzADKHvekYKPbRRk7Lm9Lf,Bengtsson,false
i-HzADKHvekYKPbRRk7Lm9Lf,Marita Bengtsson,true
i-HzJTyfdEMJqqkuVZAqCbS7,Ahrenberg,false
i-HzJTyfdEMJqqkuVZAqCbS7,Henrik Ahrenberg,true
i-HzJTyfdEMJqqkuVZAqCbS7,Henrik Elis Ahrenberg,false
i-HzMWGtfoscSfE6ogsc7Bmy,Gustaf Jonsson,true
i-HzMWGtfoscSfE6ogsc7Bmy,Jonsson,false
i-HzSoQ1C7ZLGcuc11An72dD,Leif Anders Jakobsson,false
i-HzSoQ1C7ZLGcuc11An72dD,Leif Jakobsson,true
i-Hzpv79VYVitrVijqMDqEWe,Dagmar Heurlin,true
i-Hzpv79VYVitrVijqMDqEWe,Heurlin,false
i-HzxR5drvvumXGW3Fi7DiXX,Lina Maria Palm Nordquist,false
i-HzxR5drvvumXGW3Fi7DiXX,Lina Nordquist,true
i-J1D99nFVd4bpuauAGW36AE,Adolf Wilhelm Wærn,false
i-J1D99nFVd4bpuauAGW36AE,Waern,false
i-J1D99nFVd4bpuauAGW36AE,Wilhelm Waern,true
i-J1D99nFVd4bpuauAGW36AE,Wærn,false
i-J1Gyy6TG9QwKSQvFmcLC5C,Björk,false
i-J1Gyy6TG9QwKSQvFmcLC5C,Villiam Evert Björk,false
i-J1Gyy6TG9QwKSQvFmcLC5C,William Björk,true
i-J1dwBvvYtX1oavBKDBxXch,Jasmin Farid,true
i-J1dwBvvYtX1oavBKDBxXch,Jasmin Farid Moghaddam,false
i-J1ocyLGEPATRGvX85HZaKc,Ljuslin,false
i-J1ocyLGEPATRGvX85HZaKc,Per Ulrik Ljuslin,true
i-J1ruGdADTXodS7yVsEBRzn,Leman,false
i-J1ruGdADTXodS7yVsEBRzn,Philip Leman,true
i-J1t9h26sQkG9Da62Wr45W6,Ernst Jonas Wehtje,false
i-J1t9h26sQkG9Da62Wr45W6,Ernst Wehtje j:r,true
i-J1t9h26sQkG9Da62Wr45W6,Wehtje,false
i-J1tJpqpPo8bCRMbSLDrKGF,Agneta Nilsson,true
i-J2F63fdxUFAAeBTYXLX7MZ,Anita Sidén,true
i-J2XMMheFYn2HnPhL5mPhfx,Andersson,false
i-J2XMMheFYn2HnPhL5mPhfx,Karl Andersson,true
i-J2XMMheFYn2HnPhL5mPhfx,Karl Andreas Andersson,false
i-J2pcjBf6ppCUUibn7Biroc,Lars Lindén,true
i-J2xUVh35Vb6NMJLSX57Ge1,Carl Gustaf Velander,false
i-J2xUVh35Vb6NMJLSX57Ge1,Gustaf Velander,true
i-J2xUVh35Vb6NMJLSX57Ge1,Velander,false
i-J3DRDw3b8mFwSVN8fgx2DS,Erikson,false
i-J3DRDw3b8mFwSVN8fgx2DS,Olof Erikson,true
i-J3DRDw3b8mFwSVN8fgx2DS,Olof G Erikson,false
i-J3DRDw3b8mFwSVN8fgx2DS,Olof Gustaf Erikson,false
i-J3NKkjk3fui1NdHtGf8Tpv,Ingrid Segerström,true
i-J3NKkjk3fui1NdHtGf8Tpv,Segerström,false
i-J3PMaQ6zyWH7dxaPKVA5V6,Anders Persson,true
i-J3PMaQ6zyWH7dxaPKVA5V6,Persson,false
i-J3dXRRQS9rfKHZRxyWhaa9,Klingspor,false
i-J3dXRRQS9rfKHZRxyWhaa9,Philip Klingspor,true
i-J3dXRRQS9rfKHZRxyWhaa9,Philip Otto Leonard Klingspor,false
i-J3vB7EYXWFGfYPGahysXrd,Noria Manouchi,true
i-J51oKu5Bg3QyKSiv1qBybU,Göran Pettersson,true
i-J51oKu5Bg3QyKSiv1qBybU,Pettersson,false
i-J5MB5NGKmeLBE8vxTX95ug,Björkman,false
i-J5MB5NGKmeLBE8vxTX95ug,Carl Albin Björkman,true
i-J5Refxsc5ui9tsw2jkT36f,Mattias Ingeson,true
i-J5Refxsc5ui9tsw2jkT36f,Mattias Lars Axel Ingeson,false
i-J66uUcstry6kTEhq3eK6EY,Ahlmark,false
i-J66uUcstry6kTEhq3eK6EY,Lars Ahlmark,true
i-J66uUcstry6kTEhq3eK6EY,Lars Folke Ahlmark,false
i-J6HemNwzcYVLs5m9EZ9Tmt,Hans Claeson Rothenberg,false
i-J6HemNwzcYVLs5m9EZ9Tmt,Hans Rothenberg,true
i-J6NhTcjZP8S8fLQ6A64Dcy,Anderlund,false
i-J6NhTcjZP8S8fLQ6A64Dcy,Ingegerd Anderlund,true
i-J6iNc7etmFsvBgThMM5STy,Anna Steele,true
i-J6iNc7etmFsvBgThMM5STy,Anna-Marie Steele,false
i-J74sVAjCTSxzD8rbnxRRA,Åsa Torstensson,true
i-J74sVAjCTSxzD8rbnxRRA,Åsa-Britt Maria Torstensson,false
i-J7LihzSktwE55CCSfYQXLk,Catharina Elmsäter-Svärd,true
i-J7LihzSktwE55CCSfYQXLk,Catharina Sabine Maria Laurine Elmsäter-Svärd,false
i-J7XJhJsmHhEcYn3LE6yXuT,K.J. Olsson,false
i-J7XJhJsmHhEcYn3LE6yXuT,Karl Johan Olsson,true
i-J7XJhJsmHhEcYn3LE6yXuT,Olsson,false
i-J7uJmvTQswBegURGxa5EHb,Lars Püss,true
i-J8SN3kz5efiDxb4pW84Q41,Beckman,false
i-J8SN3kz5efiDxb4pW84Q41,Carl Fredrik Beckman,true
i-J8SN3kz5efiDxb4pW84Q41,Carl-Fredrik Beckman,false
i-J8WSevJg1d5gHa8FExjhwZ,E. F. W. Meyer,false
i-J8WSevJg1d5gHa8FExjhwZ,Ernst Fredrik Vilhelm Meyer,false
i-J8WSevJg1d5gHa8FExjhwZ,Ernst Fredrik Wilhelm Meyer,false
i-J8WSevJg1d5gHa8FExjhwZ,Ernst Meyer,true
i-J8WSevJg1d5gHa8FExjhwZ,Meyer,false
i-J8eeiHu2biKfTRkspvMPs5,Carl A E Lindberg,false
i-J8eeiHu2biKfTRkspvMPs5,Carl August Emanuel Lindberg,false
i-J8eeiHu2biKfTRkspvMPs5,Carl Lindberg,true
i-J8eeiHu2biKfTRkspvMPs5,Lindberg,false
i-J94Ct1wVwpHWNRN9LatQ6F,Ulla-Britt Hagström,true
i-J95EwJKvWuN9JUNcJSJKgp,Göte Wahlström,true
i-J9WXMYt9Qw34kHhRNAoiYX,John Otto Valdemar Stadling,false
i-J9WXMYt9Qw34kHhRNAoiYX,Otto Stadling,true
i-J9WXMYt9Qw34kHhRNAoiYX,Stadling,false
i-J9YYjptVDTE5xVop1UtSiN,Marcus Andersson,true
i-J9saJvE1WqocPzdCzor2VY,Persson,false
i-J9saJvE1WqocPzdCzor2VY,Sven Gustaf Folke Persson,false
i-J9saJvE1WqocPzdCzor2VY,Sven Persson,true
i-JA68igYi1f48Y9M2eFrfrx,Christian Lindefjärd,true
i-JACQZPuwLjBPYAxhYUVNEd,Karin Nilsson,true
i-JAHtXRj8cFQWYiLdX2D9xN,Johansson,false
i-JAHtXRj8cFQWYiLdX2D9xN,Karl Ludvig Johansson,false
i-JAHtXRj8cFQWYiLdX2D9xN,Ludvig Johansson,true
i-JAnxs2VgeALAkrCRvDXuLi,Malkolm Pettersson,true
i-JAnxs2VgeALAkrCRvDXuLi,Petterson,false
i-JB6ngC1UAgsDsNHH6ZY1xE,Gustaf Larsson,true
i-JB6ngC1UAgsDsNHH6ZY1xE,Larsson,false
i-JBVSfKE7t4J1BPobU1RX2o,Stefan Käll,true
i-JBnym2qN2RLAd2Do5anQQh,Andersson,false
i-JBnym2qN2RLAd2Do5anQQh,Andreas Andersson,true
i-JC4yT43VjuXRRqfGmkRoTB,Ivar Teodor Vennerström,false
i-JC4yT43VjuXRRqfGmkRoTB,Ivar Vennerström,true
i-JC4yT43VjuXRRqfGmkRoTB,Vennerström,false
i-JCxrVkvG5a5hpxXM8ceky7,August Næsström,true
i-JCxrVkvG5a5hpxXM8ceky7,Naesström,false
i-JCyzttMVkJyC3MktTPBWrC,Gustaf Erik Lewenhaupt,true
i-JCyzttMVkJyC3MktTPBWrC,Lewenhaupt,false
i-JD2b2L5JxGFB1rfX74kAHN,Berggren,false
i-JD2b2L5JxGFB1rfX74kAHN,Emil Berggren,true
i-JD2b2L5JxGFB1rfX74kAHN,Johannes Emil Berggren,false
i-JDd3G3miMyra3Ja6NFaSon,Marielle Lahti,true
i-JDzNUwA9QaroyEei8swjky,Andersson,false
i-JENnhuCwfVGBYLEfgxjRKt,Gustaf Magnus Sandin,false
i-JENnhuCwfVGBYLEfgxjRKt,Gustaf Sandin,true
i-JENnhuCwfVGBYLEfgxjRKt,Sandin,false
i-JERWRnB227uTCW6FGLWfYs,Hans Stenberg,true
i-JERWRnB227uTCW6FGLWfYs,Stenberg,false
i-JEehyfb1TArjDMR4vXnCX,Alfred Ohlsson,true
i-JEehyfb1TArjDMR4vXnCX,J. E. A. Ohlsson,false
i-JEehyfb1TArjDMR4vXnCX,Johan Edvard Alfred Ohlsson,false
i-JEehyfb1TArjDMR4vXnCX,Ohlsson,false
i-JEgc1aAvpjdwHjnsG3nTk5,Anders Thylander,true
i-JEgc1aAvpjdwHjnsG3nTk5,Thylander,false
i-JFL6JXCEtMcVkwJqetmAZs,Kenneth Kvist,true
i-JFdf8g6NtM4vk7seqg5WCv,Jonas Henrik Reinhold C:son Kjellberg,false
i-JFdf8g6NtM4vk7seqg5WCv,Jonas Kjellberg,true
i-JFdf8g6NtM4vk7seqg5WCv,Kjellberg,false
i-JFfGPzij9DwmfbXD4RuxyR,Linderot,false
i-JFfGPzij9DwmfbXD4RuxyR,Sven Linderot,true
i-JG2iAvydYpJNXZVjZmWY2W,Nisser,false
i-JG2iAvydYpJNXZVjZmWY2W,Wilhelm Amatus Nisser,false
i-JG2iAvydYpJNXZVjZmWY2W,William Amatus Nisser,false
i-JG2iAvydYpJNXZVjZmWY2W,William Nisser,true
i-JG9LpccgwGQ9LXpFETwuWh,Carl August Wennberg,true
i-JG9LpccgwGQ9LXpFETwuWh,Carl Wennberg,false
i-JG9LpccgwGQ9LXpFETwuWh,Wennberg,false
i-JGAExSRFwF5JRxQVVYs7Gn,Biesèrt,false
i-JGAExSRFwF5JRxQVVYs7Gn,Johan Christian Niklas Biesèrt,false
i-JGAExSRFwF5JRxQVVYs7Gn,Johan Kristian Niklas Biesèrt,false
i-JGAExSRFwF5JRxQVVYs7Gn,Niklas Biesèrt,true
i-JGSgrRM98pxtJjMzUEkHuS,Abdulkadir Kasirga,false
i-JGSgrRM98pxtJjMzUEkHuS,Kadir Kasirga,true
i-JHpaqU2z8URQR83kWF8zv4,Axel Hermelin,true
i-JHpaqU2z8URQR83kWF8zv4,Hermelin,false
i-JHpaqU2z8URQR83kWF8zv4,Samuel Axel Hermelin,false
i-JJCPJnwfJuBRGkbg2TgEs2,Andersson,false
i-JJCPJnwfJuBRGkbg2TgEs2,Lars Andersson,false
i-JJCPJnwfJuBRGkbg2TgEs2,Lars Daniel Andersson,true
i-JJGD2ECwHv6xGCZyyrtKmA,Carl-Axel Roslund,true
i-JJKjFJT5rvpHsRCzaNcjfQ,Lindstedt,false
i-JJKjFJT5rvpHsRCzaNcjfQ,Magnus Lindstedt,true
i-JJbUecmn3MSCSN2PV2BVLq,Lars Edmund Larsson,false
i-JJbUecmn3MSCSN2PV2BVLq,Lars Larsson,true
i-JJbUecmn3MSCSN2PV2BVLq,Larsson,false
i-JJfxL8iy6S3cbrc3sTmdRE,Nils Wallmark,true
i-JJfxL8iy6S3cbrc3sTmdRE,Wallmark,false
i-JJwE7F8D7fESn2BYZ4JbnT,August Johanson,true
i-JJwE7F8D7fESn2BYZ4JbnT,Johanson,false
i-JKZyQwnfkbK1njmH7h7T4h,Karlsson,false
i-JKZyQwnfkbK1njmH7h7T4h,Ola Karlsson,true
i-JKzGDbrgYSYhFFeKuaVfng,Halldin,false
i-JKzGDbrgYSYhFFeKuaVfng,Henrik Halldin,true
i-JLDzN1HH3Hdr516dBpoq9x,Johan Christian Nicolaas Sundin,false
i-JLDzN1HH3Hdr516dBpoq9x,Nils Johan Christian Sundin,false
i-JLDzN1HH3Hdr516dBpoq9x,Nils Sundin,true
i-JLDzN1HH3Hdr516dBpoq9x,Sundin,false
i-JLXuQC8Bjt8suyRFj6kC3h,Gudrun Brunegård,true
i-JLY3p26xejRyBbJ4nnCgae,Nils Georg Strandler,false
i-JLY3p26xejRyBbJ4nnCgae,Nils Strandler,true
i-JLY3p26xejRyBbJ4nnCgae,Strandler,false
i-JLaP7HXrjrZxGBgnFdHCtg,Erickson,false
i-JLaP7HXrjrZxGBgnFdHCtg,Oscar Erickson,true
i-JLaP7HXrjrZxGBgnFdHCtg,Oskar Erickson,false
i-JLnF8yRx1GXkRgfYY7DDYS,Brandt,false
i-JLnF8yRx1GXkRgfYY7DDYS,E.G.C. Brandt,false
i-JLnF8yRx1GXkRgfYY7DDYS,EGC Brandt,false
i-JLnF8yRx1GXkRgfYY7DDYS,Erik Brandt,true
i-JLnF8yRx1GXkRgfYY7DDYS,Erik Gottfrid Christian Brandt,false
i-JLnF8yRx1GXkRgfYY7DDYS,Erik brandt,false
i-JMdXGwxRifxgRJrhkGnaDi,Fjällbäck,false
i-JMdXGwxRifxgRJrhkGnaDi,J. A. Fjällbäck,false
i-JMdXGwxRifxgRJrhkGnaDi,Johan Alfred Johansson Fjällbäck,false
i-JMdXGwxRifxgRJrhkGnaDi,Johan Fjällbäck,true
i-JN7m5YpvpuorpXu1JgSkf1,Beskow,false
i-JN7m5YpvpuorpXu1JgSkf1,Jacob Beskow,true
i-JN7m5YpvpuorpXu1JgSkf1,Knut Jakob Beskow,false
i-JNeKaAfNo39ynSv8f8tbdu,Ola Hansson Waldén,true
i-JNeKaAfNo39ynSv8f8tbdu,Waldén,false
i-JP8NeL17uoQgDiTaxrGnVM,Jonas Andersson,true
i-JP8NeL17uoQgDiTaxrGnVM,Jonas Peter Andersson,false
i-JPGVjXRUn351VFoQqW2dy7,Sofia Nina Georgine Skönnbrink,false
i-JPGVjXRUn351VFoQqW2dy7,Sofia Skönnbrink,true
i-JPcMnktADiVLFCozHa7Fnc,Gustaf Charles Kristian Kolare,false
i-JPcMnktADiVLFCozHa7Fnc,Gustaf Kolare,true
i-JPcMnktADiVLFCozHa7Fnc,Kolare,false
i-JPgedjW7JshtfAExS9H21b,Emma Ahlström Köster,true
i-JPgedjW7JshtfAExS9H21b,Emma Katarina Åsa Ahlström Köster,false
i-JPitp7YnyA5FVnAVx6buJK,Axel Bökelund,true
i-JPitp7YnyA5FVnAVx6buJK,Axel Casimir Bökelund,false
i-JPitp7YnyA5FVnAVx6buJK,Axel Kasimir Bökelund,false
i-JPitp7YnyA5FVnAVx6buJK,Bökelund,false
i-JPw6d7eRZKuFjV38zfBjjV,Juhlin,false
i-JPw6d7eRZKuFjV38zfBjjV,Juhlin Dannfelt,false
i-JPw6d7eRZKuFjV38zfBjjV,Malcolm Juhlin,true
i-JQ3iHhsjVjcREq7gga63xL,Borgström,false
i-JQ3iHhsjVjcREq7gga63xL,Mårten Borgström,true
i-JQCU38kBabAgvaTVEnxBqL,Ann-Sofie Lifvenhage,true
i-JQkujvaf3hdU7wTkTVzkDk,Gustaf Sundelin,true
i-JQkujvaf3hdU7wTkTVzkDk,Gustaf Valfrid Sundelin,false
i-JQkujvaf3hdU7wTkTVzkDk,Sundelin,false
i-JRTixFAeMX5bnfubDTKRcE,Berg,false
i-JRTixFAeMX5bnfubDTKRcE,Fridtjuv Berg,true
i-JRTixFAeMX5bnfubDTKRcE,Johan Fridtjuv Berg,false
i-JRYArNufMq8Drn1ggSzm25,Andersson,false
i-JRYArNufMq8Drn1ggSzm25,Folke Andersson,true
i-JSD38mWT7YyULoZeavmfbP,Anderson,false
i-JSD38mWT7YyULoZeavmfbP,Olof Anderson,true
i-JSEJ4s9Z7CEa5xpm114bT2,August Sjö,true
i-JSEJ4s9Z7CEa5xpm114bT2,J. A. Sjö,false
i-JSEJ4s9Z7CEa5xpm114bT2,Johan August Sjö,false
i-JSEJ4s9Z7CEa5xpm114bT2,Sjö,false
i-JSSYZnWrKjtbfWDmu1qLSb,Magdalena Andersson,true
i-JSYdZpTCVQiuDQoNnPDmr5,Karl Gustaf Sjödin,true
i-JSYdZpTCVQiuDQoNnPDmr5,Sjödin,false
i-JSniSV7GLnNo4eioo6Paqg,Eliel Löfgren,true
i-JSniSV7GLnNo4eioo6Paqg,Löfgren,false
i-JSt9FnV9VQrga3d1JbkyKi,Carl Gustav Liedberg,false
i-JSt9FnV9VQrga3d1JbkyKi,Gösta Liedberg,true
i-JSt9FnV9VQrga3d1JbkyKi,Liedberg,false
i-JTXojaSchv8hJK7zpJ2bed,Charley Artur Fager,false
i-JTXojaSchv8hJK7zpJ2bed,Charley Fager,true
i-JTXojaSchv8hJK7zpJ2bed,Charly Artur Fager,false
i-JTXojaSchv8hJK7zpJ2bed,Charly Fager,false
i-JTXojaSchv8hJK7zpJ2bed,Fager,false
i-JTwhXpmu1eVKQtUbjXVxkV,Lübeck,false
i-JTwhXpmu1eVKQtUbjXVxkV,Sven Edvard Julius Lybeck,false
i-JTwhXpmu1eVKQtUbjXVxkV,Sven Edward Julius Lübeck,false
i-JTwhXpmu1eVKQtUbjXVxkV,Sven Lübeck,true
i-JU4YrSRRVKnBQMhrE7w8hZ,Anders Vilhelm Lundstedt,false
i-JU4YrSRRVKnBQMhrE7w8hZ,Lundstedt,false
i-JU4YrSRRVKnBQMhrE7w8hZ,Vilhelm Lundstedt,true
i-JUDfhnxTxyfMtZUBuv5NAa,Carl Peter Althin,false
i-JUDfhnxTxyfMtZUBuv5NAa,Peter Althin,true
i-JUNzd1nQvupNUE6VssVS9e,Jan Orrenius,true
i-JVA2nRuEp8my7er9qD7K3g,Anderson,false
i-JVA2nRuEp8my7er9qD7K3g,Erik Anderson,true
i-JVA2nRuEp8my7er9qD7K3g,Sven Erik Anderson,false
i-JVCxUGEWB3wcv9bUXsEc9E,Beijer,false
i-JVCxUGEWB3wcv9bUXsEc9E,Carl Gottreich Beijer,true
i-JVJ2P4YwEvknLiK4HVpmhN,Hansson,false
i-JVJ2P4YwEvknLiK4HVpmhN,Henrik Hansson,true
i-JVJBMZFMJK5YHSMqRKfcrP,Lars Anders Peter Jilmstad,false
i-JVJBMZFMJK5YHSMqRKfcrP,Lars Jilmstad,true
i-JWP5dNNwLrpzc7u8cWLa39,Alexander Emanuel Schyller,false
i-JWP5dNNwLrpzc7u8cWLa39,Alexander Schyller,true
i-JWP5dNNwLrpzc7u8cWLa39,Schyller,false
i-JWaAdR37r5gFr2SYf1P6zG,Henrik Bredberg,true
i-JYAQ6Eq1TrYaQRw5VoSbTH,Jill Ester Elisabeth Lindgren,false
i-JYAQ6Eq1TrYaQRw5VoSbTH,Jill Lindgren,true
i-JYAQ6Eq1TrYaQRw5VoSbTH,Lindgren,false
i-JYrP81br94CzALKBPuUgFA,Gustavson,false
i-JYrP81br94CzALKBPuUgFA,John Aron Gustavson,false
i-JYrP81br94CzALKBPuUgFA,John Gustavson,true
i-JYzZX81V1RNDQGWjU8PT6X,David Theodor von Schulzenheim,true
i-JYzZX81V1RNDQGWjU8PT6X,David von Schulzenheim,false
i-JYzZX81V1RNDQGWjU8PT6X,von Schulzenheim,false
i-JZ5BTa14FDY9xhd5dNGPEG,C. J. Rossander:,false
i-JZ5BTa14FDY9xhd5dNGPEG,Carl Jacob Rossander,true
i-JZ5BTa14FDY9xhd5dNGPEG,Herr C. J. Rossander,false
i-JZ5BTa14FDY9xhd5dNGPEG,Rossander,false
i-JZ5iPMkMe6sm73EKDXdNWU,Bernt Ekwall,true
i-JZ5iPMkMe6sm73EKDXdNWU,Bernt Gunnar Ekwall,false
i-JZ5iPMkMe6sm73EKDXdNWU,Ekwall,false
i-JZKa6caqdSKy8yhUyfEJeU,Bo Könberg,true
i-JZUvpfuB1hbA3gVKmHkpAM,Daniel Poppius,true
i-JZUvpfuB1hbA3gVKmHkpAM,Poppius,false
i-JZgLiagTc1Uwgw1yzLWrSS,Birger Lahti,true
i-JakM4wBhrw5yCg8hj5n7GM,Carl Olof Carlsson,true
i-JakM4wBhrw5yCg8hj5n7GM,Carlsson,false
i-JathMfQRzbPfjBPT9hyLnW,Andersson,false
i-JathMfQRzbPfjBPT9hyLnW,Sven Andersson,true
i-JbQ4LaZceHR3Dk6TCPfuHh,André,false
i-JbQ4LaZceHR3Dk6TCPfuHh,Gunilla André,true
i-JbpZD6UR473GqjQRkeachX,Edström,false
i-JbpZD6UR473GqjQRkeachX,Johan Edström,true
i-JbpZD6UR473GqjQRkeachX,Johan Fredrik Edström,false
i-JcJAFEi1cLdgs31fhFt53T,Johan Gustaf Richert,true
i-JcJAFEi1cLdgs31fhFt53T,Richert,false
i-JchxQfU1zc3XVbvadFgBSn,Marita Elisabet Ulvskog,false
i-JchxQfU1zc3XVbvadFgBSn,Marita Ulvskog,true
i-JcnsMFG5uCAPz4rumqou59,Tomas Agenberg,true
i-JcnsMFG5uCAPz4rumqou59,Tomas Mikael Agenberg,false
i-JcqbjeL3j68iUaniGTTyRL,Arrhenius,false
i-JcqbjeL3j68iUaniGTTyRL,Johan Arrhenius,true
i-JcqbjeL3j68iUaniGTTyRL,Johan Petter Arrhenius,false
i-JdC8fmaurdMQcePeV6vVug,Berglund,false
i-JdC8fmaurdMQcePeV6vVug,Sten Berglund,true
i-JdC8fmaurdMQcePeV6vVug,Sten Verner Villy Berglund,false
i-JdC8fmaurdMQcePeV6vVug,Sten Verner Willy Berglund,false
i-JdNaSV4Ydav1Tknmim3WDs,Curry Treffenberg,true
i-JdNaSV4Ydav1Tknmim3WDs,Nils Curry Engelbrekt Treffenberg,false
i-JdNaSV4Ydav1Tknmim3WDs,Treffenberg,false
i-JdNpeUCX3ZK9NMoMR8C4zh,Adolf Westrin,true
i-JdNpeUCX3ZK9NMoMR8C4zh,Westrin,false
i-JeEhWTEJ1fGidrGkZYPz2T,Carl Robert Johansson,false
i-JeEhWTEJ1fGidrGkZYPz2T,Carl Robert Johansson-Dahr,false
i-JeEhWTEJ1fGidrGkZYPz2T,Johansson,false
i-JeEhWTEJ1fGidrGkZYPz2T,Johansson-Dahr,false
i-JeEhWTEJ1fGidrGkZYPz2T,Robert Johansson-Dahr,true
i-JeT3TNn3qpHKFMTCG5Kv5M,Anders Bernhard Hay,false
i-JeT3TNn3qpHKFMTCG5Kv5M,Bernhard Hay,true
i-JeT3TNn3qpHKFMTCG5Kv5M,Hay,false
i-JenGD5Kv9swgVvigAUvuWe,Patrik Forslund,true
i-Jf1UkwtCa6bibgVKynTwv5,Aldén,false
i-Jf1UkwtCa6bibgVKynTwv5,Axel Olof Aldén,false
i-Jf1UkwtCa6bibgVKynTwv5,Olle Aldén,true
i-JfXS8EFEqMfBiyryszrVvW,Ann-Kristine Johansson,true
i-JfXYdmqhTQWYWTgjZHSGEn,Ulrika Liljeberg,true
i-JfeGt9yjyj9GWsh4V8G87r,Johan Christer Emil Richert,true
i-JfueKVv9JDJ8PXvuJPC7Rk,Alfred Werner,true
i-JfueKVv9JDJ8PXvuJPC7Rk,Werner,false
i-JgAPAiHdvzK5HuijuTHC7L,Petra Gardos,true
i-JgAPAiHdvzK5HuijuTHC7L,Pétra Helena Gardos Ek,false
i-JgCcdTbPbwrVHLWw1wCXea,Hultkrantz,false
i-JgCcdTbPbwrVHLWw1wCXea,Karl Hultkrantz,true
i-JgCcdTbPbwrVHLWw1wCXea,Karl Johan Edvard Hultkrantz,false
i-JgCcdTbPbwrVHLWw1wCXea,Karl Johan Edvard Johansson,false
i-JgEQ9rf7V1cPH88QqLs2uJ,Keen,false
i-JgEQ9rf7V1cPH88QqLs2uJ,Kerstin Keen,true
i-JgEQ9rf7V1cPH88QqLs2uJ,Kerstin Margareta Keen,false
i-JgRYTBR82A6fZXYWrDDTJv,Carl Schmidt,true
i-JgRYTBR82A6fZXYWrDDTJv,Carl Sixtensson Schmidt,false
i-JgRYTBR82A6fZXYWrDDTJv,Schmidt,false
i-JgYiPKVGFMHxr2frdHokRK,Karl Starbäck,true
i-JgYiPKVGFMHxr2frdHokRK,Starbäck,false
i-JgqDoQfn7LrFWFe8vQvbAc,Lönnqvist,false
i-JgqDoQfn7LrFWFe8vQvbAc,Ulf Lönnqvist,true
i-JgqDoQfn7LrFWFe8vQvbAc,Ulf Roland Lönnqvist,false
i-JhNCuiHHhNqFyuwLN1j361,Johan Johansson,true
i-JhrGabbw8477wfM4vWUciM,Vilhelm Göran Lundvik,false
i-JhrGabbw8477wfM4vWUciM,Vilhelm Lundvik,true
i-JiaWoNwSt3vVH4PjxT2cJd,Eva Birgitta Pihl Krabbe,false
i-JiaWoNwSt3vVH4PjxT2cJd,Ewa Pihl Krabbe,true
i-Jj2VCteurQY8Xeggne82Rt,Alma Olsson,true
i-Jj2VCteurQY8Xeggne82Rt,Olsson,false
i-Jj3ryptdhhgokhyY4kvYCn,Andersson,false
i-Jj3ryptdhhgokhyY4kvYCn,Carl Andersson,true
i-Jj3ryptdhhgokhyY4kvYCn,Carl August Andersson,false
i-Jjgnog2w9zZ59EMv8163hB,Jon Jonsson,true
i-Jjgnog2w9zZ59EMv8163hB,Jon N. Jonsson,false
i-Jjgnog2w9zZ59EMv8163hB,Jonas Nikolaus Jonsson,false
i-Jjgnog2w9zZ59EMv8163hB,Jonsson,false
i-Jk4g3MXw9PJfF1NZRM6Z3C,Bladh,false
i-Jk4g3MXw9PJfF1NZRM6Z3C,Eric Bladh,true
i-Jk4g3MXw9PJfF1NZRM6Z3C,Eric Helge Bladh,false
i-Jk4g3MXw9PJfF1NZRM6Z3C,Eric Helgo Bladh,false
i-JkciQXgcuJiydBA4SrQQ2f,Jakob Fredrik Geijer,true
i-JkciQXgcuJiydBA4SrQQ2f,v Geijer,false
i-Jm7gVfhaVve2JJMStXVb1J,Anne-Marie von Essen,true
i-JmDWZnKUgcUWR4eU25Jsma,Krügel,false
i-JmDWZnKUgcUWR4eU25Jsma,Robert Krügel,true
i-JnoQV1mq4W1rwzdr2DJf3J,Emil Lagerkvist,true
i-JnoQV1mq4W1rwzdr2DJf3J,Johan Emil Theodor Lagerkvist,false
i-JnoQV1mq4W1rwzdr2DJf3J,Lagerkvist,false
i-JnsbkCPYDhEeErXQv27Yju,Hansson,false
i-JnsbkCPYDhEeErXQv27Yju,Karl Emil Hansson,true
i-JnuZjJswUM4d7eeyfhSVGt,Karl Gustaf Westman,true
i-JnuZjJswUM4d7eeyfhSVGt,Westman,false
i-JohWyHK5wjKsQnLvxsZ3Ln,Inga-Lill Sjöblom,true
i-JoizCydABXkfAWV3ZbjCyU,Jansson,false
i-JoizCydABXkfAWV3ZbjCyU,Johannes Jansson,true
i-JonVTjG1qKiFSSjaHzPJWY,Carl Axel Trolle,true
i-JonVTjG1qKiFSSjaHzPJWY,Carl Axel Trolle den yngre,false
i-JonVTjG1qKiFSSjaHzPJWY,Trolle,false
i-JosdyCnxiZJQ4CCRnbiz7N,Jytte Bengtsson Guteland,false
i-JosdyCnxiZJQ4CCRnbiz7N,Jytte Guteland,true
i-Jp2SVaPsoe1zxx7gTHC64g,Rashid Farivar,true
i-Jq77obBeFLvgxhwoo4hA4K,Carl Oscar Johanson,false
i-Jq77obBeFLvgxhwoo4hA4K,Johanson,false
i-Jq77obBeFLvgxhwoo4hA4K,Oscar Johanson,true
i-JqKk76VLAxfwdqL2Ubk1mB,Grönvall,false
i-JqKk76VLAxfwdqL2Ubk1mB,Nic Grönvall,true
i-JqQ477oyJRAVfhSn2N97pv,Elof Lindström,true
i-JqQ477oyJRAVfhSn2N97pv,Lindström,false
i-JqQ477oyJRAVfhSn2N97pv,Per Elof Lindström,false
i-JqZGusbJGdGkLx38HPCmFN,Gustaf Rosander,true
i-JqZGusbJGdGkLx38HPCmFN,Per Gustaf Rosander,false
i-JqZGusbJGdGkLx38HPCmFN,Rosander,false
i-JrAgBWMNEog8oJvyA5w1Qa,Berggren,false
i-JrAgBWMNEog8oJvyA5w1Qa,Henrik Berggren,true
i-JrAgBWMNEog8oJvyA5w1Qa,Johan Henrik Berggren,false
i-JrEd2KBBm96vKhxHDyPGym,Georg Nyblom,true
i-JrEd2KBBm96vKhxHDyPGym,Nyblom,false
i-JrpoiPbQevPxkvsUeJ99H3,Gustaf Edvard Widell,true
i-JrpoiPbQevPxkvsUeJ99H3,Gustaf Widell,false
i-JrpoiPbQevPxkvsUeJ99H3,Widell,false
i-Jrqp3xhubpckqh6NNnYVm4,Fleetwood,false
i-Jrqp3xhubpckqh6NNnYVm4,Victor Fleetwood,true
i-Jrz19xArtV5uKEAUB97hMH,Harald Kärrlander,true
i-Jrz19xArtV5uKEAUB97hMH,Kärrlander,false
i-Js7miY1xBdpEGXKf4Kx1r8,Blom,false
i-Js7miY1xBdpEGXKf4Kx1r8,Lennart Blom,true
i-JsMGgKRdiocBvci9MYAm2D,Johan Petter Lundberg,true
i-JsMGgKRdiocBvci9MYAm2D,Lundberg,false
i-JsTA7x6nHPJf2ZSKz3MCbm,Adolfsson,false
i-JsTA7x6nHPJf2ZSKz3MCbm,Gunnar Adolfsson,true
i-JsWHPBCAYAHTnamSZD7gjg,Hammarberg,false
i-JsWHPBCAYAHTnamSZD7gjg,Sven Hammarberg,true
i-JsypuiAKGY9SiFKvwL3ajG,Anders Johan Sandstedt,true
i-JsypuiAKGY9SiFKvwL3ajG,Sandstedt,false
i-JtHPAcaKYioyUpUog1T7v6,Andersson,false
i-JtHPAcaKYioyUpUog1T7v6,Axel Andersson,true
i-JtHPAcaKYioyUpUog1T7v6,Mårten Axel Johannes Andersson,false
i-JtSCjZhbn7kKtLncnKjNjs,Dahlgren,false
i-JtUfuJWavFh2EVRFXrJZTC,Johan Ohlsson,true
i-JtUfuJWavFh2EVRFXrJZTC,Ohlsson,false
i-Jtoja4r7beDsHXNnKo8XXf,Erik Amund Emanuel Uddenberg,false
i-Jtoja4r7beDsHXNnKo8XXf,Erik Uddenberg,true
i-Jtoja4r7beDsHXNnKo8XXf,Uddenberg,false
i-JuBXXY8rg7e17ax8wgpWHG,Dan Kihlström,true
i-JuPR9c4NvoTiCRmJRcGSyX,Montaser Eneim,true
i-JuPYS6h6faTfi7CAuBtsu5,Lars Gustaf Svensson,false
i-JuPYS6h6faTfi7CAuBtsu5,Lars Svensson,true
i-JuPYS6h6faTfi7CAuBtsu5,Svensson,false
i-JuUSQ11FqAYyXacrvdAQon,De Geer af Finspång,false
i-JuUSQ11FqAYyXacrvdAQon,Fabian De Geer,true
i-JuUSQ11FqAYyXacrvdAQon,Fabian Otto Gerard De Geer,false
i-JuUSQ11FqAYyXacrvdAQon,Fabian Otto Gerard De Geer af Finspång,false
i-JuX7y2SthgRtcLd223USxD,Ingrid Fägersten,true
i-Jux87Y67Kxg3c73zqd7Xud,Emil Olsson,true
i-Jux87Y67Kxg3c73zqd7Xud,Olof Emil Olsson,false
i-Jux87Y67Kxg3c73zqd7Xud,Olsson,false
i-JvZPmXuKE9MCvrDfVtd81k,Andersson,false
i-JvZPmXuKE9MCvrDfVtd81k,Gerd Eva Monica Andersson,false
i-JvZPmXuKE9MCvrDfVtd81k,Monica Andersson,true
i-JvrnLfed8t4X5ZRydAh8Aq,Eva Rydén,true
i-JvrnLfed8t4X5ZRydAh8Aq,Rydén,false
i-JwCAPrnin3ydHLFqNxeimg,Mats Esse Sander,false
i-JwCAPrnin3ydHLFqNxeimg,Mats Sander,true
i-JwpZRCkCfEVs7ExF6Vafcp,Emil Hultman,true
i-JwpZRCkCfEVs7ExF6Vafcp,Hultman,false
i-JwrrNQarYf4sbAtWECPj6i,Nilsson,false
i-JwrrNQarYf4sbAtWECPj6i,Tore Nilsson,true
i-JwrrNQarYf4sbAtWECPj6i,Tore Ulrik Nilsson,false
i-JxwmM7W2jfNtGHENsw4wuY,Knut Söderblom,true
i-JxwmM7W2jfNtGHENsw4wuY,Lorentz Knut Söderblom,false
i-JxwmM7W2jfNtGHENsw4wuY,Söderblom,false
i-JxxHuvwXWsJTZYTnBZLHj,Berg,false
i-JxxHuvwXWsJTZYTnBZLHj,Marianne Berg,true
i-JxxHuvwXWsJTZYTnBZLHj,Marianne Birgitta Berg,false
i-JyJNJYYsSGPpUMFRHpFJo,Elisebeht Markström,true
i-JyJNJYYsSGPpUMFRHpFJo,Markström,false
i-JyVEFshzVXajALX3xcvJad,Matz Hammarström,true
i-JybGN9aHM3q5M4kgRwLipb,Engman,false
i-JybGN9aHM3q5M4kgRwLipb,Per Engman,true
i-JyuoWkg9RUZd3XVSA6MfE6,Gunilla Nordgren,true
i-JzFnmTZvh2HBnWRxpGWm5p,Gustaf Svensson,true
i-JzFnmTZvh2HBnWRxpGWm5p,Svensson,false
i-JzJFrauLPM12Y89u5S5tuS,Barbro Backberger,true
i-JzJFrauLPM12Y89u5S5tuS,Barbro Elisabeth Backberger,false
i-JzKpzJSo2n2n5uYhKKmwLF,Anders Magnus Resare,false
i-JzKpzJSo2n2n5uYhKKmwLF,Magnus Resare,true
i-K1u6rePoMi4Q4xWUesocZL,Johan Wilhelm Spånberg,false
i-K1u6rePoMi4Q4xWUesocZL,Spånberg,false
i-K1u6rePoMi4Q4xWUesocZL,Wilhelm Spånberg,true
i-K2CCfv9yeMy3FtZnJC2wDV,Adolf Fredrik Janson,false
i-K2CCfv9yeMy3FtZnJC2wDV,Adolf Janson,true
i-K2CCfv9yeMy3FtZnJC2wDV,Janson,false
i-K2W1rmLKCnHqkbBnbobd81,Carl Axel Petri,true
i-K2XFckptxyNzjX3oPCLewL,Hugo von Sydow,true
i-K2XFckptxyNzjX3oPCLewL,Kristian Hugo von Sydow,false
i-K2iWUZui69Tfk1JV7Bae8C,Gustaf Gustafsson,true
i-K2iWUZui69Tfk1JV7Bae8C,Gustafsson,false
i-K3XVUFjjxoTvgYrTsmkzpm,Christian Lovén,true
i-K3XVUFjjxoTvgYrTsmkzpm,Lovén,false
i-K3XVUFjjxoTvgYrTsmkzpm,Otto Christian Lovén,false
i-K3XVUFjjxoTvgYrTsmkzpm,Otto Kristian Lovén,false
i-K3yJ7rruozYUK99nj91ffc,Hans Gustav Linde,false
i-K3yJ7rruozYUK99nj91ffc,Hans Linde,true
i-K4WzUa9b3Bps6Z3kNsC2sp,Carl Johan Sehlin,false
i-K4WzUa9b3Bps6Z3kNsC2sp,Carl Sehlin,true
i-K4WzUa9b3Bps6Z3kNsC2sp,Sehlin,false
i-K4bWd6mwCZVDBJzhXr6Vne,Anders Forsberg,true
i-K4bWd6mwCZVDBJzhXr6Vne,Anders Oskar Birger Forsberg,false
i-K4bWd6mwCZVDBJzhXr6Vne,Forsberg,false
i-K4wd37J1UFYGrckhmNMkuY,Blomquist,false
i-K4wd37J1UFYGrckhmNMkuY,Herman Blomquist,true
i-K4wd37J1UFYGrckhmNMkuY,Josef Herman Blomquist,false
i-K5iwzy5YeaxYRMYm2VdEJ3,Ewerlöf,false
i-K5iwzy5YeaxYRMYm2VdEJ3,Genserik Elias Waldemar Ewerlöf,false
i-K5iwzy5YeaxYRMYm2VdEJ3,Waldemar Ewerlöf,true
i-K5xv4oCErCZbkmjE6NDTKr,Bertil Allan Nils Fiskesjö,false
i-K5xv4oCErCZbkmjE6NDTKr,Bertil Fiskesjö,true
i-K5xv4oCErCZbkmjE6NDTKr,Fiskesjö,false
i-K5zTLSXt1UWyYngcbEuofY,Evy Maria Kristina Zakrisson,false
i-K5zTLSXt1UWyYngcbEuofY,Kristina Zakrisson,true
i-K6AmZyQ7Y6qqLisLLmRzcK,Palme Patrik Johan de Laval,false
i-K6AmZyQ7Y6qqLisLLmRzcK,Palne Patrik Johan de Laval,false
i-K6AmZyQ7Y6qqLisLLmRzcK,Palne de Laval,true
i-K6AmZyQ7Y6qqLisLLmRzcK,de Laval,false
i-K6LggWsK7BZ5j7BRK6tMfD,Jonas Bernhard Unger,false
i-K6LggWsK7BZ5j7BRK6tMfD,Jonas Unger,true
i-K6LggWsK7BZ5j7BRK6tMfD,Unger,false
i-K6NtRe4xJoLnCuhYhjQkmz,Alexanderson,false
i-K6NtRe4xJoLnCuhYhjQkmz,Nils Alexanderson,true
i-K6NtRe4xJoLnCuhYhjQkmz,Nils Erik Alexanderson,false
i-K6cT1SiaPMfvDc7UQducRL,Sture Centerwall,true
i-K75KrtPmbiw4k8rrgLDHse,Gerd Signe Maria Plass,false
i-K75KrtPmbiw4k8rrgLDHse,Maria Plass,true
i-K7A3HxRuQWaoRkthu77uVa,Anita Gradin,true
i-K7A3HxRuQWaoRkthu77uVa,Anita Ingegerd Gradin,false
i-K7A3HxRuQWaoRkthu77uVa,Gradin,false
i-K7erMP2uZexiJkgbeZMjod,Bengtsson,false
i-K7erMP2uZexiJkgbeZMjod,Johannes Bengtsson,true
i-K82QDXsktky7Ev3GGdtx22,Åsa Hartzell,true
i-K9K6z4qua1txgL1jVaSy3a,Axel Modig,true
i-K9K6z4qua1txgL1jVaSy3a,Axel Simeon Nathanael Modig,false
i-K9K6z4qua1txgL1jVaSy3a,Modig,false
i-K9S9BveqUzcHaccHcxektG,Edsbäcker,false
i-K9S9BveqUzcHaccHcxektG,Karl Theodor Edsbäcker,false
i-K9S9BveqUzcHaccHcxektG,Theodor Edsbäcker,true
i-K9idtHRhn2uzrz4Vj88b5A,Axel Leonard Senell,false
i-K9idtHRhn2uzrz4Vj88b5A,Leonard Senell,true
i-K9idtHRhn2uzrz4Vj88b5A,Senell,false
i-K9n68dBnLCt3xWtXN75tzY,Anderson,false
i-K9n68dBnLCt3xWtXN75tzY,Carl Arvid Anderson,true
i-K9n68dBnLCt3xWtXN75tzY,Carl Arvid Andersson,false
i-K9qLrytov5JcoAS1u8SHMm,Laila Helena Naraghi,false
i-K9qLrytov5JcoAS1u8SHMm,Laila Naraghi,true
i-K9wb3d9SN57ELciCDC88jz,Mats G. Nilsson,true
i-K9wb3d9SN57ELciCDC88jz,Mats Nilsson,false
i-KAaVn2LxMATuijHYhpRAWe,Katja Larsson,true
i-KAgkDWA5iGbn9XFLkj9FoB,Alf Eriksson,true
i-KAgkDWA5iGbn9XFLkj9FoB,Eriksson,false
i-KB4Bb4bhp5BDE75uGCdDUu,Fagerström,false
i-KB4Bb4bhp5BDE75uGCdDUu,Lars Elis Fagerström,false
i-KB4Bb4bhp5BDE75uGCdDUu,Lars Fagerström,true
i-KBbXYtnknZx7i11LnE5ff8,Herou,false
i-KBbXYtnknZx7i11LnE5ff8,Johan Viktor Herou,false
i-KBbXYtnknZx7i11LnE5ff8,Viktor Herou,true
i-KBzNS2p62yvjvgMUqS2Fu8,Axel E. Svensson,true
i-KBzNS2p62yvjvgMUqS2Fu8,Axel Einar Svensson,false
i-KBzNS2p62yvjvgMUqS2Fu8,Svensson,false
i-KC7Pg8aEPmzzkGC8SbK2cS,Kling,false
i-KC7Pg8aEPmzzkGC8SbK2cS,Peter Kling,true
i-KCD2VhpJdc1azCNdSgfLQp,Anna Frida Wiktoria Johansson,false
i-KCD2VhpJdc1azCNdSgfLQp,Anna Johansson,true
i-KCoAdFZM3TB6wQLBBujXgQ,Erikson,false
i-KCoAdFZM3TB6wQLBBujXgQ,Jakob Erikson,true
i-KCoAdFZM3TB6wQLBBujXgQ,Peter Jakob Maximilian Erikson,false
i-KCyyRs9HnkQhss61gii5F7,Fredrik Lundh Sammeli,true
i-KD45DoB6EUT1W7rQUAa6z1,Knöös-Franzén,false
i-KD45DoB6EUT1W7rQUAa6z1,Kristina Knöös-Franzén,true
i-KDqwZhktG4Xjq6E8jPHvbX,Fredric Gustaf Gyllenkrook,false
i-KDqwZhktG4Xjq6E8jPHvbX,Fredric Gyllenkrook,true
i-KDqwZhktG4Xjq6E8jPHvbX,Fredrik Gustaf Gyllenkrook,false
i-KDqwZhktG4Xjq6E8jPHvbX,Gyllenkrook,false
i-KEdbEqnuPwBPiBdxQypKw7,Karin Linda Kristina Sundin,false
i-KEdbEqnuPwBPiBdxQypKw7,Karin Sundin,true
i-KEdq6yVXrLdahHdSbVheQv,Andersson,false
i-KEdq6yVXrLdahHdSbVheQv,Birger Andersson,true
i-KEdq6yVXrLdahHdSbVheQv,Birger Magnus Gudmund Andersson,false
i-KEqHuEZEbq5NvHHenfRSVW,Johanna Rantsi,true
i-KEtRFqLE6GYv678YXVhKHr,G. von Braun,false
i-KEtRFqLE6GYv678YXVhKHr,Gustaf Henrik Philip von Braun,false
i-KEtRFqLE6GYv678YXVhKHr,Gustaf Henrik von Braun,false
i-KEtRFqLE6GYv678YXVhKHr,Gustaf von Braun,true
i-KEtRFqLE6GYv678YXVhKHr,von Braun,false
i-KF6wD7NQzQww6cajAsNpt,Gösta Lyngå,true
i-KF6wD7NQzQww6cajAsNpt,Lyngå,false
i-KF71L4Ta19mdHRVmCFfDpm,Hamilton af Hageby,false
i-KF71L4Ta19mdHRVmCFfDpm,Hugo Hamilton,true
i-KF71L4Ta19mdHRVmCFfDpm,Hugo Johan Hamilton,false
i-KFLLBh5CxVpZkUZaHy3pAz,Gennser,false
i-KFLLBh5CxVpZkUZaHy3pAz,Margit Gennser,true
i-KG1jdyzPWSTYqMzjLvBHub,Anne Oskarsson,true
i-KG3rFkQMhAaivps4bxsdN6,Lyth,false
i-KG3rFkQMhAaivps4bxsdN6,Wilhelm Lyth,true
i-KGMyxbz9qWim28W7Po1nnR,Amalia Maria Rud Pedersen,false
i-KGMyxbz9qWim28W7Po1nnR,Amalia Pedersen,false
i-KGMyxbz9qWim28W7Po1nnR,Amalia Rud Pedersen,false
i-KGMyxbz9qWim28W7Po1nnR,Amalia Rud Stenlöf,true
i-KGZwf1JSprGhdrgjc9cae7,Ludvig Norrby,true
i-KGZwf1JSprGhdrgjc9cae7,Norrby,false
i-KGa34znP4SNkFTbwiVao8N,Erik Ottoson,true
i-KGqrEB2Pzg8goYxy9CcDhd,Lars Gustafsson,true
i-KH95N7MQWjJmhPFwfuwd9L,Berg,false
i-KH95N7MQWjJmhPFwfuwd9L,Nils A:son Berg,true
i-KH95N7MQWjJmhPFwfuwd9L,Nils Andersson Berg,false
i-KHHwukqC5Q8kiR5DXHY3hJ,Andersson,false
i-KHHwukqC5Q8kiR5DXHY3hJ,Arne Andersson,true
i-KHHwukqC5Q8kiR5DXHY3hJ,John Arne Lennart Andersson,false
i-KHwyNd4PtTDS74vUs9zWKS,Anna Wallén,true
i-KHxTD13x4T7QRobXtjMm4K,Roland David Utbult,false
i-KHxTD13x4T7QRobXtjMm4K,Roland Utbult,true
i-KJ6KMYXZX5TzhKzjfTViXn,Eric Ferdinand Nilsson,false
i-KJ6KMYXZX5TzhKzjfTViXn,Eric Nilsson,true
i-KJ6KMYXZX5TzhKzjfTViXn,Nilsson,false
i-KJu9SCetGHuRwjQMUVndoq,Carl Oscar Ferdinand Trapp,false
i-KJu9SCetGHuRwjQMUVndoq,Oscar Trapp,true
i-KJu9SCetGHuRwjQMUVndoq,Trapp,false
i-KJyvTwrgDxi4yMYySF1bec,Birthe Sörestedt,true
i-KJyvTwrgDxi4yMYySF1bec,Sörestedt,false
i-KK11WJTF4if2JKc5wUX5kX,Nils Sandström,true
i-KK11WJTF4if2JKc5wUX5kX,Sandström,false
i-KLVdWuEH3iyC7Ws5pZeVNK,Daniel Persson,true
i-KLVdWuEH3iyC7Ws5pZeVNK,Persson,false
i-KLpNihrAvuuXgVcL2JY7Ne,Johan Olof Ruthberg,true
i-KLpNihrAvuuXgVcL2JY7Ne,Ruthberg,false
i-KLwBzE2A2voDeYfWHmPSbK,Carl Wilhelm Hultstein,true
i-KLwBzE2A2voDeYfWHmPSbK,Hultstein,false
i-KMNhDimDdFZa9YsdoMSHgX,C.J. Kock,true
i-KMNhDimDdFZa9YsdoMSHgX,Carl Jöran Kock,false
i-KMNhDimDdFZa9YsdoMSHgX,Kock,false
i-KMPMrDqavruDYW5jWx13ou,Hjelmérus,false
i-KMPMrDqavruDYW5jWx13ou,Johan Hjelmérus,true
i-KMQSXW9jTy41k8atxRpg8q,Emilia Töyrä,true
i-KMYY8tyhXjCVUreFZc4d5u,Gustaf Torelius,true
i-KMYY8tyhXjCVUreFZc4d5u,Pår Gustaf Torelius,false
i-KMYY8tyhXjCVUreFZc4d5u,Torelius,false
i-KMkjq6aPLpCmnKrqAhMcju,My Persson,true
i-KMkjq6aPLpCmnKrqAhMcju,Persson,false
i-KNRqa17M8avm4WSafSQiUy,Elin Maria Segerlind,false
i-KNRqa17M8avm4WSafSQiUy,Elin Segerlind,true
i-KNT8sbBUEiy9xtqXCbHDcY,Anders August Anderson,false
i-KNT8sbBUEiy9xtqXCbHDcY,Anderson,false
i-KNT8sbBUEiy9xtqXCbHDcY,August Anderson,true
i-KNV1hybYvNRYW3UQKiyrP8,Andersson,false
i-KNV1hybYvNRYW3UQKiyrP8,Jan Andersson,true
i-KNqtzTyLq88RopWq6R35xs,Ronny Olander,true
i-KNqtzTyLq88RopWq6R35xs,Ronny Reinhold Olander,false
i-KPCEVb6SRMsP5nLPqRWydb,Alfred Lindström,true
i-KPCEVb6SRMsP5nLPqRWydb,Lindström,false
i-KPGvtK4s6Zp3E6XH6vj18n,Tobias Billström,true
i-KPGvtK4s6Zp3E6XH6vj18n,Tobias Lennart Billström,false
i-KPJFtzGBjuTE4Qx9bmhQnG,Nils Jakob Eberhard Quensel,false
i-KPJFtzGBjuTE4Qx9bmhQnG,Nils Quensel,true
i-KPdEYAd27pgRrCwyf8P6bN,Erlansson,false
i-KPdEYAd27pgRrCwyf8P6bN,John Erlansson,true
i-KPgHiCpDTEBreRuX86nE67,Carl Lorentzon,true
i-KPgHiCpDTEBreRuX86nE67,Lorentzon,false
i-KQ6FSWjk4pJuTAgNo4uUGd,Amnéus,false
i-KQ6FSWjk4pJuTAgNo4uUGd,Herman Amnéus,true
i-KQ6FSWjk4pJuTAgNo4uUGd,Herman Nestor Emanuel Amnéus,false
i-KQCpp7fPS6JnGzNC3a24bc,Husberg,false
i-KQCpp7fPS6JnGzNC3a24bc,Karl Husberg,true
i-KQCpp7fPS6JnGzNC3a24bc,Karl Sigfrid Husberg,false
i-KRLSKywFdnN5YJLgLr9H1i,Arthur Sköldin,true
i-KRLSKywFdnN5YJLgLr9H1i,Per Arthur Sköldin,false
i-KRLSKywFdnN5YJLgLr9H1i,Sköldin,false
i-KS3F2HNRmD11zWjPtWJm9w,Alfred Malmström,true
i-KS3F2HNRmD11zWjPtWJm9w,Malmström,false
i-KS3F2HNRmD11zWjPtWJm9w,Thure Alfred Malmström,false
i-KS58so6H4M5bMSPJdwHVFU,Anders Andersson,true
i-KS58so6H4M5bMSPJdwHVFU,Andersson,false
i-KSYmHt2CfUPZ7TEuPagciq,Adelswärd,false
i-KSYmHt2CfUPZ7TEuPagciq,Axel Theodor Adelswärd,false
i-KSYmHt2CfUPZ7TEuPagciq,Theodor Adelswärd,true
i-KSySmSPpyTkiDXq9fC8Mav,Christina Pettersson,true
i-KSySmSPpyTkiDXq9fC8Mav,Pettersson,false
i-KT2UA8hC1LWZ3pQJRawYHv,Carl Eskil Eskilsson,false
i-KT2UA8hC1LWZ3pQJRawYHv,Carl Eskilsson,true
i-KT2UA8hC1LWZ3pQJRawYHv,Eskilsson,false
i-KTYUcLJdVsLQqqAu9vSsqL,Jon Adam Stålhammar,false
i-KTYUcLJdVsLQqqAu9vSsqL,Jon Stålhammar,true
i-KTYUcLJdVsLQqqAu9vSsqL,Stålhammar,false
i-KTYc2rBrcxPNyJRR5s4dQD,Peter Hultqvist,true
i-KTfbcBQy9aF7Tt7TXaUH3v,Anna Margareta Jäderberg,false
i-KTfbcBQy9aF7Tt7TXaUH3v,Annie Jäderberg,true
i-KTfbcBQy9aF7Tt7TXaUH3v,Jäderberg,false
i-KTmTMYsoqjqixxDSAwcrPb,Emma Berginger,true
i-KTmTMYsoqjqixxDSAwcrPb,Emma Hanna Rebecka Berginger,false
i-KTpiR3kryU8AxBjHyxgaho,Carl Ehrenfried Reinhold Roth,false
i-KTpiR3kryU8AxBjHyxgaho,Ehrenfried Roth,true
i-KTpiR3kryU8AxBjHyxgaho,Roth,false
i-KTqdCJiS7tAKyXZgtyJwHs,Monica Haider,true
i-KTrNx4VJFMn2FnNPE3zrHR,Persson,false
i-KTrNx4VJFMn2FnNPE3zrHR,Swen Persson,true
i-KU2tjG7is6kcqSpdpQUCYA,Bertil Eriksson,true
i-KU2tjG7is6kcqSpdpQUCYA,Carl Johan Bertil Eriksson,false
i-KU2tjG7is6kcqSpdpQUCYA,Eriksson,false
i-KUF4FkauEZJFRehwwwUsgF,Fredrik Lindahl,true
i-KUavj3naU1jTnq3RDnaNqe,Blidberg,false
i-KUavj3naU1jTnq3RDnaNqe,Pehr Blidberg,true
i-KUxpmRKvMjjPC69ZhCg5hg,Arvid Gardell,true
i-KUxpmRKvMjjPC69ZhCg5hg,Arvid Lars Johan Gardell,false
i-KUxpmRKvMjjPC69ZhCg5hg,Gardell,false
i-KV7mioxB7qA6XayCejfVpP,Alfred Andersson,true
i-KV7mioxB7qA6XayCejfVpP,Andersson,false
i-KVGHAw26wq8T7KZvhmL468,Anna-Karin Nylund,true
i-KVQoAx5QRB2L7nXn3GfDxJ,Sture Arnesson,true
i-KVTFDjH3sYHMxQENpd2Uw2,Nils Petter Wallmark,true
i-KVTFDjH3sYHMxQENpd2Uw2,Wallmark,false
i-KVp9dph1ZssnqUAC7MH6d3,Eskil Göran Daniel Tistad,false
i-KVp9dph1ZssnqUAC7MH6d3,Eskil Tistad,true
i-KVp9dph1ZssnqUAC7MH6d3,Tistad,false
i-KVz5xLT1iQfmcpvkj29hZ6,Ernst Hjalmar Sjövall,false
i-KVz5xLT1iQfmcpvkj29hZ6,Hj. Sjövall,false
i-KVz5xLT1iQfmcpvkj29hZ6,Hjalmar Sjövall,true
i-KVz5xLT1iQfmcpvkj29hZ6,Sjövall,false
i-KWE8Jd2fQ6jihQBAR75RW6,Per Gustaf Petersson,true
i-KWE8Jd2fQ6jihQBAR75RW6,Petersson,false
i-KWiDmwdWcTmMo4FTwag1Ki,Edvard Elieser Svänsson,false
i-KWiDmwdWcTmMo4FTwag1Ki,Eli Svänsson,true
i-KWiDmwdWcTmMo4FTwag1Ki,Svänsson,false
i-KWkTKqpJuso9Bs18ozxojN,Marie Axelsson,true
i-KWrhxZryozrMbUBwynBzA4,Hedenström,false
i-KWrhxZryozrMbUBwynBzA4,Johan Alfred Hedenström,true
i-KX9uEBAiFPuwdcB3B9ZMy4,Franz Otto Karlsson,true
i-KX9uEBAiFPuwdcB3B9ZMy4,Karlsson,false
i-KXZdg3H7eg9dTS7AMhNqvi,Rolf Edlund,true
i-KXh1eSeaS6sBLLWB9poKMm,Anders Andersson,true
i-KXh1eSeaS6sBLLWB9poKMm,Andersson,false
i-KY2qFJXpwf6GTtVoW7mKo8,Eliasson,false
i-KY2qFJXpwf6GTtVoW7mKo8,Lars Eliasson,true
i-KY2qFJXpwf6GTtVoW7mKo8,Lars Magnus Eliasson,false
i-KYXivvcBdXYFvocfPhZ1MH,Evert Frankenberg,true
i-KYXivvcBdXYFvocfPhZ1MH,Frankenberg,false
i-KYXivvcBdXYFvocfPhZ1MH,John Evert Konrad Frankenberg,false
i-KYcNGH8TDrzXp5RkXfVxcZ,Arvid M A Posse,false
i-KYcNGH8TDrzXp5RkXfVxcZ,Arvid Mauritz Arvidsson Posse,false
i-KYcNGH8TDrzXp5RkXfVxcZ,Arvid Mauritz Posse,true
i-KYcNGH8TDrzXp5RkXfVxcZ,Arvid Posse,false
i-KZ4q1mw1Wp7Ko3iFLuKoes,Majvi Andersson,true
i-KZNTb9181HpqPsZkJVemar,Carl Edvard Wellander,false
i-KZNTb9181HpqPsZkJVemar,Carl Wellander,true
i-KZNTb9181HpqPsZkJVemar,Wellander,false
i-KZRYQXLaqTdR8ZicM7zYRV,Annerstedt,false
i-KZRYQXLaqTdR8ZicM7zYRV,Ylva Annerstedt,true
i-KZYXbtWhBkb38SRbAoL2Mn,Adelswärd,false
i-KZYXbtWhBkb38SRbAoL2Mn,Axel Adelsvärd,false
i-KZYXbtWhBkb38SRbAoL2Mn,Axel Adelswärd,true
i-KZYXbtWhBkb38SRbAoL2Mn,Axel Reinhold August Adelsvärd,false
i-KZYXbtWhBkb38SRbAoL2Mn,Axel Reinhold August Adelswärd,false
i-KZuPNNVtba2gDJwzWp8LeR,Frans Einar Hansson,false
i-KZuPNNVtba2gDJwzWp8LeR,Frans Hansson,true
i-KZuPNNVtba2gDJwzWp8LeR,Hansson,false
i-KaBa73f9cDZ3KHsxdHYgui,Fredrik Hederstierna,true
i-KaBa73f9cDZ3KHsxdHYgui,Fredrik Ludvig Salomon Hederstierna,false
i-KaBa73f9cDZ3KHsxdHYgui,Hederstierna,false
i-KaEwnQ53dsfqZGV8fcpYbX,Gunnar Hedlund,true
i-KaEwnQ53dsfqZGV8fcpYbX,Hedlund,false
i-KaK1vxNc8mSW6SKdeNBorx,Carl Johan Fredrik Ljunggren,false
i-KaK1vxNc8mSW6SKdeNBorx,Carl Ljunggren,true
i-KaK1vxNc8mSW6SKdeNBorx,Ljunggren,false
i-KaSxq71cfsHXLTkod92hHL,Birgitta Gidblom,true
i-KaXR4PGidkP2vr72rtdqFV,Axel Ludvig Sundberg,false
i-KaXR4PGidkP2vr72rtdqFV,Axel Sundberg,true
i-KaXR4PGidkP2vr72rtdqFV,Sundberg,false
i-KafTGBexnVL56zSvft8tjw,Gustaf Pontus August von Rosen,false
i-KafTGBexnVL56zSvft8tjw,Gustaf von Rosen,true
i-KafTGBexnVL56zSvft8tjw,von Rosen,false
i-KawwYRbfNooyPngtdSHu1B,Orring,false
i-KawwYRbfNooyPngtdSHu1B,Ulla Orring,true
i-Kb87jeTEio4k4qCJeZ6pQE,Said Abdu,true
i-Kc3AcmXkcmGKhXRxHt6DUP,Edward Riedl,true
i-KcdTfHgf3gb2L3pSHykunC,Lars-Erik Ahlinder,true
i-KcofmNasLprpHKsdaYM625,Bo Finnkvist,true
i-KcofmNasLprpHKsdaYM625,Bo Gunnar Finnkvist,false
i-KcofmNasLprpHKsdaYM625,Finnkvist,false
i-KdMEHZuEKgz4112RwsdPqJ,Rune Svensson,true
i-KdNZEf7wb1MAJv58QEHYrr,Göran Lindblad,true
i-KdNZEf7wb1MAJv58QEHYrr,Lindblad,false
i-KdWud4ycRn3KqxNrvnNkTT,Gustaf Sixten Neiglick,false
i-KdWud4ycRn3KqxNrvnNkTT,Neiglick,false
i-KdWud4ycRn3KqxNrvnNkTT,Sixten Neiglick,true
i-KdXrEMkVzwtBri9FSLvMCt,J. P. Jesperson,false
i-KdXrEMkVzwtBri9FSLvMCt,Jesperson,false
i-KdXrEMkVzwtBri9FSLvMCt,Jöns Jesperson,true
i-KdXrEMkVzwtBri9FSLvMCt,Jöns Peter Jesperson,false
i-KeMrcvvhwTcSyGJDpMjMb4,Aron Julius Wedin,true
i-KeMrcvvhwTcSyGJDpMjMb4,Wedin,false
i-KeUzxNbv1zjTz7FVRHayGh,Forsberg,false
i-KeUzxNbv1zjTz7FVRHayGh,Gustaf Forsberg,true
i-KeUzxNbv1zjTz7FVRHayGh,Johan Gustaf Forsberg,false
i-KesDa4cp7fM38iQBxcvHbz,Allan Davidsson,true
i-KesDa4cp7fM38iQBxcvHbz,Davidsson,false
i-KesDa4cp7fM38iQBxcvHbz,Karl Allan Davidsson,false
i-KfgM2FZ3uNJVb6p46dZGxo,Alf Andersson,true
i-KfgM2FZ3uNJVb6p46dZGxo,Alf Emanuel Andersson,false
i-KfgM2FZ3uNJVb6p46dZGxo,Andersson,false
i-KfhionKEV1mdEwMpzxVxcN,David Holmgren,true
i-KfhionKEV1mdEwMpzxVxcN,Holmgren,false
i-KgEDLEPcSWFz8FT7vF3pxs,Hübinette,false
i-KgEDLEPcSWFz8FT7vF3pxs,Per Hybinette,false
i-KgEDLEPcSWFz8FT7vF3pxs,Per Hübinette,true
i-KgcqhjAQ4C31XVhk57y6bF,Oscar Fredrik von Sydow,false
i-KgcqhjAQ4C31XVhk57y6bF,Oscar von Sydow,true
i-KgxhvETxthggKy1gyqg3E7,Bijan Fahimi,true
i-KhCf7Li1jUJ7dRtgidL66D,Stefan Wikén,true
i-Ki8BXCebma4Cx5CBFDs2LW,Lars Thorsten Larsson,false
i-Ki8BXCebma4Cx5CBFDs2LW,Larsson,false
i-Ki8BXCebma4Cx5CBFDs2LW,Thorsten Larsson,true
i-KibauNu6CSDswgonTZCuVD,Dickson,false
i-KibauNu6CSDswgonTZCuVD,James Dickson,true
i-KjSZfjZmVz9Wf1kWZWQERb,Hörnfeldt,false
i-KjSZfjZmVz9Wf1kWZWQERb,Per Olof Hörnfeldt,true
i-KjXCxQFmtvPac62A2kckSm,Carl Gustaf Närlinge,true
i-KjXCxQFmtvPac62A2kckSm,Carl Gustaf Olsson,false
i-KjXCxQFmtvPac62A2kckSm,Närlinge,false
i-KjXCxQFmtvPac62A2kckSm,Olsson,false
i-KjYRcBXUeuPrFYyha9miB6,Larsson,false
i-KjYRcBXUeuPrFYyha9miB6,Per Magnus Larsson,true
i-KkU7ad1AF8u8aRYzMxFtQF,John Åke Truls Wiberg,false
i-KkU7ad1AF8u8aRYzMxFtQF,Wiberg,false
i-KkU7ad1AF8u8aRYzMxFtQF,Åke Wiberg,true
i-KkmUgT3JDQJSngmLz42kdh,Anton Eklund,true
i-KkmUgT3JDQJSngmLz42kdh,Eklund,false
i-KkmUgT3JDQJSngmLz42kdh,Johan Anton Eklund,false
i-KktUCXax2JFL3tqFqQN9oq,Birgitta Sellén,true
i-KmWKj9j9WLw4FzNVWtWakN,Patrik Engström,true
i-KmY3t8VznGaS11qXwo1gNg,Elisabeth Falkhaven,true
i-KmY3t8VznGaS11qXwo1gNg,Siv Elisabeth Falkhaven,false
i-KmaFBjauqtxT6jivRAKAZT,Faradj Koliev,true
i-KmjjRuCw2jtXhxJg7fhgXE,Lars Magnus Wistedt,false
i-KmjjRuCw2jtXhxJg7fhgXE,Lars Wistedt,true
i-Kmw25fR42eKoSsCWJ8FFjd,Forssbeck,false
i-Kmw25fR42eKoSsCWJ8FFjd,Fredrik Forssbeck,true
i-Kmw25fR42eKoSsCWJ8FFjd,J Fredrik A Forssbeck,false
i-Kmw25fR42eKoSsCWJ8FFjd,Johan Fredrik August Forssbeck,false
i-Kn2C4HPwWcqbEgtUtWTc5F,Roger Haddad,true
i-Kn7puDQPiNKTkL1XkH8QkL,Lars Erik Roland Lundberg,false
i-Kn7puDQPiNKTkL1XkH8QkL,Lundberg,false
i-Kn7puDQPiNKTkL1XkH8QkL,Roland Lundberg,true
i-KneRRQTj9x28u3kKGUXgee,Ericsson,false
i-KneRRQTj9x28u3kKGUXgee,Gunnar Ericsson,true
i-KnfRfemwD98TyCA1A8KCeX,Peter Pedersen,true
i-KnuCtpPGRtWgqXUcSy1G3A,Lennart Nilsson,true
i-KoABdAPF5wcu7bTLEqhj3Z,Helena Antoni,false
i-KoABdAPF5wcu7bTLEqhj3Z,Helena Beatrice Antonia Storckenfeldt,false
i-KoABdAPF5wcu7bTLEqhj3Z,Helena Storckenfeldt,true
i-KoM8aJCiyvtVtpuxtUvJ9b,Erickzon,false
i-KoM8aJCiyvtVtpuxtUvJ9b,Johan Erickzon,true
i-KoM8aJCiyvtVtpuxtUvJ9b,Johan Eriksson,false
i-KoshphacAWMdvHAZ62MAi2,Bäckström,false
i-KoshphacAWMdvHAZ62MAi2,Lars Bäckström,true
i-KpAMBannLr5Me5Bpr1v8bp,Franzén,false
i-KpAMBannLr5Me5Bpr1v8bp,Jan-Olof Franzén,true
i-KpRhBkZDGXygZqD2TRUHXv,Fredrik Eriksson,true
i-KpeDiXpqmHppgJ6ygKRBep,Emil Kristensson,true
i-KpeDiXpqmHppgJ6ygKRBep,Kristensson,false
i-KpgUXRNVsbZ3bxKChPZHu9,Johan Johansson,true
i-KpgUXRNVsbZ3bxKChPZHu9,Johansson,false
i-KpoF1wWb4vZchJUXXg8UDL,Lisa Mattson,true
i-KpoF1wWb4vZchJUXXg8UDL,Mattson,false
i-KppE1YHfdGUC31EQj8LDUt,Henrik Landerholm,true
i-KppE1YHfdGUC31EQj8LDUt,Landerholm,false
i-Kq6321yUUD3LQFQUTU9g2v,Britt Eila Maria Olauson,false
i-Kq6321yUUD3LQFQUTU9g2v,Britt Eila Maria Sveno,false
i-Kq6321yUUD3LQFQUTU9g2v,Britt Olauson,true
i-KqGQVMEanbLD27992WZkPH,Lindberg,false
i-KqGQVMEanbLD27992WZkPH,Marta Lindberg,true
i-KqGQVMEanbLD27992WZkPH,Marta Sylvia Lindberg,false
i-KqJwAKB9Zu7Did2m3WE6Xq,Martin,false
i-KqJwAKB9Zu7Did2m3WE6Xq,Otto August Martin,false
i-KqJwAKB9Zu7Did2m3WE6Xq,Otto Martin,true
i-Kqnvif6DRA6JsewNFEKvvN,Anders Henrik Göthberg,true
i-Kqnvif6DRA6JsewNFEKvvN,Göthberg,false
i-KrDgdZwFvbfz2DRQDX9Aw6,Anders Edvin Håkanson,false
i-KrDgdZwFvbfz2DRQDX9Aw6,Edvin Håkanson,true
i-KrDgdZwFvbfz2DRQDX9Aw6,Håkanson,false
i-KsLWk2nr6BTwdn4ZLqNxNK,Andersson,false
i-KsLWk2nr6BTwdn4ZLqNxNK,Peter Carl Andersson,true
i-KsVb2wzcFUY3B2xLene1iH,Carl Emil Lewenhaupt,false
i-KsVb2wzcFUY3B2xLene1iH,Carl Lewenhaupt,true
i-KseKGSrYKqytdjGTMEnxFS,Bo G. Jenevall,true
i-KseKGSrYKqytdjGTMEnxFS,Bo Gunnar Jenevall,false
i-KseKGSrYKqytdjGTMEnxFS,Jenevall,false
i-KshoLNe1g5drvqPs43jTp1,Gunde Raneskog,true
i-KshoLNe1g5drvqPs43jTp1,Raneskog,false
i-KskiFCs8o96tmw5AHrgTPt,Carl Oscar Johansson,true
i-KskiFCs8o96tmw5AHrgTPt,Johansson,false
i-Kt5jXNgPHrNXaZpEyBixrL,Andersson,false
i-Kt5jXNgPHrNXaZpEyBixrL,Ingvar Andersson,true
i-Kt5jXNgPHrNXaZpEyBixrL,Olof Ingvar Andersson,false
i-KtBJxJTsknBxjfYvZybGqj,August Hallqvist,true
i-KtBJxJTsknBxjfYvZybGqj,Hallqvist,false
i-KtELEJ9HytY7HFgQExEzLq,Sven Bergström,true
i-KtG9MZoKix4XYo4sC4WsUP,Björck,false
i-KtG9MZoKix4XYo4sC4WsUP,Johan Fredrik Rudolf Björck,true
i-KuB4uD7nfwSkFUeqo4QMKa,Martin Söderquist,true
i-KuB4uD7nfwSkFUeqo4QMKa,Söderquist,false
i-Kv4bkXbbqGQTq4g6DErkzF,Mikael Janson,true
i-Kv4hUGrgspgE3ZEpZrgHtZ,Allard,false
i-Kv4hUGrgspgE3ZEpZrgHtZ,Henry Allard,true
i-KvKhrEa3hJDxAgEGxpLp41,Katarina Brännström,true
i-KvvSUXpQB6XXAvDKS5scf5,Carl Leonard Kinmanson,true
i-KvvSUXpQB6XXAvDKS5scf5,Kinmanson,false
i-KwHwxj5zEpDUoZ2yNLrmX8,Gahn,false
i-KwHwxj5zEpDUoZ2yNLrmX8,Henric Gahn,true
i-KwHwxj5zEpDUoZ2yNLrmX8,Henric Pontus Wolter Gahn,false
i-KwdBi2W8BU2CKA2gv6usgG,Emil Johanson,true
i-KwdBi2W8BU2CKA2gv6usgG,Johanson,false
i-KxDuXDuJXHE2ySSrz8MALN,Adolf Hjalmar von Sydow,false
i-KxDuXDuJXHE2ySSrz8MALN,Hjalmar von Sydow,true
i-KxDuXDuJXHE2ySSrz8MALN,von Sydow,false
i-KxTfuBAJiVYpyHQUVaUndu,Kerstin Andersson,false
i-KxTfuBAJiVYpyHQUVaUndu,Kerstin Haglö,true
i-KxeyGcJtXf7VXH2px62MsE,Anders Stjärne,true
i-KxeyGcJtXf7VXH2px62MsE,Anders Valfrid Stjärne,false
i-KxeyGcJtXf7VXH2px62MsE,Stjärne,false
i-KxpSRorEnVh3Hp6vtdRCWL,Lena Bozena Maria Johansson,false
i-KxpSRorEnVh3Hp6vtdRCWL,Lena Johansson,true
i-KyDG5utQmSAidq3exNCrZk,Olof Pålsson,true
i-KyDG5utQmSAidq3exNCrZk,P Olof Pålsson,false
i-KyDG5utQmSAidq3exNCrZk,Paul Olof Pålsson,false
i-KyDG5utQmSAidq3exNCrZk,Pålsson,false
i-Kytbd3WZfQeKTPffXjTEpk,Eva Zetterberg,true
i-Kytbd3WZfQeKTPffXjTEpk,Ingrid Eva Zetterberg,false
i-Kytbd3WZfQeKTPffXjTEpk,Zetterberg,false
i-Kz5fxmbpGStfaLRQXzs8e5,Ernst Flensburg,true
i-Kz5fxmbpGStfaLRQXzs8e5,Ernst Martin Benedict Flensburg,false
i-Kz5fxmbpGStfaLRQXzs8e5,Flensburg,false
i-Kz6LFDnXFaN9pxampQmtys,Anton Rundqvist,true
i-Kz6LFDnXFaN9pxampQmtys,Anton Vilhelm Rundqvist,false
i-Kz6LFDnXFaN9pxampQmtys,Anton Wilhelm Rundqvist,false
i-KzMCjcsqZLiHcbx9mAPKkX,Metin Ataseven,true
i-KzhJSRaBr9JNVkiCURFzgr,Aaby Arvid Vilhelm Ericsson,false
i-KzhJSRaBr9JNVkiCURFzgr,Aaby Ericsson,true
i-KzhJSRaBr9JNVkiCURFzgr,Ericsson,false
i-KzsTMncnr5hiy4Se56WPv6,Niklas Johan Kenneth Sigvardsson,false
i-KzsTMncnr5hiy4Se56WPv6,Niklas Sigvardsson,true
i-Kzwxcj2uFrSA3ZJQj8zRmu,Jakop Dalunde,true
i-Kzwxcj2uFrSA3ZJQj8zRmu,Jakop Gideon Dalunde,false
i-L12zEmqQXJcVvshSA2zTPQ,Gottfried Thavenius,true
i-L12zEmqQXJcVvshSA2zTPQ,Thavenius,false
i-L1NSsf1GiTyxTmkwUCJpg8,Horn af Rantzien,false
i-L1NSsf1GiTyxTmkwUCJpg8,Nils Henning Rudolf Bernhard Horn af Rantzien,false
i-L1NSsf1GiTyxTmkwUCJpg8,Rudolf Horn,true
i-L1i6pppXgrN6KaCEEuucGt,Martin Segerstedt,true
i-L1i6pppXgrN6KaCEEuucGt,Segerstedt,false
i-L1n9B3HMMa1BFpMjixTVue,Malin Danielsson,true
i-L1psoxR2cK15WuVso4TtYJ,Carl-Werner von Schultzenheim,true
i-L1psoxR2cK15WuVso4TtYJ,von Schulzenheim,false
i-L2KZeDLeFCtLbNDDsEJssq,Sanne Chatarina Johanna Lennström,false
i-L2KZeDLeFCtLbNDDsEJssq,Sanne Eriksson,false
i-L2KZeDLeFCtLbNDDsEJssq,Sanne Lennström,true
i-L2Qzee4DnAx8NzP6BEnAFg,Gustaf Hazén,true
i-L2Qzee4DnAx8NzP6BEnAFg,Hazén,false
i-L2Qzee4DnAx8NzP6BEnAFg,J. G. Hazén,false
i-L2Qzee4DnAx8NzP6BEnAFg,Johannes Gustaf Hazén,false
i-L2Qzee4DnAx8NzP6BEnAFg,Johannes Gustaf Petersen,false
i-L2gQALHe9ekZ9my3bsff1V,Axel Hansson Wachtmeister,true
i-L2gQALHe9ekZ9my3bsff1V,Wachtmeister af Johannishus,false
i-L2jZQY1rmXeXy9EGfsxUKG,Lars Arne Eriksson,false
i-L2jZQY1rmXeXy9EGfsxUKG,Lars Eriksson,true
i-L31knc1H7Q8uzLgTZoFx7A,Holmbäck,false
i-L31knc1H7Q8uzLgTZoFx7A,Åke Ernst Vilhelm Holmbäck,false
i-L31knc1H7Q8uzLgTZoFx7A,Åke Holmbäck,true
i-L3iNw59nj9Chdc5fzyeevY,Elisabet Sjövall,true
i-L3iNw59nj9Chdc5fzyeevY,Sjövall,false
i-L3t2URPAv9iLWgdCvbz7Uv,Ilona Szatmári Waldau,true
i-L3xspgThUxUN1YtSDqcmk8,Barbro Westerholm,true
i-L3xspgThUxUN1YtSDqcmk8,Westerholm,false
i-L5RPNLDTjNyt1xrLYYZYwh,Max Montalvo,true
i-L5RPNLDTjNyt1xrLYYZYwh,Max Ulf Lennart Montalvo,false
i-L5RPNLDTjNyt1xrLYYZYwh,Montalvo,false
i-L6SXgTM9CVhYYc3KWRPYsz,Erik Söderhielm,true
i-L6SXgTM9CVhYYc3KWRPYsz,Knut Erik Wilhelm Söderhielm,false
i-L6SXgTM9CVhYYc3KWRPYsz,Söderhielm,false
i-L71zpdYEqVNSg4tbq93kJJ,Johan Nordin,true
i-L71zpdYEqVNSg4tbq93kJJ,Nordin,false
i-L7Ay5GaFaMutWEX7utMv62,Messing,false
i-L7Ay5GaFaMutWEX7utMv62,Ulrica Anna Ingegerd Jansson Messing,false
i-L7Ay5GaFaMutWEX7utMv62,Ulrica Messing,true
i-L7WV7SG2MqZwXFjBfsC15F,Lindström,false
i-L7WV7SG2MqZwXFjBfsC15F,Ralf Lindström,true
i-L7jHcteMMoWakzuR5vkPeP,Bertil Borglund,true
i-L7nvZ56RferP78KNpz2Uh1,Hansson,false
i-L7nvZ56RferP78KNpz2Uh1,Per Albin Hansson,true
i-L8FJ5Uq6DWCoY3cXS1trPk,Lars Gunnar Stjernkvist,false
i-L8FJ5Uq6DWCoY3cXS1trPk,Lars Stjernkvist,true
i-L8FJ5Uq6DWCoY3cXS1trPk,Stjernkvist,false
i-L8KDFqtrWdPdTvMvgm981L,Darin,false
i-L8KDFqtrWdPdTvMvgm981L,Robert Darin,true
i-L8KDFqtrWdPdTvMvgm981L,Robert Erik Leonard Darin,false
i-L8TZKoUVMPHa2sFvG4jH1q,Berit Adolfsson,true
i-L8Vt8oyzSTjdWDWGruiZ5J,Andersson,false
i-L8Vt8oyzSTjdWDWGruiZ5J,Petter Andersson,true
i-L8igD41spNvbEjshjG3znh,Curt Wallis,true
i-L8igD41spNvbEjshjG3znh,Wallis,false
i-L8u3czfEt1XHP3agqejpkA,Carl Larsson,true
i-L8u3czfEt1XHP3agqejpkA,Larsson,false
i-L9CZiXn8bTbPsWkiSbzSLm,Mattias Ottosson,true
i-L9ZSh2ArmookNvPoaXVgbB,Edholm,false
i-L9ZSh2ArmookNvPoaXVgbB,Lotta Edholm,true
i-L9ZkLhYiYiW2jxjciAaRcV,Per Stenmarck,true
i-L9ZkLhYiYiW2jxjciAaRcV,Stenmarck,false
i-L9thZCWFrWSTsmLjiLaoaa,Johan Kronstrand,true
i-L9thZCWFrWSTsmLjiLaoaa,Kronstrand,false
i-L9wvjc4KwWfNA6NRe54BqL,Carl Larson,true
i-L9wvjc4KwWfNA6NRe54BqL,Larson,false
i-L9x9NkF1idfQrSZjXw8xc1,Ahlström,false
i-L9x9NkF1idfQrSZjXw8xc1,Olof Ahlström,true
i-L9x9NkF1idfQrSZjXw8xc1,Olof Christian Ahlström,false
i-LAD91eUG4uVAX9uVhpqhvM,Axel Robert Lundblad,true
i-LAD91eUG4uVAX9uVhpqhvM,Lundblad,false
i-LASmHrbJnU6cgbkm7wkovE,Bror Adam Nilsson,false
i-LASmHrbJnU6cgbkm7wkovE,Bror Nilsson,true
i-LASmHrbJnU6cgbkm7wkovE,Nilsson,false
i-LAeBbuwZ1Sak1HWNkZ6dVr,Fredrik Thorsson,false
i-LAeBbuwZ1Sak1HWNkZ6dVr,Fredrik Vilhelm Thorsson,true
i-LAeBbuwZ1Sak1HWNkZ6dVr,Fredrik Wilhelm Thorsson,false
i-LAeBbuwZ1Sak1HWNkZ6dVr,Thorsson,false
i-LB9Tn6B1RXiAHZEWEK1hYC,Ulla Hoffmann,true
i-LB9Tn6B1RXiAHZEWEK1hYC,Ulla Margareta Hoffmann,false
i-LBHMjWF6Myd7HEZfduWp1Y,Bengt Ahlquist,true
i-LBHMjWF6Myd7HEZfduWp1Y,Bengt Alvar Ingemar Ahlquist,false
i-LBM3Az1PKbJiuDyXhKPoS9,Carl Sebastian von Friesen,false
i-LBM3Az1PKbJiuDyXhKPoS9,Carl von Friesen,true
i-LBM3Az1PKbJiuDyXhKPoS9,von Friesen,false
i-LBN95MD8hn6zkXhRBcbJbB,Hedquist,false
i-LBN95MD8hn6zkXhRBcbJbB,Lennart Hedquist,true
i-LBShJWEGGActfKRBHqNn5P,De Geer af Finnspång,false
i-LBShJWEGGActfKRBHqNn5P,De Geer af Finspång,false
i-LBShJWEGGActfKRBHqNn5P,Gerhard Louis De Geer,false
i-LBShJWEGGActfKRBHqNn5P,Louis De Geer,false
i-LBShJWEGGActfKRBHqNn5P,Louis De Geer af Finspång,false
i-LBShJWEGGActfKRBHqNn5P,Louis de Geer d.y.,false
i-LBShJWEGGActfKRBHqNn5P,Louis de Geer den yngre,true
i-LBxv6yE6qGgiE6ZPf3sMnD,Engström,false
i-LBxv6yE6qGgiE6ZPf3sMnD,Göran Engström,true
i-LC9LMxgwBQkfrj4UgvPfdB,Carl Fredrik Knut Killander,false
i-LC9LMxgwBQkfrj4UgvPfdB,Killander,false
i-LC9LMxgwBQkfrj4UgvPfdB,Knut Killander,true
i-LCciWZcLX7JDVXPmTcHLUk,Solange Olame Bayibsa,true
i-LCcpUNpbfh4oCj9DbmSZS3,Baltzar Julius Ernst von Platen,false
i-LCcpUNpbfh4oCj9DbmSZS3,Baltzar von Platen,true
i-LCcpUNpbfh4oCj9DbmSZS3,von Platen,false
i-LDFpwyJnL3ETCnq3JKBJqw,Joar Forssell,true
i-LDFpwyJnL3ETCnq3JKBJqw,Joar Karlsson Forssell,false
i-LDPXw5SQr3f7FNNWYq86wJ,Ethel Anita Gun-Britt Duvskog,false
i-LDPXw5SQr3f7FNNWYq86wJ,Ethel Duvskog,true
i-LDb1GxQGG47N4mNNZ13jSZ,Martin Andreasson,true
i-LEF9adNrk7qkVwFKiiFpKT,Kajsa Karin Elisabeth Lunderquist,false
i-LEF9adNrk7qkVwFKiiFpKT,Kajsa Lunderquist,true
i-LEeKwsd6tsbERNPaLNN137,Gustaf Lorentz Munthe,false
i-LEeKwsd6tsbERNPaLNN137,Gustaf Munthe,true
i-LEeKwsd6tsbERNPaLNN137,Munthe,false
i-LEiVmuJS3qfxU5P3M3NMxf,Carl Gustaf Rydberg,false
i-LEiVmuJS3qfxU5P3M3NMxf,Carl Rydberg,true
i-LEiVmuJS3qfxU5P3M3NMxf,Rydberg,false
i-LFXEKm9SkU6T51G1BTaRbL,Julius Roman,true
i-LFXEKm9SkU6T51G1BTaRbL,Roman,false
i-LFaD1Z7d9YNRL6fxTwLYgr,Eric Johanson,true
i-LFaD1Z7d9YNRL6fxTwLYgr,Eric Johansson,false
i-LFaD1Z7d9YNRL6fxTwLYgr,Eric William Johanson,false
i-LFaD1Z7d9YNRL6fxTwLYgr,Johanson,false
i-LFoUTtLRWHgPFZSyDDGXZY,Edvin Karlsson,true
i-LFoUTtLRWHgPFZSyDDGXZY,Karl Edvin Karlsson,false
i-LFoUTtLRWHgPFZSyDDGXZY,Karlsson,false
i-LGFpRQHZwRPA2XMLm3gyL3,Gardell,false
i-LGFpRQHZwRPA2XMLm3gyL3,Petter Theodor Gardell,false
i-LGFpRQHZwRPA2XMLm3gyL3,Theodor Gardell,true
i-LGQUkpmiQ6oDhxSqppCmq7,Lekberg,false
i-LGQUkpmiQ6oDhxSqppCmq7,Sören Lekberg,true
i-LGkF2DzcXw34eVvycyrJdV,Markgren,false
i-LGkF2DzcXw34eVvycyrJdV,Olof Richard Markgren,false
i-LGkF2DzcXw34eVvycyrJdV,Richard Markgren,true
i-LGnWAFHmtMWgHhZSuUL8EB,Ardalan Shekarabi,true
i-LGuxQcep33nPWKPbzHtqsR,Cecilie Tenfjord Toftby,false
i-LGuxQcep33nPWKPbzHtqsR,Cecilie Tenfjord-Toftby,true
i-LHHTkcS3CejcmusmmA3fc4,Nisser,false
i-LHHTkcS3CejcmusmmA3fc4,William Nisser,true
i-LHHTkcS3CejcmusmmA3fc4,William Patrik Nisser,false
i-LHHf5Dcp9FaiuqPLG8CnM1,Jonas Nilsson,true
i-LHHf5Dcp9FaiuqPLG8CnM1,Nilsson,false
i-LHNecLttGkFNptLa6AG81p,Helena Vilhelmsson,true
i-LHnM4Er87J2DaH7xRg62zz,Roger Tiefensee,true
i-LJLDuWgtRbmfUFfzKTJiuk,Karl Verner Karlsson,false
i-LJLDuWgtRbmfUFfzKTJiuk,Karlsson,false
i-LJLDuWgtRbmfUFfzKTJiuk,Verner Karlsson,true
i-LJhRkyGqGFgicSSzZPbftJ,Gustav Albert Hallagård,false
i-LJhRkyGqGFgicSSzZPbftJ,Gustav Albert Johanson,false
i-LJhRkyGqGFgicSSzZPbftJ,Gustav Hallagård,true
i-LJhRkyGqGFgicSSzZPbftJ,Gustav Johanson,false
i-LJhRkyGqGFgicSSzZPbftJ,Hallagård,false
i-LJhRkyGqGFgicSSzZPbftJ,Johansson,false
i-LKL9DZ1y7arzx4nLikvwFV,Gustaf Kobb,true
i-LKL9DZ1y7arzx4nLikvwFV,Kobb,false
i-LKQKWG3JJUBFg12z1vrFwt,Jennie Gaby Christel Nilsson,false
i-LKQKWG3JJUBFg12z1vrFwt,Jennie Nilsson,true
i-LL8Bee3zYHnuxQrwejsiTf,Ida Karkiainen,true
i-LL8Bee3zYHnuxQrwejsiTf,Ida Victoria Karkiainen,false
i-LL8Ja5567gc6tt3ekL9QZX,Tham,false
i-LL8Ja5567gc6tt3ekL9QZX,Volrath Henrik Sebastian Tham,false
i-LL8Ja5567gc6tt3ekL9QZX,Volrath Tham,true
i-LLPdvUTDtpNaANEj1n45Nf,Ewald Eugen Lindmark,false
i-LLPdvUTDtpNaANEj1n45Nf,Ewald Lindmark,true
i-LLPdvUTDtpNaANEj1n45Nf,Lindmark,false
i-LLQuN9rFusbbsCKJJKU9pu,Margareta Nordström,true
i-LLQuN9rFusbbsCKJJKU9pu,Nordström,false
i-LLjWiS22XPrN8i4gfqMASx,Alfrida Christina Ekberg,false
i-LLjWiS22XPrN8i4gfqMASx,Christina Ekberg,true
i-LLjWiS22XPrN8i4gfqMASx,Ekberg,false
i-LLnQ8RYVszR7dBi2EAHt1C,Bengt Samuel Bengtsson,false
i-LLnQ8RYVszR7dBi2EAHt1C,Norup,false
i-LLnQ8RYVszR7dBi2EAHt1C,Sam B. Norup,true
i-LLnQ8RYVszR7dBi2EAHt1C,Sam Norup,false
i-LM4jFvexKG2pKNVAUEAS3W,Ernst Johan Gustav Rosén,false
i-LM4jFvexKG2pKNVAUEAS3W,Gustav Rosén,true
i-LM4jFvexKG2pKNVAUEAS3W,Rosén,false
i-LMUmrD9dNuJV44c6qL8Miq,Axel Hans Edward Axelsson Wachtmeister af Johannishus,false
i-LMUmrD9dNuJV44c6qL8Miq,Axel Wachtmeister,true
i-LMUmrD9dNuJV44c6qL8Miq,Wachtmeister af Johannishus,false
i-LNNkd5sUnGWgfnZwJkrJsi,Hjalmar Richard Rissén,false
i-LNNkd5sUnGWgfnZwJkrJsi,Hjalmar Rissén,true
i-LNNkd5sUnGWgfnZwJkrJsi,Rissén,false
i-LNgyvud8Ftrbv7BWjhYTvY,Per Samzelius,true
i-LNgyvud8Ftrbv7BWjhYTvY,Samzelius,false
i-LPMFRJpnxB4ZtuVvGpVueY,Bertil Rubin,true
i-LPMFRJpnxB4ZtuVvGpVueY,Georg Bertil Rubin,false
i-LPMFRJpnxB4ZtuVvGpVueY,Rubin,false
i-LPu746JyqFfRCJu8F5NVmS,Lars Olof Svensk,false
i-LPu746JyqFfRCJu8F5NVmS,Lars Svensk,true
i-LPu746JyqFfRCJu8F5NVmS,Svensk,false
i-LPwXi1gfc7vvKKM92izmad,Johan Arvid Sebastian Wahlgren,false
i-LPwXi1gfc7vvKKM92izmad,Johan Wahlgren,true
i-LPwXi1gfc7vvKKM92izmad,Wahlgren,false
i-LQHBH95EC8nw1RbQbTsz8a,Edvard Hagfält,true
i-LQHBH95EC8nw1RbQbTsz8a,Hagfält,false
i-LQKP5CDY62YpFZWUbs7QiW,Bo Gösta Bohman,false
i-LQKP5CDY62YpFZWUbs7QiW,Bohman,false
i-LQKP5CDY62YpFZWUbs7QiW,Gösta Bohman,true
i-LQN2UB7ZUM3n6gNS929Hes,Thomas Finnborg,true
i-LQQRATwQoanxUUgKXNZmAM,Claes Lindskog,true
i-LQQRATwQoanxUUgKXNZmAM,Lindskog,false
i-LQTx4BWNjAEb1St9L8qUio,Anton E. Fågelsbo,false
i-LQTx4BWNjAEb1St9L8qUio,Anton Fågelsbo,true
i-LQTx4BWNjAEb1St9L8qUio,Fågelsbo,false
i-LQkHPw9HasEs3KVdtLozXh,Ewa Elisabeth Larsson,false
i-LQkHPw9HasEs3KVdtLozXh,Ewa Larsson,true
i-LQv7xeJqieeAUann5fmxiL,Nils Åkesson,true
i-LQv7xeJqieeAUann5fmxiL,Åkesson,false
i-LSDmwKMAoSjQqdLsWLpezr,Nils Nilsson,true
i-LSDmwKMAoSjQqdLsWLpezr,Nilsson,false
i-LSGLGKPPdgKqe7pxwHn9sf,Lise Nina Terese Nordin,false
i-LSGLGKPPdgKqe7pxwHn9sf,Lise Nordin,true
i-LSo6F3v2r9HyrtxyquvZLp,Erik Hammarsten,true
i-LSo6F3v2r9HyrtxyquvZLp,Erik Martin Hammarsten,false
i-LSo6F3v2r9HyrtxyquvZLp,Hammarsten,false
i-LT7MMzuS6BRVW9wGBRzWeR,Carl Anders Larsson,true
i-LT7MMzuS6BRVW9wGBRzWeR,Larsson,false
i-LTakVqpXykZkjsWbDm4VwD,Hallenius,false
i-LTakVqpXykZkjsWbDm4VwD,Ingemar Hallenius,true
i-LTkvffvSGHR2x1MzTuvQom,Solveig Ternström,true
i-LTnrRgHyJwirpDn7eBnYam,Johan Carl Wilhelm Thyrén,false
i-LTnrRgHyJwirpDn7eBnYam,Johan Thyrén,true
i-LTnrRgHyJwirpDn7eBnYam,Thyrén,false
i-LToMcVXu3j48yboSLK1sPQ,Abel Andersson,true
i-LToMcVXu3j48yboSLK1sPQ,Andersson,false
i-LToMcVXu3j48yboSLK1sPQ,Karl Abel Mauritz Andersson,false
i-LToMcVXu3j48yboSLK1sPQ,Karl Albin Mauritz Andersson,false
i-LU2PseUB6cegt9GsZXW6dy,Erik Mauritz Sundell,true
i-LU2PseUB6cegt9GsZXW6dy,Sundell,false
i-LUCA83PosZ3UWJrbWWowr5,Augustsson,false
i-LUCA83PosZ3UWJrbWWowr5,Gillis Augustsson,true
i-LUCA83PosZ3UWJrbWWowr5,Jonas Albert Gillis Augustsson,false
i-LUmtiWtj5vZmwTiHAnR69B,Berg,false
i-LUmtiWtj5vZmwTiHAnR69B,C. O. Berg,false
i-LUmtiWtj5vZmwTiHAnR69B,Carl Oscar Berg,false
i-LUmtiWtj5vZmwTiHAnR69B,Oscar Berg,true
i-LUnWpAjcsRaRqb78mxeJ15,Anderson,false
i-LUnWpAjcsRaRqb78mxeJ15,Johan Anderson,true
i-LUxNPVFhqK5RjTuHXqGmr6,Carl-David Skagerlund,true
i-LUxNPVFhqK5RjTuHXqGmr6,Skagerlund,false
i-LV4qwHZuebFeCkPRrYTymH,Gustaf Jansson,true
i-LV4qwHZuebFeCkPRrYTymH,J Gustaf Jansson,false
i-LV4qwHZuebFeCkPRrYTymH,Jan Gustaf Jansson,false
i-LV4qwHZuebFeCkPRrYTymH,Jansson,false
i-LV4qwHZuebFeCkPRrYTymH,Johan Gustaf Jansson,false
i-LV9xnaSRGaErSW6nmQsQtX,Essén,false
i-LV9xnaSRGaErSW6nmQsQtX,Ludvig Essén,true
i-LVKB9JC7VyJcgyafD4NpeW,Eric Larsson,true
i-LVKB9JC7VyJcgyafD4NpeW,Larsson,false
i-LVSrKT2aR65q25Ew8fu5dw,Bernt Ingvar Nilsson,false
i-LVSrKT2aR65q25Ew8fu5dw,Bernt Nilsson,true
i-LVSrKT2aR65q25Ew8fu5dw,Nilsson,false
i-LVt1m3KFXpJrbwoEm1nsfT,Bertil Lidgard,true
i-LVt1m3KFXpJrbwoEm1nsfT,Hans Bertil Ingemar Lidgard,false
i-LVt1m3KFXpJrbwoEm1nsfT,Lidgard,false
i-LVvDpgdhY8nFzdo6xSDKsF,Jonas Gunnarsson,true
i-LWXeJPQ2MpxrTu8AJ6h5JK,Sofia Amloh,true
i-LXPnzyt5uZsCfLxEEqRvYV,Björn Wiechel,true
i-LXcd5jKEcdWPFtnvREdfND,Anders Svärd,true
i-LXcd5jKEcdWPFtnvREdfND,Svärd,false
i-LYgs6CxKoYV4fCQZqbNzzy,Ameer Sachet,true
i-LYqwjq5hWGbUTHaggSN8k6,Douglas,false
i-LYqwjq5hWGbUTHaggSN8k6,Ludvig Douglas,true
i-LYqwjq5hWGbUTHaggSN8k6,Ludvig Wilhelm August Douglas,false
i-LYt2htbPZJhSVgCxftma87,Anton Pettersson,true
i-LYt2htbPZJhSVgCxftma87,Per Anton Pettersson,false
i-LYt2htbPZJhSVgCxftma87,Pettersson,false
i-LZKy6UGzXQTFvkBjboQ6oT,Olofsson,false
i-LZKy6UGzXQTFvkBjboQ6oT,Åke Olofsson,true
i-LZKy6UGzXQTFvkBjboQ6oT,Åke Valdemar Olofsson,false
i-LZKy6UGzXQTFvkBjboQ6oT,Åke Waldemar Olofsson,false
i-LZLGMvsP9XTxkbY9UQvvVo,Ingrid Elisabet Skeppstedt,false
i-LZLGMvsP9XTxkbY9UQvvVo,Ingrid Skeppstedt,true
i-LZLGMvsP9XTxkbY9UQvvVo,Skeppstedt,false
i-LZdMKNSEVGNKsWS2UasAi3,Eriksson,false
i-LZdMKNSEVGNKsWS2UasAi3,Gunnar Eriksson,true
i-LZdNGrmmJX4wroMwK6YEa3,Iris Mårtensson,true
i-LZdNGrmmJX4wroMwK6YEa3,Mårtensson,false
i-La6DhFNe8oWYM8FzBNknGd,Albert Alexander Lilienberg,false
i-La6DhFNe8oWYM8FzBNknGd,Albert Lilienberg,true
i-La6DhFNe8oWYM8FzBNknGd,Lilienberg,false
i-Lb6TJhMAdirNrTer6HSGyJ,Nisser,false
i-Lb6TJhMAdirNrTer6HSGyJ,Per-Erik C. Nisser,false
i-Lb6TJhMAdirNrTer6HSGyJ,Per-Erik Nisser,true
i-LbACHb1iiFwt7NpGAPYiYx,Carsten Thunborg,true
i-LbACHb1iiFwt7NpGAPYiYx,Carsten Walfrid Thunborg,false
i-LbACHb1iiFwt7NpGAPYiYx,Thunborg,false
i-LbBkszC3ZkWYcC43zCcT4c,Ahlberg,false
i-LbBkszC3ZkWYcC43zCcT4c,Carl Ernst Nathanael Ahlberg,false
i-LbBkszC3ZkWYcC43zCcT4c,Ernst Ahlberg,true
i-LbPdY8fQpCR1e6ENof8T82,Sonia Skansen-Thomasson,false
i-LbPdY8fQpCR1e6ENof8T82,Sonia Thomasson,true
i-LbWF2FQQUAj51jC8NsBrjo,Peter Walberg,true
i-LbWF2FQQUAj51jC8NsBrjo,Walberg,false
i-LbaEcYWYkiCp7BbTis658r,Isaksson,false
i-LbaEcYWYkiCp7BbTis658r,Johan Torsten Isaksson,false
i-LbaEcYWYkiCp7BbTis658r,Torsten Isaksson,true
i-Lbqi5Dfy6sZcqt4KTLDUaX,Hammarberg,false
i-Lbqi5Dfy6sZcqt4KTLDUaX,Peter Hammarberg,true
i-LcGMPBNbTmuPscXWMYAzU2,Gerhard Nilsson,true
i-LcGMPBNbTmuPscXWMYAzU2,Gustaf Gerhard Nilsson,false
i-LcGMPBNbTmuPscXWMYAzU2,Nilsson,false
i-LcHg3CseAmhLp3X8gZn1ax,Anders Castberger,true
i-LcHg3CseAmhLp3X8gZn1ax,Castberger,false
i-Lcd3uLV5ZW69Tt1s2baQhn,Henriksson,false
i-Lcd3uLV5ZW69Tt1s2baQhn,Sture Henriksson,true
i-Lcd3uLV5ZW69Tt1s2baQhn,Sture Hertvig Henriksson,false
i-Ldb2oqPG98BReLEGLTqU4A,Jan Ericson,true
i-Ldb2oqPG98BReLEGLTqU4A,Jan Urban Ericson,false
i-LdbVtbdPx3MQxR6GEgCqax,Andnor,false
i-LdbVtbdPx3MQxR6GEgCqax,Berit Andnor,true
i-LdbVtbdPx3MQxR6GEgCqax,Berit Andnor Bylund,false
i-LdbVtbdPx3MQxR6GEgCqax,Berit Jacobsson,false
i-LdcpsKShecfVeq8aSH6BZZ,Ahlström,false
i-LdcpsKShecfVeq8aSH6BZZ,Lars Ahlström,true
i-LdjfMsG9pY1LY9yx58k2gm,Patrik Björck,true
i-Lee6HzC4SEXhUPAjMv9DZi,Ernst Valdemar Åström,false
i-Lee6HzC4SEXhUPAjMv9DZi,Ernst Waldemar Åström,false
i-Lee6HzC4SEXhUPAjMv9DZi,Ernst Åström,true
i-Lee6HzC4SEXhUPAjMv9DZi,Åström,false
i-Leyzhvbh6PmugF8H6t8yV4,Karl Sigfrid,true
i-LfCwKyj17iz8wFALKeKtFf,Eric Gustaf Valdemar Mossberger,false
i-LfCwKyj17iz8wFALKeKtFf,Eric Mossberger,true
i-LfCwKyj17iz8wFALKeKtFf,Mossberger,false
i-LfLGkLjh2Uo92JoPR3j5qT,Andersson,false
i-LfLGkLjh2Uo92JoPR3j5qT,Gustaf Andersson,true
i-LfejaxmUP1kR5ztLJaJTkY,Emma Maria Wallrup,false
i-LfejaxmUP1kR5ztLJaJTkY,Emma Wallrup,true
i-LffKZcrG2fCYbma7r7ZpgZ,Bo Gunnar Richardsson Hägglöf,false
i-LffKZcrG2fCYbma7r7ZpgZ,Gunnar Hägglöf,true
i-LfsYpJSgJGF5mHAZn5MnMz,Lundberg,false
i-LfsYpJSgJGF5mHAZn5MnMz,Sven Emil Lundberg,false
i-LfsYpJSgJGF5mHAZn5MnMz,Sven Lundberg,true
i-LgTbwEgY9QEgaWJtG8yc7G,Gabrielsson,false
i-LgTbwEgY9QEgaWJtG8yc7G,Per Gabrielsson,true
i-LgTbwEgY9QEgaWJtG8yc7G,Per Magnus Gabrielsson,false
i-LgwL3h3Wb698c2z8QDDaab,Yvonne Oscarsson,true
i-Lh9kYcGDBLjeWYgViArsTT,Carl Oscar Strid,false
i-Lh9kYcGDBLjeWYgViArsTT,Carl Strid,true
i-Lh9kYcGDBLjeWYgViArsTT,Strid,false
i-LhYyN2c3mQaesyUNSPg5Uq,Jonas Olaus Nyberg,false
i-LhYyN2c3mQaesyUNSPg5Uq,Nyberg,false
i-LhYyN2c3mQaesyUNSPg5Uq,Olaus Nyberg,true
i-Li7xEjG4CU6Q9Kayu1A6JD,Ahlgren,false
i-Li9GYUci4aMEKpg1gPEqQi,Håkan Winberg,true
i-Li9GYUci4aMEKpg1gPEqQi,Winberg,false
i-LiU5ea9nzx8jxEHi7pUpjU,Claes Arne Stockhaus,false
i-LiU5ea9nzx8jxEHi7pUpjU,Claes Stockhaus,true
i-LjS9WGCeC6es7ob9W32dLY,Lorentz Ludvig Lorichs,false
i-LjS9WGCeC6es7ob9W32dLY,Lorichs,false
i-LjS9WGCeC6es7ob9W32dLY,Ludvig Lorichs,true
i-LjcVAqSGTYZzCsKbt1PQ9E,Anders Magnus Gudmundson,true
i-LjcVAqSGTYZzCsKbt1PQ9E,Gudmundson,false
i-LjpaL4XhPNoSZ44TkA9j3w,Katja Maria Elisabeth Nyberg,false
i-LjpaL4XhPNoSZ44TkA9j3w,Katja Nyberg,true
i-LjtwJxDCPGUHPFuX9WhngD,Andersson,false
i-LjtwJxDCPGUHPFuX9WhngD,Sten Andersson,true
i-LjtwJxDCPGUHPFuX9WhngD,Sten Sture Andersson,false
i-LjuYM4fGC8ye5ufSahSw4x,Lolo Lindström,true
i-LkKezrp9MwgrxHYQT8qUpd,Bäärnhielm,false
i-LkKezrp9MwgrxHYQT8qUpd,Georg Mauritz Bäärnhielm,false
i-LkKezrp9MwgrxHYQT8qUpd,Mauritz Bäärnhielm,true
i-LkYCGoSQMPJxF5JPBfTRio,Arvidson,false
i-LkYCGoSQMPJxF5JPBfTRio,Erik Stellan Åke Arvidsson,false
i-LkYCGoSQMPJxF5JPBfTRio,Stellan Arvidson,true
i-LkZi3hQne6xsLtDL597mit,Christian Lundeberg,true
i-LkZi3hQne6xsLtDL597mit,Lundeberg,false
i-Lkf5FvD1gchUCpgYWfTFLh,Camilla Lindberg,true
i-Lkg3MQXCDMYPsbxniPuAxt,Barbro Engman,true
i-Lkg3MQXCDMYPsbxniPuAxt,Barbro Engman-Nordin,false
i-Lkg3MQXCDMYPsbxniPuAxt,Engman,false
i-Lkg3MQXCDMYPsbxniPuAxt,Engman-Nordin,false
i-Lm3eE3F9Uin1JPz2edLpYC,Carl Ludvig Hippolyt Nyström,false
i-Lm3eE3F9Uin1JPz2edLpYC,Carl Nyström,true
i-Lm3eE3F9Uin1JPz2edLpYC,Nyström,false
i-LmEHNUwd9491uVxFG9tUyi,Ingrid Olsson,true
i-LmdCbMYkV8p7fJzSqZgyek,Johannes Pettersson,true
i-LmdCbMYkV8p7fJzSqZgyek,Pettersson,false
i-LmkkKmc2XQLDmqAXoGoovP,Berit Jóhannesson,true
i-LmthhHLPxzMMpEiXSys13u,Ulrika Karlsson,true
i-LmthhHLPxzMMpEiXSys13u,Ulrika Sofia Karlsson,false
i-Ln8e4kp9DncupjAURR6yQY,Margit Sandéhn,true
i-Ln8e4kp9DncupjAURR6yQY,Sandéhn,false
i-LnXmWkzGyyawPisdPGJPvg,Alrik Sixten Bernhard Palm,false
i-LnXmWkzGyyawPisdPGJPvg,Palm,false
i-LnXmWkzGyyawPisdPGJPvg,Sixten Alrik Palm,false
i-LnXmWkzGyyawPisdPGJPvg,Sixten Palm,true
i-LngQF4FxEWHoZTuqRizoGY,Barbro Glansén,true
i-LntKDR2DyPewyGyXdU3iih,Enar Sahlin,true
i-LntKDR2DyPewyGyXdU3iih,Enar Vilhelm Sahlin,false
i-LntKDR2DyPewyGyXdU3iih,Sahlin,false
i-LoFMiXAZxgjLQWL3sNbXGS,Bodin,false
i-LoFMiXAZxgjLQWL3sNbXGS,Karl Wilhelm Bodin,true
i-LoXDYGWub1gb91DidVVRYY,Berggren,false
i-LoXDYGWub1gb91DidVVRYY,Claes Johan Berggren,true
i-LpTxkBd4YXu6ChW6t8S9rX,Christer Skoog,true
i-LpTxkBd4YXu6ChW6t8S9rX,Skoog,false
i-Lppf7N8uf3yZMvJWXr8ux,Gustaf Adolf Rundgren,true
i-Lppf7N8uf3yZMvJWXr8ux,Rundgren,false
i-Lq454nVDYrDHNLUERQsYDn,Johan Sjöberg,true
i-Lq454nVDYrDHNLUERQsYDn,Sjöberg,false
i-LqAFEW7ec8s3xEM1Kstnpx,Larsson,false
i-LqAFEW7ec8s3xEM1Kstnpx,Olof Larsson,true
i-LqLKSYqgPPCXT6xiy14Fyr,Anita Bråkenhielm,true
i-LqLKSYqgPPCXT6xiy14Fyr,Bråkenhielm,false
i-LqLKSYqgPPCXT6xiy14Fyr,Runa Anita Elisabet Bråkenhielm,false
i-LqLKSYqgPPCXT6xiy14Fyr,Runa Anita Elisabet Ohlander,false
i-LqZVb6hLZp6CQ14f85xa4x,Birger Lundström,true
i-LqZVb6hLZp6CQ14f85xa4x,Lundström,false
i-LqvLajCTsK6crqsTTth9uu,Kjell-Erik Karlsson,true
i-Lr4VmeTHmBWhvNvNsyVT3r,Carl-Eric Johansson,true
i-Lr4VmeTHmBWhvNvNsyVT3r,Johansson,false
i-Lr6SgKhYd2CyYMfVp5ZboP,Andersson,false
i-Lr6SgKhYd2CyYMfVp5ZboP,Torsten Andersson,true
i-LrcUg7tEu4KwWdidwr1MAk,Kaj Nordquist,true
i-LrcUg7tEu4KwWdidwr1MAk,Kaj Stefan Nordquist,false
i-LrkXNcFBVfXiSbvUKrLKgH,Lars Engsund,true
i-LrkXNcFBVfXiSbvUKrLKgH,Lars-Christer Engsund,false
i-Ls6294BnXY9yCbti1UwX4o,Johan Zelahn,true
i-Ls6294BnXY9yCbti1UwX4o,Zelahn,false
i-Ls7qwYssVugmkJT7Dt29hi,Mona Berglund Nilsson,true
i-Ls7qwYssVugmkJT7Dt29hi,Mona Lisbeth Berglund Nilsson,false
i-Lsama5JTvdn261QAH3LWnS,Stefan Plath,true
i-Lsama5JTvdn261QAH3LWnS,Stefan Robert Plath,false
i-LsjBqHx18abW7RQQ1jAyRe,Bror Erik Artur Karlsson,false
i-LsjBqHx18abW7RQQ1jAyRe,Erik Karlsson,true
i-LsjBqHx18abW7RQQ1jAyRe,Karlsson,false
i-Lsjy5biAFXKf7pW4WpvvgD,Gottfrid Karlsson,true
i-Lsjy5biAFXKf7pW4WpvvgD,Johan Gottfrid Karlsson,false
i-Lsjy5biAFXKf7pW4WpvvgD,Karlsson,false
i-LssE1F1PwgeFRXcwACktve,Anders Bengtsson,true
i-LssE1F1PwgeFRXcwACktve,Lars Anders Gunnar Bengtsson,false
i-LtYpNMBTsv8GSEx8NXENj9,David Cornelius Svenungsson,false
i-LtYpNMBTsv8GSEx8NXENj9,David Svenungsson,true
i-LtYpNMBTsv8GSEx8NXENj9,Svenungsson,false
i-LtZe8xTn1FKuPsNEDJNrJH,Elias Fredholm,true
i-LtZe8xTn1FKuPsNEDJNrJH,Elias Gustaf Fredholm,false
i-LtZe8xTn1FKuPsNEDJNrJH,Fredholm,false
i-LuFYHhoNXD6PSHzC7CsSDs,Axel Wilhelm Wigardt,true
i-LuFYHhoNXD6PSHzC7CsSDs,Wigarth,false
i-LuXD6bo7y9QvBg7xBKqETi,Carl Fredrik Carlsson,true
i-LuXD6bo7y9QvBg7xBKqETi,Carlsson,false
i-LuZuNJrHK6rwGPctWnWR2r,Uno Andreas Wijkström,false
i-LuZuNJrHK6rwGPctWnWR2r,Uno Wijkström,true
i-LuZuNJrHK6rwGPctWnWR2r,Wijkström,false
i-LutTcg2m9spsoVaK7cAQeB,Lars Wegendal,true
i-LuuxgBkDRXjoiukadi8qyY,Axel Natt och Dag,true
i-LuuxgBkDRXjoiukadi8qyY,Axel Wilhelm Magnus Natt och Dag,false
i-LuuxgBkDRXjoiukadi8qyY,Natt och Dag,false
i-Lv2mbFpp5G81TKnVc9w9nC,Behmer,false
i-Lv2mbFpp5G81TKnVc9w9nC,Edvard Behmer,true
i-Lv2mbFpp5G81TKnVc9w9nC,Johan Edvard Behmer,false
i-Lv4UkR3Qh5Z1mUCTAdeMZo,Leo Persson,true
i-Lv4UkR3Qh5Z1mUCTAdeMZo,Persson,false
i-LvJa9cYcnvnuFrxNeTcMCc,Nils Persson,true
i-LvJa9cYcnvnuFrxNeTcMCc,Persson,false
i-LvT4xzQrHUKrVDH5VNSL5s,Kihlberg,false
i-LvT4xzQrHUKrVDH5VNSL5s,Stefan Kihlberg,true
i-LvjhuKYbMmHcis45oX7W1G,Ullman,false
i-LvjhuKYbMmHcis45oX7W1G,Wilfrid Ullman,true
i-LvxhV2hEp19eoVYqVm1KL6,Fred Artur Henning Henningson,false
i-LvxhV2hEp19eoVYqVm1KL6,Fred Henningson,true
i-LvxhV2hEp19eoVYqVm1KL6,Henningson,false
i-Lw4gLz6r653vCudGthQP19,Andersson,false
i-Lw4gLz6r653vCudGthQP19,Carl Andersson,true
i-Lw4gLz6r653vCudGthQP19,Carl Gustaf Andersson,false
i-Lw92TAaAVgG8Kdf7YxhViy,Markus Wiechel,true
i-LwBmaH36qfDShuT4kU7P5Q,Gustaf Mauritz Posse,false
i-LwBmaH36qfDShuT4kU7P5Q,Gustaf Posse,false
i-LwBmaH36qfDShuT4kU7P5Q,Gösta Posse,true
i-LwBmaH36qfDShuT4kU7P5Q,Posse,false
i-LwdNyMrdw4ZSw5qSgwNVRn,Hagerman,false
i-LwdNyMrdw4ZSw5qSgwNVRn,Henrik Hagerman,true
i-Lwi7iB7nh23mFtUjEYtdft,Larsson,false
i-Lwi7iB7nh23mFtUjEYtdft,Åke Larsson,true
i-LwvcNaPMhAWjNbQCGw9TXs,Carl Otto Palmstierna,false
i-LwvcNaPMhAWjNbQCGw9TXs,Otto Palmstierna,true
i-LxD7dSU6U1X19PSCqGJCC6,Adolf Valentin Wallentheim,false
i-LxD7dSU6U1X19PSCqGJCC6,Adolf Wallentheim,true
i-LxD7dSU6U1X19PSCqGJCC6,Wallentheim,false
i-LxE5nbykv28o5r9V2ayYNj,Birger Gezelius,true
i-LxE5nbykv28o5r9V2ayYNj,Gezelius,false
i-LxE5nbykv28o5r9V2ayYNj,Lars Evald Birger Gezelius,false
i-LxPwCt4XLu9mfK6uoas4iP,Johan Löfberg,true
i-LxPwCt4XLu9mfK6uoas4iP,Löfberg,false
i-LxsP75BKS1JijkM9qnLfyY,Anderberg,false
i-LxsP75BKS1JijkM9qnLfyY,Christel Anderberg,true
i-LxsP75BKS1JijkM9qnLfyY,Christel Margareta Anderberg,false
i-Lyd4uNV4VNB2HmVp3LdFbd,Jansson,false
i-Lyd4uNV4VNB2HmVp3LdFbd,Rob. L. Jansson Aspeboda,false
i-Lyd4uNV4VNB2HmVp3LdFbd,Robert Jansson,true
i-Lyd4uNV4VNB2HmVp3LdFbd,Robert Leander Jansson,false
i-LytH1478e6Qx59PC9Yr4Kj,Erik Olsson,true
i-LytH1478e6Qx59PC9Yr4Kj,Olsson,false
i-LzAkAb8hM4738RATfMA7Wt,Arnoldsson,false
i-LzAkAb8hM4738RATfMA7Wt,Sven Arnoldsson,true
i-LzAkAb8hM4738RATfMA7Wt,Swen Arnoldsson,false
i-LzTEdVdf1xwBggoSshMrHP,Per Olof Sture Svedberg,false
i-LzTEdVdf1xwBggoSshMrHP,Per Svedberg,true
i-LzYBGnvuhNHdQ7LQKPA6UJ,Gudrun Schyman,true
i-LzYBGnvuhNHdQ7LQKPA6UJ,Gudrun Skyman,false
i-LzYBGnvuhNHdQ7LQKPA6UJ,Schyman,false
i-M1BGVoUpAkXK7M1XiJWRAe,Niclas Fredrik Olof Malmberg,false
i-M1BGVoUpAkXK7M1XiJWRAe,Niclas Malmberg,true
i-M1KRgYXpjzhZucy2MDj1V3,Andersson,false
i-M1KRgYXpjzhZucy2MDj1V3,Per Andersson,true
i-M29v1XjEUwx7581rtm4QAz,Königson,false
i-M29v1XjEUwx7581rtm4QAz,Ture K Königson,false
i-M29v1XjEUwx7581rtm4QAz,Ture König Königson,false
i-M29v1XjEUwx7581rtm4QAz,Ture Königson,true
i-M2NEeiwb2cPW569XKtNtiS,Sven Skoglund,true
i-M2rNBQVSaqrQcUZQkmkCCX,Serkan Köse,true
i-M3KsriBtBmH4v2DUpjuGUU,Lundgren,false
i-M3KsriBtBmH4v2DUpjuGUU,Theodor Lundgren,true
i-M3ZXFztHLDDpAd9W9omcqs,Nils Nilsson,true
i-M3ZXFztHLDDpAd9W9omcqs,Nilsson,false
i-M3uUS7m2FvaeA9CzfNdSfc,Stig Lennart Stigmarker,false
i-M3uUS7m2FvaeA9CzfNdSfc,Stig Stigmarker,true
i-M3uUS7m2FvaeA9CzfNdSfc,Stigmarker,false
i-M4D6arkL4NDotKE5J8bLHn,Curt Linderoth,true
i-M4NCL6nCaYZmG4SSFNZWNc,Christopher Lindvall,true
i-M4NwryA2HF7uey8djEDX9X,Helmer Holmberg,true
i-M4NwryA2HF7uey8djEDX9X,Holmberg,false
i-M4NwryA2HF7uey8djEDX9X,Jonas Helmer Holmberg,false
i-M4wHZVugBn9h9Kg9ELiKnA,Carlsson,false
i-M4wHZVugBn9h9Kg9ELiKnA,Eric Carlsson,true
i-M4wHZVugBn9h9Kg9ELiKnA,Eric Ragnar Artur Carlsson,false
i-M4wHZVugBn9h9Kg9ELiKnA,Eric Ragnar Carlsson,false
i-M583eVDoBTdnLPkDa6XLNx,Ola Ström,true
i-M584LNfWt4DmybohxUfGwq,Sven Einar Romanus,false
i-M584LNfWt4DmybohxUfGwq,Sven Romanus,true
i-M5KFuw2v5B8wXgpDefGs2d,Per G. A. Svensson,false
i-M5KFuw2v5B8wXgpDefGs2d,Per Gustaf Ansgarius Svensson,false
i-M5KFuw2v5B8wXgpDefGs2d,Per Svensson,true
i-M5KFuw2v5B8wXgpDefGs2d,Svensson,false
i-M5aMXV2yx6yh9KuYz7Z45q,Axel Hedborg,true
i-M5aMXV2yx6yh9KuYz7Z45q,Hedborg,false
i-M5aMXV2yx6yh9KuYz7Z45q,Sven Axel Adrian Hedborg,false
i-M5bH1LxYTuWEQR2jm6YTKq,Hans Bertil Lindblad,false
i-M5bH1LxYTuWEQR2jm6YTKq,Hans Lindblad,true
i-M5bH1LxYTuWEQR2jm6YTKq,Lindblad,false
i-M5o8cYSRJsbmZdvevomfQX,Ulla Andersson,true
i-M5o8cYSRJsbmZdvevomfQX,Ulla Margareta Andersson,false
i-M67EcVJtE4wpTpZn5BuTHJ,Gunnar Lundmark,true
i-M67EcVJtE4wpTpZn5BuTHJ,J. Gunnar Lundmark,false
i-M67EcVJtE4wpTpZn5BuTHJ,Jonas Gunnar Lundmark,false
i-M67EcVJtE4wpTpZn5BuTHJ,Lundmark,false
i-M6F85qijn9rB9XrUARJYDS,Rolf Åbjörnsson,true
i-M6HZSzErrkvRs1tuZi7K48,De Geer af Finspång,false
i-M6HZSzErrkvRs1tuZi7K48,Louis De Geer,false
i-M6HZSzErrkvRs1tuZi7K48,Louis De Geer d.ä.,false
i-M6HZSzErrkvRs1tuZi7K48,Louis Gerhard De Geer,false
i-M6HZSzErrkvRs1tuZi7K48,Louis de Geer den äldre,true
i-M6haWJp8kv7KUkmMPYjX4C,Oscar Weidenhielm,true
i-M76N1UoFoxEKBULqCqES8v,Axel Fagerlin,true
i-M76N1UoFoxEKBULqCqES8v,Fagerlin,false
i-M7Dk5qjwUCDNKDmAMZJ1AM,Ericsson,false
i-M7Dk5qjwUCDNKDmAMZJ1AM,Ollas Anders Ericsson,true
i-M7fdd5LkDobtPBqGTJagqd,Magnusson,false
i-M7fdd5LkDobtPBqGTJagqd,Sven Magnusson,true
i-M87tPv4oBZ1v745fULLazy,Herlenius,false
i-M87tPv4oBZ1v745fULLazy,Jonas Herlenius,true
i-M8LKQKEcsjHJKv8kSmhVcX,Tomas Tobé,true
i-M8XiXBsSDa14bC4a6z1oc1,Tobias Sjö,true
i-M8iT3fNaEahQCDyU7KD4Xo,Anders Persson,true
i-M8iT3fNaEahQCDyU7KD4Xo,Persson,false
i-M8khpPWtPA1GcXZd6QXZwF,Bodin,false
i-M8khpPWtPA1GcXZd6QXZwF,Lars Gunnar Bodin,true
i-M8wzDjdnp3v1kx7mCnhrnz,Jonsson,false
i-M9mCR8cfqv8RJsAUAbfHJi,Olof Walter,true
i-M9mCR8cfqv8RJsAUAbfHJi,Walter,false
i-M9s3VesB8pm5GqJBfxSBjq,August Danielsson,true
i-M9s3VesB8pm5GqJBfxSBjq,Danielsson,false
i-M9vBhqUTSgBCMCDsZYn4fH,Göran R. Hedberg,true
i-M9vBhqUTSgBCMCDsZYn4fH,Göran Richard Hedberg,false
i-MABDxgZwhE5oviLUknyJWG,Conny Fogelström,true
i-MAQEcZ126HmopwZCi53wi2,Anders Gustaf Jönsson,true
i-MAQEcZ126HmopwZCi53wi2,Jönsson,false
i-MAbk2DM346C498TXUmu1nS,Anders Ljunggren,true
i-MAjkY7TMfvfsiuE3eArFUA,Viviann Gerdin,true
i-MAjkY7TMfvfsiuE3eArFUA,Viviann Ingeborg Gerdin,false
i-MAohbgjULBda4ky5ZTSzv1,Berit Löfstedt,true
i-MAohbgjULBda4ky5ZTSzv1,Löfstedt,false
i-MAp87ZRzNrh2KwMZswcvt2,Anton Larsson,true
i-MAp87ZRzNrh2KwMZswcvt2,Anton Valfrid Larsson,false
i-MAp87ZRzNrh2KwMZswcvt2,Larsson,false
i-MAq7aZioSiBhPYkFcGkbwg,Anders Henrikson,false
i-MAq7aZioSiBhPYkFcGkbwg,Anders Henriksson,true
i-MAq7aZioSiBhPYkFcGkbwg,Henrikson,false
i-MBPUkSx8FomETAbir25zcv,Cecilia Dahl,true
i-MBdZLSXiN9wk7MJav1b56t,Fredrik Otto Silfverstolpe,true
i-MBdzCTRE27L7T1aVYfpJXM,Lében,false
i-MBdzCTRE27L7T1aVYfpJXM,Roland Lében,true
i-MBoQhoiPhUghQ4CXR6kcEf,Herman Zetterberg,true
i-MCKLqN6XeWUwSHj6Js4X4Y,Engman,false
i-MCKLqN6XeWUwSHj6Js4X4Y,Gerd Engman,true
i-MDmfYk6otWQKgG7tHKkUzY,Lars Johan Wingqvist,false
i-MDmfYk6otWQKgG7tHKkUzY,Lars Wingqvist,true
i-MDmfYk6otWQKgG7tHKkUzY,Wingqvist,false
i-MDmz3BZyW3T2P9Tp6bvsBM,John Widegren,true
i-ME9KY5TsTMUGSHJP1KEsna,Caroline Högström,true
i-ME9KY5TsTMUGSHJP1KEsna,Sofia Caroline Magdalena Högström,false
i-MEDNUE5YzqzWjdhnjNuXkY,Nyström,false
i-MEDNUE5YzqzWjdhnjNuXkY,Thomas Nyström,true
i-MEKeqfhrUozYo69DS2iN59,Axel Gunnar Lundqvist,false
i-MEKeqfhrUozYo69DS2iN59,Axel Lundqvist,true
i-MEKeqfhrUozYo69DS2iN59,Lundqvist,false
i-MEQoHPb6qh2nYtPCAZQYv3,Maria Malmer Stenergard,true
i-MEejaJkoWPqYNujMkvsktv,Johansson,false
i-MEejaJkoWPqYNujMkvsktv,Robert Johansson,true
i-MF5ApWTy8CpBuGJ4boiMNA,Carl Hasselquist,true
i-MF5ApWTy8CpBuGJ4boiMNA,Carl Justus Hasselquist,false
i-MF5ApWTy8CpBuGJ4boiMNA,Hasselquist,false
i-MFGEAobPaVzWrg1iu74oz7,Conny Sandholm,true
i-MGAyzPwpnMBkzU31HMpqP4,Branting-Westerståhl,false
i-MGAyzPwpnMBkzU31HMpqP4,Sonja Branting-Westerståhl,true
i-MGdafi24N1mL5wjDyZ2RbC,Månsson,false
i-MGdafi24N1mL5wjDyZ2RbC,Nils Månsson,true
i-MGs2jd2pNs8zvRaeYPLwcR,Inge Garstedt,true
i-MGs2jd2pNs8zvRaeYPLwcR,Inge Margareta Garstedt,false
i-MHvgjmzw3jqPLk3AHQUFKw,Larsson,false
i-MHvgjmzw3jqPLk3AHQUFKw,Sigvard Larsson,true
i-MHwzHx2BRZmuZPpg2gHYPQ,Gottfrid Karlsson,true
i-MHwzHx2BRZmuZPpg2gHYPQ,Karlsson,false
i-MHwzHx2BRZmuZPpg2gHYPQ,Karlsson I Vadstena,false
i-MHwzHx2BRZmuZPpg2gHYPQ,Oscar Gottfrid Karlsson,false
i-MHwzHx2BRZmuZPpg2gHYPQ,Oskar Gottfrid Karlsson,false
i-MJ3ZdAm2Qmn1W24wgX1Fe7,Johan Otto Johansson,false
i-MJ3ZdAm2Qmn1W24wgX1Fe7,Johansson,false
i-MJ3ZdAm2Qmn1W24wgX1Fe7,Otto Johansson,true
i-MJ5jNxLePBwUGGvPE1LaWp,Rolf K. Nilsson,true
i-MJ5jNxLePBwUGGvPE1LaWp,Rolf Krister Nilsson,false
i-MJL89J5NnS7c2Vx7JY9Uga,Anders Stig Wiklund,false
i-MJL89J5NnS7c2Vx7JY9Uga,Anders Wiklund,true
i-MJhwccFqVewN5jUNHMukd,Nils Vult von Steyern,true
i-MJi2EpNpLStR2Rke7Db78j,Sjöholm,false
i-MJi2EpNpLStR2Rke7Db78j,Sten Gunde Sjöholm,false
i-MJi2EpNpLStR2Rke7Db78j,Sten Sjöholm,true
i-MKm68HiDPih8eisvsh6GJg,Bernhardsson,false
i-MKm68HiDPih8eisvsh6GJg,Bo Bernhardsson,true
i-MKmDXQBmL51YztHkfFCswi,August Bystedt,true
i-MKmDXQBmL51YztHkfFCswi,Bystedt,false
i-MKtRRcpTpEb8T45YVQN8TW,Löfgren,false
i-MKtRRcpTpEb8T45YVQN8TW,Nils Sigfrid Johannes Löfgren,false
i-MKtRRcpTpEb8T45YVQN8TW,Sigfrid Löfgren,true
i-MLq4Vy1q7B9WYKF2V3AxEZ,Per Zimdahl,true
i-MLq4Vy1q7B9WYKF2V3AxEZ,Zimdahl,false
i-MMBTpEsB5QGNssBEUMj9Se,Olaus Petersson,false
i-MMBTpEsB5QGNssBEUMj9Se,Olaus Pettersson,true
i-MMBTpEsB5QGNssBEUMj9Se,Petersson,false
i-MMa2PA7yJ45qkfsEkcFqYb,Christer Engelhardt,true
i-MMa2PA7yJ45qkfsEkcFqYb,Christer Nils-Olof Engelhardt,false
i-MMar3ymewi3De3DPoKYJD8,Carlinge Wisberg,true
i-MMzKbCkihepBqSa2NpDrDE,Thorburn,false
i-MMzKbCkihepBqSa2NpDrDE,William Franklin Thorburn,false
i-MMzKbCkihepBqSa2NpDrDE,William Thorburn,true
i-MPe2G8GUgjiRhR8NTtTmBy,Andersson,false
i-MPe2G8GUgjiRhR8NTtTmBy,Hellström,false
i-MPe2G8GUgjiRhR8NTtTmBy,Ruth Hellström,true
i-MQxtRkaKY7fRMrw7gnXKsf,Ulla Wester,true
i-MQxtRkaKY7fRMrw7gnXKsf,Ulla Wester-Rudin,false
i-MR5nEFZEYYC856HM8uwmGL,Axel Wennerholm,true
i-MR5nEFZEYYC856HM8uwmGL,Hugo Axel Christian Wennerholm,false
i-MR5nEFZEYYC856HM8uwmGL,Wennerholm,false
i-MRMxWnnrUq84KbcoKsjTwk,Ingrid Bolin,true
i-MRoARQLVygJYbBWvcAjNcB,Elin Lundgren,true
i-MRoUAGZ54TU7sMS1burP24,Lars Pontus Andersson,false
i-MRoUAGZ54TU7sMS1burP24,Pontus Andersson,false
i-MRoUAGZ54TU7sMS1burP24,Pontus Andersson Garpvall,true
i-MSbi6CmhoHjdUGidWdU69V,Ernst Johannes Wigforss,false
i-MSbi6CmhoHjdUGidWdU69V,Ernst Wigforss,true
i-MSbi6CmhoHjdUGidWdU69V,Wigforss,false
i-MSjNBHZMhSJTRmVbnBc4VR,Näslund,false
i-MSjNBHZMhSJTRmVbnBc4VR,Pelle Näslund,true
i-MSjNBHZMhSJTRmVbnBc4VR,Per Johan Näslund,false
i-MSjNBHZMhSJTRmVbnBc4VR,Per Näslund,false
i-MSwoZDhSrwsWcizAjowXzs,Carl Warburg,false
i-MSwoZDhSrwsWcizAjowXzs,Karl Johan Warburg,false
i-MSwoZDhSrwsWcizAjowXzs,Karl Warburg,true
i-MSwoZDhSrwsWcizAjowXzs,Warburg,false
i-MT2VMMk5UMmeqecXJd66y9,Mats Anders Arkhem,false
i-MT2VMMk5UMmeqecXJd66y9,Mats Arkhem,true
i-MTA6YhhXtmnmGGwd2tXXRL,Holmberg,false
i-MTA6YhhXtmnmGGwd2tXXRL,Yngve Holmberg,true
i-MTQ1QbRJPcUcVkCncd93s7,Amir Jawad,true
i-MTeYfJaZakd1AA2BAt8WzQ,Karl Ludvig Sandstedt,true
i-MTeYfJaZakd1AA2BAt8WzQ,Sandstedt,false
i-MTxekjtHXx3Xi51XbwdAVD,Hugo Hansson Wachtmeister,true
i-MTxekjtHXx3Xi51XbwdAVD,Wachtmeister af Johannishus,false
i-MTzYDq8SmLi323wQgnM8TR,Forssell,false
i-MTzYDq8SmLi323wQgnM8TR,Hans Forssell,true
i-MTzYDq8SmLi323wQgnM8TR,Hans L Forssell,false
i-MTzYDq8SmLi323wQgnM8TR,Hans Ludvig Forssell,false
i-MUiNDqW5Ev9My8aekLct9L,Karolina Maria Skog,false
i-MUiNDqW5Ev9My8aekLct9L,Karolina Skog,true
i-MUnHEWorrq7nm6q1ZrGuCt,Hans Jönsson,true
i-MUnHEWorrq7nm6q1ZrGuCt,Jönsson,false
i-MUt63gf2GzWnpVe4mTwKi6,Jonas Otto Ödlund,true
i-MUt63gf2GzWnpVe4mTwKi6,Ödlund,false
i-MUyEorK3Jrs76puMnBfwJQ,Nils Samuel Koch,false
i-MUyEorK3Jrs76puMnBfwJQ,Nils Samuel von Koch,true
i-MUyEorK3Jrs76puMnBfwJQ,von Koch,false
i-MV4Dj57kke85AeEXacFKNd,Johanson,false
i-MV4Dj57kke85AeEXacFKNd,Karl August Johanson,false
i-MV4Dj57kke85AeEXacFKNd,Karl Johanson,true
i-MVzhVeKwRGmjHjHoSrReg9,Börje Vestlund,true
i-MVzhVeKwRGmjHjHoSrReg9,Vestlund,false
i-MXZLbf93D8sNNjc8yebEXt,Birger Utbult,true
i-MXZLbf93D8sNNjc8yebEXt,Karl Birger Utbult,false
i-MXZLbf93D8sNNjc8yebEXt,Utbult,false
i-MXmaSj4jbRgkRhwVRbwucF,Abraham Hugo Fahlén,false
i-MXmaSj4jbRgkRhwVRbwucF,Fahlén,false
i-MXmaSj4jbRgkRhwVRbwucF,Hugo Fahlén,true
i-MY9qFDFoES7a7ocXSaFNaD,Einar Jonsson,true
i-MY9qFDFoES7a7ocXSaFNaD,Einar Wilhelm Jonsson,false
i-MY9qFDFoES7a7ocXSaFNaD,Jonsson,false
i-MYV5TtBU5tQGwqDu4dq25s,Bengt Carl Gustaf Westerberg,false
i-MYV5TtBU5tQGwqDu4dq25s,Bengt Westerberg,true
i-MYV5TtBU5tQGwqDu4dq25s,Westerberg,false
i-MaRHnNmw2sqAFYBugWDAH2,Brunberg,false
i-MaRHnNmw2sqAFYBugWDAH2,Otto Fredrik Brunberg,true
i-MakV1EvC3LLnePpBXzwg5H,Jennie Åfeldt,true
i-MayVboVGayNDk8VkKpWKZY,Christian Ericson,true
i-MayVboVGayNDk8VkKpWKZY,Ericson,false
i-Mb3ZXaPvnFquR9LCU1hMbR,Dan Hovskär,true
i-MbGCSwUxxUWo13zB5PL2BC,Axel Oskar Conrad Carleson,false
i-MbGCSwUxxUWo13zB5PL2BC,Carleson,false
i-MbGCSwUxxUWo13zB5PL2BC,Conrad Carleson,true
i-MbYpLQfZtjn59wD9ia9qcL,Burman,false
i-MbYpLQfZtjn59wD9ia9qcL,Erik Gustaf Burman,false
i-MbYpLQfZtjn59wD9ia9qcL,Gustaf Burman,true
i-Mc6ZU6k7pPBL6uSsiFfayE,Allvar Olsson,true
i-Mc6ZU6k7pPBL6uSsiFfayE,Olsson,false
i-McNdJaEnje6pXfi83cxxZW,Adolf Christian Johan Christiernson,false
i-McNdJaEnje6pXfi83cxxZW,Adolf Christiernson,true
i-McNdJaEnje6pXfi83cxxZW,Christiernson,false
i-McV8uzEvZdxJephaZbqN9X,Anders G. Högmark,true
i-McV8uzEvZdxJephaZbqN9X,Anders Högmark,false
i-McV8uzEvZdxJephaZbqN9X,Högmark,false
i-McqtqKBwTgYornj9cNC5hS,Harald Larsson,true
i-McqtqKBwTgYornj9cNC5hS,Larsson,false
i-McqtqKBwTgYornj9cNC5hS,Laurell,false
i-Md4cSDKT7AbTr7UiRi7rkw,Andreason,false
i-Md4cSDKT7AbTr7UiRi7rkw,August Andreason,true
i-Md4cSDKT7AbTr7UiRi7rkw,Johan August Andreason,false
i-MdKdj31R1hhyAkPqoQG1m6,Gustaf Malmqvist,true
i-MdKdj31R1hhyAkPqoQG1m6,Malmqvist,false
i-MdgDbxaSHzSMQQ8AAVHEhD,Larson,false
i-MdgDbxaSHzSMQQ8AAVHEhD,Salomon Larson,true
i-MeFCbDpKPnR5B8CQwp68xh,Markus Kallifatides,true
i-MeSYWWPmxrvbS4Cz76xahd,Ahlgren,false
i-MeSYWWPmxrvbS4Cz76xahd,Magnus Ahlgren,true
i-MeTcF5dmvAAc3N7VgFXtPs,Molander,false
i-MeTcF5dmvAAc3N7VgFXtPs,Nicolaus August Molander,false
i-MeTcF5dmvAAc3N7VgFXtPs,Nicolaus Molander,true
i-MeXvsK7yXnvLwkvhiu6BrW,Björk,false
i-MeXvsK7yXnvLwkvhiu6BrW,Kaj Björk,true
i-MeXvsK7yXnvLwkvhiu6BrW,Kaj Åke Björk,false
i-MerwJjA5PYKs4QYtgsoxJE,Erling Wälivaara,true
i-MewtapTSFPS47jDhDe5nqD,Karin Kock,true
i-MewtapTSFPS47jDhDe5nqD,Karin Kock-Lindberg,false
i-Mf2qLQoTkQawUnmp6o79wa,Anton Magnus Herman Wrangel af Sauss,false
i-Mf2qLQoTkQawUnmp6o79wa,Herman Wrangel,true
i-Mf3zjD1SVGBHTEHbp1Vz4A,Helena Bouveng,true
i-MfRf34x3k6xLdpPgFSUfMs,Anna Kristina Wallentheim,false
i-MfRf34x3k6xLdpPgFSUfMs,Anna Wallentheim,true
i-Mg3qNfxJ72wwNFoo4NP8Br,Gustaf Gustafsson,true
i-Mg3qNfxJ72wwNFoo4NP8Br,Gustafsson,false
i-MgBT61mJtKinTW24PaPE9N,Gunnar Weibull,true
i-MgBT61mJtKinTW24PaPE9N,Harry Valter Gunnar Weibull,false
i-MgBT61mJtKinTW24PaPE9N,Weibull,false
i-MgBfeQnReGPU152Si12BRU,Maria Amholm,false
i-MgBfeQnReGPU152Si12BRU,Maria Arnholm,true
i-MgBfeQnReGPU152Si12BRU,Maria Elisabet Wallgren Arnholm,false
i-MgqyLN2yypWAiyHpLmZGkg,Bodil Francke Ohlsson,true
i-MgzDufhZfCxfGge5T9Gycu,Johansson,false
i-MgzDufhZfCxfGge5T9Gycu,John Harald Johansson,false
i-MgzDufhZfCxfGge5T9Gycu,John Johansson,true
i-MhCtc1dC8HXHPj7JDZ8b9T,Joseph Wolfgang Ludvig Sidner,false
i-MhCtc1dC8HXHPj7JDZ8b9T,Ludvig Sidner,true
i-MhLmphfscCcfwbn7bhDRFx,Seija Viitamäki-Carlsson,true
i-MhXzFSgeFgNFSBVfmzcEL8,Fredrik Wilhelm Metzén,false
i-MhXzFSgeFgNFSBVfmzcEL8,Metzén,false
i-MhXzFSgeFgNFSBVfmzcEL8,Wilhelm Metzén,true
i-MhoqR2b62NNFhmgKPdi6sd,Ljungberg,false
i-MhoqR2b62NNFhmgKPdi6sd,Louis Carl Olof Ljungberg,false
i-MhoqR2b62NNFhmgKPdi6sd,Louis Ljungberg,true
i-MiEe75jj7GTBk4thdWDWDD,Reza Khelili Dylami,true
i-MiczxjfgYvit6y2gXXcUZd,Lena Wallgren,true
i-MiczxjfgYvit6y2gXXcUZd,Wallgren,false
i-MinYXrWbVq4kzHJJZ5VBTd,Anders Hilding,true
i-MinYXrWbVq4kzHJJZ5VBTd,Hilding,false
i-MkJ91XGj4UaBXD8juv6tc,Paul Paulson,true
i-MkJ91XGj4UaBXD8juv6tc,Paulson,false
i-MkgihMrvhr73GhTBwUPErM,Maja Nilsson,true
i-MkgihMrvhr73GhTBwUPErM,Nilsson,false
i-MkpKqs9yn98uRBF1pm57dP,Beck-Friis,false
i-MkpKqs9yn98uRBF1pm57dP,Corfitz Augustin Beck-Friis,false
i-MkpKqs9yn98uRBF1pm57dP,Corfitz Beck-Friis,true
i-MkyZB2E33DgdyegJLbsxz1,Gustaf Svensson,true
i-MkyZB2E33DgdyegJLbsxz1,Svensson,false
i-MmcK4MN6rtwdAZYqQFwe5E,Elvy Norberg,true
i-MmmeadtFjSdRUyPkMZX2Xo,Axel Fagerholm,true
i-MmmeadtFjSdRUyPkMZX2Xo,Fagerholm,false
i-MmmeadtFjSdRUyPkMZX2Xo,Sven Axel Fagerholm,false
i-MnB8tQ2whyYCLBRd9iqbCP,Ivar Öman,true
i-MnB8tQ2whyYCLBRd9iqbCP,Öman,false
i-MnGd2bfrDBzjjFFpMxRydk,Lars-Åke Larsson,true
i-MnGd2bfrDBzjjFFpMxRydk,Larsson,false
i-MnTABRMH2GM4zTkF4PLkTf,Dahlgren,false
i-MnTABRMH2GM4zTkF4PLkTf,Edvard Dahlgren,true
i-MnTABRMH2GM4zTkF4PLkTf,Johan Bartold Edvard Dahlgren,false
i-MnmWHgCQdxCxJPgqYFNWF9,Sven Abraham Munthe,false
i-MnmWHgCQdxCxJPgqYFNWF9,Sven Munthe,true
i-MnpRCQi1c4oPRb8RrpTepV,Brodin,false
i-MnpRCQi1c4oPRb8RrpTepV,Olof August Brodin,true
i-MoGEQsqJ4CuppQSQXqYv1U,Anders Sjölund,true
i-MoZdsgTb7diW9mtbdDKVTm,Anders Andersson,true
i-MoZdsgTb7diW9mtbdDKVTm,Andersson,false
i-MorbQLKLhBTgGvcS8hZ3kz,Fredrik Holmqvist,true
i-MorbQLKLhBTgGvcS8hZ3kz,Holmqvist,false
i-MorbQLKLhBTgGvcS8hZ3kz,Lars Fredrik Holmqvist,false
i-Mp9EZyDQnEWymzonKTkhPb,Gärde,false
i-Mp9EZyDQnEWymzonKTkhPb,Johannes Natanael Gärde,false
i-Mp9EZyDQnEWymzonKTkhPb,Natanael Gärde,true
i-MqUCtTZAqVqUuFgHwtYXEy,Lennart Wanhainen,true
i-MqUCtTZAqVqUuFgHwtYXEy,Wanhainen,false
i-Mqy8hf7kYRRNwjjaYkhDK6,Carl Moberg,true
i-Mqy8hf7kYRRNwjjaYkhDK6,Carl Oscar Moberg,false
i-Mqy8hf7kYRRNwjjaYkhDK6,Moberg,false
i-MrkPkjQgtHMzFsjcTe6mh9,Andersson,false
i-MrkPkjQgtHMzFsjcTe6mh9,Johannes Andersson,true
i-MsDcNy8xgNwkrzcAPLvtsA,Kerstin Fredriksson,true
i-MsNFFSyPnWMiCgQjNLn72Y,Gabrielsson,false
i-MsNFFSyPnWMiCgQjNLn72Y,Nils Gabriel Gabrielsson,false
i-MsNFFSyPnWMiCgQjNLn72Y,Nils Gabrielsson,true
i-MsR1pbKHdsnBjfV38fypu3,Anselm Gillström,true
i-MsR1pbKHdsnBjfV38fypu3,Gillström,false
i-MsTWNfk2y9tBwJNXWxrzWR,Andersson,false
i-MsTWNfk2y9tBwJNXWxrzWR,Erik Gustaf Andersson,false
i-MsTWNfk2y9tBwJNXWxrzWR,Gustaf Andersson,true
i-MspAodnmC9UGvo8qkUEHnc,August Blanche,true
i-MspAodnmC9UGvo8qkUEHnc,August Theodor Blanche,false
i-MspAodnmC9UGvo8qkUEHnc,Blanche,false
i-MtMnExPuB5LF2GfXWFioaD,Mariann Ytterberg,true
i-MtQDAwnav9eHyeftxbQLvf,Inger René,true
i-MtQDAwnav9eHyeftxbQLvf,René,false
i-MtdQAeV9T1BMQzoMoSxhdA,Johan Wilhelm Magnus Westrup,false
i-MtdQAeV9T1BMQzoMoSxhdA,Westrup,false
i-MtdQAeV9T1BMQzoMoSxhdA,Wilhelm Westrup,true
i-Mu6JsEkDkxWd4JDvWknN3V,Rune Wikström,true
i-Mu8D3Cyy6PoWGop3KQtfh2,Anette Åkesson,true
i-MuL8jneeFg979vuUzTGCyo,Gustaf Roos,true
i-MuL8jneeFg979vuUzTGCyo,Gustaf Wilhelm Alexander Roos,false
i-MuL8jneeFg979vuUzTGCyo,Gustaf Wilhelm Roos,false
i-MuL8jneeFg979vuUzTGCyo,Roos,false
i-MuZZJeVubv6LTYMAZhgoZK,Henrik Ragnar Törnebladh,false
i-MuZZJeVubv6LTYMAZhgoZK,Ragnar Törnebladh,true
i-MuZZJeVubv6LTYMAZhgoZK,Törnebladh,false
i-MujG24Zxtbj8WjsRLpNCE2,Albert Edvard Evers,false
i-MujG24Zxtbj8WjsRLpNCE2,Albert Evers,true
i-MujG24Zxtbj8WjsRLpNCE2,Evers,false
i-MvZhC6X9DLrHQPUQmH3Yga,Kalevi Wernebrink,true
i-MvtueCqXEtMA1qymmmnHWQ,Lena Asplund,true
i-Mw31BTf7uoxHTWx5X3k5QD,Svensson,false
i-Mw31BTf7uoxHTWx5X3k5QD,Waldemar Svensson,true
i-MwEjHz5Mg3f2JqYQwF715V,Margareta Persson,true
i-MwPpv3UiuKKPkEYYaHE5V8,Carl Johan Kjellman,true
i-MwPpv3UiuKKPkEYYaHE5V8,Kjellman,false
i-MwVAf2eRE4PNHyVVK9Yeo5,Isak Svensson,true
i-MwVAf2eRE4PNHyVVK9Yeo5,Karl Isak Svensson,false
i-MwVAf2eRE4PNHyVVK9Yeo5,Svensson,false
i-MwYUykigjM7wMSKMB4PTP7,Leif Lindström,true
i-MxQLDEEjaxnebBWnN9jCPh,Assar Åkerman,true
i-MxQLDEEjaxnebBWnN9jCPh,Åkerman,false
i-MyRyxBwYYjFVeCgKEEPeNf,C. Fehrman,false
i-MyRyxBwYYjFVeCgKEEPeNf,Carl Fehrman,true
i-MyRyxBwYYjFVeCgKEEPeNf,Fehrman,false
i-MygFEqFR73dRM3GnGjTuQb,Hans Petersson,true
i-MygFEqFR73dRM3GnGjTuQb,Petersson,false
i-MzXaegnmBQej56i8amZoDN,Tomas Kronståhl,true
i-MzXaegnmBQej56i8amZoDN,Tomas Kronstål,false
i-MzZ2CHfudq3SLXfMxoKS9j,Albert Ramberg,true
i-MzZ2CHfudq3SLXfMxoKS9j,Ramberg,false
i-MzbTf7mmhN8rbHKxerPa4n,Henrik Vult von Steyern,true
i-MzbTf7mmhN8rbHKxerPa4n,Henrik Wilhelm Vult von Steyern,false
i-MzbTf7mmhN8rbHKxerPa4n,Vult von Steyern,false
i-MzhaAHmt5ryC3NbyzABfsA,Anders Ingemar Thunborg,false
i-MzhaAHmt5ryC3NbyzABfsA,Anders Thunborg,true
i-MzquDGFguVZAxA6qfXNJcc,C Suno H Engström,false
i-MzquDGFguVZAxA6qfXNJcc,Carl Suno Hildemar Engström,false
i-MzquDGFguVZAxA6qfXNJcc,Engström,false
i-MzquDGFguVZAxA6qfXNJcc,Suno Engström,true
i-MzxPq6KWGSAnEqQ2YUDct8,Henning Leo,true
i-MzxPq6KWGSAnEqQ2YUDct8,Henning Vilhelm Leo,false
i-MzxPq6KWGSAnEqQ2YUDct8,Leo,false
i-N16CyWGXKPMH81skqLzWmr,Bernt Ekinge,true
i-N16CyWGXKPMH81skqLzWmr,Ekinge,false
i-N1JCHiE7Y6HundcWiuX64z,Carlström,false
i-N1JCHiE7Y6HundcWiuX64z,Valdo Carlström,true
i-N1qw8jfKGpQHZKgF3gs76j,Persson,false
i-N1qw8jfKGpQHZKgF3gs76j,Siw Persson,true
i-N2a2m4e8hzJzyt4x1rrLBg,Cecilia Stegö,false
i-N2a2m4e8hzJzyt4x1rrLBg,Cecilia Stegö Chilo,false
i-N2a2m4e8hzJzyt4x1rrLBg,Cecilia Stegö Chilò,true
i-N2a2m4e8hzJzyt4x1rrLBg,Cecilia Stegö Chiló,false
i-N2a2m4e8hzJzyt4x1rrLBg,Marie Cecilia Stegö Chilò,false
i-N2a2m4e8hzJzyt4x1rrLBg,Stegö Chilo,false
i-N2madsDSJqjZTCevBNKUwb,Edin,false
i-N2madsDSJqjZTCevBNKUwb,Svea Edin,true
i-N2madsDSJqjZTCevBNKUwb,Svea Margareta Edin,false
i-N2wUQyygFf2J8h1sZeQKDi,Lars Nordström,true
i-N3Bh5ViRWqhFm6dVGLEieJ,Axel Ljungman,true
i-N3Bh5ViRWqhFm6dVGLEieJ,Axel Vilhelm Ljungman,false
i-N3Bh5ViRWqhFm6dVGLEieJ,Ljungman,false
i-N3Cf1Ve5VxLftgWsSxB1Sm,Harald Nordenson,true
i-N3Cf1Ve5VxLftgWsSxB1Sm,Nordenson,false
i-N3aYKF4kBnV2748MhAsbdj,Sundkvist,false
i-N3aYKF4kBnV2748MhAsbdj,Tage Rikard Sundkvist,false
i-N3aYKF4kBnV2748MhAsbdj,Tage Sundkvist,true
i-N3aYKF4kBnV2748MhAsbdj,Tage Sundqvist,false
i-N3exMXg1fAQBoxT1gyUtfC,Eva Öhbom Ekdahl,true
i-N3z4pmZCZ3L78TVwpLXAWS,Olsson,false
i-N3z4pmZCZ3L78TVwpLXAWS,Petter Olsson,true
i-N4EAtthRAnrRUx2M5559AH,P. O. Sundman,false
i-N4EAtthRAnrRUx2M5559AH,P.O. Sundman,false
i-N4EAtthRAnrRUx2M5559AH,Per Olof Sundman,true
i-N4EAtthRAnrRUx2M5559AH,Per-Olof Sundman,false
i-N4EAtthRAnrRUx2M5559AH,Sundman,false
i-N4rvx7AGKxwhx5XDdagQzk,Helena Anna Kerstin Hillar,false
i-N4rvx7AGKxwhx5XDdagQzk,Helena Hillar Rosenqvist,true
i-N5512QW2GuZkSAAwFrJdsb,Elin Anna Gustafsson,false
i-N5512QW2GuZkSAAwFrJdsb,Elin Gustafsson,true
i-N5DuX7A68dF9YwBSdFfwP1,Ernst Oskar Åkerström,false
i-N5DuX7A68dF9YwBSdFfwP1,Oskar Åkerström,true
i-N5DuX7A68dF9YwBSdFfwP1,Åkerström,false
i-N5TSABLbZXAKm9PLjFxT53,Carl Johan Högström,true
i-N5TSABLbZXAKm9PLjFxT53,Högström,false
i-N5YkLzCrZQG9BDuRnb7biZ,Anna Elvira Ronnebäck,false
i-N5YkLzCrZQG9BDuRnb7biZ,Anna Lindqvist-Pettersson,false
i-N5YkLzCrZQG9BDuRnb7biZ,Anna Ronnebäck,true
i-N5YkLzCrZQG9BDuRnb7biZ,Rönnebäck,false
i-N5iuULmv8oTkuJcr1C9SFD,Håkan Bergman,true
i-N6G4ZxPWrcoTbpKkvVqrMB,Bosæus,false
i-N6G4ZxPWrcoTbpKkvVqrMB,Nils Bosæus,true
i-N6G4ZxPWrcoTbpKkvVqrMB,Nils Walfrid Bosæus,false
i-N6Keb2NhChtqLkNGdsJVHC,Andersson,false
i-N6Keb2NhChtqLkNGdsJVHC,Magnus Andersson,true
i-N6NqRjrNpzybfJmYWdhfdW,Grahn,false
i-N6NqRjrNpzybfJmYWdhfdW,Olle Grahn,true
i-N6UssxxkUgg8krvLjba7FR,Christian August Fröberg,false
i-N6UssxxkUgg8krvLjba7FR,Christian Fröberg,true
i-N6UssxxkUgg8krvLjba7FR,Fröberg,false
i-N71ZHXHT1mKaokPBPw5yVQ,Bertil Öhvall,true
i-N71ZHXHT1mKaokPBPw5yVQ,Oscar Bertil Öhvall,false
i-N71ZHXHT1mKaokPBPw5yVQ,Öhvall,false
i-N7WL5aLLwEPfYa71gsUxQx,Ingrid Elever Jacobsson,false
i-N7WL5aLLwEPfYa71gsUxQx,Ingrid Elever Sundberg,false
i-N7WL5aLLwEPfYa71gsUxQx,Ingrid Jacobsson,false
i-N7WL5aLLwEPfYa71gsUxQx,Ingrid Sundberg,true
i-N7WL5aLLwEPfYa71gsUxQx,Sundberg,false
i-N7sVTEwk6zFPbv53NfRyWt,Osberg,false
i-N7sVTEwk6zFPbv53NfRyWt,Oscar Osberg,true
i-N8FXGCgL6sRda95xoiryMZ,Cedercrantz,false
i-N8FXGCgL6sRda95xoiryMZ,Conrad Cedercrantz,true
i-N8FXGCgL6sRda95xoiryMZ,Otto Conrad Waldemar Cedercrantz,false
i-N99FycafN3xo972gXj5TKd,Andersson,false
i-N99FycafN3xo972gXj5TKd,Arvid Andersson,true
i-N9AjjY11HAeYEZv7pS9mmC,Arrhén,false
i-N9AjjY11HAeYEZv7pS9mmC,Carl Erik Arrhén,false
i-N9AjjY11HAeYEZv7pS9mmC,Erik Arrhén,true
i-N9Pi9YpD4nvtCEsVp2CGcX,Carl Henning Staffan Danielsson,false
i-N9Pi9YpD4nvtCEsVp2CGcX,Staffan Danielsson,true
i-N9nLJpQ9eHQNFu593JtF3,Almryd,false
i-N9nLJpQ9eHQNFu593JtF3,Hans Almryd,true
i-N9nLJpQ9eHQNFu593JtF3,Hans Gustaf Bertil Almryd,false
i-NAAZv6GeNG6UKYzSr8WGFB,Lindström,false
i-NAAZv6GeNG6UKYzSr8WGFB,Olle Lindström,true
i-NAHMZkNVjgTNFXpWo6iwb2,Arne Geijer,true
i-NAHMZkNVjgTNFXpWo6iwb2,Geijer,false
i-NAHMZkNVjgTNFXpWo6iwb2,Karl Arne Geijer,false
i-NAHMZkNVjgTNFXpWo6iwb2,v Geijer,false
i-NAZHDwfGffE63ZZmJW4qqn,Birgit Marianne Johansson,false
i-NAZHDwfGffE63ZZmJW4qqn,Birgit Marianne Samuelsson,false
i-NAZHDwfGffE63ZZmJW4qqn,Marianne Johansson,false
i-NAZHDwfGffE63ZZmJW4qqn,Marianne Samuelsson,true
i-NAZHDwfGffE63ZZmJW4qqn,Samuelsson,false
i-NAbeZfqManywc6YbAfsfki,Gunnar Lange,true
i-NAbeZfqManywc6YbAfsfki,Lange,false
i-NAbeZfqManywc6YbAfsfki,Nils Gunnar Lange,false
i-NAiEuxWuVm7FYQ13oPRTbh,Andersson,false
i-NAiEuxWuVm7FYQ13oPRTbh,Per Andersson,true
i-NBgv74Z6fFc4kgB87Q5s3i,Carl XIV Johan,false
i-NBgv74Z6fFc4kgB87Q5s3i,Jean Baptiste Bernadotte,false
i-NBgv74Z6fFc4kgB87Q5s3i,Jean Baptiste Jules,false
i-NBgv74Z6fFc4kgB87Q5s3i,Jean Baptiste Jules Bernadotte,false
i-NBgv74Z6fFc4kgB87Q5s3i,Jean Bernadotte,false
i-NBgv74Z6fFc4kgB87Q5s3i,Karl III Johan,false
i-NBgv74Z6fFc4kgB87Q5s3i,Karl XIV Johan,true
i-NBgv74Z6fFc4kgB87Q5s3i,kung av Sverige och Norge Karl XIV Johan,false
i-NBpwJayKpXu4u1Uu87zKT1,Edvin Jacobsson,true
i-NBpwJayKpXu4u1Uu87zKT1,Jacobsson,false
i-NCH9G8qBMNyhRTTi2zLj6A,Arvid Nils Ulrik Fridolfsson,false
i-NCH9G8qBMNyhRTTi2zLj6A,Fridolfsson,false
i-NCH9G8qBMNyhRTTi2zLj6A,Nils Fridolfsson,true
i-NCm71g5anUBUXFniX6Er3C,Juan Fonseca,true
i-NCm71g5anUBUXFniX6Er3C,Juan Miguel Fonseca Bueno,false
i-NDCzHf1MdvBbXr8wEdxPun,Arvid Olsson,true
i-NDCzHf1MdvBbXr8wEdxPun,Ernst Arvid Olsson,false
i-NDCzHf1MdvBbXr8wEdxPun,Olsson,false
i-NDXVWxyp5eYLrWTjqaAcug,August Östergren,true
i-NDXVWxyp5eYLrWTjqaAcug,Östergren,false
i-NDXytJ2sEVrtLhDNxEoc8A,Ida Christina Drougge,false
i-NDXytJ2sEVrtLhDNxEoc8A,Ida Drougge,true
i-NEpRkdSsVMJsoZ2CsDVptk,Enander,false
i-NEpRkdSsVMJsoZ2CsDVptk,Salixkungen,false
i-NEpRkdSsVMJsoZ2CsDVptk,Sven Johan Enander,true
i-NEzajeS8oXAKC4PXqeHZNT,Jonas Waern,false
i-NEzajeS8oXAKC4PXqeHZNT,Jonas Wærn,true
i-NF4BomvcfAd9CuZEwt9Bwv,Apaa Essilfie Kojo Joe Frans,false
i-NF4BomvcfAd9CuZEwt9Bwv,Joe Frans,true
i-NF7MCicvARd9vxeawxGy59,Carl Gustaf Oscar Malm,false
i-NF7MCicvARd9vxeawxGy59,Gösta Malm,true
i-NF7MCicvARd9vxeawxGy59,Karl Gustaf Oscar Malm,false
i-NFC4M4xjTqxkY4kavxUJhj,Fleming af Liebelitz,false
i-NFC4M4xjTqxkY4kavxUJhj,Herman Fleming,true
i-NFC4M4xjTqxkY4kavxUJhj,Oskar Herman August Fleming,false
i-NFTnYj5UkhZoMmAJt9mpbq,Börje Nilsson,true
i-NFTnYj5UkhZoMmAJt9mpbq,Karl Börje Nilsson,false
i-NFTnYj5UkhZoMmAJt9mpbq,Nilsson,false
i-NFZydMJZ1urVXKsZJTsWka,Bo Torsten Gavelin,false
i-NFZydMJZ1urVXKsZJTsWka,Torsten Gavelin,true
i-NFdqatonfRsGCESVshuU5V,Johan Erik Nyström,true
i-NFdqatonfRsGCESVshuU5V,Nyström,false
i-NFv2qxFFXnJhXFucqnQBjY,Axel Leander,true
i-NFv2qxFFXnJhXFucqnQBjY,Leander,false
i-NFv2qxFFXnJhXFucqnQBjY,Leander-Jönsson,false
i-NG4dqakBciKkUVzvvpPCRD,Edelstam,false
i-NG4dqakBciKkUVzvvpPCRD,Ernst August Edelstam,false
i-NG4dqakBciKkUVzvvpPCRD,Ernst Edelstam,true
i-NGcr1f9oc6Swje4LMbPsuT,Jörgen Andersson,true
i-NHCP9E67fqZbogaGJzcjhQ,Gustav Adolf Mosesson,false
i-NHCP9E67fqZbogaGJzcjhQ,Gustav Mosesson,true
i-NHCP9E67fqZbogaGJzcjhQ,Mosesson,false
i-NHEfCn32mEHrAw3JbShLAA,Joanna Lewerentz,true
i-NHEfCn32mEHrAw3JbShLAA,Joanna Solveig E Lewerentz Lundgren,false
i-NHEfCn32mEHrAw3JbShLAA,Joanna Solveig Elisabeth Lewerentz Lundgren,false
i-NHqTsXnUVsZFg94vA6SKDr,Acko Ankarberg Johansson,true
i-NHqTsXnUVsZFg94vA6SKDr,AnnCharlotte Acko Linnea Cecilia Ankarberg Johansson,false
i-NHqTsXnUVsZFg94vA6SKDr,AnnCharlotte Ankarberg Johansson,false
i-NHw95kX8a7uJwtsEiC7CCA,Ekenstam,false
i-NHw95kX8a7uJwtsEiC7CCA,Thure Adolf Reinhold Ekenstam,false
i-NHw95kX8a7uJwtsEiC7CCA,Thure Ekenstam,true
i-NHxJzkDKoaBrxfLh9qrfnH,Pyry Niemi,true
i-NJ3F1x3TAusoKGWhKxXUFd,Bengt Gustaf Adolf Rosén,false
i-NJ3F1x3TAusoKGWhKxXUFd,Bengt Rosén,true
i-NJ3F1x3TAusoKGWhKxXUFd,Rosén,false
i-NJZoKqxvbBjg3XW7WXGhgL,Erik Ezelius,true
i-NKRTEKkMqyNZNU9RaYZLPC,Klas Värner Rydén,false
i-NKRTEKkMqyNZNU9RaYZLPC,Rydén,false
i-NKRTEKkMqyNZNU9RaYZLPC,Värner Rydén,true
i-NKRxJt2rbFwrUqLazLAyQv,Janne Jansson,true
i-NKRxJt2rbFwrUqLazLAyQv,Jansson,false
i-NKRxJt2rbFwrUqLazLAyQv,Johan Edvard Jansson,false
i-NKuQwruQt6jPqe9HjhAPN9,Björn Rubenson,true
i-NKzSxxNNCzFqSPzifVCwhC,Ernst Wilhelm Tage Larfors,false
i-NKzSxxNNCzFqSPzifVCwhC,Larfors,false
i-NKzSxxNNCzFqSPzifVCwhC,Tage Larfors,true
i-NL7diR4akXo8kPQqH1AYXQ,Frans Fredrik Mæchel,false
i-NL7diR4akXo8kPQqH1AYXQ,Frans Mæchel,true
i-NL7diR4akXo8kPQqH1AYXQ,Maechel,false
i-NLBMxEvbLF63U4eqdbsfQX,Bengt Gustavsson,true
i-NLBMxEvbLF63U4eqdbsfQX,Gustavsson,false
i-NLFRuQv3eVwwaX42iu19Aj,Sten Östlund,true
i-NLFRuQv3eVwwaX42iu19Aj,Östlund,false
i-NLfT4RS4huMCGpWx1zB8Ag,Bager,false
i-NLfT4RS4huMCGpWx1zB8Ag,Erling Bager,true
i-NLfT4RS4huMCGpWx1zB8Ag,Erlinger Bager,false
i-NLt55Gvfwvazfzsd2tUdNF,Carl Fredrik Reinhold Tenger,false
i-NLt55Gvfwvazfzsd2tUdNF,Carl Tenger,true
i-NLt55Gvfwvazfzsd2tUdNF,Tenger,false
i-NLuwH3Vu8NmvN7zw5NReuH,Fredrik Hierta,true
i-NLuwH3Vu8NmvN7zw5NReuH,Fredrik Philip Hierta,false
i-NLuwH3Vu8NmvN7zw5NReuH,Hierta,false
i-NLzshao9Cmsn2Jeq1LSVtD,Anders Sven Hedqvist,false
i-NLzshao9Cmsn2Jeq1LSVtD,Hedqvist,false
i-NLzshao9Cmsn2Jeq1LSVtD,Sven Hedqvist,true
i-NM4JSUNPGVjYidFrSmDezr,Bäckström,false
i-NM4JSUNPGVjYidFrSmDezr,Fredrik Anshelm Bäckström,true
i-NNDCvCJ5phv6mYun1CKjKP,Anders Gunnar Hilding Löwegren,false
i-NNDCvCJ5phv6mYun1CKjKP,Gunnar Löwegren,true
i-NNDCvCJ5phv6mYun1CKjKP,Löwegren,false
i-NNZciz6agDWw8ire9vG2gs,Gunnar Ström,true
i-NNZciz6agDWw8ire9vG2gs,Karl Gunnar Ström,false
i-NNZciz6agDWw8ire9vG2gs,Ström,false
i-NNg3rVUKuVF2eKT1NULEhB,Bertil Josef Zachrisson,false
i-NNg3rVUKuVF2eKT1NULEhB,Bertil Zachrisson,true
i-NNg3rVUKuVF2eKT1NULEhB,Zachrisson,false
i-NNhPzvjeHh32gPioNpR9c2,Johan Petter Johnsson,true
i-NNhPzvjeHh32gPioNpR9c2,Johnsson,false
i-NPMM73nBsFa28WURUs95Rr,Bernhard Olsson,true
i-NPMM73nBsFa28WURUs95Rr,Olof Bernhard Olsson,false
i-NPMM73nBsFa28WURUs95Rr,Olsson,false
i-NPaHZmLBpwn5suNf7XNkx5,Rikard Hugo Leonard Westerdahl,false
i-NPaHZmLBpwn5suNf7XNkx5,Rikard Westerdahl,true
i-NPaHZmLBpwn5suNf7XNkx5,Westerdahl,false
i-NQQcuVwaHyp9FY5WdBQWCw,Peter Törnqvist,true
i-NQQcuVwaHyp9FY5WdBQWCw,Törnqvist,false
i-NQUmGdiAWFG3ahyYZuibTj,Angur,false
i-NQUmGdiAWFG3ahyYZuibTj,Curt Angur,true
i-NQUmGdiAWFG3ahyYZuibTj,Curt Fredrik Angur,false
i-NQUmGdiAWFG3ahyYZuibTj,Kurt Fredrik Angur,false
i-NQX3X3edpeqDbQG4eYhZLk,Birath,false
i-NQX3X3edpeqDbQG4eYhZLk,Bror Birath,true
i-NQX3X3edpeqDbQG4eYhZLk,Bror Karl Birath,false
i-NQZ6qqzbReeUeRJkTrtEVf,Brehmer,false
i-NQZ6qqzbReeUeRJkTrtEVf,Svante Wilhelm Edvard Brehmer,false
i-NQZ6qqzbReeUeRJkTrtEVf,Wilhelm Brehmer,true
i-NRL4ihTDbU85MZraYMoTJm,Blomberg,false
i-NRL4ihTDbU85MZraYMoTJm,Carl Johan Blomberg,true
i-NRP8DZt1PRnZPoikaW4zCP,Axel Rappe,true
i-NRWqqo7iPdzBV8QrJyKnQb,Johan Forssell,true
i-NRb4HpaQ87qUwhLNcKt7Gz,Annika Qarlsson,true
i-NSMFyosx2ufUQRs2ESaadd,Ingvar Albert Lindell,false
i-NSMFyosx2ufUQRs2ESaadd,Ingvar Lindell,true
i-NSfbkqtwSA3EJMSbeYA7nA,Dzenan Cisija,false
i-NSfbkqtwSA3EJMSbeYA7nA,Dženan Cišija,true
i-NSnsgBLSVBPDzeSD4qfYMP,Anders Axelson,true
i-NSnsgBLSVBPDzeSD4qfYMP,Anders Emil Walentin Axelson,false
i-NSnsgBLSVBPDzeSD4qfYMP,Axelson,false
i-NSwU5FAq5WTyjfKcM5YMe,Johan Permansson,true
i-NSwU5FAq5WTyjfKcM5YMe,Permansson,false
i-NT26jVmWSyHCVY7e5oWPHU,Margareta Lorentzen,true
i-NT75obxLBoaFhrcH4Lcdc7,Åke Svensson,true
i-NTF6kePtiqx4iiQCnQQ4Xe,John Samy Nisser,false
i-NTF6kePtiqx4iiQCnQQ4Xe,Nisser,false
i-NTF6kePtiqx4iiQCnQQ4Xe,Samy Nisser,true
i-NTPEMaM44h4hpg5fcfiKFw,Carl Grafström,true
i-NTPEMaM44h4hpg5fcfiKFw,Carl Johan Grafström,false
i-NTPEMaM44h4hpg5fcfiKFw,Grafström,false
i-NTXLkayNLx1xKQsGQibNYd,Leissner,false
i-NTXLkayNLx1xKQsGQibNYd,Maria Leissner,true
i-NTmUF9Q5Y6ggqssbkX2Y1o,Johan August Larsson,false
i-NTmUF9Q5Y6ggqssbkX2Y1o,Johan Larsson,true
i-NTmUF9Q5Y6ggqssbkX2Y1o,Larsson,false
i-NTo46aEAeCUp4wSLczy4Dd,Hedström,false
i-NTo46aEAeCUp4wSLczy4Dd,Johannes Hedström,true
i-NU3HPSXKRWGcdWfzmr5Vhd,Åsa Coenraads,true
i-NU6x9tMTEWYvgbt2N6RDK,Gösta Netzén,true
i-NU6x9tMTEWYvgbt2N6RDK,Klas Gösta Netzén,false
i-NU6x9tMTEWYvgbt2N6RDK,Netzén,false
i-NU8tJB6guueShtb7ryAmaQ,Andersson,false
i-NU8tJB6guueShtb7ryAmaQ,Rolf Andersson,true
i-NU8tJB6guueShtb7ryAmaQ,Rolf Bertil Andersson,false
i-NUNgu3XySvrY4JbkuAxuTn,Erik Wetter,true
i-NUNgu3XySvrY4JbkuAxuTn,Wetter,false
i-NUTj2DuiBi7V61Rx9hL2wD,Ahlström,false
i-NUTj2DuiBi7V61Rx9hL2wD,Inger Ahlström,false
i-NUTj2DuiBi7V61Rx9hL2wD,Inger Evelyn Wickzén,false
i-NUTj2DuiBi7V61Rx9hL2wD,Inger Evelyn Wold Ahlström,false
i-NUTj2DuiBi7V61Rx9hL2wD,Inger Wickzén,true
i-NUTj2DuiBi7V61Rx9hL2wD,Wickzén,false
i-NUgmBnxewWGjYZiMZQ7x8H,Axell,false
i-NUgmBnxewWGjYZiMZQ7x8H,Johan Severin Axell,true
i-NUhYXK95cGgsUQKDX1AbRY,Andersson,false
i-NUhYXK95cGgsUQKDX1AbRY,Johannes Andersson,true
i-NUyYiA4FVLLPSAatcw4E1K,Berglöf,false
i-NUyYiA4FVLLPSAatcw4E1K,Frans Berglöf,true
i-NUyYiA4FVLLPSAatcw4E1K,Frans Johan Erland Berglöf,false
i-NVM2gMwP8i4wNF5q2mTCw2,Karl-Erik Persson,true
i-NVM2gMwP8i4wNF5q2mTCw2,Persson,false
i-NVas7B7uQTiMw4d6EGPVqz,Sven Otto Julius Littorin,false
i-NVas7B7uQTiMw4d6EGPVqz,Sven Otto Littorin,true
i-NW2TEoH8XmW9aSn2aKJ8EA,Anders Ingvar Ygeman,false
i-NW2TEoH8XmW9aSn2aKJ8EA,Anders Ygeman,true
i-NW9amfhpK6mEn3WxKi9YQ9,Alfred Fock,true
i-NW9amfhpK6mEn3WxKi9YQ9,Alfred Henrik Edvard Fock,false
i-NW9amfhpK6mEn3WxKi9YQ9,Fock,false
i-NWjcGTLPrVzhsv5pBHnJbA,Jörgen Nilsson,false
i-NWjcGTLPrVzhsv5pBHnJbA,Jörgen Ullenhag,true
i-NWjcGTLPrVzhsv5pBHnJbA,Ullenhag,false
i-NXNY6RqNuERrrfDVTJBFkt,Eriksson,false
i-NXNY6RqNuERrrfDVTJBFkt,Ingvar Eriksson,true
i-NXVu1uSz88q8akfjPn7wos,Gertrud Ellen Maria Hedberg,false
i-NXVu1uSz88q8akfjPn7wos,Gertrud Hedberg,true
i-NXj58dUGKZNY5mhhE2y1sm,Göran Lindell,true
i-NXkJirA9Eh3xDV8PPU3eVE,Kent Ekeroth,true
i-NYZezSxBgjPTPYNgjDJ97Z,Almén,false
i-NYZezSxBgjPTPYNgjDJ97Z,Frans Almén,true
i-NYZezSxBgjPTPYNgjDJ97Z,Frans Edvard Almen,false
i-NZES3NTTAs3ZaBTU3RVkYE,Lars Erik Ansgar Leijonborg,false
i-NZES3NTTAs3ZaBTU3RVkYE,Lars Leijonborg,true
i-NZES3NTTAs3ZaBTU3RVkYE,Lars Lejonborg,false
i-NZES3NTTAs3ZaBTU3RVkYE,Leijonborg,false
i-NZRf7Xd1VhfbXox6hjDxr3,Erik Eurén,true
i-NZRf7Xd1VhfbXox6hjDxr3,Eurén,false
i-NZuEyns3RhUEdS4Z93nD6B,Grape,false
i-NZuEyns3RhUEdS4Z93nD6B,Johan Grape,true
i-NaB2cvgwB4zVi98HPFcvof,Kristina Marie Yngwe,false
i-NaB2cvgwB4zVi98HPFcvof,Kristina Yngwe,true
i-NaFhWaiMc52HPNdwF2XNnq,Ekenman,false
i-NaFhWaiMc52HPNdwF2XNnq,Fredrik Ekenman,false
i-NaFhWaiMc52HPNdwF2XNnq,Johan Fredrik Ekenman,true
i-NasoKo22FEwsYPxLF5Y2fq,Karl Emil Wirsell,false
i-NasoKo22FEwsYPxLF5Y2fq,Karl Wirsell,true
i-NasoKo22FEwsYPxLF5Y2fq,Wirsell,false
i-NbVtMbT3TLcJhJsLKu8B88,Bergström,false
i-NbVtMbT3TLcJhJsLKu8B88,Lars Wilhelm Bergström,true
i-NbYfhm8ZWHtRw5CgJqJe42,Helena Höij,true
i-NbkL3mYFecndK1Nw9zKCcW,Caap,false
i-NbkL3mYFecndK1Nw9zKCcW,Torsten Caap,true
i-NcNpR3AeCZsDBMKh5QmGDW,Ernst Johan Henrik Wrede,false
i-NcNpR3AeCZsDBMKh5QmGDW,Ernst Johan Lars Henrik Wrede,false
i-NcNpR3AeCZsDBMKh5QmGDW,Henrik Wrede,true
i-NcNpR3AeCZsDBMKh5QmGDW,Wrede af Elimä,false
i-NdZbCeRpyiTPZMpjifyckg,Nina Larsson,true
i-NdZbCeRpyiTPZMpjifyckg,Nina Therese Larsson,false
i-NdmzAJFCHr1sfnsvdVwR4y,Karl Johan Daniel Schlyter,false
i-NdmzAJFCHr1sfnsvdVwR4y,Karl Schlyter,true
i-NdmzAJFCHr1sfnsvdVwR4y,Schlyter,false
i-Ne213pHtAfpu4FeoLZ9c8T,Eriksson,false
i-Ne213pHtAfpu4FeoLZ9c8T,Etty Daily Junis Aurora Eriksson,false
i-Ne213pHtAfpu4FeoLZ9c8T,Etty Eriksson,true
i-Ne4F7vccLMqFUV7wJQSAZU,Aarnseth,false
i-Ne4F7vccLMqFUV7wJQSAZU,Fredrik Aarnseth,true
i-Ne4F7vccLMqFUV7wJQSAZU,Fredrik Olsen Aarnseth,false
i-NeK6yfK9UWR5UcJLNbhtMB,Tham,false
i-NeK6yfK9UWR5UcJLNbhtMB,Vollrath Henrik Sebastian Tham,false
i-NeK6yfK9UWR5UcJLNbhtMB,Vollrath Tham,true
i-NeTAuRpvnph7pbgbLpZxig,Abelin,false
i-NeTAuRpvnph7pbgbLpZxig,Gustaf Rudolf Abelin,true
i-NeYACd8NSiYWBhdiUeL6ZZ,Aurelius,false
i-NeYACd8NSiYWBhdiUeL6ZZ,Nils Fredrik Aurelius,true
i-Nfefw2AzQQfkcFrzhoV9Cj,Eliza Roszkowska Öberg,true
i-Nfj8aaBEavMevGi2Ki9YJ9,Johannes Örtqvist,true
i-Nfj8aaBEavMevGi2Ki9YJ9,Örtqvist,false
i-NgCTKqp2fs7ZtdGdg2MLiL,Biörsmark,false
i-NgCTKqp2fs7ZtdGdg2MLiL,Karl-Göran Biörsmark,true
i-NgRqP97WVPKTC9FDUsdvD1,Margit Odelsparr,true
i-NgRqP97WVPKTC9FDUsdvD1,Odelsparr,false
i-NgcEAjjDpm3FVNBxiWvS8X,Olle Svensson,true
i-NgcEAjjDpm3FVNBxiWvS8X,Olov Fritiof Sören Svensson,false
i-NgcEAjjDpm3FVNBxiWvS8X,Svensson,false
i-Nhf4qG5vYhmYKAzZDTvxY8,Bengt A. Klang,true
i-Nhf4qG5vYhmYKAzZDTvxY8,Bengt Alfred Klang,false
i-NhqvviMR3JAxbwn9T7i1dL,Claes-Göran Brandin,true
i-NiA1dyx2BSWz4KdDJzotg9,John Philipson,true
i-NiA1dyx2BSWz4KdDJzotg9,Philipson,false
i-NiB95uYMKuEy1YLUw1VQTF,Ohlsson,false
i-NiB95uYMKuEy1YLUw1VQTF,Ola Ohlsson,true
i-NiB95uYMKuEy1YLUw1VQTF,Ola Olsson,false
i-NiSr8UGD9MJBBa8VfYwMT7,Carl Fredrik Wachtmeister,false
i-NiSr8UGD9MJBBa8VfYwMT7,Fredrik Wachtmeister,true
i-NiSr8UGD9MJBBa8VfYwMT7,Wachtmeister af Johannishus,false
i-Niq4WHb47qWzpgYWbjAE2Y,Brännberg,false
i-Niq4WHb47qWzpgYWbjAE2Y,Carl Brännberg,true
i-Niq4WHb47qWzpgYWbjAE2Y,Carl Magnus Brännberg,false
i-Niq4WHb47qWzpgYWbjAE2Y,Carl Magnus Larsson Brännberg,false
i-Niq4WHb47qWzpgYWbjAE2Y,Karl Brännberg,false
i-Niq4WHb47qWzpgYWbjAE2Y,Karl Magnus Brännberg,false
i-NirXfc8JiwP3Ssuz3NR6e2,Annie Johansson,false
i-NirXfc8JiwP3Ssuz3NR6e2,Annie Lööf,true
i-NitmBU2XuyDYuE6qq4P2Ez,Kristian Kasper Schönbeck,false
i-NitmBU2XuyDYuE6qq4P2Ez,Kristian Schönbeck,true
i-NitmBU2XuyDYuE6qq4P2Ez,Schönbeck,false
i-NiuBLX8hzt3w2Uyev12Wbt,Krister Hammarbergh,true
i-Nj6rnCfHps9ZzFLuPuYaNj,Egon Frid,true
i-Nj7HuGQ88mFpcSi8oRq6W7,Söderhielm,false
i-Nj7HuGQ88mFpcSi8oRq6W7,Wilhelm August Söderhielm,false
i-Nj7HuGQ88mFpcSi8oRq6W7,Wilhelm Söderhielm,false
i-Nj7HuGQ88mFpcSi8oRq6W7,Wilhelm Söderhjelm,true
i-NjP1xjERFHKgSe8SCzjx72,Adlersparre,false
i-NjP1xjERFHKgSe8SCzjx72,Rudolf Adlersparre,true
i-NkVGh5tNcR8q8HeUHVc5qM,Andersson,false
i-NkVGh5tNcR8q8HeUHVc5qM,Carl Valter Martin Andersson,false
i-NkVGh5tNcR8q8HeUHVc5qM,Karl Valter Martin Andersson,false
i-NkVGh5tNcR8q8HeUHVc5qM,Karl Walter Martin Andersson,false
i-NkVGh5tNcR8q8HeUHVc5qM,Martin Andersson,true
i-NkaedKPUC6Wxbu2fCCcCWq,Erik Daniel Svedberg,false
i-NkaedKPUC6Wxbu2fCCcCWq,Erik Svedberg,true
i-NkaedKPUC6Wxbu2fCCcCWq,Svedberg,false
i-Nki2B38U2WzX6F4tb79yvm,Ernst Göransson,true
i-Nki2B38U2WzX6F4tb79yvm,Göransson,false
i-NkimLMCqoAFthHer3924Cr,Henrik Henriksson,true
i-NkimLMCqoAFthHer3924Cr,Henriksson,false
i-NmueiFizRFn3MBnMtZpniz,Hegardt,false
i-NmueiFizRFn3MBnMtZpniz,Henrik Hegardt,true
i-NmueiFizRFn3MBnMtZpniz,Johan Henrik Bernhard Hegardt,false
i-Nn2dRsVQuZeCCPQApM5Pkz,Eric Gustaf Henning Peterson,false
i-Nn2dRsVQuZeCCPQApM5Pkz,Eric Peterson,true
i-Nn2dRsVQuZeCCPQApM5Pkz,Peterson,false
i-NnhYYoKk46XpcaL5skjzn9,Eneroth,false
i-NnhYYoKk46XpcaL5skjzn9,Johan Daniel Eneroth,false
i-NnhYYoKk46XpcaL5skjzn9,Johan Eneroth,true
i-NnnjpbjTFUH5mHJLVXoKZ1,Bergström,false
i-NnnjpbjTFUH5mHJLVXoKZ1,Britta Bergström,true
i-NnpKv1jQ35nEzhxytcGTFh,Esse Petersson,true
i-NnpKv1jQ35nEzhxytcGTFh,Petersson,false
i-Nomzzr8hpB6hLK4nzs5RSL,Anna Cecilia Brinck,false
i-Nomzzr8hpB6hLK4nzs5RSL,Cecilia Brinck,true
i-NpH9yMBX9F5REgmdLDF5Nm,Brohult,false
i-NpH9yMBX9F5REgmdLDF5Nm,Johan Axel Brohult,false
i-NpH9yMBX9F5REgmdLDF5Nm,Johan Brohult,true
i-NpP8YUnngHY9XSGASPWpn,Carl Sandquist,true
i-NpP8YUnngHY9XSGASPWpn,Sandquist,false
i-NpYu9kZvHiHza34nmSzJbW,Erik Abraham Indebetou,false
i-NpYu9kZvHiHza34nmSzJbW,Erik Indebetou,true
i-NpYu9kZvHiHza34nmSzJbW,Indebetou,false
i-NpiYGRCjAeQvA5mFfD2u9A,Anders Larsson,true
i-NpiYGRCjAeQvA5mFfD2u9A,Larsson,false
i-Npvsh3phpeCGTnJKdEkFPt,Natt och Dag,false
i-Npvsh3phpeCGTnJKdEkFPt,Svante Natt och Dag,true
i-Nq3xSZmtPGFrr9syY6htFY,Jonsson,false
i-Nq3xSZmtPGFrr9syY6htFY,Per Henning Jonsson,false
i-Nq3xSZmtPGFrr9syY6htFY,Per Jonsson,true
i-NqLemoQyCCUKJYxqL8AqiZ,Anders Fredrik Beckman,true
i-NqLemoQyCCUKJYxqL8AqiZ,Beckman,false
i-NqsVYK7WE522ZKgDBho7e1,Axel Casper Lexow,false
i-NqsVYK7WE522ZKgDBho7e1,Casper Lexow,true
i-NqsVYK7WE522ZKgDBho7e1,Lexow,false
i-Nqttu8XJC5EZyWqTjiqgeg,David Lindvall,true
i-Nr9KDuEPfWTuJ73jyaxaJy,Salomon Gottschalk von Geijer,true
i-Nr9KDuEPfWTuJ73jyaxaJy,von Geijer,false
i-NrbxPf13DGzMk6GuWQTaKk,Anderson,false
i-NrbxPf13DGzMk6GuWQTaKk,Carl Albert Anderson,true
i-Nrcr4pASLC3oMH343ZCQcV,Alfred Pettersson,true
i-Nrcr4pASLC3oMH343ZCQcV,Pettersson,false
i-Nre8fi7HK94Y9oFMQA6s2G,Johan Fredrik Kjellén,true
i-Nre8fi7HK94Y9oFMQA6s2G,Kjellén,false
i-NsEcawcPFxG7A1XTHfWDbD,Christine Jönsson,true
i-NsteJNfJARKTSeyWkx5a3f,Gustaf Högstedt,true
i-NsteJNfJARKTSeyWkx5a3f,Högstedt,false
i-NsteJNfJARKTSeyWkx5a3f,J Gustaf O Högstedt,false
i-NsteJNfJARKTSeyWkx5a3f,Jonas Gustaf Oscar Högstedt,false
i-Nt4pNgA34uwRm35dkuus2r,Fredholm,false
i-Nt4pNgA34uwRm35dkuus2r,Lars Fredholm,true
i-NtAghgWKXbCbp71kP5bz72,Roger Lamell,true
i-NtHFSRzQp57LWBaPAdpLPR,Annika Elisabeth Öhrström,false
i-NtHFSRzQp57LWBaPAdpLPR,Annika Öhrström,true
i-NtHFSRzQp57LWBaPAdpLPR,Öhrström,false
i-NtZkf2mFJXvC9PJ1aMWzTd,Johan Jacob Nordström,false
i-NtZkf2mFJXvC9PJ1aMWzTd,Johan Jakob Nordström,true
i-NtZkf2mFJXvC9PJ1aMWzTd,Nordström,false
i-Nu7SXhznjuZtFudgGtuJU,Birger Möller,true
i-Nu7SXhznjuZtFudgGtuJU,Möller,false
i-NuUQ271ksGnkdAfCXSp6rQ,Pehr Pehrsson,true
i-NuUQ271ksGnkdAfCXSp6rQ,Pehrsson,false
i-Nv3mVEtdkyLKd6ob3bcAA1,Fritiof Karlsson,true
i-Nv3mVEtdkyLKd6ob3bcAA1,Karlsson,false
i-Nv77dySLCrLFFtvFyZSdjG,Allan Larsson,true
i-Nv77dySLCrLFFtvFyZSdjG,Larsson,false
i-Nvqe2jaQsApDXYR71gisyr,Albert Petersson,false
i-Nvqe2jaQsApDXYR71gisyr,Gustaf Albert Petersson,true
i-Nvqe2jaQsApDXYR71gisyr,Petersson,false
i-NvxzaU2RSok83zCskNAuhg,Kerstin Irene Sandborg,false
i-NvxzaU2RSok83zCskNAuhg,Kerstin Sandborg,true
i-NvxzaU2RSok83zCskNAuhg,Sandborg,false
i-Nw1BixNYEx4A73f3PxvXwj,Carl Olsén,true
i-Nw1BixNYEx4A73f3PxvXwj,Olsén,false
i-NwFsYdDsyNBsSsUhXsXfnr,Harald Åkerberg,true
i-NwFsYdDsyNBsSsUhXsXfnr,Olof Harald Åkerberg,false
i-NwFsYdDsyNBsSsUhXsXfnr,Åkerberg,false
i-NwhdVgupCWjkZSqQNMjJnp,August Nilsson,true
i-NwhdVgupCWjkZSqQNMjJnp,Nils August Nilsson,false
i-NwhdVgupCWjkZSqQNMjJnp,Nilsson,false
i-Nx64JS4emGspRCgWhqbLGE,Carl Göran Detlof Mörner af Morlanda,true
i-Nx64JS4emGspRCgWhqbLGE,Carl Göran Mörner,false
i-Nx64JS4emGspRCgWhqbLGE,Mörner af Morlanda,false
i-Nx7tJo5sSnFH8Zn6RCKVmm,Karl Lundberg,true
i-Nx7tJo5sSnFH8Zn6RCKVmm,Lundberg,false
i-NxPcianuZHth2cbKV2cbFV,Erik Ivar Tobé,false
i-NxPcianuZHth2cbKV2cbFV,Erik Tobé,true
i-NxPcianuZHth2cbKV2cbFV,Tobé,false
i-NxhWABYZtDAg5RbsxD7VBv,Klingvall,false
i-NxhWABYZtDAg5RbsxD7VBv,Maj-Inger Klingvall,true
i-Ny14vKXWnUPVbEj87JFh39,Berg,false
i-Ny14vKXWnUPVbEj87JFh39,Richard Berg,true
i-Ny14vKXWnUPVbEj87JFh39,Richard Vilhelm Timoleon Berg,false
i-Ny14vKXWnUPVbEj87JFh39,Richard Wilhelm Timoleon Berg,false
i-Ny58gwGv1z41VZUMyyA7fF,Eva Bengtsson,true
i-Ny7BBxNq5BQZ7g1mbWQpy4,J L Osvald Toll,false
i-Ny7BBxNq5BQZ7g1mbWQpy4,Johan Ludvig Osvald Toll,false
i-Ny7BBxNq5BQZ7g1mbWQpy4,Osvald Toll,true
i-Ny7BBxNq5BQZ7g1mbWQpy4,Oswald Toll,false
i-Ny7BBxNq5BQZ7g1mbWQpy4,Toll,false
i-NyMtKzHTNQNABExAsiB74y,Johan Petersson,true
i-NyMtKzHTNQNABExAsiB74y,Petersson,false
i-NyXnCsx8Yu37D945qJCovr,Sten Söderpalm-Berndes,true
i-NykMZF95yM2zdf9NMBtont,Gustaf Lagerbjelke,true
i-NykMZF95yM2zdf9NMBtont,Lagerbjelke,false
i-Nywj47pd422wBAiv8K2vPV,Jan Ertsborn,true
i-Nz6uZVP5sNpeN6m9P5Fqet,B. Sundelin,false
i-Nz6uZVP5sNpeN6m9P5Fqet,Bernhard Sundelin,true
i-Nz6uZVP5sNpeN6m9P5Fqet,Sundelin,false
i-NzHKC9iUGaf1xUAcp3VKCA,Inger Lundberg,true
i-NzHKC9iUGaf1xUAcp3VKCA,Lundberg,false
i-NzZ2Ac6u7JyPToGuko7BuS,Andersson,false
i-NzZ2Ac6u7JyPToGuko7BuS,Karl Andersson,true
i-NzZ2Ac6u7JyPToGuko7BuS,Karl Teodor Andersson,false
i-NzZuEtFUCvD2Ncn4y2Vt3n,Johan Wilhelm Lyckholm,true
i-NzZuEtFUCvD2Ncn4y2Vt3n,Lyckholm,false
i-P1PVLR9JBCoMx1Soi963iM,Arvid Kempe,true
i-P1PVLR9JBCoMx1Soi963iM,Johan Arvid Kempe,false
i-P1PVLR9JBCoMx1Soi963iM,Kempe,false
i-P1bT74zsjrwBGFW3wtRoeV,Jon Peter Wieselgren,true
i-P1bT74zsjrwBGFW3wtRoeV,Wieselgren,false
i-P1efbUFx2TJLN3ZrfkaSuG,Kerstin Kristiansson Karlstedt,true
i-P21DXFAJnPHYdbCChuhTAb,Axel Herman Landgren,false
i-P21DXFAJnPHYdbCChuhTAb,Axel Landgren,true
i-P21DXFAJnPHYdbCChuhTAb,Landgren,false
i-P26VDtEnoPyN655NnpmZ7H,August Oléhn,true
i-P26VDtEnoPyN655NnpmZ7H,Carl August Oléhn,false
i-P26VDtEnoPyN655NnpmZ7H,Oléhn,false
i-P2BT9dmwBh4BDNnNdWYpFm,Almén,false
i-P2BT9dmwBh4BDNnNdWYpFm,August Almén,true
i-P2BT9dmwBh4BDNnNdWYpFm,August Teodor Almén,false
i-P2BT9dmwBh4BDNnNdWYpFm,August Theodor Almén,false
i-P2Qeo7VM9UV2RSExyEhtHW,Jenny Eva Erika Petersson,false
i-P2Qeo7VM9UV2RSExyEhtHW,Jenny Petersson,true
i-P2VosZDBLieC2KgU9A7EkA,Sandberg,false
i-P2VosZDBLieC2KgU9A7EkA,Torsten Sandberg,true
i-P2YPePz4jjw6K9wQgfRpxH,Arvid Laurin,true
i-P2YPePz4jjw6K9wQgfRpxH,Arvid Vilhelm Laurin,false
i-P2YPePz4jjw6K9wQgfRpxH,Arvid Vilhelm Timoteus Laurin,false
i-P2YPePz4jjw6K9wQgfRpxH,Laurin,false
i-P2ssmzM1m8o1FzBe1Uiez7,Conny Fredriksson,true
i-P2x4fiHNXrW2XTzJZRJeJJ,Bengt-Anders Johansson,true
i-P3CWVCc7s2SUP3VZ4nTWtN,Gustaf Sandström,true
i-P3CWVCc7s2SUP3VZ4nTWtN,Sandström,false
i-P3dC4LeKcDypuSdFykN44g,Bäcklund,false
i-P3dC4LeKcDypuSdFykN44g,Helge Bäcklund,true
i-P3dC4LeKcDypuSdFykN44g,Helge KV Bäcklund,false
i-P3dC4LeKcDypuSdFykN44g,Helge Karl Vilhelm Bäcklund,false
i-P3j8nohtVPkhLKxtYDzRvN,Björkman,false
i-P3j8nohtVPkhLKxtYDzRvN,Gustav Björkman,true
i-P3j8nohtVPkhLKxtYDzRvN,Per Gustav Björkman,false
i-P3xm4ZiLR6VTYmHADsnXPS,Ivar Sefve,true
i-P3xm4ZiLR6VTYmHADsnXPS,Sefve,false
i-P3xm4ZiLR6VTYmHADsnXPS,Sven Ivar Sefve,false
i-P4Whrc3PQ9jPwPpdLqCHem,Claes Elmstedt,true
i-P4Whrc3PQ9jPwPpdLqCHem,Claes Yngve Elmstedt,false
i-P4Whrc3PQ9jPwPpdLqCHem,Elmstedt,false
i-P4Y3BzQFMGTuxEFP63gMh9,Bäckström,false
i-P4Y3BzQFMGTuxEFP63gMh9,Johan Magnus Bäckström,false
i-P4Y3BzQFMGTuxEFP63gMh9,Magnus Bäckström,true
i-P4bPUPyGmqoAqg292wWb7Z,Nordgren,false
i-P4bPUPyGmqoAqg292wWb7Z,Oliva Lovisa Larsdotter,false
i-P4bPUPyGmqoAqg292wWb7Z,Olivia Nordgren,true
i-P4eb32pJuMuR38f1bgmB9P,Rocío Fernández,true
i-P5ebaA4LxLzZVfc4JTiomh,Anna Elisabet Hasund Lasses,false
i-P5ebaA4LxLzZVfc4JTiomh,Anna Lasses,true
i-P5rm7iQUw3XVJTWZFFCrNR,Torgny Danielsson,true
i-P6TwttaX1e5LvukZixBLVM,Carl Einar Konstantin Johansson,false
i-P6TwttaX1e5LvukZixBLVM,Carl Ejnar Konstantin Johansson,false
i-P6TwttaX1e5LvukZixBLVM,Einar Johansson,true
i-P6TwttaX1e5LvukZixBLVM,Johansson,false
i-P6TwttaX1e5LvukZixBLVM,Karl Einar Konstantin Johansson,false
i-P769SjFVauFy2g8JW9w9Ft,Jadestig,false
i-P769SjFVauFy2g8JW9w9Ft,Thure Jadestig,true
i-P769SjFVauFy2g8JW9w9Ft,Thure Reinhold Jadestig,false
i-P7DJ3vtwny9pKuTijm192b,Karl Fritiof Mellén,false
i-P7DJ3vtwny9pKuTijm192b,Karl Mellén,true
i-P7DJ3vtwny9pKuTijm192b,Mellén,false
i-P7LkEj4bM3m8g8mZpPMrRi,Anderson,false
i-P7LkEj4bM3m8g8mZpPMrRi,Jan Anderson,true
i-P7TGK2n2dpWzSNyhKRBuZc,Christoffer Olsson,true
i-P7TGK2n2dpWzSNyhKRBuZc,Olsson,false
i-P7oVLGoBfbz4RGE5XkQtLN,Jan-Erik Wikström,true
i-P7oVLGoBfbz4RGE5XkQtLN,Wikström,false
i-P7ziZcNz8jtTwUom3CbCaV,Arvid Björk,true
i-P7ziZcNz8jtTwUom3CbCaV,Björk,false
i-P7ziZcNz8jtTwUom3CbCaV,Johan Arvid Björk,false
i-P84mtAGPEgpL2cHQ7rQVtx,Carlson,false
i-P84mtAGPEgpL2cHQ7rQVtx,Erik Wilhelm Carlson,false
i-P84mtAGPEgpL2cHQ7rQVtx,Wilhelm Carlson,true
i-P88Af4RwYqvjBGEZTpmSjT,Nilsson,false
i-P88Af4RwYqvjBGEZTpmSjT,Ola Nilsson,true
i-P8XgFPqiTRHFcNFh5XMfy8,Frans Gustaf Sandwall,false
i-P8XgFPqiTRHFcNFh5XMfy8,Frans Sandwall,true
i-P8XgFPqiTRHFcNFh5XMfy8,Sandwall,false
i-P8ZPJ9p6xnoWgmQpdcndL3,Erik Johansson,true
i-P8ZPJ9p6xnoWgmQpdcndL3,Erik Joël Johansson,false
i-P8ZPJ9p6xnoWgmQpdcndL3,Johansson,false
i-P8dcb8BV3PnFDCLJ87ZfqB,Erik Nygren,true
i-P8dcb8BV3PnFDCLJ87ZfqB,Erik Vilhelm Nygren,false
i-P8dcb8BV3PnFDCLJ87ZfqB,Nygren,false
i-P8h8Aj693FiJQPxoWLeh5g,Halvarsson,false
i-P8h8Aj693FiJQPxoWLeh5g,Hjalmar Halvarsson,true
i-P8q9oyKjWzPdBEfQeD8Vwa,Claesson,false
i-P8q9oyKjWzPdBEfQeD8Vwa,Viola Anita Claesson,false
i-P8q9oyKjWzPdBEfQeD8Vwa,Viola Claesson,true
i-P8ud9t2FDiNCN5TAFAsfAq,Johanna Haraldsson,true
i-P9GubMcG7734UATmDqDbFz,Hanna Broberg,true
i-P9bFN8SSP1kJQ1WgSreVT3,John Wilhelm Elis Walldén,false
i-P9bFN8SSP1kJQ1WgSreVT3,Walldén,false
i-P9bFN8SSP1kJQ1WgSreVT3,Wilhelm Walldén,true
i-P9fVT6wJo29FgZWPQLxr6o,Anna Grönlund Krantz,true
i-P9nLyGFtHFbJgFc7FvCGrD,Bolin,false
i-P9nLyGFtHFbJgFc7FvCGrD,Gustaf Bolin,true
i-P9uAUSLTPeppBWCVZui5CW,Karl Hilding Magnusson,false
i-P9uAUSLTPeppBWCVZui5CW,Karl Magnusson,true
i-P9uAUSLTPeppBWCVZui5CW,Magnusson,false
i-PAAsBHSeo27nKYvhCawhok,Adler,false
i-PAAsBHSeo27nKYvhCawhok,Nils Adler,true
i-PAAsBHSeo27nKYvhCawhok,Nils Mårten Adler,false
i-PACzfJgTHyt6F3z31oq8Hf,Eklundh,false
i-PACzfJgTHyt6F3z31oq8Hf,Robert Eklundh,true
i-PACzfJgTHyt6F3z31oq8Hf,Robert Vilhelm Alexander Magnus Eklundh,false
i-PAFjhcj8fovQ2oyQmhUZmW,Carl Oscar Taube,false
i-PAFjhcj8fovQ2oyQmhUZmW,Carl Taube,true
i-PAFjhcj8fovQ2oyQmhUZmW,Taube,false
i-PAHJzN9wsrWwnypt4CGE6R,Anderson,false
i-PAHJzN9wsrWwnypt4CGE6R,Andersson,false
i-PAHJzN9wsrWwnypt4CGE6R,Lars Anderson,true
i-PAHJzN9wsrWwnypt4CGE6R,Lars Andersson,false
i-PAfMpaW8KP2UfRTBpXARTc,Linda Madelen Westerlund Snecker,false
i-PAfMpaW8KP2UfRTBpXARTc,Linda W Snecker,false
i-PAfMpaW8KP2UfRTBpXARTc,Linda Westerlund Snecker,true
i-PAgTpr3nkZRPEoiqjPKQAf,Amanda Lind,true
i-PAgTpr3nkZRPEoiqjPKQAf,Amanda Sofia Margareta Lind,false
i-PAqLvMEztoGTfwmdBGUfyR,Peter Gunnar Ollén,false
i-PAqLvMEztoGTfwmdBGUfyR,Peter Ollén,true
i-PAzAsCu4kqGDh7tDGTkdF8,Andrée,false
i-PAzAsCu4kqGDh7tDGTkdF8,Torsten Andrée,true
i-PAzAsCu4kqGDh7tDGTkdF8,Torsten E Andrée,false
i-PAzAsCu4kqGDh7tDGTkdF8,Torsten Einar Andrée,false
i-PBE9ZPRGCggjwazqqWjA5q,Adolf Peter von Möller,false
i-PBE9ZPRGCggjwazqqWjA5q,Adolf von Möller,true
i-PBE9ZPRGCggjwazqqWjA5q,von Möller,false
i-PBEJiCDqE8eh8P4Tgw8kNj,Bratt,false
i-PBEJiCDqE8eh8P4Tgw8kNj,Gustaf Bratt,true
i-PBEJiCDqE8eh8P4Tgw8kNj,Gustaf Napoleon Eugène Bratt,false
i-PBNGhyBhmrTPJvpDckpqcL,August Gyldenstolpe,true
i-PBNGhyBhmrTPJvpDckpqcL,August Louis Fersen Gyldenstolpe,false
i-PBPTFYFgnRL4viQht1FnjJ,Jacob Larsson,true
i-PBPTFYFgnRL4viQht1FnjJ,Jacob Timoteus Larsson,false
i-PBPTFYFgnRL4viQht1FnjJ,Jacob Timotheus Larsson,false
i-PBPTFYFgnRL4viQht1FnjJ,Larsson,false
i-PBSxPmi2qJkmc16jpZDA6Y,Robert Halef,true
i-PBY6xTyev4UwnTAVK6VEAx,August Svensson Törngren,false
i-PBY6xTyev4UwnTAVK6VEAx,August Törngren,true
i-PBY6xTyev4UwnTAVK6VEAx,Törngren,false
i-PBaPNcb4iS5pYxuTSsBjY5,August Lundén,true
i-PBaPNcb4iS5pYxuTSsBjY5,August Wilhelm Lundén,false
i-PBaPNcb4iS5pYxuTSsBjY5,Lundén,false
i-PBkobHovYF6jX2Qt7dWLDz,Birger Axel Robert Petersson,false
i-PBkobHovYF6jX2Qt7dWLDz,Petersson,false
i-PBkobHovYF6jX2Qt7dWLDz,Robert Petersson,true
i-PBm4KteBC6gGmfGa91sNVC,Adam Reuterskiöld,true
i-PBqWqPgAnDmfCgCceV6hpq,Olsson,false
i-PBqWqPgAnDmfCgCceV6hpq,Oscar Broberg,true
i-PBqWqPgAnDmfCgCceV6hpq,Oscar Nathanael Olsson,false
i-PC4oT2tyKyYJuQaJQzYYce,Anders Jönsson,true
i-PC4oT2tyKyYJuQaJQzYYce,Jönsson,false
i-PCZa94z8d7wNLWZZ3RTfCp,Gustafsson,false
i-PCZa94z8d7wNLWZZ3RTfCp,Per Gustafsson,true
i-PCZa94z8d7wNLWZZ3RTfCp,Per Johan Gustafsson,false
i-PCZrYEHwPaEeNTZphEsWTv,Rigmor Ahlstedt,true
i-PCcpfQ2aH6sUUsvz9gDFxo,Andersson,false
i-PCcpfQ2aH6sUUsvz9gDFxo,Johan Andersson,true
i-PCnLWdAneV8F1KuKx6zYq3,Anders Johnson,true
i-PCzyK8veSHLeYJrKiYmXGZ,Andersson,false
i-PCzyK8veSHLeYJrKiYmXGZ,Elof Andersson,true
i-PDRRRaXKabL6avxH1jYjid,Harald Nordlund,true
i-PDTzFYBnpYVceoHa4kDdpX,Israel Per Otto Wilhelm Lagerfelt,false
i-PDTzFYBnpYVceoHa4kDdpX,Lagerfelt,false
i-PDTzFYBnpYVceoHa4kDdpX,Otto Lagerfelt,true
i-PDvEfAmYAgGTBhkGvyY7F4,Fälldin,false
i-PDvEfAmYAgGTBhkGvyY7F4,Nils Olof Torbjörn Fälldin,false
i-PDvEfAmYAgGTBhkGvyY7F4,Thorbjörn Fälldin,true
i-PE82t2ZM1cXUFYh6s7bmbx,Adolf Victor Renström,false
i-PE82t2ZM1cXUFYh6s7bmbx,Renström,false
i-PE82t2ZM1cXUFYh6s7bmbx,Victor Renström,true
i-PE82t2ZM1cXUFYh6s7bmbx,Wiktor Renström,false
i-PEJ1DBMnG7sGMU8qh8QjnF,John Erik Johnsson,false
i-PEJ1DBMnG7sGMU8qh8QjnF,John Johnsson,true
i-PEJ1DBMnG7sGMU8qh8QjnF,Johnsson,false
i-PF3w438tBaNGThYnFQ2iZL,A. Jönsson,false
i-PF3w438tBaNGThYnFQ2iZL,Anders Jönsson,true
i-PF3w438tBaNGThYnFQ2iZL,Jönsson,false
i-PFAPNmRqeUAaxDzNRTG1x1,Palmgren,false
i-PFAPNmRqeUAaxDzNRTG1x1,Sven Palmgren,true
i-PFfhQqDgW5cUmvLUuZEh1g,Mathias Bengtsson,true
i-PGGMhPVMnCH1MzSykNcAdQ,Burman,false
i-PGGMhPVMnCH1MzSykNcAdQ,Gulaifr Oskar Burman,false
i-PGGMhPVMnCH1MzSykNcAdQ,Oskar Burman,true
i-PHRNhFwHoTM7WGoisPA8cq,Hugo Osvald,true
i-PHRNhFwHoTM7WGoisPA8cq,Karl Hugo Osvald,false
i-PHRNhFwHoTM7WGoisPA8cq,Osvald,false
i-PHy3aVeqQ1j2XRnLWUQJrS,Ekholm,false
i-PHy3aVeqQ1j2XRnLWUQJrS,Fritz August Ekholm,false
i-PHy3aVeqQ1j2XRnLWUQJrS,Fritz Ekholm,true
i-PJ95RBBNwg7dza9xBXoQMV,Andersson,false
i-PJ95RBBNwg7dza9xBXoQMV,Gösta Andersson,true
i-PJ95RBBNwg7dza9xBXoQMV,Gösta Ludvig Andersson,false
i-PJBeSTQ9w73bwwYatiTwYp,De la Gardie,false
i-PJBeSTQ9w73bwwYatiTwYp,Magnus De la Gardie,true
i-PJBeSTQ9w73bwwYatiTwYp,Magnus Gabriel De la Gardie,false
i-PJHDozmY81d7YtBoCPhC71,Johan von Bahr,true
i-PJHDozmY81d7YtBoCPhC71,von Bahr,false
i-PJKBXfXpHaDpDM6hf92QnW,Anders Magnus Lundberg,false
i-PJKBXfXpHaDpDM6hf92QnW,Lundberg,false
i-PJKBXfXpHaDpDM6hf92QnW,Magnus Lundberg,true
i-PJU54SPshkkjQaYdL3wbfN,Anders Svensson,true
i-PJU54SPshkkjQaYdL3wbfN,Anders Swensson,false
i-PJU54SPshkkjQaYdL3wbfN,Swensson,false
i-PJmVtwGprmr9bqrPcQP73J,Nils Peter Nilsson,true
i-PJmVtwGprmr9bqrPcQP73J,Nilsson,false
i-PJvtkp2sUpKcdntrpjXwkE,Carl Ekström,true
i-PJvtkp2sUpKcdntrpjXwkE,Carl Henrik Rudolf Ekström,false
i-PJvtkp2sUpKcdntrpjXwkE,Carl Rudolf Ekström,false
i-PJvtkp2sUpKcdntrpjXwkE,Ekström,false
i-PJwS8PheA9nrAASc36mgK8,Berggren,false
i-PJwS8PheA9nrAASc36mgK8,Erik Berggren,true
i-PKgmTs8oN8k9vBBV2361YW,Oscar Emanuel Werner,false
i-PKgmTs8oN8k9vBBV2361YW,Oscar Werner,true
i-PKgmTs8oN8k9vBBV2361YW,Werner,false
i-PL6DQFxiGGxEadNJfLPFxL,Lars Johan Lönnberg,true
i-PL6DQFxiGGxEadNJfLPFxL,Lönnberg,false
i-PL9foi7u1XAv2BD9jUwAWg,Gummesson,false
i-PL9foi7u1XAv2BD9jUwAWg,Peter Gummesson,true
i-PLWwahyhL2fXnrUhGdbVjn,Adolf Berge,true
i-PLWwahyhL2fXnrUhGdbVjn,Berge,false
i-PLWwahyhL2fXnrUhGdbVjn,Nils Adolf Berge,false
i-PLrognpUof5bMmYtFYHNd1,Johan Oskar Jonson,false
i-PLrognpUof5bMmYtFYHNd1,Johan Oskar Jonsson,false
i-PLrognpUof5bMmYtFYHNd1,Jonson,false
i-PLrognpUof5bMmYtFYHNd1,Oskar Jonson,false
i-PLrognpUof5bMmYtFYHNd1,Oskar Jonsson,true
i-PMHdnyf7B6baPyjrwkYv5e,Hörberg,false
i-PMHdnyf7B6baPyjrwkYv5e,Nils Hörberg,true
i-PMx51X9QbaLUMtQNq6sVfz,Matilda Ernkrans,true
i-PN64tg77RLqQ93N6wdpSQ6,Jörgen Persson,true
i-PNeFaqmoEyPh7NxG7VzaUG,F. G. Janson,false
i-PNeFaqmoEyPh7NxG7VzaUG,Frans Gustaf Janson,true
i-PNeFaqmoEyPh7NxG7VzaUG,Janson,false
i-PNpuKbnfAZXfDt3FCHAXQV,Inge Ståhlgren,true
i-PNtNEDX6PkGV1MhkrC5uj1,Hulterström,false
i-PNtNEDX6PkGV1MhkrC5uj1,Sven Hulterström,true
i-PNtNEDX6PkGV1MhkrC5uj1,Sven Åke Hulterström,false
i-PNvieUM2GWTgmE61U6djzk,Joseph Samuel Frithiof Stephens,false
i-PNvieUM2GWTgmE61U6djzk,Joseph Stephens,true
i-PNvieUM2GWTgmE61U6djzk,Stephens,false
i-PPQzQpjxJgK9T8oVftkuFD,Bromée,false
i-PPQzQpjxJgK9T8oVftkuFD,Jöns Bromée,true
i-PPWwBLdPREsswAdQfVRE7a,Henrik Åkerlund,true
i-PPWwBLdPREsswAdQfVRE7a,Åkerlund,false
i-PPZKpwNr5kqkWArvESGC5X,Jonas Sjöstedt,true
i-PPZKpwNr5kqkWArvESGC5X,Sjöstedt,false
i-PPea2xJtRUi7Unst3M48d5,Eriksson,false
i-PPea2xJtRUi7Unst3M48d5,Jonas Eriksson,true
i-PPea2xJtRUi7Unst3M48d5,Jonas Olof Eriksson,false
i-PPkBrVcWDXzrNGbQM8yTDH,Andersson,false
i-PPkBrVcWDXzrNGbQM8yTDH,Nils Andersson,true
i-PPkBrVcWDXzrNGbQM8yTDH,Nils Axel Andersson,false
i-PPkBrVcWDXzrNGbQM8yTDH,Åsön,false
i-PPtpTU7erj7n8C4rdQihuK,Lage Rahm,true
i-PPwk8GX9Ac1MMgY78vBnxU,Johan Lagerbielke,true
i-PQ2GXQqkm6viXU9Q1RknW8,August Rydberg,true
i-PQ2GXQqkm6viXU9Q1RknW8,Nils August Rydberg,false
i-PQ2GXQqkm6viXU9Q1RknW8,Rydberg,false
i-PQBktLBrowFezTuLjoqwef,Eric Jonsson,true
i-PQBktLBrowFezTuLjoqwef,Jonsson,false
i-PQJR8MsywmCq6UkY16BDMT,Berglund,false
i-PQJR8MsywmCq6UkY16BDMT,Enar Berglund,true
i-PQJR8MsywmCq6UkY16BDMT,Enar Sigfrid Harald Berglund,false
i-PQWJzhaevKGbSNtPqoUeSA,Erik Valter Kristensson,false
i-PQWJzhaevKGbSNtPqoUeSA,Kristenson,false
i-PQWJzhaevKGbSNtPqoUeSA,Valter Kristenson,true
i-PQWJzhaevKGbSNtPqoUeSA,Valter Kristensson,false
i-PQe8EhNJDXHurGqmN1U5hD,Jacob Lars Olov Risberg,false
i-PQe8EhNJDXHurGqmN1U5hD,Jacob Risberg,true
i-PRFN1BS8QWUhjjGAM8w3Fj,Maud Elisabeth Olofsson,false
i-PRFN1BS8QWUhjjGAM8w3Fj,Maud Olofsson,true
i-PRHkYxGCaT2cbJpjjfnRtn,Ask,false
i-PRHkYxGCaT2cbJpjjfnRtn,Beatrice Ask,true
i-PRHkYxGCaT2cbJpjjfnRtn,Beatris Ask,false
i-PRRbmrP6jGduWjF1PP7P7K,Esbjörn Persson,true
i-PRRbmrP6jGduWjF1PP7P7K,Persson,false
i-PRkToj2ss6C9sjWtUtqNNh,Domö,false
i-PRkToj2ss6C9sjWtUtqNNh,Fritiof Domö,true
i-PRkToj2ss6C9sjWtUtqNNh,Gustafson,false
i-PRkToj2ss6C9sjWtUtqNNh,Johan Fritiof Domö,false
i-PRkToj2ss6C9sjWtUtqNNh,Johan Fritiof Gustafson,false
i-PRkToj2ss6C9sjWtUtqNNh,Johan Gustafson,false
i-PTF5wvZAe6S7xqLKP2h8kQ,Kerstin Gudrun Linnea Heinemann,false
i-PTF5wvZAe6S7xqLKP2h8kQ,Kerstin Heinemann,true
i-PTKhz5LB23a8PAV7aMss4N,Gustaf Holdo Stråle af Ekna,true
i-PTKhz5LB23a8PAV7aMss4N,Stråle af Ekna,false
i-PTrhiFiqUrHZfrUpsQ8Nyy,Paula Holmqvist,true
i-PTrhiFiqUrHZfrUpsQ8Nyy,Paula Katarina Holmqvist,false
i-PTuw4s4dbEitoQexouPwtS,Björn Leivik,true
i-PTwgnmFQaFTXvr8SByLQzu,Bengt Hurtig,true
i-PTwgnmFQaFTXvr8SByLQzu,Bengt Valter Hurtig,false
i-PTwgnmFQaFTXvr8SByLQzu,Hurtig,false
i-PUU7m4zHNmgsoCo9JZxuNX,Nils Ragnar Sveningsson,false
i-PUU7m4zHNmgsoCo9JZxuNX,Ragnar Sveningsson,true
i-PUU7m4zHNmgsoCo9JZxuNX,Sveningsson,false
i-PVeQcRvegJXJJo2H94BNti,Mikael Cederbratt,true
i-PViGBm6bvNM72xgLPe6DPy,Herman Norling,true
i-PViGBm6bvNM72xgLPe6DPy,Norling,false
i-PW5CMzaCEVLPf6YGsJXLVQ,Erik Olson,true
i-PW5CMzaCEVLPf6YGsJXLVQ,Frans Erik Wilhelm Olson,false
i-PW5CMzaCEVLPf6YGsJXLVQ,Olson,false
i-PW7wDZSF49parkwQxjWKeN,Emil Törnblom,true
i-PW7wDZSF49parkwQxjWKeN,Gustaf Emil Törnblom,false
i-PW7wDZSF49parkwQxjWKeN,Törnblom,false
i-PWqj1GBPCPPwBfVxqPu2j1,Camilla Mårtensen,true
i-PWvuCiVXaEwm7t2ZdNxcC6,Palm,false
i-PWvuCiVXaEwm7t2ZdNxcC6,Sverre Palm,true
i-PXVtfQzPwWBTqU2ztfXAEr,August Schill,true
i-PXVtfQzPwWBTqU2ztfXAEr,Lars August Schill,false
i-PXVtfQzPwWBTqU2ztfXAEr,Schill,false
i-PXYNAanmb4rxrN5vpctctX,Mats Tysk,true
i-PXYNAanmb4rxrN5vpctctX,Tysk,false
i-PXnWJ6BujhJFDCkZeahBVd,Göran Norlander,true
i-PXyk3FSEnvnLEDQWQj4iC3,Löthner,false
i-PXyk3FSEnvnLEDQWQj4iC3,Olof August Löthner,false
i-PXyk3FSEnvnLEDQWQj4iC3,Olof Löthner,true
i-PYZRd6Mt7ggcbtN5k9MCQo,Gustaf Rydén,true
i-PYZRd6Mt7ggcbtN5k9MCQo,Lars Gustaf Rydén,false
i-PYZRd6Mt7ggcbtN5k9MCQo,Rydén,false
i-PYk1FHT5xHTWNczRYuGRJg,Anders Nils Gunnar Ådahl,false
i-PYk1FHT5xHTWNczRYuGRJg,Anders Ådahl,true
i-PYvc2Ms52QaV2Vib4qJGzv,Inger Lindquist,true
i-PYvc2Ms52QaV2Vib4qJGzv,Lindquist,false
i-PYyYJc4bAcYHVAE5H3YE6g,Påhlsson,false
i-PYyYJc4bAcYHVAE5H3YE6g,Tage Påhlsson,true
i-PZ6ZomHgowfA3MBCPfm9Wn,Carl August Thorén,false
i-PZ6ZomHgowfA3MBCPfm9Wn,Carl Thorén,true
i-PZ6ZomHgowfA3MBCPfm9Wn,Karl August Thorén,false
i-PZ6ZomHgowfA3MBCPfm9Wn,Thorén,false
i-PZnqvmWZ9PhCRqw6uhJsKm,Marie Wilén,true
i-PZo61ze3oe2bePYTHaDHM9,Adelsköld,false
i-PZo61ze3oe2bePYTHaDHM9,Claes Adolf Adelsköld,true
i-PbE2uHn7tnWFUDBrLf8LsX,C.-G. ENSKOG,false
i-PbE2uHn7tnWFUDBrLf8LsX,Carl-Gustav Enskog,true
i-PbE2uHn7tnWFUDBrLf8LsX,Enskog,false
i-PbcqSMPJFhALBHMJt8fC5P,Albert Zander,true
i-PbcqSMPJFhALBHMJt8fC5P,Johan Albert Zander,false
i-PbcqSMPJFhALBHMJt8fC5P,Zander,false
i-Pbij6TKUQNgsAiAxKYBqQ9,Jönsson,false
i-Pbij6TKUQNgsAiAxKYBqQ9,Swen Jönsson,true
i-Pca4CVL4RjUwEPpt1RXYtv,Jungmarker,false
i-Pca4CVL4RjUwEPpt1RXYtv,Simeon Jungmarker,true
i-PcdS7JyPuvYA4gfnonrXTd,Blomquist,false
i-PcdS7JyPuvYA4gfnonrXTd,Per Anders Bernhard Blomquist,false
i-PcdS7JyPuvYA4gfnonrXTd,Per Blomquist,true
i-Pcwi9SzFyHM23TjThLHeMD,Jöns Pehrsson,true
i-Pcwi9SzFyHM23TjThLHeMD,Pehrsson,false
i-Pd4h8w97V3gTekGxSvebsQ,Ehrengranat,false
i-Pd4h8w97V3gTekGxSvebsQ,Gustaf Adam Ehrengranat,true
i-Pd4h8w97V3gTekGxSvebsQ,Gustaf Adam Wilhelm Ehrengranat,false
i-Pd4h8w97V3gTekGxSvebsQ,Gustaf Ehrengranat,false
i-PdJw8xPqQjV6cBPBbRhsqT,Carlsson,false
i-PdJw8xPqQjV6cBPBbRhsqT,Kent Carlsson,true
i-PdNdkuiqA1fGthPC1hasfD,Eriksson,false
i-PdNdkuiqA1fGthPC1hasfD,Jens Eriksson,true
i-Pdrt5Lc774RrxkCz3JRRWF,Elisabet Franzén,true
i-Pdrt5Lc774RrxkCz3JRRWF,Franzén,false
i-PdvRwv2CnUdaGgmLk1aVm8,Johannes Petersson,true
i-PdvRwv2CnUdaGgmLk1aVm8,Petersson,false
i-Pe1ftVDt68xexZMLUFEKsL,Adelsohn,false
i-Pe1ftVDt68xexZMLUFEKsL,Ulf Adelsohn,true
i-Pe3URJgwNALWzfFgB5yMCV,Aron Hjalmar Philipsson,false
i-Pe3URJgwNALWzfFgB5yMCV,Aron Philipsson,true
i-Pe3URJgwNALWzfFgB5yMCV,Philipsson,false
i-PeAHVd4VgBo1Wio5YrYHrX,Petra Ekerum,true
i-PeAHVd4VgBo1Wio5YrYHrX,Petra Margareta Ekerum,false
i-PeMj54xpJ7ARDpgP8iEYQ9,Eva Marie Nordmark,false
i-PeMj54xpJ7ARDpgP8iEYQ9,Eva Nordmark,true
i-PeMj54xpJ7ARDpgP8iEYQ9,Eva Persson Sellin,false
i-PeSWcghEjEUi6cLuHSgiyF,Lars Anton Anjou,true
i-Perad9eGoCowJz44FjB2ei,Bassem Nasr,true
i-Pes4yEx5YPmLWhR5Z3pQZS,August Johansson,true
i-Pes4yEx5YPmLWhR5Z3pQZS,August Wilhelm Johansson,false
i-Pes4yEx5YPmLWhR5Z3pQZS,Johansson,false
i-Pf4gypjM8ocbfUutLJqncW,Björne,false
i-Pf4gypjM8ocbfUutLJqncW,Eva Björne,true
i-Pf8mLh1VvnkftZu2yzK1vL,Gustaf Widner,true
i-Pf8mLh1VvnkftZu2yzK1vL,Widner,false
i-PfWLQcWc1zHmdsEJAzj7vd,Sixten Gabriel von Friesen,false
i-PfWLQcWc1zHmdsEJAzj7vd,Sixten von Friesen,true
i-PfWLQcWc1zHmdsEJAzj7vd,von Friesen,false
i-PffH64xVpJgNXHH6FhyRrj,Carl Hasselrot,true
i-PffH64xVpJgNXHH6FhyRrj,Hasselrot,false
i-Pg1UH24brFgKCM8CVnjJ3T,Björnstjerna,false
i-Pg1UH24brFgKCM8CVnjJ3T,Johan Magnus Björnstjerna,false
i-Pg1UH24brFgKCM8CVnjJ3T,Magnus Björnstjerna,true
i-PgXfR2zKZgLLu8shzXwkKb,Anders Andersson,true
i-PgXfR2zKZgLLu8shzXwkKb,Andersson,false
i-PgfrE9pakWspkNp9dr9ejT,Caroline Szyber,true
i-Phn9DBemBt9jbVEzRZpmsY,Axel Fredrik Wachtmeister,false
i-Phn9DBemBt9jbVEzRZpmsY,Axel Wachtmeister,true
i-Phn9DBemBt9jbVEzRZpmsY,Wachtmeister af Johannishus,false
i-Phsf5ymbqHKPakRqVWJbYP,Ekholm-Frank,false
i-Phsf5ymbqHKPakRqVWJbYP,Ingalill Ekholm-Frank,true
i-PiA69Zron44x5fF1pHdUBo,Bengtsson,false
i-PiA69Zron44x5fF1pHdUBo,Ingemund Bengtsson,true
i-PiA69Zron44x5fF1pHdUBo,Sten Bertil Ingemund Bengtsson,false
i-PiZWNcMn9w8S8gkcHTk71v,Anders Johan Bärg,true
i-PiZWNcMn9w8S8gkcHTk71v,Bärg,false
i-Piwy72vNJY53yvWCV58pCX,Ernst Leijer,true
i-Piwy72vNJY53yvWCV58pCX,Jesper Gustaf Ernst Leijer,false
i-Piwy72vNJY53yvWCV58pCX,Leijer,false
i-PjQgLPLrkyDV2oYQfyuWq2,Anna Märta Viktoria Stenevi,false
i-PjQgLPLrkyDV2oYQfyuWq2,Märta Stenevi,true
i-PjV5Vqo4cAe2QPui6MKgGm,Nima Gholam Ali Pour,true
i-PjjxQYR5UbxSEEqwa2s5mr,Andersson,false
i-PjjxQYR5UbxSEEqwa2s5mr,Arne Andersson,true
i-PjjxQYR5UbxSEEqwa2s5mr,L. Arne Andersson,false
i-PjjxQYR5UbxSEEqwa2s5mr,Lars Arne Andersson,false
i-Pk2CmjBxuKHiguAzJdqeqt,Hemming Sten,true
i-Pk2CmjBxuKHiguAzJdqeqt,Sten,false
i-PkDNy9bEbEnW9xaNKSjppw,Hedlund,false
i-PkDNy9bEbEnW9xaNKSjppw,Paulus Samuel Hedlund,false
i-PkDNy9bEbEnW9xaNKSjppw,Samuel Hedlund,true
i-PkMeDucNdB3kVzpzFtsEgG,Bertil Danielsson,true
i-PkMeDucNdB3kVzpzFtsEgG,Danielsson,false
i-Pka4CXHW3YtrSzJvu8F17s,Hamrin-Thorell,false
i-Pka4CXHW3YtrSzJvu8F17s,Ruth Hamrin-Thorell,true
i-Pka4CXHW3YtrSzJvu8F17s,Ruth Lizzie Hamrin,false
i-Pkm4JYH8E38gRpSAtf6Zm1,Eric Rejdnell,true
i-Pkm4JYH8E38gRpSAtf6Zm1,Rejdnell,false
i-Pkno8c8jnQPNmPbEpJZYaQ,Andersson,false
i-Pkno8c8jnQPNmPbEpJZYaQ,John Andersson,true
i-PmGSQBHHuxkhxCeK1qzBV1,H. L. Rydin,false
i-PmGSQBHHuxkhxCeK1qzBV1,Herman L. Rydin,false
i-PmGSQBHHuxkhxCeK1qzBV1,Herman Ludvig Rydin,false
i-PmGSQBHHuxkhxCeK1qzBV1,Herman Rydin,true
i-PmGSQBHHuxkhxCeK1qzBV1,Rydin,false
i-PmVEE4K7CAJV3ysYj5ZxVF,Gustaf Larsson,true
i-PmVEE4K7CAJV3ysYj5ZxVF,Larsson,false
i-PmmWDhSQEkzH2tiLALeDpf,Andersson,false
i-PmmWDhSQEkzH2tiLALeDpf,Jan Andersson,true
i-PnDe7gNhupEFs28fHTkDMW,Bergström,false
i-PnDe7gNhupEFs28fHTkDMW,Gustaf Albin Bergström,false
i-PnDe7gNhupEFs28fHTkDMW,Gustaf Bergström,true
i-PoEnkqgRthqgybjNd47ZwU,Erik Kule Palmstierna,false
i-PoEnkqgRthqgybjNd47ZwU,Erik Palmstierna,true
i-PoEnkqgRthqgybjNd47ZwU,Palmstierna,false
i-PodqitSZdwBWKh12A7q1kG,Adolph Peyron,true
i-PodqitSZdwBWKh12A7q1kG,Peyron,false
i-PpT18UCHcX6HMhiU5D5CmT,Lars Nilsson,true
i-PpT18UCHcX6HMhiU5D5CmT,Nilsson,false
i-PpXkS4cgF1EgE9P8Av12WY,A. Bäckström,false
i-PpXkS4cgF1EgE9P8Av12WY,Anders Andersson Bäckström,false
i-PpXkS4cgF1EgE9P8Av12WY,Anders Bäckström,true
i-PpXkS4cgF1EgE9P8Av12WY,Bäckström,false
i-Pph7rDvCnNJk71Ej3B7uJK,Anna Bozena Sibinska,false
i-Pph7rDvCnNJk71Ej3B7uJK,Anna Sibinska,true
i-PpnCjvomNLjsJprvA7oC4i,Johan Fredrik Nyström,true
i-PpnCjvomNLjsJprvA7oC4i,Nyström,false
i-PqBYizmoJFwcgaFBC9zqs6,Ulrika Thulin,true
i-PqTcHZCKTSssSwtETgKYRG,A. E. Lindvall,false
i-PqTcHZCKTSssSwtETgKYRG,Axel E. Lindvall,false
i-PqTcHZCKTSssSwtETgKYRG,Axel Edward Lindvall,false
i-PqTcHZCKTSssSwtETgKYRG,Axel Lindvall,true
i-PqTcHZCKTSssSwtETgKYRG,Lindvall,false
i-PqmcVRtJmAcDnyfsoss1EQ,Johan Christian Conrad Lenning,false
i-PqmcVRtJmAcDnyfsoss1EQ,John Lenning,true
i-PqmcVRtJmAcDnyfsoss1EQ,Lenning,false
i-Pra5AmyY3ass9UYtDcqwJR,Bergqvist,false
i-Pra5AmyY3ass9UYtDcqwJR,Olof Bergqvist,true
i-PrkaUkuoauE9i2124cj3AX,Hans Krister Wickman,false
i-PrkaUkuoauE9i2124cj3AX,Krister Wickman,true
i-PrkaUkuoauE9i2124cj3AX,Wickman,false
i-PrmdUu6feMnTN6Rrku6MsP,Anna-Lena Sörenson,true
i-PrnEx12Ds6eU2exFNwa6GJ,G Niclas Torgén,false
i-PrnEx12Ds6eU2exFNwa6GJ,Gudmund Nicolaus Torgén,false
i-PrnEx12Ds6eU2exFNwa6GJ,Niclas Torgén,true
i-PrnEx12Ds6eU2exFNwa6GJ,Torgén,false
i-PrsCQ5b3apVhb1mY1YWbbp,Olsson,false
i-PrsCQ5b3apVhb1mY1YWbbp,Sven Gustaf Olsson,false
i-PrsCQ5b3apVhb1mY1YWbbp,Sven Olsson,true
i-PsEE3VTZZXPnyW93HZcXyd,Christoffer Sahlin,true
i-PsEE3VTZZXPnyW93HZcXyd,Hjalmar Christoffer Sahlin,false
i-PsEE3VTZZXPnyW93HZcXyd,Sahlin,false
i-PsR4X3jWbHud6ENpkwns5v,Eva Margareta Theodora Åsbrink,false
i-PsR4X3jWbHud6ENpkwns5v,Eva Åsbrink,true
i-PsR4X3jWbHud6ENpkwns5v,Åsbrink,false
i-PsSysCdjrkuVBAo163T4KM,Johnny Gylling,true
i-PsuwYwD9qsG7pUKuZV3Dmx,Frithiof Grafström,true
i-PsuwYwD9qsG7pUKuZV3Dmx,Grafström,false
i-PsuwYwD9qsG7pUKuZV3Dmx,Thore Frithiof Grafström,false
i-PtFxkgp9UjThfCPgSkCSAR,Axel Bågenholm,true
i-PtFxkgp9UjThfCPgSkCSAR,Bågenholm,false
i-PtgVSQS6zzFSG7jQDufZYA,Tobias Andersson,true
i-PtgVSQS6zzFSG7jQDufZYA,Tobias Joachim Friden Andersson,false
i-PtsTMJHPswghTmmMKTnTZb,Ernst Axel Henrik Key,false
i-PtsTMJHPswghTmmMKTnTZb,Ernst Key,true
i-PtsTMJHPswghTmmMKTnTZb,Key,false
i-Pu4JFuoHUq5W6JaAtvinyz,Annicka Engblom,true
i-PuDbchgV4nNGeb8DuH6C8a,Axel Ivar Swartling,false
i-PuDbchgV4nNGeb8DuH6C8a,Ivar Swartling,true
i-PuDbchgV4nNGeb8DuH6C8a,Swartling,false
i-PuJEE7tZPiv71iNZo1UA8,Curt Larsson,true
i-PuJEE7tZPiv71iNZo1UA8,Curt Lauritz Larsson,false
i-PuJEE7tZPiv71iNZo1UA8,Larsson,false
i-PuoXETeuSrcAZQiyDU6dU7,Åsa Stenberg,true
i-PvJTHCyJiaxUeJhG5osdHg,Gudrun Lindvall,true
i-PvZh9Zhc6sdAt87Ng4CMcQ,Attefors,false
i-PvZh9Zhc6sdAt87Ng4CMcQ,Kenneth Attefors,true
i-PvmRtpcbCFZUzDWPspA4m,Gustaf Vilhelm Sebastian Tham,false
i-PvmRtpcbCFZUzDWPspA4m,Gustaf Wilhelm Sebastian Tham,false
i-PvmRtpcbCFZUzDWPspA4m,Tham,false
i-PvmRtpcbCFZUzDWPspA4m,Wilhelm Tham,true
i-Pw6YkjTiEBrsDRAfUGA5BK,Larsson,false
i-Pw6YkjTiEBrsDRAfUGA5BK,Nils Larsson,true
i-PwYBTpHxSkgiBin2sJtcRr,Axel Sundling,true
i-PwYBTpHxSkgiBin2sJtcRr,Carl Axel Sundling,false
i-PwYBTpHxSkgiBin2sJtcRr,Karl Axel Sundling,false
i-PwYBTpHxSkgiBin2sJtcRr,Sundling,false
i-PwbZFh51hsm5nW6hCSytb9,Persson,false
i-PwbZFh51hsm5nW6hCSytb9,Petter Persson,true
i-Px3WVL6zJREJFG8V5EGa8e,Jöns Peter John Krok,false
i-Px3WVL6zJREJFG8V5EGa8e,Krok,false
i-Px3WVL6zJREJFG8V5EGa8e,Peter Krok,true
i-PxBUnx5YsNh272jtXqTpma,Carl Christian Söderström,false
i-PxBUnx5YsNh272jtXqTpma,Christian Söderström,true
i-PxBUnx5YsNh272jtXqTpma,Söderström,false
i-PxJkAua7y2xMDdFhtkakAi,Johannes Victor Mårtensson,false
i-PxJkAua7y2xMDdFhtkakAi,Johannes Wiktor Mårtensson,false
i-PxJkAua7y2xMDdFhtkakAi,Mårtensson,false
i-PxJkAua7y2xMDdFhtkakAi,Wiktor Mårtensson,true
i-PxXnoHZ17qEdb9ZZ9xZFF,Gustafsson,false
i-PxXnoHZ17qEdb9ZZ9xZFF,Gustafsson i.Stockholm,false
i-PxXnoHZ17qEdb9ZZ9xZFF,Hans Gustafsson,true
i-PxXnoHZ17qEdb9ZZ9xZFF,Hans Lennart Gustafsson,false
i-PxdF4uP1ZyUrjC1bJMn4iY,Alfred Persson,true
i-PxdF4uP1ZyUrjC1bJMn4iY,Nils Alfred Persson,false
i-PxdF4uP1ZyUrjC1bJMn4iY,Persson,false
i-PxnWyEEEJkswzBKdKbv36K,Agneta Lundberg,true
i-PxnWyEEEJkswzBKdKbv36K,Carina Agneta Lundberg,false
i-PxsuBLUwtK4XeiPsozi1yv,Olof Wikström,true
i-PxsuBLUwtK4XeiPsozi1yv,Wikström,false
i-PyLaEV1mfPCocnSyaJTEBM,Johan Bernhard Wiklund,true
i-PyLaEV1mfPCocnSyaJTEBM,Wiklund,false
i-PyY1Vo1W6WaajphhpnKHN8,Rosenberg,false
i-PyY1Vo1W6WaajphhpnKHN8,Sven Persson Rosenberg,false
i-PyY1Vo1W6WaajphhpnKHN8,Sven Rosenberg,true
i-PyYxwdbw2KYpXyCWKWHmmT,Johan Pehrson,true
i-PyiwQBpejCpREAaq6BBAgf,Eric Malte Nelander,false
i-PyiwQBpejCpREAaq6BBAgf,Eric Nelander,true
i-PyiwQBpejCpREAaq6BBAgf,Nelander,false
i-PymKQeTokkyDxxK7ZTfWuS,Olof Perman,true
i-PymKQeTokkyDxxK7ZTfWuS,Perman,false
i-Pysb2t9YiMB8DhQ9zvREn,Carl Gustaf Indebetou,true
i-Pysb2t9YiMB8DhQ9zvREn,Indebetou,false
i-PyuBrn6sPrF8RQEvmB9xdP,Cecilia Widegren,true
i-PzJU3iRvonQtL82VS2dFzm,Carl Magnus Orre,false
i-PzJU3iRvonQtL82VS2dFzm,Carl Orre,true
i-PzJU3iRvonQtL82VS2dFzm,Orre,false
i-PzNviXpYSimQsvSkF9CmDz,Björn Thomas Östros,false
i-PzNviXpYSimQsvSkF9CmDz,Thomas Östros,true
i-Q1WPoNtt1578KMfEZ5TLkK,Betty Malmberg,true
i-Q2P8tFSZepYKH7UCJjpycJ,C. Faxe,false
i-Q2P8tFSZepYKH7UCJjpycJ,Cornelius Faxe,true
i-Q2P8tFSZepYKH7UCJjpycJ,Faxe,false
i-Q2ovLGiYkttsLC3vHJLcQe,Petrus Ödström,true
i-Q2ovLGiYkttsLC3vHJLcQe,Ödström,false
i-Q2oxFdoRdahTGBfyJWjB5X,Allan Nordenstam,true
i-Q2uEbNS3KYnEBSoGtKvNAn,Carl Wilhelm Wallberg,false
i-Q2uEbNS3KYnEBSoGtKvNAn,Wallberg,false
i-Q2uEbNS3KYnEBSoGtKvNAn,Wilhelm Wallberg,true
i-Q3UDsbBbcsTskS44tBdU5r,Eliasson,false
i-Q3UDsbBbcsTskS44tBdU5r,Lennart Eliasson,true
i-Q3UDsbBbcsTskS44tBdU5r,Lennart Sixten Eliasson,false
i-Q3rwdSjEPs6DvA6k1iNCbk,Andersson,false
i-Q3rwdSjEPs6DvA6k1iNCbk,P. E. Andersson från Örebro län.,false
i-Q3rwdSjEPs6DvA6k1iNCbk,Per Erik Andersson,true
i-Q58Ze7TxTyB6TSL3tKfeoK,Andersson,false
i-Q5PVAVH7H2BRKCcg7pm96C,Christina Berlin,true
i-Q5PVAVH7H2BRKCcg7pm96C,Christina Elisabet Berlin,false
i-Q5aGqh8nNTojSW4RRBafFg,Ossian Alfons Sehlstedt,false
i-Q5aGqh8nNTojSW4RRBafFg,Ossian Sehlstedt,true
i-Q5aGqh8nNTojSW4RRBafFg,Sehlstedt,false
i-Q5eDvEJRU74CUef88BpzKH,Alarik Hagård,true
i-Q5eDvEJRU74CUef88BpzKH,Hagård,false
i-Q5eDvEJRU74CUef88BpzKH,Set Anders Alarik Hagård,false
i-Q5eDvEJRU74CUef88BpzKH,Seth Anders Alarik Hagård,false
i-Q5smfAWD9kCwe7tQviBPMn,Carin Ingeborg Lundberg,false
i-Q5smfAWD9kCwe7tQviBPMn,Carin Lundberg,true
i-Q5smfAWD9kCwe7tQviBPMn,Lundberg,false
i-Q6Nh4rTpJXKjJw4GELSTD2,Per-Samuel Henrik Nisser,false
i-Q6Nh4rTpJXKjJw4GELSTD2,Per-Samuel Nisser,true
i-Q6PKVi6NT1Bm4xEx2J5XLC,Ernst Henning Wachtmeister,false
i-Q6PKVi6NT1Bm4xEx2J5XLC,Henning Wachtmeister,true
i-Q6PKVi6NT1Bm4xEx2J5XLC,Wachtmeister af Johannishus,false
i-Q6T8pKy9pERdSQEuTcARyR,Hedström,false
i-Q6T8pKy9pERdSQEuTcARyR,Lotta Hedström,true
i-Q6T8pKy9pERdSQEuTcARyR,Lotta N Hedström,false
i-Q6T8pKy9pERdSQEuTcARyR,Lotta N. Hedström,false
i-Q6T8pKy9pERdSQEuTcARyR,Lotta Nilsson Hedström,false
i-Q6UywURdDfH4kXfTm7hwEb,Max Andersson,true
i-Q6UywURdDfH4kXfTm7hwEb,Max Peter Andersson,false
i-Q6XV7cn1KAM2Vuyuo8Ah3r,Tomas Högström,true
i-Q6c6PTb1KbongkKbS6VDAD,Joakim Sandell,true
i-Q6m2m8XkYZmRWGoWpX28Yp,Eva Margareta Berg Kjellin,false
i-Q6m2m8XkYZmRWGoWpX28Yp,Margareta B. Kjellin,true
i-Q6m2m8XkYZmRWGoWpX28Yp,Margareta Berg Kjellin,false
i-Q6uWG1k3pbJio9CebNs3Cz,Sten Sture Tolgfors,false
i-Q6uWG1k3pbJio9CebNs3Cz,Sten Tolgfors,true
i-Q6uWG1k3pbJio9CebNs3Cz,Tolgfors,false
i-Q8GqdC3JjTLrmBKfpHpnPQ,Ragnhild Maria Andrea Sandström,false
i-Q8GqdC3JjTLrmBKfpHpnPQ,Ragnhild Sandström,true
i-Q8GqdC3JjTLrmBKfpHpnPQ,Sandström,false
i-Q8WzP8vYdvJL6vzDTwXJ6u,Fransson,false
i-Q8WzP8vYdvJL6vzDTwXJ6u,Jan Axel Algot Fransson,false
i-Q8WzP8vYdvJL6vzDTwXJ6u,Jan Fransson,true
i-Q8hYBES3N7Q4fZnAATRjsd,Fredrik Olovsson,true
i-Q8hYBES3N7Q4fZnAATRjsd,Jan Fredrik Olovsson,false
i-Q9NZspFD2eAfFJcRFPWqM,Ola Bosson Olsson,true
i-Q9NZspFD2eAfFJcRFPWqM,Olsson,false
i-Q9ozySKPMBF5qJMeEzs6Xf,Edberg,false
i-Q9ozySKPMBF5qJMeEzs6Xf,Per Jonas Edberg,true
i-QAFeHr9pWgDV5Bk4wr1CG6,Melker Strand,true
i-QAtyAP4qGRx49R4XRmmcok,Nils Häggström,true
i-QAuzjyYgj9k4CD5V1Xxezf,Hans Hansson Wachtmeister,true
i-QAuzjyYgj9k4CD5V1Xxezf,Hans Hansson Wachtmeister af Johannishus,false
i-QAuzjyYgj9k4CD5V1Xxezf,Hans Wachtmeister af Johannishus,false
i-QAuzjyYgj9k4CD5V1Xxezf,Wachtmeister af Johannishus,false
i-QBPRL2CNKrTtn2M3Ea51HX,Olsson,false
i-QBPRL2CNKrTtn2M3Ea51HX,Olsson med skägget,false
i-QBPRL2CNKrTtn2M3Ea51HX,Oscar Olsson,true
i-QBPRL2CNKrTtn2M3Ea51HX,Oscar U B Olsson,false
i-QBPRL2CNKrTtn2M3Ea51HX,Oscar Ulrik Bernhardin Olsson,false
i-QBakZevM5vZ7g8gkBp1skG,Max Schenström,false
i-QBakZevM5vZ7g8gkBp1skG,Maximilian Schenström,true
i-QBakZevM5vZ7g8gkBp1skG,Oskar Ludvig Maximilian Schenström,false
i-QBakZevM5vZ7g8gkBp1skG,Schenström,false
i-QBjhdigjuYnc4dZSUCUByw,Björnemalm,false
i-QBjhdigjuYnc4dZSUCUByw,Maud Björnemalm,true
i-QBjkRXffo6FL6g3xjwpmTy,Casimir Lewenhaupt,true
i-QBjkRXffo6FL6g3xjwpmTy,Lewenhaupt,false
i-QBpQJ8nzJadauYpnxWcBWH,Gustafson,false
i-QBpQJ8nzJadauYpnxWcBWH,Ruth Gustafson,true
i-QBpQJ8nzJadauYpnxWcBWH,Ruth Pettersson,false
i-QBpQJ8nzJadauYpnxWcBWH,Ruth Valborg Maria Gustafson,false
i-QBpQJ8nzJadauYpnxWcBWH,Ruth Valborg Maria Pettersson,false
i-QCACmdg1oCj18nzrAe3aDP,Anders Emanuel Jonsson,false
i-QCACmdg1oCj18nzrAe3aDP,Anders Jonsson,true
i-QCACmdg1oCj18nzrAe3aDP,Jonsson,false
i-QCRg2KTsg7cQV6CGsVeAfY,Andersson,false
i-QCRg2KTsg7cQV6CGsVeAfY,Hans Andersson,true
i-QCRg2KTsg7cQV6CGsVeAfY,Hans Torsten Andersson,false
i-QCgdixScKoSHeN5oNtiVxs,Borg,false
i-QCgdixScKoSHeN5oNtiVxs,Johan Borg,true
i-QD529ywv2NxNf9n1Uh7cuj,Granstedt,false
i-QD529ywv2NxNf9n1Uh7cuj,Pär Granstedt,true
i-QEr7rAqv2FNkn4mL3eSmVp,Alfred Petrén,true
i-QEr7rAqv2FNkn4mL3eSmVp,Daniel Alfred Petrén,false
i-QEr7rAqv2FNkn4mL3eSmVp,Petrén,false
i-QF9w7weamuxjZGtJKPPkwp,Karlsson,false
i-QF9w7weamuxjZGtJKPPkwp,Marianne Elisabeth Karlsson,false
i-QF9w7weamuxjZGtJKPPkwp,Marianne Karlsson,true
i-QFN11thhuPuomRSHktT75Z,Crister Spets,true
i-QG8fyctdjn6RWygZ2n5czv,Cederschiöld,false
i-QG8fyctdjn6RWygZ2n5czv,Charlotte Cederschiöld,true
i-QGnhyfdvdoYXLiJoNBw2sS,Carl August Gyllengranat,true
i-QH2GZtRh9KHsb1rRpVv3Zt,Kristina Eva Martina Winberg,false
i-QH2GZtRh9KHsb1rRpVv3Zt,Kristina Winberg,true
i-QHXAGu3kEvam3i5ietQnwV,Johan Wilhelm Lundin,false
i-QHXAGu3kEvam3i5ietQnwV,Lundin,false
i-QHXAGu3kEvam3i5ietQnwV,Wilhelm Lundin,true
i-QHgv5iNVwgGKJgHaJMZ8sM,Magnus Ek,true
i-QJ5CoYquRwCRBFACN6heBR,Larsson,false
i-QJ5CoYquRwCRBFACN6heBR,Oscar Edvin Larsson,false
i-QJ5CoYquRwCRBFACN6heBR,Oscar Larsson,true
i-QJQMD7isQ7v6yQvCE9CMfC,Karin Wetterström,true
i-QJQMD7isQ7v6yQvCE9CMfC,Wetterström,false
i-QJQMD7isQ7v6yQvCE9CMfC,fröken Wetterström,false
i-QJiZi6vyDbrovpwYNe12in,Axel Herman Ölander,false
i-QJiZi6vyDbrovpwYNe12in,Herman Ölander,true
i-QJiZi6vyDbrovpwYNe12in,Ölander,false
i-QJr1dPVwg6SpY3JQb3nUvi,Elfstedt,false
i-QJr1dPVwg6SpY3JQb3nUvi,Lars Magnus Theodor Elfstedt,false
i-QJr1dPVwg6SpY3JQb3nUvi,Theodor Elfstedt,true
i-QK1WZxNsuG22i18C6LGyZq,Sigrid Danielsson,true
i-QKE6ihmLRJvwhV4neD6h7b,Erik Jörgen Carl Ullenhag,false
i-QKE6ihmLRJvwhV4neD6h7b,Erik Ullenhag,true
i-QKH1DSWytvVGtUZkzdboRg,Lars F. Tobisson,false
i-QKH1DSWytvVGtUZkzdboRg,Lars Folke Tobisson,false
i-QKH1DSWytvVGtUZkzdboRg,Lars Tobisson,true
i-QKH1DSWytvVGtUZkzdboRg,Tobisson,false
i-QKqEEq3em3nEHAn7AXK6rz,Andersson,false
i-QKqEEq3em3nEHAn7AXK6rz,Carl Herman Andersson,false
i-QKqEEq3em3nEHAn7AXK6rz,Karl Andersson,true
i-QKqEEq3em3nEHAn7AXK6rz,Karl Herman Andersson,false
i-QL2HKn4Q1s1godm3hcXWnJ,Gustav Johansson,true
i-QL2HKn4Q1s1godm3hcXWnJ,Johansson,false
i-QL2HKn4Q1s1godm3hcXWnJ,K Gustav Johansson,false
i-QL2HKn4Q1s1godm3hcXWnJ,Karl Gustav Johansson,false
i-QLRfUBaY66hqqMHQpis9sH,Karl-Gustaf Wirtén,true
i-QLRfUBaY66hqqMHQpis9sH,Wirtén,false
i-QMDwkhc4AcuaCPrQxkeYYk,Berndt Ekholm,true
i-QMDwkhc4AcuaCPrQxkeYYk,Berndt Gunnar Ekholm,false
i-QMDwkhc4AcuaCPrQxkeYYk,Ekholm,false
i-QMTFCSUSN2Q2UCGk1ku63M,Andersson,false
i-QMTFCSUSN2Q2UCGk1ku63M,Johannes Andersson,true
i-QMfK9Uu315ouNKZ1Nnqeyt,Per-Johan Emtell,true
i-QMq8oB5vx4ciVXg5MmkgkS,Petersson,false
i-QMq8oB5vx4ciVXg5MmkgkS,Sven-Olof Petersson,true
i-QN9BgTC9BuyAR5R3Rsq4z,Kalle Sandell,true
i-QNVcQXgDqnpMz9845nhFr1,Jonas Nilsson,false
i-QNVcQXgDqnpMz9845nhFr1,Jonas Petter Nilsson,true
i-QNVcQXgDqnpMz9845nhFr1,Nilsson,false
i-QNY9g6N6Dvtxm3FRBr8Jq5,Carl Sigurd Ander Carlsson,false
i-QNY9g6N6Dvtxm3FRBr8Jq5,Carlsson,false
i-QNY9g6N6Dvtxm3FRBr8Jq5,Karl Sigurd Ander Carlsson,false
i-QNY9g6N6Dvtxm3FRBr8Jq5,Sigurd Carlsson,true
i-QNZJ61mCvaEh7BNdwgiTqk,Einar Eriksson,true
i-QNZJ61mCvaEh7BNdwgiTqk,Eriksson,false
i-QNZJ61mCvaEh7BNdwgiTqk,Joel Einar Eriksson,false
i-QNtjoW5Vxzee49kvmSyDsT,Anders Andersson,true
i-QNtjoW5Vxzee49kvmSyDsT,Anders Birger Andersson,false
i-QNtjoW5Vxzee49kvmSyDsT,Andersson,false
i-QNz9Kdo9STo5KMqBdfTsFc,Johan Gustaf Victor von Post,false
i-QNz9Kdo9STo5KMqBdfTsFc,Victor von Post,true
i-QNz9Kdo9STo5KMqBdfTsFc,von Post,false
i-QNzoVWPUQqT8gHka8vHxei,Patric Oscar Reuterswärd,false
i-QNzoVWPUQqT8gHka8vHxei,Patric Reuterswärd,true
i-QNzoVWPUQqT8gHka8vHxei,Reuterswärd,false
i-QPZoWKCvCmfTAWBDnrZkyr,Moberg,false
i-QPZoWKCvCmfTAWBDnrZkyr,Sven Moberg,true
i-QPZoWKCvCmfTAWBDnrZkyr,Sven Torsten Moberg,false
i-QPiu74VNw6jXweMV5p5RGs,Carl Bernhard Romanus,false
i-QPiu74VNw6jXweMV5p5RGs,Carl Romanus,true
i-QPiu74VNw6jXweMV5p5RGs,Romanus,false
i-QPqdt6oyauaJTMvLrNY52z,Pehr Pehrsson,true
i-QPqdt6oyauaJTMvLrNY52z,Pehrsson,false
i-QQYotqFjTJA7EiQZc1Wmzs,Emma Carlsson Löfdahl,true
i-QQjz7bn6czWU6491kCicK9,Danell,false
i-QQjz7bn6czWU6491kCicK9,Georg Danell,true
i-QQqYWG3MBHCfMTz1vd4TWs,Moll,false
i-QQqYWG3MBHCfMTz1vd4TWs,Victor Ludvig Moll,false
i-QQqYWG3MBHCfMTz1vd4TWs,Victor Moll,true
i-QRDnfz9zaiXo7A1SpAi1dM,Bertil Måbrink,true
i-QRDnfz9zaiXo7A1SpAi1dM,Måbrink,false
i-QRMVvp7Mvt24ZFXQJva9iT,Johansson,false
i-QRMVvp7Mvt24ZFXQJva9iT,Knut Emil Johansson,false
i-QRMVvp7Mvt24ZFXQJva9iT,Knut Johansson,true
i-QRZBEezfjd3VoKpFXKhXzr,Björn Eliasson,true
i-QRZBEezfjd3VoKpFXKhXzr,Eliasson,false
i-QRZvTse57zkDDpwtSCL8Ur,Pontus Haag,true
i-QS2bNwPznQDYRtS53k8jVj,Arber Gashi,true
i-QS3FCcuDyGgZdKgE3VDjZ9,Niels Paarup-Petersen,true
i-QSBS4dqtsRDzm8fcNNRFaC,Feldt,false
i-QSBS4dqtsRDzm8fcNNRFaC,Kjell Olof Feldt,false
i-QSBS4dqtsRDzm8fcNNRFaC,Kjell-Olof Feldt,true
i-QSBS4dqtsRDzm8fcNNRFaC,Kjell-Olof Fält,false
i-QSX9zrsXUKYskRHm3FRBJN,Sultan Kayhan,true
i-QSYHiJ6G54WwZYYDpVnD4u,Björck,false
i-QSYHiJ6G54WwZYYDpVnD4u,Gustaf Daniel Björck,true
i-QSnE9kNxNnuFsRa5tbzEdS,Einar Haeggblom,false
i-QSnE9kNxNnuFsRa5tbzEdS,Einar Hæggblom,true
i-QSnE9kNxNnuFsRa5tbzEdS,Haeggblom,false
i-QSvXYSPnCaog2kVQuZMYmX,Axel Alarik Pehrsson-Bramstorp,false
i-QSvXYSPnCaog2kVQuZMYmX,Axel Pehrsson-Bramstorp,true
i-QSvXYSPnCaog2kVQuZMYmX,Pehrsson,false
i-QSvXYSPnCaog2kVQuZMYmX,Pehrsson-Bramstorp,false
i-QU3eKDJoYUByDEumpZQVQg,Helga Jeppson,false
i-QU3eKDJoYUByDEumpZQVQg,Helga Jeppsson,false
i-QU3eKDJoYUByDEumpZQVQg,Helga Sjöstrand,true
i-QU3eKDJoYUByDEumpZQVQg,Sjöstrand,false
i-QUa4DaEpHiH6GESrfLsxWi,Carl Fredrik Hochschild,true
i-QUa4DaEpHiH6GESrfLsxWi,Carl Fredrik Lotharius Hochschild,false
i-QUa4DaEpHiH6GESrfLsxWi,Carl Hochschild,false
i-QUa4DaEpHiH6GESrfLsxWi,Hochschild,false
i-QUo2ScmMxFidPE3J9nxK2j,Gullström,false
i-QUo2ScmMxFidPE3J9nxK2j,Stellan Gullström,true
i-QUqUmVazVZYgkmCXgYjZgs,Gunnar Gustafsson,true
i-QUqUmVazVZYgkmCXgYjZgs,Gustafsson,false
i-QUqUmVazVZYgkmCXgYjZgs,Martin Gunnar Gustafsson,false
i-QUvttyFs7dHYEJzxW6zyJH,Bengt Fridolf Jansson,false
i-QUvttyFs7dHYEJzxW6zyJH,Fridolf Jansson,true
i-QUvttyFs7dHYEJzxW6zyJH,Jansson,false
i-QVY3f2P1vscrB5Yu7JhzV,Nina Charlotte Kain.,false
i-QVY3f2P1vscrB5Yu7JhzV,Nina Kain,true
i-QVqqZAPY1emsYgUbz5v2SA,Michael Svensson,true
i-QW3U8q9gqCreU8hvXKjp44,G. Ivar Virgin,false
i-QW3U8q9gqCreU8hvXKjp44,Gustav Ivar Virgin,false
i-QW3U8q9gqCreU8hvXKjp44,Ivar Virgin,true
i-QW3U8q9gqCreU8hvXKjp44,Virgin,false
i-QW5W2LNiETVn7C6pxUPTUU,Anton Niklas Sundberg,true
i-QW5W2LNiETVn7C6pxUPTUU,Sundberg,false
i-QWMYdK75NgjQLfjAqk7gK4,Gösta Sterne,true
i-QWMYdK75NgjQLfjAqk7gK4,Sterne,false
i-QWdnUEcGZTAPWcxPQaCnvn,Caspersson,false
i-QWdnUEcGZTAPWcxPQaCnvn,Johan Fredrik Caspersson,true
i-QXLMYc7as75PMkwgVjSGm,Anderberg,false
i-QXLMYc7as75PMkwgVjSGm,Hugo Rudolf Anderberg,false
i-QXLMYc7as75PMkwgVjSGm,Rudolf Anderberg,true
i-QXf2YRbFUcZE7jDnU6Y7tU,Karlsson,false
i-QXf2YRbFUcZE7jDnU6Y7tU,Knut Ove Karlsson,false
i-QXf2YRbFUcZE7jDnU6Y7tU,Ove Karlsson,true
i-QXiGidLhFr3yVPmDxRSa4h,Aina Cecilia Bergens,false
i-QXiGidLhFr3yVPmDxRSa4h,Aina Cecilia Nettelbrandt,false
i-QXiGidLhFr3yVPmDxRSa4h,Cecilia Aina Nettelbrandt,false
i-QXiGidLhFr3yVPmDxRSa4h,Cecilia Nettelbrandt,true
i-QXiGidLhFr3yVPmDxRSa4h,Nettelbrandt,false
i-QXoirosNrtcGRkxgo4Weud,Bo Hjalmar Risberg,false
i-QXoirosNrtcGRkxgo4Weud,Bo Risberg,true
i-QXoirosNrtcGRkxgo4Weud,Risberg,false
i-QYJG6SVL3NC9SndTwjfJjZ,Ingegärd Oskarsson,true
i-QYJG6SVL3NC9SndTwjfJjZ,Oskarsson,false
i-QYUn9LH1BFyUaLeMaR5S5h,Otto von Arnold,true
i-QYUrNyoHQyDH4vTwKcP6pk,Britt-Marie Lindkvist,true
i-QZYU3D5NhXZ9WDSFcyngAo,Pettersson,false
i-QZYU3D5NhXZ9WDSFcyngAo,Rune Pettersson,true
i-Qa1ZufD1xJDN43bJxjLRPB,Tasso Anastasios Stafilidis,false
i-Qa1ZufD1xJDN43bJxjLRPB,Tasso Stafilidis,true
i-Qb23zCswrqkirumWyZ7ZKj,Gunnar Erling Nilsson,false
i-Qb23zCswrqkirumWyZ7ZKj,Gunnar Nilsson,true
i-Qb23zCswrqkirumWyZ7ZKj,Nilsson,false
i-Qc1WhnqN9Nz728w4zemNNn,Bernhard Corneliusson,true
i-Qc1WhnqN9Nz728w4zemNNn,Corneliusson,false
i-Qc2sE2YiifAJrwAnDQvtyx,Elofsson,false
i-Qc2sE2YiifAJrwAnDQvtyx,Gustaf Elofsson,true
i-Qc2sE2YiifAJrwAnDQvtyx,Gustaf Sanfrid Elofsson,false
i-Qc7Lq2YYet5P7L5vhHiC2K,Gunnel Söderberg,true
i-Qcof8uUB6fn43ayBzbj7o4,Maria Borelius,true
i-Qcof8uUB6fn43ayBzbj7o4,Maria Sigrid Astrid Borelius,false
i-QcpBz4dngcwX4JWYeqg7Va,Edward Magnus Sederholm,false
i-QcpBz4dngcwX4JWYeqg7Va,Edward Sederholm,true
i-QcpBz4dngcwX4JWYeqg7Va,Sederholm,false
i-QcuhAzXJzRZwdpi69xfMhk,Christer Nilsson,true
i-QcuhAzXJzRZwdpi69xfMhk,Hans Krister Nilsson,false
i-QcuhAzXJzRZwdpi69xfMhk,Nilsson,false
i-Qd2kCBwtKZHR3iPgnHwScJ,Hartwig Odencrants,false
i-Qd2kCBwtKZHR3iPgnHwScJ,Odencrantz,false
i-Qd2kCBwtKZHR3iPgnHwScJ,Thor Hartvig Odencrants,false
i-Qd2kCBwtKZHR3iPgnHwScJ,Thor Hartwig Odencrants,true
i-Qdz4d8Ykv3zsRZVZxrcte1,Adolf Hedin,true
i-Qdz4d8Ykv3zsRZVZxrcte1,Hedin,false
i-Qdz4d8Ykv3zsRZVZxrcte1,Sven Adolf Hedin,false
i-Qe8ESiYibuKbQKH53aWPcQ,Carl Riström,true
i-Qe8ESiYibuKbQKH53aWPcQ,Riström,false
i-QeGwUQTQLjJkCPXi6rv7E7,Ljungdahl,false
i-QeGwUQTQLjJkCPXi6rv7E7,Vilmar Ljungdahl,true
i-QeGwUQTQLjJkCPXi6rv7E7,Vilmar Severin Ljungdahl,false
i-QeX7obpSDsLubHtEeNQA9u,Carl Ericsson,true
i-QeX7obpSDsLubHtEeNQA9u,Carl M Ericsson,false
i-QeX7obpSDsLubHtEeNQA9u,Carl Magnus Ericsson,false
i-QeX7obpSDsLubHtEeNQA9u,Ericsson,false
i-QeucVXKMkCG7pGT4k4R7mb,Marlene Burwick,true
i-QeucVXKMkCG7pGT4k4R7mb,Marlene Kristina Burwick,false
i-Qewt4U19zCa5V4TdhSUJu,Fredric Pettersson,true
i-Qewt4U19zCa5V4TdhSUJu,Pettersson,false
i-QfeDyZ27DQmH17bsjAZDYK,Gustaf Fredrik Östberg,true
i-QfeDyZ27DQmH17bsjAZDYK,Östberg,false
i-QhJNCjQN8CrzR8fmdsivU7,Bjelle,false
i-QhJNCjQN8CrzR8fmdsivU7,Britta Bjelle,true
i-QhURWkawnPDBf443faKewj,Cecilia Wigström,true
i-QhURWkawnPDBf443faKewj,Wigström,false
i-QhaR35A7RDj2csbtHW5qqZ,Gustaf Johan Windahl,false
i-QhaR35A7RDj2csbtHW5qqZ,Gustaf Windahl,true
i-QhaR35A7RDj2csbtHW5qqZ,Windahl,false
i-QhdbBfCQXCqPEr4GTwvK8F,Tony Haddou,true
i-Qhg4pgs4CkWDsyz8PNMACG,Andersson,false
i-Qhg4pgs4CkWDsyz8PNMACG,Gustaf Andersson,true
i-QhnsQ4XHA6EXWk4gj8dW77,Nils G. Åsling,true
i-QhnsQ4XHA6EXWk4gj8dW77,Nils Åsling,false
i-QhnsQ4XHA6EXWk4gj8dW77,Åsling,false
i-QiH1m576DcuGtby7dh9oxo,Eskilander Thomasson,true
i-QiH1m576DcuGtby7dh9oxo,Thomasson,false
i-QjKqQgRTZMrXXrCsCKr3z5,Anders Olof Paulsen,false
i-QjKqQgRTZMrXXrCsCKr3z5,Anders Paulsen,true
i-QjKqQgRTZMrXXrCsCKr3z5,Paulsen,false
i-QjLBffETF8SDrQmaUR7BD1,Ernst Julius Söderberg,false
i-QjLBffETF8SDrQmaUR7BD1,Ernst Söderberg,true
i-QjLBffETF8SDrQmaUR7BD1,Söderberg,false
i-QjakHmYwDer4nbak52mRaK,Gunnar Pettersson,true
i-QjakHmYwDer4nbak52mRaK,Pettersson,false
i-Qk9ckHLNgsoYgsZhFeaze8,Gustav Harald Svensson,false
i-Qk9ckHLNgsoYgsZhFeaze8,Harald Svensson,true
i-Qk9ckHLNgsoYgsZhFeaze8,Svensson,false
i-QkL9NojUdzeRLYoZHg35Cx,Ronny Korsberg,true
i-QkoGcuWJuiryQZaTNFexi4,Karl-Gösta Svenson,true
i-QkoGcuWJuiryQZaTNFexi4,Svenson,false
i-QmLKNXtwqmNui98eTHpcAk,Per Gustaf Sandberg,true
i-QmLKNXtwqmNui98eTHpcAk,Sandberg,false
i-Qma3CBohwCYyXYKwXAyXtw,Beck-Friis,false
i-Qma3CBohwCYyXYKwXAyXtw,Carl Joachim Beck-Friis,false
i-Qma3CBohwCYyXYKwXAyXtw,Joachim Beck-Friis,true
i-QmwGRrMY63mWh5oomvqDqy,Johan Ödmansson,true
i-QmwGRrMY63mWh5oomvqDqy,Ödmansson,false
i-QnPwUMeUomdPsJFRydT9Gb,Carl Gustaf Uggla,false
i-QnPwUMeUomdPsJFRydT9Gb,Carl Uggla,true
i-QnPwUMeUomdPsJFRydT9Gb,Uggla,false
i-QnWx7Lh7suT7PiAPY3oh23,Holmdahl,false
i-QnWx7Lh7suT7PiAPY3oh23,Otto Holmdahl,true
i-QnWx7Lh7suT7PiAPY3oh23,Otto S Holmdahl,false
i-QnWx7Lh7suT7PiAPY3oh23,Otto Samuel Holmdahl,false
i-QncsjeqVcGrNpNi8SPzrX4,Michael Per Axel Rubbestad,false
i-QncsjeqVcGrNpNi8SPzrX4,Michael Rubbestad,true
i-QnzZpk49d9g2M6XVsGFeZi,Bror Bengt Gustaf von Geijer,false
i-QnzZpk49d9g2M6XVsGFeZi,Bror von Geijer,true
i-QnzZpk49d9g2M6XVsGFeZi,Geijer,false
i-QnzZpk49d9g2M6XVsGFeZi,von Geijer,false
i-QoSTqSg3VTubxEPC3iFxW3,Christer Akej,true
i-QobwepBp1UESUizVa8aqhL,Anna Åkerhielm,true
i-QoeFZWNQgLDU6t6B6RuPtd,Daniel Wiklund,true
i-QoeFZWNQgLDU6t6B6RuPtd,Wiklund,false
i-Qp2niWCpNoBB3vkdyrUBC7,Isovaara,false
i-Qp2niWCpNoBB3vkdyrUBC7,Lars Isovaara,true
i-QpWVRM55tMRcHYZCMDFcHW,Isak From,true
i-QpWVRM55tMRcHYZCMDFcHW,Lars Isak Anders From,false
i-QqQ96z9hf4LQtMxJfJm6ZQ,Jeppe Johnsson,true
i-QqWxLK7JWbybqUdcTpZWcj,Göte Pettersson,true
i-QqWxLK7JWbybqUdcTpZWcj,Pettersson,false
i-QqXbp2e1YXZjhRDVpAxspZ,Grönhagen,false
i-QqXbp2e1YXZjhRDVpAxspZ,Nils-Olof Grönhagen,true
i-QqZ5oAnryify9HZXD97Cpe,Edvard Mårtensson,true
i-QqZ5oAnryify9HZXD97Cpe,Mårten Edvard Mårtensson,false
i-QqZ5oAnryify9HZXD97Cpe,Mårtensson,false
i-QqgpadBP4SAf6uA8SRtTMY,Runar Patriksson,true
i-Qqu9byP8zwudzHA8ErxkRe,Rickard Nordin,true
i-QrNvzg6SGj92wj2YY77ZNA,Isabell Mixter,true
i-QrNvzg6SGj92wj2YY77ZNA,Isabell Sofia Mixter,false
i-QrnhMBZLsGdbeBasmoTLpZ,Mats Christer Johannes Odell,false
i-QrnhMBZLsGdbeBasmoTLpZ,Mats Odell,true
i-QrnhMBZLsGdbeBasmoTLpZ,Odell,false
i-QsRRYg3noSN6oWApGgXLGF,Herbert Lundh,true
i-QsRRYg3noSN6oWApGgXLGF,Herbert Theodor Lundh,false
i-QsRRYg3noSN6oWApGgXLGF,Lundh,false
i-QseqVj35KqHrtaDJjkAmGv,Lind,false
i-QseqVj35KqHrtaDJjkAmGv,Olof Lind,true
i-QskpWd4ZmmJt8AesZ4pf8K,Carl-Erik Johansson,true
i-QskpWd4ZmmJt8AesZ4pf8K,Johansson,false
i-QspcF1D4Yk64p7fTvD7ekx,Svanberg,false
i-QspcF1D4Yk64p7fTvD7ekx,Sven Petter Svanberg,true
i-Qt6pwvn1sVJnYGf8JhmzmR,Peter André Hedberg,false
i-Qt6pwvn1sVJnYGf8JhmzmR,Peter Hedberg,true
i-Qt7m5mKraSZasEsd9LAd8A,Laila Gunhild Olsen,false
i-Qt7m5mKraSZasEsd9LAd8A,Laila Olsen,true
i-QtAUctmGjc6xyLGxJvMb4Y,Lennart Thörnlund,true
i-QtJg9oNHiDkHLkgiCwmrBb,Annika Åhnberg,true
i-QtJg9oNHiDkHLkgiCwmrBb,Åhnberg,false
i-Qtn5xiAaEShY2RfbLLuCj8,Olof Wijk den yngre,true
i-Qtn5xiAaEShY2RfbLLuCj8,Wijk,false
i-QuRQCXDXLD2SQkd8Xg5kdv,Mariya Voyvodova,true
i-QvL87UYbGYsSdMdhj4qaNA,Karl Artur Rask,false
i-QvL87UYbGYsSdMdhj4qaNA,Karl Rask,true
i-QvL87UYbGYsSdMdhj4qaNA,Rask,false
i-QvQF7Es6NnMXfNhoeCLJL2,Pehr Gustaf Tamm,true
i-QvQF7Es6NnMXfNhoeCLJL2,Tamm,false
i-QvSu31FkrjuHQxA21VW3dr,Josef Nord,true
i-QvSu31FkrjuHQxA21VW3dr,Nord,false
i-QvZufgg5hTjsd5q6PirHGF,Stefan Olsson,true
i-QwKpq6EUg2KZiwbz7wtfdC,Hällvik,false
i-QwKpq6EUg2KZiwbz7wtfdC,Oscar Hällvik,true
i-QwKpq6EUg2KZiwbz7wtfdC,Oscar T H Hällvik,false
i-QwKpq6EUg2KZiwbz7wtfdC,Oscar Theodor Heij Hällvik,false
i-QwcMoB88FnxNugeHCag1rQ,Erik Johan Mallmin,false
i-QwcMoB88FnxNugeHCag1rQ,Johan Mallmin,true
i-QwcMoB88FnxNugeHCag1rQ,Mallmin,false
i-Qws5CvxVnBu6vNLoGt7ybu,Jakob Magnus Svensson,true
i-Qws5CvxVnBu6vNLoGt7ybu,Svensson,false
i-QxtcAkdsi14cChCzDiXJXh,Alfred Bolander,true
i-QxtcAkdsi14cChCzDiXJXh,Bolander,false
i-QyngumBRLxrQwrS7tZ63zu,Axel Henrik Munktell,false
i-QyngumBRLxrQwrS7tZ63zu,Henrik Munktell den yngre,true
i-QyngumBRLxrQwrS7tZ63zu,Munktell,false
i-Qz1314Rf4SkdpSXZds99fp,Axel Lindström,true
i-Qz1314Rf4SkdpSXZds99fp,Lindström,false
i-Qz4kjjKSzCm5RwSxi2vkro,Gunnar Helén,true
i-Qz4kjjKSzCm5RwSxi2vkro,Helén,false
i-Qz4kjjKSzCm5RwSxi2vkro,Nils Gunnar Helén,false
i-QzXydyaoPnVMCpzAFujWei,Gustaf Sparre,true
i-QzXydyaoPnVMCpzAFujWei,Nils Gustaf Alexander Sparre af Söfdeborg,false
i-QzXydyaoPnVMCpzAFujWei,Sparre af Söfdeborg,false
i-QzfDoAPniq8Uxe1v3JKFqk,Adam Fredrik Burman,false
i-QzfDoAPniq8Uxe1v3JKFqk,Burman,false
i-QzfDoAPniq8Uxe1v3JKFqk,Fredrik Burman,true
i-QzfpRMbzcEoXkrXNqqv2P7,Fredrik Bernhard Hegardt,false
i-QzfpRMbzcEoXkrXNqqv2P7,Fredrik Hegardt,true
i-QzfpRMbzcEoXkrXNqqv2P7,Hegardt,false
i-R15uPaT8a19DwHnCrNDNP4,Otto von Zweigbergk,true
i-R15uPaT8a19DwHnCrNDNP4,von Zweigbergk,false
i-R1Vn1Lw6jr8YHTAmgGqoM4,Mats Berglund,true
i-R2JnobZaQtDbpbYZc3mDSb,Arthur Elmroth,true
i-R2JnobZaQtDbpbYZc3mDSb,Arthur Erik Elmroth,false
i-R2JnobZaQtDbpbYZc3mDSb,Elmroth,false
i-R2Yk3wfYgkMRSRqUYdnaAX,Hjalmar Lindgren,true
i-R2Yk3wfYgkMRSRqUYdnaAX,Hjalmar Ossian Lindgren,false
i-R2Yk3wfYgkMRSRqUYdnaAX,Lindgren,false
i-R2zWcAAK6pckvo76mRezcq,August Wilhelm Rydberg,false
i-R2zWcAAK6pckvo76mRezcq,Rydberg,false
i-R2zWcAAK6pckvo76mRezcq,Wilhelm Rydberg,true
i-R3YGkdaycgHU3tmov5K4MB,Carlsund,false
i-R3YGkdaycgHU3tmov5K4MB,O. .E Carlsund,false
i-R3YGkdaycgHU3tmov5K4MB,Otto Carlsund,true
i-R3YGkdaycgHU3tmov5K4MB,Otto Edvard Carlsund,false
i-R3YSipbwyZHfu9o884ZzWY,Johannes Sällström,true
i-R3YSipbwyZHfu9o884ZzWY,Sällström,false
i-R3ZQnERX5FRrWRvCs33Ukw,Adolf Dahl,true
i-R3ZQnERX5FRrWRvCs33Ukw,Dahl,false
i-R3ZQnERX5FRrWRvCs33Ukw,Peter Adolf Dahl,false
i-R3ezo9eNq9173LWfrJPgK8,Bergman,false
i-R3ezo9eNq9173LWfrJPgK8,Carl Johan Bergman,true
i-R3nsRJhzB7y5cdtqNqb47Q,Nils T Svensson,false
i-R3nsRJhzB7y5cdtqNqb47Q,Nils T. Svensson,false
i-R3nsRJhzB7y5cdtqNqb47Q,Nils Torgny Svensson,true
i-R3nsRJhzB7y5cdtqNqb47Q,Svensson,false
i-R3w2cm3MQ27goG533zxfaJ,Hjertén,false
i-R3w2cm3MQ27goG533zxfaJ,Lars Hjertén,true
i-R4ENMwmvNi5BfMc91wD7R2,Ander Leonard Lewin,false
i-R4ENMwmvNi5BfMc91wD7R2,Anders Lennart Lewin,true
i-R4ENMwmvNi5BfMc91wD7R2,Lewin,false
i-R4J2BjdC5newZa5PxkcGaY,Thor Wolgast,false
i-R4J2BjdC5newZa5PxkcGaY,Tor Herman Wolgast,false
i-R4J2BjdC5newZa5PxkcGaY,Tor Wolgast,true
i-R4J2BjdC5newZa5PxkcGaY,Wolgast,false
i-R4n8T37WGG9UtPzmSYDQ4W,Elis Fischer,true
i-R4n8T37WGG9UtPzmSYDQ4W,Fischer,false
i-R4n8T37WGG9UtPzmSYDQ4W,Gustaf Elis Fischer,false
i-R4o4Concr8HsySCtR8ZFa3,Benedicks,false
i-R4o4Concr8HsySCtR8ZFa3,Bernhard Benedicks,true
i-R5WNXD7LF7GBdQbyGv6979,Adolf Aulin,true
i-R5WNXD7LF7GBdQbyGv6979,Aulin,false
i-R5WNXD7LF7GBdQbyGv6979,Bokföraren Johan Adolf Aulin,false
i-R5WNXD7LF7GBdQbyGv6979,Johan Adolf Aulin,false
i-R5nrkYVYWRipCGrS8PAyUz,Arvid Lilliesköld,true
i-R5nrkYVYWRipCGrS8PAyUz,Johan Arvid Lilliesköld,false
i-R5nrkYVYWRipCGrS8PAyUz,Lilliesköld,false
i-R5sbciXNVUmReHfN2gagdn,Leif Rune Zetterberg,false
i-R5sbciXNVUmReHfN2gagdn,Leif Zetterberg,true
i-R6eNR9RuE1U1MpqLVsqC57,Lundberg,false
i-R6eNR9RuE1U1MpqLVsqC57,Måns Bengtsson Lundberg,false
i-R6eNR9RuE1U1MpqLVsqC57,Måns Lundberg,true
i-R6vAEWSu81sfemj28xck5a,Rettig,false
i-R6vAEWSu81sfemj28xck5a,Robert Rettig,true
i-R7JN7wFG1oCMU6AUTLyeTw,Carl Emil Kinander,false
i-R7JN7wFG1oCMU6AUTLyeTw,Emil Kinander,true
i-R7JN7wFG1oCMU6AUTLyeTw,Kinander,false
i-R7nr8W1NgHvkYbSoRF5obS,Angel,false
i-R7nr8W1NgHvkYbSoRF5obS,Anton Angel,true
i-R7nr8W1NgHvkYbSoRF5obS,Anton Wilhelm Angel,false
i-R7tiBx1bYbwuBB33UPRwaw,Marianne Löfstedt,true
i-R7xvpipqB8Hc2m24jeTVyQ,Fredrik Edvard Julin,false
i-R7xvpipqB8Hc2m24jeTVyQ,Fredrik Julin,true
i-R7xvpipqB8Hc2m24jeTVyQ,Julin,false
i-R8j7X4n9YK7DqssFUDcVf2,Hedin,false
i-R8j7X4n9YK7DqssFUDcVf2,John Erik Hedin,false
i-R8j7X4n9YK7DqssFUDcVf2,John Hedin,true
i-R97w3nuXuTMZKkdjArixv8,Adolf Fredrik Petersson,false
i-R97w3nuXuTMZKkdjArixv8,Fredrik Petersson,true
i-R97w3nuXuTMZKkdjArixv8,Petersson,false
i-R9MuNkxgtjYredKHhh6ujV,Per Bill,true
i-R9MuNkxgtjYredKHhh6ujV,Per Otto Bill,false
i-R9MyGXJGkxUW6BDGZnaPCF,Carl J Ödman,false
i-R9MyGXJGkxUW6BDGZnaPCF,Carl Julius Ödman,true
i-R9MyGXJGkxUW6BDGZnaPCF,Ödman,false
i-R9vYVJxSeKVQwwHwTyNhm9,Christer Windén,true
i-R9vYVJxSeKVQwwHwTyNhm9,Windén,false
i-RB54BEbr4as6zaXNFh8x9n,Magnuson,false
i-RB54BEbr4as6zaXNFh8x9n,Tord Alarik Magnuson,false
i-RB54BEbr4as6zaXNFh8x9n,Tord Magnuson,true
i-RBYWqRkwcPtB9EqGt2HLkT,Brummer,false
i-RBYWqRkwcPtB9EqGt2HLkT,Fredric Brummer,false
i-RBYWqRkwcPtB9EqGt2HLkT,Fredrik Brummer,true
i-RBuj9TuVUvxEBh62vFNpmy,Nils Samuel Stadener,false
i-RBuj9TuVUvxEBh62vFNpmy,Sam Stadener,true
i-RBuj9TuVUvxEBh62vFNpmy,Sam. Stadener,false
i-RBuj9TuVUvxEBh62vFNpmy,Samuel Stadener,false
i-RBuj9TuVUvxEBh62vFNpmy,Stadener,false
i-RBwA6WtbjeTp4EH9rQG3me,Carl G Hammarskjöld,false
i-RBwA6WtbjeTp4EH9rQG3me,Carl Gustav Hammarskjöld,false
i-RBwA6WtbjeTp4EH9rQG3me,Carl Hammarskjöld,true
i-RBwA6WtbjeTp4EH9rQG3me,Hammarskjöld,false
i-RC4riwk1gZvGGkUqkfM15y,Emil Oskar Hagman,false
i-RC4riwk1gZvGGkUqkfM15y,Hagman,false
i-RC4riwk1gZvGGkUqkfM15y,Oskar Hagman,true
i-RCNVVc6jFAU8YPdr6sW8jH,Stefan Hagfeldt,true
i-RCTjiWPTWsdbhU76ZmcCUr,Backlund,false
i-RCTjiWPTWsdbhU76ZmcCUr,Rune Backlund,true
i-RCTjiWPTWsdbhU76ZmcCUr,Rune David Torsten Backlund,false
i-RCbMRnMerpXVLuVSJsrSSn,Axel Georg Pettersson,false
i-RCbMRnMerpXVLuVSJsrSSn,Georg Pettersson,true
i-RCbMRnMerpXVLuVSJsrSSn,Pettersson,false
i-RDd5NEnoHyGrXS3SzfhNJF,Carl Johanson,true
i-RDd5NEnoHyGrXS3SzfhNJF,Johanson,false
i-RDeqY3mXLBtUS9bixjvHS,Lars Tysklind,true
i-RE5rAQ194rSt7bN8ZGzmSk,Erik Rudolf Stridsberg,false
i-RE5rAQ194rSt7bN8ZGzmSk,Erik Stridsberg,true
i-REC84EGSoQoYhpdGE1JHN9,Nilsson,false
i-REC84EGSoQoYhpdGE1JHN9,Olof Nilsson,true
i-RFJmo1wDqVKRtoJAz97Trc,Hellgren,false
i-RFJmo1wDqVKRtoJAz97Trc,Johannes Hellgren,true
i-RFJmo1wDqVKRtoJAz97Trc,Johannes Johannesson Hellgren,false
i-RFayvidMxuNczAd1Kjormd,Axel Koræn,true
i-RFayvidMxuNczAd1Kjormd,Axel Mauritz Koræn,false
i-RFayvidMxuNczAd1Kjormd,Koraen,false
i-RFgs3yufqs3zY2mfSfqZVn,Ericsson,false
i-RFgs3yufqs3zY2mfSfqZVn,Johannes Ericson,true
i-RGEVZdQE7qxcTo6fN3rKC3,Anders Lif,true
i-RGEVZdQE7qxcTo6fN3rKC3,Lif,false
i-RGPqwUoKQ743khxuD6yXUQ,Fredrik Wester,true
i-RGPqwUoKQ743khxuD6yXUQ,Wester,false
i-RGcmzLqANYaoDDL2LmsTBj,Bengtsson,false
i-RGcmzLqANYaoDDL2LmsTBj,Johannes Bengtsson,true
i-RH6VCPhyxs9yYcfXJzPxYT,Hed,false
i-RH6VCPhyxs9yYcfXJzPxYT,Maria Hed,true
i-RH6VCPhyxs9yYcfXJzPxYT,Sonja Maria Hed,false
i-RH6VCPhyxs9yYcfXJzPxYT,Sonja Maria von Zeipel,false
i-RH8FBHovy2SQuXkxVk1fLC,Anna Sofia Modigh,false
i-RH8FBHovy2SQuXkxVk1fLC,Sofia Modigh,true
i-RHMCCV1jYLX6hbav8GE2vP,Birger Nilsson,true
i-RHMCCV1jYLX6hbav8GE2vP,Nilsson,false
i-RHnjhwBYnTHP8AK9KrDj56,Edwin Magnus Unger,false
i-RHnjhwBYnTHP8AK9KrDj56,Magnus Unger,true
i-RHnjhwBYnTHP8AK9KrDj56,Unger,false
i-RJ83sTtQ8c3R3VD4B55j8P,Åsa Lindestam,true
i-RJ83sTtQ8c3R3VD4B55j8P,Åsa Margaretha Lindestam,false
i-RJ9jccyWpgPULxxsYHhYyB,Bjorn Frithiofsson Holmgren,false
i-RJ9jccyWpgPULxxsYHhYyB,Björn F:son Holmgren,false
i-RJ9jccyWpgPULxxsYHhYyB,Björn Frithiofsson Holmgren,true
i-RJ9jccyWpgPULxxsYHhYyB,Björn Fritiofsson Holmgren,false
i-RJ9jccyWpgPULxxsYHhYyB,Holmgren,false
i-RL2hcNdhzHREop8X3xbMjU,Carl Jacobson,true
i-RL2hcNdhzHREop8X3xbMjU,Carl Jacobsson,false
i-RL2hcNdhzHREop8X3xbMjU,Jacobson,false
i-RLQdYFYib6TvKTg8hgkq5P,Carl Otto Silfverschiöld,true
i-RLQdYFYib6TvKTg8hgkq5P,Silfverschiöld,false
i-RM6v9N7kihqrGSRBsWe7g3,Franzén,false
i-RM6v9N7kihqrGSRBsWe7g3,Ivar Franzén,true
i-RMa21KjWZz6GQg6NqY2toe,Colleen,false
i-RMa21KjWZz6GQg6NqY2toe,Sven Tycho Colleen,false
i-RMa21KjWZz6GQg6NqY2toe,Tycho Colleen,true
i-RMrBpsGEVHWEpQv78gCgAT,Einar Gustaf Edvard Osterman,false
i-RMrBpsGEVHWEpQv78gCgAT,Einar Osterman,true
i-RMrBpsGEVHWEpQv78gCgAT,Osterman,false
i-RMxSbAQFAxcJ8ziatxo1eY,Karl Fredrik Söderdahl,false
i-RMxSbAQFAxcJ8ziatxo1eY,Karl Söderdahl,true
i-RMxSbAQFAxcJ8ziatxo1eY,Söderdahl,false
i-RMyMvNY8rQGcpLy854czaK,Olle Felten,true
i-RNDaEQyBmXoug73iH61z2n,Brännström,false
i-RNDaEQyBmXoug73iH61z2n,Jonas Ludvig Brännström,false
i-RNDaEQyBmXoug73iH61z2n,Ludwig Brännström,true
i-RNLiVMpCYiPgzxr2ERSxMt,Lars-Arne Staxäng,true
i-RNQVYgEoPJt9HZYgvR4iWP,Osama Abdelaziz Mokhtar Ali Maher,false
i-RNQVYgEoPJt9HZYgvR4iWP,Osama Ali Maher,true
i-RPLcLWRfZW7xXVd61piM6R,Lennart Gustavsson,true
i-RPcoVGP3t3zt1McKCuwias,Liliedahl,false
i-RPcoVGP3t3zt1McKCuwias,Simon Liliedahl,true
i-RPvXiWoVbPvNZBh8bxVvbB,Eva Hjelmström,true
i-RPvXiWoVbPvNZBh8bxVvbB,Hjelmström,false
i-RPyvTRJApoSKJMVerP8PFZ,Alfred Berg,true
i-RPyvTRJApoSKJMVerP8PFZ,Berg,false
i-RPyvTRJApoSKJMVerP8PFZ,Olof Alfred Berg,false
i-RQ7DisaShnLmZ3DuVbxYXg,Fredrik von Essen,true
i-RQ7DisaShnLmZ3DuVbxYXg,von Essen,false
i-RQzn6FfBYeU4hCsGESYeBd,Johan Anders Leffler,false
i-RQzn6FfBYeU4hCsGESYeBd,Johan Leffler,true
i-RQzn6FfBYeU4hCsGESYeBd,Leffler,false
i-RR74pQCVaSzQhJFP8A3gGT,Hedengren,false
i-RR74pQCVaSzQhJFP8A3gGT,Olof Gabriel Hedengren,false
i-RR74pQCVaSzQhJFP8A3gGT,Olof Hedengren,true
i-RRvw1Cauq7s774Lr5WANeu,Anders Andersson,true
i-RRvw1Cauq7s774Lr5WANeu,Andersson,false
i-RSEAJVoTxUmPUJCD5i2nNA,August Westerdal,true
i-RSEAJVoTxUmPUJCD5i2nNA,August Wilhelm Westerdal,false
i-RSEAJVoTxUmPUJCD5i2nNA,Westerdal,false
i-RSPNozM9XXJf6YSf7tHhCx,Carl Eduard Ljungberg,false
i-RSPNozM9XXJf6YSf7tHhCx,Eduard Ljungberg,true
i-RSPNozM9XXJf6YSf7tHhCx,Karl Eduard Ljungberg,false
i-RSPNozM9XXJf6YSf7tHhCx,Ljungberg,false
i-RSQWc1szic7Zoehs2zy19W,Matts Pehrsson,true
i-RSQWc1szic7Zoehs2zy19W,Pehrsson,false
i-RSgoTUSmydhKfi8JD88Jsj,Alfred Bernhard de Maré,false
i-RSgoTUSmydhKfi8JD88Jsj,Alfred de Maré,true
i-RSgoTUSmydhKfi8JD88Jsj,De Maré,false
i-RSiuMypXnpezgHYchVCsJC,Larsson,false
i-RSiuMypXnpezgHYchVCsJC,Olof Larsson,true
i-RSqbTnBBX6dtdvF5RUM8Lr,Ola Johansson,true
i-RT8CWUS9TBpnCvmiBmdgK8,Adolf Weckman,true
i-RT8CWUS9TBpnCvmiBmdgK8,Weckman,false
i-RTJ2sRrztP2XUZ8kQQmGL8,Arfwedson,false
i-RTJ2sRrztP2XUZ8kQQmGL8,Robert Arfwedson,true
i-RTJ2sRrztP2XUZ8kQQmGL8,Robert August Arfwedson,false
i-RTjVKTrY9n8GMTJnqHungF,Flood,false
i-RTjVKTrY9n8GMTJnqHungF,Hulda Flood,true
i-RUBGDTWLpDv7SjmvNfvf2n,Hamberg,false
i-RUBGDTWLpDv7SjmvNfvf2n,Svante Hamberg,true
i-RUBGDTWLpDv7SjmvNfvf2n,Svante Johan Hamberg,false
i-RULC5JA5WV3y9ZKs31VLzx,Ericsson,false
i-RULC5JA5WV3y9ZKs31VLzx,Göran Ericsson,true
i-RULRtbbfsrJBLYbatB6uqb,Asplund,false
i-RULRtbbfsrJBLYbatB6uqb,Gustaf Asplund,true
i-RULRtbbfsrJBLYbatB6uqb,Johan Gustaf Asplund,false
i-RUWzee5oy7xHjdBivdkTjR,Karl Levinson,true
i-RUWzee5oy7xHjdBivdkTjR,Karl Samuel Levinson,false
i-RUdnmiAnhtuNBEkxXKeuGG,Alfred Malmström,true
i-RUdnmiAnhtuNBEkxXKeuGG,Malmström,false
i-RUdnmiAnhtuNBEkxXKeuGG,Per Alfred Lorens Malmström,false
i-RUvefMGK4crAvHMAMDHz51,Olof Tonning,true
i-RUvefMGK4crAvHMAMDHz51,Tonning,false
i-RV58z4JKLyvuKAyG2XobP8,Laila Bjurling,true
i-RVBRPDgYSffQso5SLJ9Cxr,Larry Söder,true
i-RVMDA8NcF8YRYEU3Y4MfQL,Birger Rosqvist,true
i-RVMDA8NcF8YRYEU3Y4MfQL,Rosqvist,false
i-RVnPrerq2uTAneqit2EKxd,Bildt,false
i-RVnPrerq2uTAneqit2EKxd,Knut Gillis Bildt,true
i-RWHHpjXg7xo3nGajq9orcA,Berit Larsson,true
i-RWdiyyAjRXWGXgwPkmQVQv,Beth Hennings,true
i-RWdiyyAjRXWGXgwPkmQVQv,Betty Constance Hennings,false
i-RWdiyyAjRXWGXgwPkmQVQv,Hennings,false
i-RWykHkDpy2m92FDMwPRU2j,Jon Jonsson,false
i-RWykHkDpy2m92FDMwPRU2j,Jonas Jonsson,true
i-RWykHkDpy2m92FDMwPRU2j,Jonsson,false
i-RXA8E5pqhvNjx33dkG7Jn6,Erik Olof Wiklund,true
i-RXA8E5pqhvNjx33dkG7Jn6,Wiklund,false
i-RYMSuUxn71Br3tEd5Xykys,Jacob Nilsson,true
i-RYMSuUxn71Br3tEd5Xykys,Nils Jacob Nilsson,false
i-RYMSuUxn71Br3tEd5Xykys,Nilsson,false
i-RYfQPYszLPVrPs5i7M3m8Q,Dan Nilsson,true
i-RYfQPYszLPVrPs5i7M3m8Q,Dan Per Mattias Nilsson,false
i-RYmzRLEx8QvF7KzEiVDL2U,Lars Ångström,true
i-RZGEVkANvGrPkMMqJm7CmG,Carl Fredrik Ridderstad,true
i-RZGEVkANvGrPkMMqJm7CmG,Ridderstad,false
i-RZJXKJgx2MZuWarm2B1ryx,Bergmark,false
i-RZJXKJgx2MZuWarm2B1ryx,Johan Oscar Bergmark,false
i-RZJXKJgx2MZuWarm2B1ryx,Oscar Bergmark,true
i-RZNwwHohbyBgLVVG4Dy1Bj,Carin Runeson,true
i-RZjsvHQz5czMrGkoME6F46,Eriksson,false
i-RZjsvHQz5czMrGkoME6F46,Ove Eriksson,true
i-RZvCDDC9zwyuV3rH48onze,N. E. Nilsson,false
i-RZvCDDC9zwyuV3rH48onze,Nils Erik Nilsson,true
i-RZvCDDC9zwyuV3rH48onze,Nilsson,false
i-RZyVuQdrz7mYQtKANdckcL,Carl Johan Alfred Skogman,false
i-RZyVuQdrz7mYQtKANdckcL,Carl Skogman,true
i-RZyVuQdrz7mYQtKANdckcL,Skogman,false
i-RaEHVGXdvgohqby5xsmFVJ,Bark,false
i-RaEHVGXdvgohqby5xsmFVJ,Hernfrid Bark,true
i-RaEHVGXdvgohqby5xsmFVJ,Otto Hernfrid Bark,false
i-RaJYkEgp88gLKVpriarzE1,Bengt Niska,true
i-RaMkfMt8MzwfqAxncChJEu,Erik Bengtzboe,true
i-RaMkfMt8MzwfqAxncChJEu,Erik Gustav Bengtzboe,false
i-RatAAcFWUQtWgsgaVmhEMh,Brånstad,false
i-RatAAcFWUQtWgsgaVmhEMh,Gunnar Brånstad,true
i-RatAAcFWUQtWgsgaVmhEMh,Johan Olof Gunnar Brånstad,false
i-Rb9LcfDrAi5Y6rVKoFXtAg,Andreasson,false
i-Rb9LcfDrAi5Y6rVKoFXtAg,Owe Andréasson,true
i-RbKNMUyo9hNCG3nSXBGQAq,Oswald Söderqvist,true
i-RbKNMUyo9hNCG3nSXBGQAq,Söderqvist,false
i-RbVbjAyjqSE4gXQF4DaDTA,Hannes Hervieu,true
i-RbVbjAyjqSE4gXQF4DaDTA,Karl Hannes Sanh Furuhagen Hervieu,false
i-RbjkohteuD4JxDcrBRD3H9,Karl Markus Mäler,false
i-RbjkohteuD4JxDcrBRD3H9,Karl Mäler,true
i-RbjkohteuD4JxDcrBRD3H9,Mäler,false
i-RbnFAbPcTsiR1cyPQea5jN,Lars Erik Johan Weinehall,false
i-RbnFAbPcTsiR1cyPQea5jN,Lars Weinehall,true
i-RbtSoUitf1N6bnxzVaQ3Yu,Göran Dahlstrand,true
i-Rc1Ucbsh8zyMks8rJJHjX6,Einar Setterberg,true
i-Rc1Ucbsh8zyMks8rJJHjX6,Karl Einar Setterberg,false
i-Rc1Ucbsh8zyMks8rJJHjX6,Setterberg,false
i-RcMjSL1ZhUGZpPqLnXeDyK,Berndt Hedgren,true
i-RcMjSL1ZhUGZpPqLnXeDyK,Berndt Vilhelm Hedgren,false
i-RcMjSL1ZhUGZpPqLnXeDyK,Hedgren,false
i-RdKmyjxRWZb8FUfb9PXSby,Pehr Pehrsson,true
i-RdKmyjxRWZb8FUfb9PXSby,Pehrsson,false
i-RdXKeqULX37joChoPQmGsS,Bertil af Ugglas,true
i-RdXKeqULX37joChoPQmGsS,af Ugglas,false
i-RdYE6KVYFYvYSD6eDEHsCg,Carl Magni,true
i-RdYE6KVYFYvYSD6eDEHsCg,Magni,false
i-RdmzYdcmJnQUcrnt8QYjx6,Dalgren,false
i-RdmzYdcmJnQUcrnt8QYjx6,Lars Dalgren,true
i-RdmzYdcmJnQUcrnt8QYjx6,Lars Einar Dalgren,false
i-RdmzYdcmJnQUcrnt8QYjx6,Lars Ejnar Dalgren,false
i-RdtwPwmDryD4dZ2sTKd25K,Gunnar Oskarsson,true
i-RdtwPwmDryD4dZ2sTKd25K,Oskarsson,false
i-Re6Rkc6x6Sfua4yU9sGipk,Lindh,false
i-Re6Rkc6x6Sfua4yU9sGipk,Oscar Lindh,true
i-Re6Rkc6x6Sfua4yU9sGipk,Oscar Wilhelm Lindh,false
i-ReHv93vu1syAgH8qzKxSu3,Gustav Nilsson,true
i-Rf7DEY6EAAcouTCMquHo5B,Edlind-Friberg,false
i-Rf7DEY6EAAcouTCMquHo5B,Louise Edlind,false
i-Rf7DEY6EAAcouTCMquHo5B,Louise Edlind Friberg,true
i-Rf7DEY6EAAcouTCMquHo5B,Louise Edlind-Friberg,false
i-RfNeesgBmvjdVGmmWEZYfe,Hugosson,false
i-RfNeesgBmvjdVGmmWEZYfe,Kurt Hugosson,true
i-RfNeesgBmvjdVGmmWEZYfe,Kurt Ingemar Hugosson,false
i-RfZ8Cxmm4mGNUCys8QXb7s,Elof Herman Lindberg,false
i-RfZ8Cxmm4mGNUCys8QXb7s,Elof Lindberg,true
i-RfZ8Cxmm4mGNUCys8QXb7s,Lindberg,false
i-RfdnkRedmQPyjdCQuJoKSz,Albert Bergström,true
i-RfdnkRedmQPyjdCQuJoKSz,Bergström,false
i-RgFNG2ePDYdWBf83NEmayT,Sofia Steiner,true
i-RgPXdGuWYKQ6GVW8emfxxz,Ernst Axel Emanuel Jacobsson,false
i-RgPXdGuWYKQ6GVW8emfxxz,Ernst Jacobsson,true
i-RgPXdGuWYKQ6GVW8emfxxz,Jacobsson,false
i-RgWU8wCMwYhCpZW9xhMn6,Anders Gustaf Carlsson,false
i-RgWU8wCMwYhCpZW9xhMn6,Carlsson,false
i-RgWU8wCMwYhCpZW9xhMn6,Gustaf Carlsson,true
i-RgZqoibubx6FZYSzdaKsbX,Hellner,false
i-RgZqoibubx6FZYSzdaKsbX,Johannes Hellner,true
i-RgiFneJos5UFYxcw7xkPxz,Erik Andersson,true
i-RhK7jwyF7YTEXMoQMKuYsb,Arne Johannes Nygren,false
i-RhK7jwyF7YTEXMoQMKuYsb,Arne Nygren,true
i-RhK7jwyF7YTEXMoQMKuYsb,Nygren,false
i-Rhdqesan8FWyp9RChACHAZ,Amilon,false
i-Rhdqesan8FWyp9RChACHAZ,Johan Amilon,true
i-Rhdqesan8FWyp9RChACHAZ,Johan Andersson Amilon,false
i-Rhdqesan8FWyp9RChACHAZ,Johannes Amilon,false
i-Ri5GLr9V3wfsqAwaZL7SHN,Alwa Wennerlund,true
i-Ri5GLr9V3wfsqAwaZL7SHN,Wennerlund,false
i-Ri7FE7nWoqx4wWjbtQc8Jr,Ingemar Josefsson,true
i-RiD9cWJXo5pMjp4ecwsWUa,Andersson,false
i-RiD9cWJXo5pMjp4ecwsWUa,Per Johan Andersson,true
i-RiPXDSvNaVtcGMCgitH74B,Emanuel Svallingson,true
i-RiPXDSvNaVtcGMCgitH74B,Mathias Emanuel Svallingson,false
i-RiPXDSvNaVtcGMCgitH74B,Svallingson,false
i-RjE5jg43ZfM6bqGrbohzFR,Jan Prytz,true
i-RjE5jg43ZfM6bqGrbohzFR,Prytz,false
i-RjULjPVLNUgXgWZm26dS24,Carl von Platen,true
i-RjULjPVLNUgXgWZm26dS24,von Platen,false
i-RjgqDp56PhuotgtqBnF1X6,Erik Glimnér,true
i-RjgqDp56PhuotgtqBnF1X6,Glimnér,false
i-RjgqDp56PhuotgtqBnF1X6,John Erik Glimnér,false
i-RkKBWkFGXqiU7AG3rnS4JZ,Olle Larsson,true
i-RkWAFKPnS39MnU2bi6CERf,Claes Theodor Odhner,false
i-RkWAFKPnS39MnU2bi6CERf,Clas Jonas Theodor Odhner,false
i-RkWAFKPnS39MnU2bi6CERf,Clas Theodor Odhner,true
i-RkWAFKPnS39MnU2bi6CERf,Odhner,false
i-RkfdbGDcbnSRE47SduhSYG,Anders Frimert,true
i-Rks7W3Jy3cfVEjHzH1F5cE,Johnsson,false
i-Rks7W3Jy3cfVEjHzH1F5cE,Jonas Johnsson,true
i-Rkuvz2uZsGGCtRXDRZK2YV,Sanna Agnes Moa Backeskog,false
i-Rkuvz2uZsGGCtRXDRZK2YV,Sanna Backeskog,true
i-RkvKy7yomEBZCYRG5fCKH3,Ernst Staxäng,true
i-RkvKy7yomEBZCYRG5fCKH3,Ernst Valdemar Olsson,false
i-RkvKy7yomEBZCYRG5fCKH3,Ernst Valdemar Staxäng,false
i-RkvKy7yomEBZCYRG5fCKH3,Olsson,false
i-Rm1m87HBM3kaa3tLx1XRKQ,Berndes,false
i-Rm1m87HBM3kaa3tLx1XRKQ,Gustaf Berndes,true
i-Rm1m87HBM3kaa3tLx1XRKQ,Gustaf Fredrik Berndes,false
i-RmQiQUYohY7DDReEAFwwha,Charlotte Nordström,true
i-Rmf4AUXwmPT3ajvyQ1NFvu,Jonas Sjölund,true
i-Rmf4AUXwmPT3ajvyQ1NFvu,Sjölund,false
i-RnWtNUQCpycyMXbuRLTXcR,Brink,false
i-RnWtNUQCpycyMXbuRLTXcR,Josefin Brink,true
i-Rnfnn4obDpnaqUDNA9Y8Fu,Gunnar Strömmer,true
i-RnjbcB9gMmh8iuQvgZ4W9p,Jakob Persson,true
i-RnjbcB9gMmh8iuQvgZ4W9p,Persson,false
i-RoG3SmZk7uoa5c5BfDwRfH,Boo,false
i-RoG3SmZk7uoa5c5BfDwRfH,Fritiof Boo,true
i-RoG3SmZk7uoa5c5BfDwRfH,Fritiof Ingemar Boo,false
i-Rouy7d9ZiNkiBXQ6AyWuoA,August Lingström,true
i-Rouy7d9ZiNkiBXQ6AyWuoA,Lingström,false
i-Rp6aMcWBYXjoGH1gf7PbWh,Carl Johan Jonsson,true
i-Rp6aMcWBYXjoGH1gf7PbWh,Jonsson,false
i-RpQdmfcZBYyiMZdCdTYrto,Björling,false
i-RpQdmfcZBYyiMZdCdTYrto,Johan Björling,true
i-RpkVboPmHHZFKz8DfhExFs,Barbro Nilsson,true
i-RpkVboPmHHZFKz8DfhExFs,Nilsson,false
i-RqJoyqBtHk6qXvzc8mj8mb,Hagberg,false
i-RqJoyqBtHk6qXvzc8mj8mb,Helge Hagberg,true
i-RqR2A6377nKn1urUCF35Tf,Ernst Otto Magnusson,false
i-RqR2A6377nKn1urUCF35Tf,Magnusson,false
i-RqR2A6377nKn1urUCF35Tf,Otto Magnusson,true
i-RqZBJTJGwX1mM5HVLCjwEL,Högstedt,false
i-RqZBJTJGwX1mM5HVLCjwEL,Julius Högstedt,true
i-RqZBJTJGwX1mM5HVLCjwEL,Per August Julius Högstedt,false
i-RqvZmA79PSCThptesdRHEv,Hans Lindforss,true
i-Rr6eea85EZKJaK4py5rrfn,Frank Lassen,true
i-Rr6eea85EZKJaK4py5rrfn,Frank-Eckhard Lassen,false
i-RrjGQ4JkvbLp6aWhwnzu9q,David Norman,true
i-RrjGQ4JkvbLp6aWhwnzu9q,David Robert Norman,false
i-RrjGQ4JkvbLp6aWhwnzu9q,Norman,false
i-RrnUpTUPZyqjaKCXa4Yr6Z,Anton Mathias Wallén,true
i-RrnUpTUPZyqjaKCXa4Yr6Z,Güllich Wallén,false
i-RrnUpTUPZyqjaKCXa4Yr6Z,Wallén,false
i-RsJr1rsFNFbn3SapToHxbM,Britt-Marie Danestig,true
i-RsWf3KiYWHHJuK6ijo9Gta,Otto Redelius,true
i-RsWf3KiYWHHJuK6ijo9Gta,Otto Wilhelm Redelius,false
i-RsWf3KiYWHHJuK6ijo9Gta,Redelius,false
i-RsWhQ8mWDcP3waKHx7yemX,Elsemarie Bjellqvist,true
i-RsrFKs16VsBedeQbfXm5sz,Christoffer Dulny,true
i-RsrFKs16VsBedeQbfXm5sz,Christoffer Lech Dulny,false
i-RsrFKs16VsBedeQbfXm5sz,Christoffer Robin Lech Dulny,false
i-RsxcNGZPjwF53SBgVLhwYJ,Eije Mossberg,true
i-RszKEuYv8eMZ5L8A5Q8Fuw,Berggren,false
i-RszKEuYv8eMZ5L8A5Q8Fuw,Erik Berggren,true
i-RszKEuYv8eMZ5L8A5Q8Fuw,Erik Natanael Berggren,false
i-Rt2cYa1PGpEsyrfBsgSNgR,Carl Gustaf Hierta,true
i-Rt2cYa1PGpEsyrfBsgSNgR,Hierta,false
i-Rt3io4SXncGB6WasaKyQXx,Gustaf Abraham Peyron,false
i-Rt3io4SXncGB6WasaKyQXx,Gustaf Peyron,false
i-Rt3io4SXncGB6WasaKyQXx,Gustaf Peyron den äldre,true
i-RtKcNUGnAteAinEZ7Y8SNu,Carl Gustaf Hammarskjöld,true
i-RtKcNUGnAteAinEZ7Y8SNu,Carl Gustaf Valdemar Hammarskjöld,false
i-RtKcNUGnAteAinEZ7Y8SNu,Hammarskjöld,false
i-RtNqcAJAow1PenLbSx2ofB,C Wilhelm Jönsson,false
i-RtNqcAJAow1PenLbSx2ofB,Carl Wilhelm Jönsson,false
i-RtNqcAJAow1PenLbSx2ofB,Jönsson,false
i-RtNqcAJAow1PenLbSx2ofB,Wilhelm Jönsson,true
i-RtRinU34czWQjxgzEgDUNH,Bergman,false
i-RtRinU34czWQjxgzEgDUNH,Per Bergman,true
i-RtRinU34czWQjxgzEgDUNH,Per Ragnar Bergman,false
i-Rtt4vV6Vr1WnfJAi2Dn9hN,Nyamko Ana Sabuni,false
i-Rtt4vV6Vr1WnfJAi2Dn9hN,Nyamko Saboni,false
i-Rtt4vV6Vr1WnfJAi2Dn9hN,Nyamko Sabuni,true
i-RtxZuFnamB5g98wKkcHcxb,Knut Larsson,true
i-RtxZuFnamB5g98wKkcHcxb,Larsson,false
i-Ru4m7PwPngedWP65bhXJgu,Andersson,false
i-Ru4m7PwPngedWP65bhXJgu,Johan Andersson,true
i-Ru4m7PwPngedWP65bhXJgu,Nils Johan Andersson,false
i-RuLAKaNZniaCKYRcn51B2H,Emanuel Holmner,true
i-RuLAKaNZniaCKYRcn51B2H,Fredrik Emanuel Holmner,false
i-RuLAKaNZniaCKYRcn51B2H,Holmner,false
i-RuUYnTisfnXPDL3JaSvEKP,Josua Hezekiel Kjellgren,true
i-RuUYnTisfnXPDL3JaSvEKP,Kjellgren,false
i-Rv1gU8qJesyWWD7cGh9rEH,Clemedtson,false
i-Rv1gU8qJesyWWD7cGh9rEH,Jeppe Clemedtson,true
i-Rv5YgY2YsB2yQzev4MBRmS,Birger Christenson,true
i-Rv5YgY2YsB2yQzev4MBRmS,Christenson,false
i-Rv5YgY2YsB2yQzev4MBRmS,Johan Birger Christenson,false
i-Rv9aHnFJh2azV9pZTjG2yC,Märta Öberg,true
i-Rv9aHnFJh2azV9pZTjG2yC,Öberg,false
i-RvF8easYFNVqGmUEao6qaX,Alfred Åslin,true
i-RvF8easYFNVqGmUEao6qaX,Olof Alfred Åslin,false
i-RvF8easYFNVqGmUEao6qaX,Åslin,false
i-RvSFfZMiX66J8kUq7BXdHW,Andersson,false
i-RvSFfZMiX66J8kUq7BXdHW,Kerstin Andersson,true
i-RvSFfZMiX66J8kUq7BXdHW,Kerstin V. Andersson,false
i-RwPBopTzpg4A2p2sPdjgQ5,Albert Staaff,true
i-RwPBopTzpg4A2p2sPdjgQ5,Albert Wilhelm Staaff,false
i-RwPBopTzpg4A2p2sPdjgQ5,Staaf,false
i-RwPBopTzpg4A2p2sPdjgQ5,Staaff,false
i-Rxa5TPjMBxaWxXdk3wbctW,Andersson,false
i-Rxa5TPjMBxaWxXdk3wbctW,Lars Andersson,true
i-Rxa5TPjMBxaWxXdk3wbctW,Lars Gösta Andersson,false
i-RxkptNoJYi3BWpTneSNTUn,Carlshamre,false
i-RxkptNoJYi3BWpTneSNTUn,Nils Carlshamre,true
i-RxkptNoJYi3BWpTneSNTUn,Nils Oskar Gerhard Carlshamre,false
i-RxtwEnxL6w2WnGDrBRqde2,Karl Selim Valentin Ward,false
i-RxtwEnxL6w2WnGDrBRqde2,Karl Selim Vallentin Ward,false
i-RxtwEnxL6w2WnGDrBRqde2,Karl Ward,true
i-RxtwEnxL6w2WnGDrBRqde2,Ward,false
i-Ry3pP9VZKrW87Vcxq73jQG,Carl B. Hamilton,true
i-Ry3pP9VZKrW87Vcxq73jQG,Hamilton,false
i-Ry79up6brcPYr8wj2XgxHz,Gärda Sofia Svensson,false
i-Ry79up6brcPYr8wj2XgxHz,Gärda Svenson,false
i-Ry79up6brcPYr8wj2XgxHz,Gärda Svensson,true
i-Ry79up6brcPYr8wj2XgxHz,Svensson,false
i-RyQkgupNsiC7AWns9TVrZo,Karlsson,false
i-RyQkgupNsiC7AWns9TVrZo,Torsten A Karlsson,false
i-RyQkgupNsiC7AWns9TVrZo,Torsten Allan Karlsson,false
i-RyQkgupNsiC7AWns9TVrZo,Torsten Karlsson,true
i-RzMePJ7im9XryX65TWnSqx,Adam Magnus Emanuel Lagerberg,false
i-RzMePJ7im9XryX65TWnSqx,Lagerberg,false
i-RzMePJ7im9XryX65TWnSqx,Magnus Lagerberg,true
i-RzNMopiTz7dhdPuNJBYjdA,Eriksson,false
i-RzNMopiTz7dhdPuNJBYjdA,Valfrid Eriksson,true
i-RzanNBST4vy6UAQ5Bjxbyq,Cinnika Beiming,true
i-Rzv8Hjsi7PCUehod8KPCcf,Ann-Louise Hansson,true
i-S1hDhfBXq9vXtBfgz4QX6Z,Andersson,false
i-S1hDhfBXq9vXtBfgz4QX6Z,Åke Andersson,true
i-S1jBpohzgG7cgcBjfgN1Fb,Sten Bergheden,true
i-S1jBpohzgG7cgcBjfgN1Fb,Sten Ingvar Bergheden,false
i-S2WHdpdf5rc2eHpQhXm7N2,Knut Johan Ulfsson Sparre,false
i-S2WHdpdf5rc2eHpQhXm7N2,Knut Sparre,true
i-S2WHdpdf5rc2eHpQhXm7N2,Sparre,false
i-S2dKqrkJdxmobNqc5MbWaR,Stig Genitz,true
i-S3CBCc7cXNPRWXt4kT1Nn,Adolf Göran Mörner,true
i-S3eg8HSy1B2AEamregH9dM,Berndtsson,false
i-S3eg8HSy1B2AEamregH9dM,Henry Berndtsson,true
i-S3eg8HSy1B2AEamregH9dM,Karl Henry Berndtsson,false
i-S3hZXCn94TB7kyJYPX7Bg8,Annerstedt,false
i-S3hZXCn94TB7kyJYPX7Bg8,Ludvig Annerstedt,true
i-S3hZXCn94TB7kyJYPX7Bg8,Pehr Samuel Ludvig Annerstedt,false
i-S4CNK5YidCk5eufBCFBXaX,Johannes Daniel Laurell,false
i-S4CNK5YidCk5eufBCFBXaX,Johannes Laurell,true
i-S4CNK5YidCk5eufBCFBXaX,Laurell,false
i-S4QJj2NhwnwkQWq9S5v3My,J. E. Nordin,false
i-S4QJj2NhwnwkQWq9S5v3My,Johan Eric Nordin,true
i-S4QJj2NhwnwkQWq9S5v3My,Nordin,false
i-S4bkvYBZsik1PqnziBtP3Y,Larsson,false
i-S4bkvYBZsik1PqnziBtP3Y,Sven Bernhard Larsson,false
i-S4bkvYBZsik1PqnziBtP3Y,Sven Larsson,true
i-S4jJECjfFmddUzRkooT6yP,August Konrad Ferdinand Spångberg,false
i-S4jJECjfFmddUzRkooT6yP,August Spångberg,true
i-S4jJECjfFmddUzRkooT6yP,Spångberg,false
i-S4kasToGSRSM127wSwwPYq,Johan Kjellson,true
i-S4kasToGSRSM127wSwwPYq,Kjellson,false
i-S5PCk5aLzcaX5qooYtMdGY,Kenneryd,false
i-S5PCk5aLzcaX5qooYtMdGY,Rolf Erland Kenneryd,false
i-S5PCk5aLzcaX5qooYtMdGY,Rolf Kenneryd,true
i-S5Y3wQNMZ8WvEXNZJufKVG,Högström,false
i-S5Y3wQNMZ8WvEXNZJufKVG,Ivar Högström,true
i-S5b1F55J4cZQfRYmvdgJPs,Johansson,false
i-S5b1F55J4cZQfRYmvdgJPs,Karl Johansson,true
i-S5mRUGGT3RXeRgMjsKf4P4,Gussing,false
i-S5mRUGGT3RXeRgMjsKf4P4,Tage Gussing,true
i-S5rKxnCffj3nRTzWbh5BSo,Anderson,false
i-S5rKxnCffj3nRTzWbh5BSo,Johan Richard Anderson,false
i-S5rKxnCffj3nRTzWbh5BSo,John Anderson,true
i-S7LcGmD5NuSMrFDW8LBeJ1,Anna Lindh,true
i-S7LcGmD5NuSMrFDW8LBeJ1,Lindh,false
i-S7LcGmD5NuSMrFDW8LBeJ1,Ylva Anna Maria Lindh,false
i-S7wLw9aynA5vbRCsqxxL3N,Tina Acketoft,true
i-S7wLw9aynA5vbRCsqxxL3N,Tina Marianne Acketoft,false
i-S7xhXttWmFR27Um1dWDJzh,Rudolf Tornérhjelm,true
i-S7xhXttWmFR27Um1dWDJzh,Rudolf Victor Tornérhjelm,false
i-S7xhXttWmFR27Um1dWDJzh,Tornérhjelm,false
i-S8BBKfHh5NqEmsuWmXM5q,Marie Weibull Kornias,true
i-S8Uv1f9PBUkSY1GPGsvafE,Bergström,false
i-S8Uv1f9PBUkSY1GPGsvafE,Per Bergström,true
i-S8Uv1f9PBUkSY1GPGsvafE,Per Niclas Bergström,false
i-S8Uv1f9PBUkSY1GPGsvafE,Petter Niclas Bergström,false
i-S8aCynzawb1F4NqNExnsVg,Niklasson,false
i-S8aCynzawb1F4NqNExnsVg,Otto Niklasson,true
i-S8aCynzawb1F4NqNExnsVg,Otto Severin Niklasson,false
i-S8m3fmgdhJmz5CbDpVBctA,Gunnar Edvard Heckscher,false
i-S8m3fmgdhJmz5CbDpVBctA,Gunnar Heckscher,true
i-S8m3fmgdhJmz5CbDpVBctA,Heckscher,false
i-S92z7L9SoJUQxxSTuD5rGN,Gavelin,false
i-S92z7L9SoJUQxxSTuD5rGN,Johan Olof Gavelin,false
i-S92z7L9SoJUQxxSTuD5rGN,Olof Gavelin,true
i-S9N4wWD2qfoGM8u1D3QrvL,Nadja Awad,true
i-S9N4wWD2qfoGM8u1D3QrvL,Nadja Pasent Awad,false
i-S9dMiL9yRpDaYPfVGjK1Gp,Elis Håstad,true
i-S9dMiL9yRpDaYPfVGjK1Gp,Elis Wilhelm Håstad,false
i-S9dMiL9yRpDaYPfVGjK1Gp,Håstad,false
i-S9emfaxXsmAywnkewYKSJ7,Gunnel Jonäng,true
i-S9emfaxXsmAywnkewYKSJ7,Gunnel Maria Jonäng,false
i-S9emfaxXsmAywnkewYKSJ7,Jonäng,false
i-S9pkMWTec6tTT7sDMuDncn,Ivar Koskull,true
i-S9pkMWTec6tTT7sDMuDncn,Ivar Otto Herman Koskull,false
i-S9pkMWTec6tTT7sDMuDncn,Iwar Koskull,false
i-S9pkMWTec6tTT7sDMuDncn,Koskull,false
i-S9zAqkxFcyEpCQ17ZA2QJ8,Larsson,false
i-S9zAqkxFcyEpCQ17ZA2QJ8,Nils Herbert Theodor Larsson,false
i-S9zAqkxFcyEpCQ17ZA2QJ8,Nils Theodor Larsson,true
i-SA8UxFhjAuPobYWN8Y2Qep,Annelie Karlsson,true
i-SALGmqBpqCfRnNe51fhQg,Berglund,false
i-SALGmqBpqCfRnNe51fhQg,Johan Emil Berglund,true
i-SAxFTKDtuinFfSsz4D7XNo,Bengt Bengtsson,true
i-SAxFTKDtuinFfSsz4D7XNo,Bengtsson,false
i-SB9cdcgLsar9irxESH8KN5,Erik Häggström,true
i-SB9cdcgLsar9irxESH8KN5,Häggström,false
i-SBCzBgSFjEvWwT8Uzo139W,Carl B,false
i-SBCzBgSFjEvWwT8Uzo139W,Carl Birger Hasselrot,true
i-SBCzBgSFjEvWwT8Uzo139W,Hasselrot,false
i-SBMWiEwoJoFK1pgEzEkfQ,Hannes Beckman,true
i-SCUY6mwHfi1UzkWNFBF5hc,Thomas Julin,true
i-SCmtRC4XiJBcB9MFdduV2W,Axel Gjöres,true
i-SCmtRC4XiJBcB9MFdduV2W,Gjöres,false
i-SD9pkoqRT5Wh44pQmYMCqD,Tillander,false
i-SD9pkoqRT5Wh44pQmYMCqD,Ulla Britta Olsson,false
i-SD9pkoqRT5Wh44pQmYMCqD,Ulla Britta Tillander,false
i-SD9pkoqRT5Wh44pQmYMCqD,Ulla Tillander,true
i-SDUvjXkijTCpDJkN2vE16w,August Pettersson,true
i-SDUvjXkijTCpDJkN2vE16w,August Teodor Pettersson,false
i-SDUvjXkijTCpDJkN2vE16w,August Theodor Pettersson,false
i-SDUvjXkijTCpDJkN2vE16w,Pettersson,false
i-SDXESbdSdg4dUdTT6Tzmnx,Braconier,false
i-SDXESbdSdg4dUdTT6Tzmnx,Jean Braconier,true
i-SE8ApXFZ7ex7Favbm7aCMu,Per Schöldberg,true
i-SEL9qX8ssVyxUpVEo1ZveN,Eriksson,false
i-SEL9qX8ssVyxUpVEo1ZveN,Lars Eriksson,true
i-SEkwyQpsXcKbAe8gK5hnv,Wester,false
i-SEkwyQpsXcKbAe8gK5hnv,Wilhelm Reinhold Wester,false
i-SEkwyQpsXcKbAe8gK5hnv,Wilhelm Wester,true
i-SFcDzAQUiJhV8iyT7ZES7X,Carl Sven Axel Lagerberg,false
i-SFcDzAQUiJhV8iyT7ZES7X,Lagerberg,false
i-SFcDzAQUiJhV8iyT7ZES7X,Sven,false
i-SFcDzAQUiJhV8iyT7ZES7X,Sven Lagerberg,true
i-SFcDzAQUiJhV8iyT7ZES7X,general Sven,false
i-SFnDgZN85K32PbG66Rq2SS,Philip Baltzar von Platen,true
i-SFnDgZN85K32PbG66Rq2SS,von Platen,false
i-SFtvbAmWnusYW7Srr7hZsB,Eklund,false
i-SFtvbAmWnusYW7Srr7hZsB,Gustaf Adolf Eklund,true
i-SGS2vwReXFRqWxhxh3MNmH,Ida Margareta Palmqvist,false
i-SGS2vwReXFRqWxhxh3MNmH,Margareta Palmqvist,true
i-SGS2vwReXFRqWxhxh3MNmH,Palmqvist,false
i-SGnYRjoHv9HP8rcbBo83EG,Evers,false
i-SGnYRjoHv9HP8rcbBo83EG,Oscar Evers,false
i-SGnYRjoHv9HP8rcbBo83EG,Oskar Evers,true
i-SGnYRjoHv9HP8rcbBo83EG,Oskar Hugo Evers,false
i-SHW87cHVMCQaaznoE9ZBmu,Erland von Hofsten,true
i-SHW87cHVMCQaaznoE9ZBmu,Sten Erland von Hofsten,false
i-SHW87cHVMCQaaznoE9ZBmu,von Hofsten,false
i-SHtWSkMn1ftL5KCEMdPSaR,Björkman,false
i-SHtWSkMn1ftL5KCEMdPSaR,Gustaf Adolf Björkman,true
i-SHwqJX3QmUDS4ynvAk16a,Linnea Wickman,false
i-SHwqJX3QmUDS4ynvAk16a,Linnéa Anna Wickman,false
i-SHwqJX3QmUDS4ynvAk16a,Linnéa Wickman,true
i-SHyoXz8eVs5NhxbFZxmFre,Johan Friggeråker,true
i-SHyoXz8eVs5NhxbFZxmFre,Johan Johansson,false
i-SHyoXz8eVs5NhxbFZxmFre,Johansson,false
i-SJ2MSJAfWzZWNHTdcfjRMr,Johan August Westerberg,true
i-SJ2MSJAfWzZWNHTdcfjRMr,Westerberg,false
i-SJ42wRfKHNtRCpYVmj3n8G,Ester Elisabet Lindstedt Staaf,false
i-SJ42wRfKHNtRCpYVmj3n8G,Ester Elisabet Lindstedt Staf,false
i-SJ42wRfKHNtRCpYVmj3n8G,Ester Elisabet Lindstedt-Staaf,false
i-SJ42wRfKHNtRCpYVmj3n8G,Ester Lindstedt-Staaf,true
i-SJDgeo7YycaCcy89m1LxY8,Per Östman,true
i-SJDgeo7YycaCcy89m1LxY8,Östman,false
i-SJZr3KVaqohjfckH9Qag36,Gustavsson,false
i-SJZr3KVaqohjfckH9Qag36,Gustavsson Ryssby,false
i-SJZr3KVaqohjfckH9Qag36,Stina Elin Lillian Gustavsson,false
i-SJZr3KVaqohjfckH9Qag36,Stina Gustavsson,true
i-SKTR6xhFpCYtVoSNA5f29V,Engqvist,false
i-SKTR6xhFpCYtVoSNA5f29V,Johan Engqvist,true
i-SKeNWqaodDskJWp4b2SKPZ,Jakob Gustav Pettersson,false
i-SKeNWqaodDskJWp4b2SKPZ,Jakob Pettersson,true
i-SKeNWqaodDskJWp4b2SKPZ,Pettersson,false
i-SKjAmNScZ7eZ3a8Xy1J8hs,Maria Larsson,true
i-SKsrTm4gWQzab9KkjqBLKS,Lena Bäckelin,true
i-SKtXYsYATVQCivjNjSMktB,Mellqvist,false
i-SKtXYsYATVQCivjNjSMktB,Sven Mellqvist,true
i-SLMauHd9udrtkguQd9gymK,Billy Gustafsson,true
i-SM5drZdTakSfdcuMz6raDu,Birgit Hjalmarsson,true
i-SM5drZdTakSfdcuMz6raDu,Hjalmarsson,false
i-SMLpRKthv924LVLXLViXoR,Bo Toresson,true
i-SMLpRKthv924LVLXLViXoR,Bo Ture Anund Toresson,false
i-SMLpRKthv924LVLXLViXoR,Toresson,false
i-SMYHdRiRnSUPrVxLTzkdSW,Nils Anton Witthoff,false
i-SMYHdRiRnSUPrVxLTzkdSW,Nils Witthoff,true
i-SMYHdRiRnSUPrVxLTzkdSW,Witthoff,false
i-SMtXkX9rqc6Nj3SiUsn8gT,Ingvar Svanberg,true
i-SMtXkX9rqc6Nj3SiUsn8gT,Svanberg,false
i-SMtXkX9rqc6Nj3SiUsn8gT,Uno Ingvar Svanberg,false
i-SNtv8jZRB19Jr8oegj1mGK,Esabelle Dingizian,true
i-SNtv8jZRB19Jr8oegj1mGK,Esabelle Reshdouni,false
i-SP5YPpt92pVj8ZPcZjt3GV,Carlsson,false
i-SP5YPpt92pVj8ZPcZjt3GV,Johan Fredrik Carlsson,true
i-SPJRRxKzkf2kGm2zCb7mN4,Erik Gustaf Eriksson,false
i-SPJRRxKzkf2kGm2zCb7mN4,Eriksson,false
i-SPJRRxKzkf2kGm2zCb7mN4,Gustaf Eriksson,true
i-SPyNESitsDpSs9w2dSgcfh,Bengt Bengtsson,true
i-SPyNESitsDpSs9w2dSgcfh,Bengt Erik Bengtsson,false
i-SPyNESitsDpSs9w2dSgcfh,Bengtsson,false
i-SQ1RqbbuJmX4o8vnebsZVt,Carl Gustaf Sundberg,false
i-SQ1RqbbuJmX4o8vnebsZVt,Carl Sundberg,true
i-SQ1RqbbuJmX4o8vnebsZVt,Sundberg,false
i-SQtBtzxQLj4TaXXq9jLy7r,Pia Nilsson,true
i-SQtu6e17zrLCR9EnUwqy7A,Gunnar Johansson,true
i-SQtu6e17zrLCR9EnUwqy7A,Johansson,false
i-SQty3xFzeq6gqZzUtKRbW9,Johansson,false
i-SQty3xFzeq6gqZzUtKRbW9,Sune Johansson,true
i-SQxGcy33CHFYpy2egM83wy,Steno Stenberg,true
i-SQxvy2ue6orrTGivt4nDBE,Oscar II,true
i-SRFQ7JTkXXrqFxcJQbQJKa,Dahlberg,false
i-SRFQ7JTkXXrqFxcJQbQJKa,Johan Dahlberg,true
i-SRFQ7JTkXXrqFxcJQbQJKa,Johan Peter Dahlberg,false
i-SRJgVxhr9nFj9gAS7cdhbj,Johan Bernhard Lantto,false
i-SRJgVxhr9nFj9gAS7cdhbj,Johan Lantto,true
i-SRJgVxhr9nFj9gAS7cdhbj,Lantto,false
i-SRb7hh9xfWagPzzjCjKQtn,Hans Gustaf Vilhelm Hjortzberg-Nordlund,false
i-SRb7hh9xfWagPzzjCjKQtn,Hans Hjortzberg-Nordlund,true
i-SRb7hh9xfWagPzzjCjKQtn,Hjortzberg-Nordlund,false
i-SRx5MYgiUBkgGLPueXgws5,Ola Möller,true
i-SRx5MYgiUBkgGLPueXgws5,Ola Patrik Bertil Möller,false
i-SS1vRuaCSWCMieFw96Jyuc,Peter Jutterström,true
i-SS4Ksamv3TEUNnJemqDcCG,Thommy Ohlsson,true
i-SS4MgL3HhkwCjKYAxgBPkd,Karin Granbom Ellison,true
i-SS4MgL3HhkwCjKYAxgBPkd,Karin Maria Granbom Ellison,false
i-SScdx6kmSkDb5sMoK5F2We,Anders Jakob Landström,true
i-SScdx6kmSkDb5sMoK5F2We,Landström,false
i-SSfsoXw9GLxGZJpSxs9qgb,Alfred Petersson,true
i-SSfsoXw9GLxGZJpSxs9qgb,Per Alfred Petersson,false
i-SSfsoXw9GLxGZJpSxs9qgb,Petersson,false
i-SSqaDPQScQwPiGYciJiS8W,Rune Ångström,true
i-SSqaDPQScQwPiGYciJiS8W,Ångström,false
i-ST3KmJ7dwych9bUEkWZEu6,Åsa Elisabeth Romson,false
i-ST3KmJ7dwych9bUEkWZEu6,Åsa Romson,true
i-STsYuEYxr7CXGKiQNyTBYW,Thore Gustaf Brynolf Wennqvist,false
i-STsYuEYxr7CXGKiQNyTBYW,Thore Wennqvist,true
i-STsYuEYxr7CXGKiQNyTBYW,Wennqvist,false
i-STsgP27gjX3897RMwy4k8a,Erik Norman,true
i-STsgP27gjX3897RMwy4k8a,Norman,false
i-STyFs6Gu3boin31eFp1bNM,Thomas Bodström,true
i-STyFs6Gu3boin31eFp1bNM,Thomas Lennart Bodström,false
i-SU3GVVoAF9WBfUSn5nRE5m,Einar Larsson,true
i-SU3GVVoAF9WBfUSn5nRE5m,Larsson,false
i-SUAEH6RCke4pVRKPPGZ14p,Karlsson,false
i-SUAEH6RCke4pVRKPPGZ14p,Mattias Karlsson,true
i-SUSCNw1CP7NJaZRxfPfBGu,Bror Ernfrid Gelotte,false
i-SUSCNw1CP7NJaZRxfPfBGu,Ernfrid Gelotte,true
i-SUSCNw1CP7NJaZRxfPfBGu,Gelotte,false
i-SUdaNotms9zGGqhk5gRR86,Anders Magnusson,true
i-SUdaNotms9zGGqhk5gRR86,Magnusson,false
i-SUicGYDDyHF8pDkbccXJwW,Fosser,false
i-SUicGYDDyHF8pDkbccXJwW,Niklas Fosser,true
i-SVQf2uNEUWVHnV2jNtgQ4z,Per-Olof Svensson,true
i-SVevWNDKvPGj3VaT2MZ7kX,Eric Ersson,true
i-SVevWNDKvPGj3VaT2MZ7kX,Ersson,false
i-SWJsb6nFW5PbETUc9Y6Hur,Carl Johan Ericsson,true
i-SWJsb6nFW5PbETUc9Y6Hur,Ericsson,false
i-SXTzc5s67vJRpnHZmgAvDS,Gustaf Alfred Strömberg,false
i-SXTzc5s67vJRpnHZmgAvDS,Gustaf Strömberg,true
i-SXTzc5s67vJRpnHZmgAvDS,Strömberg,false
i-SXv5Tc5coUXhzaHBJfs33a,Anders Birger Petersson,false
i-SXv5Tc5coUXhzaHBJfs33a,Birger Petersson,true
i-SXv5Tc5coUXhzaHBJfs33a,Petersson,false
i-SXw2FR2F4NZuNEqyvQ6cip,Eriksson,false
i-SXw2FR2F4NZuNEqyvQ6cip,Johan August Eriksson,false
i-SXw2FR2F4NZuNEqyvQ6cip,Johan Eriksson,true
i-SY5yVeBgygNtac9cxE94T2,Jonas Millard,true
i-SYFA35xSyH39pmH3o1GECY,Alexander Gamov,false
i-SYFA35xSyH39pmH3o1GECY,Pavel Gamov,true
i-SYmctpvT7BxsqFzwPADUfw,Nikos Papadopoulos,true
i-SYnekVL9mDffoGFYdnpdrW,Bertil Louis Strandberg,false
i-SYnekVL9mDffoGFYdnpdrW,Bertil Strandberg,true
i-SYnekVL9mDffoGFYdnpdrW,Strandberg,false
i-SZAMvCcNDoedrFh7ZZ99BM,Elldin,false
i-SZAMvCcNDoedrFh7ZZ99BM,Harald Elldin,true
i-SZKUTdtCrCo58yNCQsH76,Johansson,false
i-SZKUTdtCrCo58yNCQsH76,Ylva Johansson,true
i-SZKUTdtCrCo58yNCQsH76,Ylva Julia Margareta Johansson,false
i-SZgcxyxYn6GnRBLikzLy7M,Ericsson,false
i-SZgcxyxYn6GnRBLikzLy7M,Kjell Anders Henry Ericsson,false
i-SZgcxyxYn6GnRBLikzLy7M,Kjell Ericsson,true
i-SZzXscFnNwKdCaVKm1W5au,Jöns Persson,true
i-SZzXscFnNwKdCaVKm1W5au,Persson,false
i-Sa6KL3ZjW72vgq2QEmzenS,Gustaf Olsson,true
i-Sa6KL3ZjW72vgq2QEmzenS,Olsson,false
i-SaWJFsNL8GLEmU9UwA3JtA,Inger Fredriksson,true
i-SaffZ6X6yDXyuRsRUviMqP,Johansson,false
i-SaffZ6X6yDXyuRsRUviMqP,Wilhelm Johansson,true
i-SagFYWsf9ZULapdG7h6Wue,Carl Eugène Mauritz Clairfelt,false
i-SagFYWsf9ZULapdG7h6Wue,Clairfelt,false
i-SagFYWsf9ZULapdG7h6Wue,Eugène Clairfelt,true
i-SarBm3kgakASnaHyEe9Rba,Disa,false
i-SarBm3kgakASnaHyEe9Rba,Disa Västberg,true
i-SarBm3kgakASnaHyEe9Rba,"Rebecka Desideria ""Disa"" Västberg",false
i-SarBm3kgakASnaHyEe9Rba,Rebecka Desideria Västberg,false
i-SarBm3kgakASnaHyEe9Rba,Västberg,false
i-SbLWGacqbXdAxWwom9Xqs4,David Wirmark,true
i-SbLWGacqbXdAxWwom9Xqs4,Wirmark,false
i-SbQ2rNfR1kBpANehdZizMF,Jan Jansson,true
i-SbQ2rNfR1kBpANehdZizMF,Jan Petter Jansson,false
i-SbQ2rNfR1kBpANehdZizMF,Jansson,false
i-SbYnBCjoFEsouNvrLVZ1J2,Ivar Wijk,true
i-SbYnBCjoFEsouNvrLVZ1J2,Wijk,false
i-SbjuQ1LZxro5e1hAw5pNvg,Nylander,false
i-SbjuQ1LZxro5e1hAw5pNvg,Oscar Nylander,true
i-SbjuQ1LZxro5e1hAw5pNvg,S. 0. Nylander,false
i-SbjuQ1LZxro5e1hAw5pNvg,Sixten Oscar Nylander,false
i-SbqwWiFTQv4uwRAq9u9evX,Stig Eriksson,true
i-ScYh4uf5e1TmXVy3Jr8Xzt,Anders Sundström,true
i-ScYh4uf5e1TmXVy3Jr8Xzt,Sundström,false
i-ScvCtcnSdGicAoVz9woArg,Forsling,false
i-ScvCtcnSdGicAoVz9woArg,Ruth Forsling,true
i-ScvCtcnSdGicAoVz9woArg,Ruth Larsson,false
i-ScvCtcnSdGicAoVz9woArg,Ruth Linnéa Forsling,false
i-Sd7FDtWJYrvkDTQPMyAyS,Daniel Färm,true
i-Sd82cwEF6riZwGWNQXb1UF,Jan Peter Sandberg,false
i-Sd82cwEF6riZwGWNQXb1UF,Jan Sandberg,true
i-Sd82cwEF6riZwGWNQXb1UF,Sandberg,false
i-SeCPDgdz43GEvXP3XeMNuG,Fredrik Carl von Rosen,false
i-SeCPDgdz43GEvXP3XeMNuG,Fredrik von Rosen,true
i-SeCPDgdz43GEvXP3XeMNuG,von Rosen,false
i-SeXGmX6uE9MxGV5f2tKz1B,Carl Petrus Olsson,true
i-SeXGmX6uE9MxGV5f2tKz1B,Olsson,false
i-SeYbJxZZUufxacWJzhaU5Q,John Eric Pelle Skoglund,false
i-SeYbJxZZUufxacWJzhaU5Q,John Skoglund,true
i-Seb7Ma39qeGVnfKpbb1HKQ,Nils Olsson,true
i-Seb7Ma39qeGVnfKpbb1HKQ,Olsson,false
i-SefoHBfj1LYxndXCtgBZ5N,John Jönsson,true
i-SefoHBfj1LYxndXCtgBZ5N,Jönsson,false
i-SfDZtdC5fgukcXJsiu8J9U,Anderson,false
i-SfDZtdC5fgukcXJsiu8J9U,Axel Ivar Anderson,false
i-SfDZtdC5fgukcXJsiu8J9U,Ivar Anderson,true
i-SfLBYFycLvbfGx9i7chta5,Cöster,false
i-SfLBYFycLvbfGx9i7chta5,Fredrik Cöster,true
i-SfLBYFycLvbfGx9i7chta5,Fredrik Leonard Cöster,false
i-SfSPRTjDUBfa6bxqEn6fDP,Rune Torwald,true
i-SfSPRTjDUBfa6bxqEn6fDP,Torwald,false
i-Sfad9F8X5B5BVimWRiFKes,Gunhild Anna Elisabet Wallin,false
i-Sfad9F8X5B5BVimWRiFKes,Gunhild Wallin,true
i-SfeBzc1yg5q127ADMVhPJu,Hans Wachtmeister,false
i-SfeBzc1yg5q127ADMVhPJu,Hans Wachtmeister af Johannishus,false
i-SfeBzc1yg5q127ADMVhPJu,Hans Wachtmeister den yngre,true
i-SfeBzc1yg5q127ADMVhPJu,Wachtmeister af Johannishus,false
i-SfiURaPHeMX8krVz378cGg,Abraham Leijonhufvud,true
i-SfiURaPHeMX8krVz378cGg,Broder Abraham Leijonhufvud,false
i-SfiURaPHeMX8krVz378cGg,Leijonhufvud,false
i-SfnrsjEZBg9vdQjkU5VSZ2,Ian Melker Shering Wachtmeister af Johannishus,false
i-SfnrsjEZBg9vdQjkU5VSZ2,Ian Wachtmeister,true
i-SfnrsjEZBg9vdQjkU5VSZ2,Wachtmeister,false
i-SftjZkfkccEWbWRMJEbd7c,Exner,false
i-SftjZkfkccEWbWRMJEbd7c,Lahja Exner,true
i-SgDQWpwtGGYUWQfKENDRYv,Edgar Rosander,true
i-SgDQWpwtGGYUWQfKENDRYv,Karl Edgar Rosander,false
i-SgLSQ3phK7HUZecEbLumwe,Ingemar Kihlström,true
i-SgcVmfCiEC8hgdaC8RWikG,Heimer,false
i-SgcVmfCiEC8hgdaC8RWikG,Wilhelm Heimer,true
i-SgpDPpFBm7FQNSRFx4bNUa,Gustavsson,false
i-SgpDPpFBm7FQNSRFx4bNUa,Gusti Gustavsson,true
i-SgpDPpFBm7FQNSRFx4bNUa,Gusti Leopold Anti Gustavsson,false
i-ShG2ytZ9cmaFBKbgbFdiKK,Mats Hellhoff,true
i-Shx8s54ySb2pPVzcDRXmxN,Adolf Johansson,true
i-Shx8s54ySb2pPVzcDRXmxN,Anders Adolf Johansson,false
i-Shx8s54ySb2pPVzcDRXmxN,Johansson,false
i-Si8rApVLkHjESceLe7GG8E,Johan Hjalmar Teodor Julin,false
i-Si8rApVLkHjESceLe7GG8E,Julin,false
i-Si8rApVLkHjESceLe7GG8E,Teodor Julin,true
i-SicxZPkDU6dXEkxiV9R1zY,Axel Georg Pettersson,false
i-SicxZPkDU6dXEkxiV9R1zY,Georg Pettersson,true
i-SicxZPkDU6dXEkxiV9R1zY,Pettersson,false
i-SkTLxm1RdVtrAbrSoc91Et,Christer Lindblom,true
i-SkTLxm1RdVtrAbrSoc91Et,Lindblom,false
i-SkXNHqRn2DrGAVbow1YqN7,Mannheimer,false
i-SkXNHqRn2DrGAVbow1YqN7,Otto Mannheimer,true
i-SkXNHqRn2DrGAVbow1YqN7,Otto Salomon Mannheimer,false
i-Skn5eDMAu5kXBPSHGdq1Qe,Holmsten,false
i-Skn5eDMAu5kXBPSHGdq1Qe,Lennart Holmsten,true
i-SkzLVUHgWJtmJHnJRa4rH1,Gumælius,false
i-SkzLVUHgWJtmJHnJRa4rH1,Gustaf Vilhelm Gumaelius,false
i-SkzLVUHgWJtmJHnJRa4rH1,Wilhelm Gumælius,true
i-SmANBDpEMp49AgxGMgLJX,Beckman,false
i-SmANBDpEMp49AgxGMgLJX,Ernst Beckman,true
i-SmANBDpEMp49AgxGMgLJX,Ernst Johan Beckman,false
i-SmQxY46smWu5awEQ2oGr4n,Ingemar Vänerlöv,true
i-SmbnHJ9tXdNobrBTAxWhhc,Eivor Linnea Wallin,false
i-SmbnHJ9tXdNobrBTAxWhhc,Eivor Wallin,true
i-SmbnHJ9tXdNobrBTAxWhhc,Wallin,false
i-SmonGw3sJUAmDrU7PPrmf7,Nils Rosengren,true
i-SmonGw3sJUAmDrU7PPrmf7,Rosengren,false
i-SmpfCkPSfSW5WkFVc9ZfNH,Johan Widar Stener,false
i-SmpfCkPSfSW5WkFVc9ZfNH,Stener,false
i-SmpfCkPSfSW5WkFVc9ZfNH,Widar Stener,true
i-Sn3HArFcXWQDenVvrpFSQe,LiseLotte Olsson,true
i-SnW9TwRwSRopKvaUfURXvo,Axel Swartling,true
i-SnW9TwRwSRopKvaUfURXvo,Frans Johan Axel Swartling,false
i-SnW9TwRwSRopKvaUfURXvo,Swartling,false
i-Snmo5qUtqba1J4NZAGdLtv,Ahlstrand,false
i-Snmo5qUtqba1J4NZAGdLtv,Albin Ahlstrand,true
i-Snmo5qUtqba1J4NZAGdLtv,Göran Albin Ahlstrand,false
i-Snz4JyGqut3x8YoNGkcqwt,Magnus Söderberg,true
i-Snz4JyGqut3x8YoNGkcqwt,Söderberg,false
i-So4KR9J8xjJMj7ZqwEy7xp,Janne Gustaf Walles,false
i-So4KR9J8xjJMj7ZqwEy7xp,Janne Walles,true
i-So4KR9J8xjJMj7ZqwEy7xp,Walles,false
i-So9wC4TTQKv5y5xeguwfcC,Blomberg,false
i-So9wC4TTQKv5y5xeguwfcC,Ernst Blomberg,true
i-So9wC4TTQKv5y5xeguwfcC,Ernst F W Blomberg,false
i-So9wC4TTQKv5y5xeguwfcC,Ernst Fredrik Wilhelm Blomberg,false
i-SoPKUW6bamDYhSJ8r5kbfm,Sigurd Ribbing,true
i-SohYLAuWsbMU8CyYucDha1,Holmberg,false
i-SohYLAuWsbMU8CyYucDha1,Håkan Holmberg,true
i-Sov3qVGpNxDDTnN6woghFD,Dahl,false
i-Sov3qVGpNxDDTnN6woghFD,Jacob Dahl,true
i-SovWVdUBt9EPYBRPqtMy7n,Bengt Wernerdal,true
i-SpE4p6y5t2Rpicx6uK8qTp,Andersson,false
i-SpE4p6y5t2Rpicx6uK8qTp,Fredrik Andersson,true
i-SpqJwqYZAhh99fpnqFyTrn,Lars Olsson,true
i-Spsbo7A5zikEeUY3JEYcNV,Mikael Damberg,true
i-SqEGFiSn58Wg6DaG93asRs,Gottfrid Roman,true
i-SqEGFiSn58Wg6DaG93asRs,Per Gottfrid Roman,false
i-SqEGFiSn58Wg6DaG93asRs,Roman,false
i-Sr2bJAh51DSrP8NvznLwb3,Sten Nordin,true
i-Sr2bJAh51DSrP8NvznLwb3,Sten Roland Nordin,false
i-SrBAa2d3LWrMGJXvTgBhLV,Jeff Ahl,true
i-SrFNqYAeBNxo9vL3u7HVch,Nordenfeldt,false
i-SrFNqYAeBNxo9vL3u7HVch,Olof Nordenfeldt,true
i-SrGKYCGrj78BberAVVVxbt,Hansson,false
i-SrGKYCGrj78BberAVVVxbt,Måns Hansson,true
i-Srv2XCR7hGVyZ66wLkW6ad,Lorena Delgado Varas,true
i-Ss5eCCiVtUjuS9PnEw3PRH,Josefin Malmqvist,true
i-SsDpF4UKsu862YMrq789mf,Holmgren,false
i-SsDpF4UKsu862YMrq789mf,Israel Frithiofsson Holmgren,false
i-SsDpF4UKsu862YMrq789mf,Israel Holmgren,true
i-SsT9AYD4o3NoypyMB2EmtZ,Larsson,false
i-SsT9AYD4o3NoypyMB2EmtZ,Olof Larsson,true
i-SsTURovZCn2oxRREqzvGkT,Ola Persson,true
i-SsTURovZCn2oxRREqzvGkT,Olof Ferdinand Persson,false
i-SsTURovZCn2oxRREqzvGkT,Persson,false
i-StcdoMF83DoLAmRXc6CbB4,Henry Bernhard Johansson,false
i-StcdoMF83DoLAmRXc6CbB4,Henry Johansson,true
i-StcdoMF83DoLAmRXc6CbB4,Johansson,false
i-StedJdxnLqw4NbNmZQ7ibE,Carl Persson,true
i-StedJdxnLqw4NbNmZQ7ibE,Persson,false
i-Su8JNrXZBPGgAmPdgaPkQF,Nalin Baksi,false
i-Su8JNrXZBPGgAmPdgaPkQF,Nalin Pekgul,true
i-SuBtdXciX6FHNe1ctVkGSc,Carl Grundell,true
i-SuBtdXciX6FHNe1ctVkGSc,Carl Gustaf Grundell,false
i-SuBtdXciX6FHNe1ctVkGSc,Grundell,false
i-SuHCmQ4AaWv74Bs3AnqqKF,Anders Robert von Kraemer,false
i-SuHCmQ4AaWv74Bs3AnqqKF,Robert von Kræmer,true
i-SuHCmQ4AaWv74Bs3AnqqKF,von Kræmer,false
i-SuRNGcRwvJ2XwdRi9n3doA,Falk,false
i-SuRNGcRwvJ2XwdRi9n3doA,Herman Otto Falk,false
i-SuRNGcRwvJ2XwdRi9n3doA,Otto Falk,true
i-SucdhoQVdXifmwaMK1XkvL,Gösta Carlsson,false
i-SucdhoQVdXifmwaMK1XkvL,Gösta Karlsson,true
i-SucdhoQVdXifmwaMK1XkvL,Karlsson,false
i-SvMHLyZPvreCGKnj63vgkc,Erik Mikael Slottner,false
i-SvMHLyZPvreCGKnj63vgkc,Erik Slottner,true
i-SvS8rTwUeKpVtp5mrPNCaP,Leif Pettersson,true
i-SvdQ9XfnG5yZsMsCuCfWst,Roger Richthoff,true
i-Svtq8XeMeQSg7jx5cENPng,Julius Mankell,true
i-Svtq8XeMeQSg7jx5cENPng,Mankell,false
i-SwCG7qehtiZEoxQcEgSRCW,Suzanne Svensson,true
i-SwXs79jqfzFQYGcMEuMGPF,Eriksson,false
i-SwXs79jqfzFQYGcMEuMGPF,Johan Albert Eriksson,true
i-Swj9MJpeW2AoQ6xU1k7jnv,Carlsson,false
i-Swj9MJpeW2AoQ6xU1k7jnv,Roine Carlsson,true
i-Swns2VJiq8mNPgw8cBRfJ9,Jamal El-Haj,true
i-SxMRyNpuf1AM958dzVwm5b,Bergqvist,false
i-SxMRyNpuf1AM958dzVwm5b,Jan Bergqvist,true
i-SxMRyNpuf1AM958dzVwm5b,Jan Gunnar Bergqvist,false
i-SxwXtVqzR6fyXB2uQfozAQ,Per Curt Rosengren,false
i-SxwXtVqzR6fyXB2uQfozAQ,Per Rosengren,true
i-Sy81b3ig3xaNxXhrHU6mdJ,Johan Anton Lundström,false
i-Sy81b3ig3xaNxXhrHU6mdJ,Johan Lundström,true
i-Sy81b3ig3xaNxXhrHU6mdJ,Lundström,false
i-SySN6qMqpcrxHXHJgwvJdT,Hjelm-Wallen,false
i-SySN6qMqpcrxHXHJgwvJdT,Hjelm-Wallén,false
i-SySN6qMqpcrxHXHJgwvJdT,Lena Hjelm Wallen,false
i-SySN6qMqpcrxHXHJgwvJdT,Lena Hjelm Wallén,false
i-SySN6qMqpcrxHXHJgwvJdT,Lena Hjelm-Wallen,false
i-SySN6qMqpcrxHXHJgwvJdT,Lena Hjelm-Wallén,true
i-SyUR1hcCs9SKm9Jd4RDsrB,Oscar Sundström,true
i-SyUR1hcCs9SKm9Jd4RDsrB,Sundström,false
i-SyekRMFmoGRYJtekBBsvoc,Johan Karlsson,true
i-SyekRMFmoGRYJtekBBsvoc,Karlsson,false
i-SyekRMFmoGRYJtekBBsvoc,Sven Johan Karlsson,false
i-SypgN7C1SdELHJYN5APLye,Adolf Ferdinand Helander,false
i-SypgN7C1SdELHJYN5APLye,Adolf Helander,true
i-SypgN7C1SdELHJYN5APLye,Helander,false
i-SysvMFbvkEhmXkBp2SQyKp,Birgitta Källman,true
i-Sz7rcff6EWj8nfiGkZgE7m,Kersti Anita Gylling Lundgren,false
i-Sz7rcff6EWj8nfiGkZgE7m,Kersti Gylling,true
i-SzGpydBwUGiTw3GWcPrafZ,Arnold Celsing,true
i-SzGpydBwUGiTw3GWcPrafZ,Celsing,false
i-SzGpydBwUGiTw3GWcPrafZ,Lars Arnold Celsing,false
i-SzQTDR2U7WoWopbnmhzpRi,Johansson,false
i-SzQTDR2U7WoWopbnmhzpRi,John Helge Johansson,false
i-SzQTDR2U7WoWopbnmhzpRi,John Johansson,true
i-SzWUcaJbqm7c2ePDUDjYCA,Hjalmar Nilson,true
i-SzWUcaJbqm7c2ePDUDjYCA,Hjalmar Nilsson,false
i-SzWUcaJbqm7c2ePDUDjYCA,Hjalmar R. Nilson,false
i-SzWUcaJbqm7c2ePDUDjYCA,Hjalmar Ragnvald Nilson,false
i-SzWUcaJbqm7c2ePDUDjYCA,Hjalmar Ragnvald Nilsson,false
i-SzWUcaJbqm7c2ePDUDjYCA,Nilson,false
i-SzdiyKSunUgvLkKChTLAAH,Bror Lars Norin,false
i-SzdiyKSunUgvLkKChTLAAH,Lars Norin,true
i-SzdiyKSunUgvLkKChTLAAH,Norin,false
i-SzgTuuF6xsP3YYFjuHyjQ1,Croneborg,false
i-SzgTuuF6xsP3YYFjuHyjQ1,Johan Ulrik Wilhelm Croneborg,false
i-SzgTuuF6xsP3YYFjuHyjQ1,Wilhelm Croneborg,true
i-T1HsKQRqdqJM3u8MkBZV3f,Johan Sandstedt,true
i-T1HsKQRqdqJM3u8MkBZV3f,Sandstedt,false
i-T1N6sKNpePNbDTu7HWaHbd,Maria Kornevik Jakobsson,true
i-T1ap33uiCrZLbphnHq6h6H,Bengt Bengtson,true
i-T1ap33uiCrZLbphnHq6h6H,Bengt Herman Bengtson,false
i-T1ap33uiCrZLbphnHq6h6H,Bengtson,false
i-T2HHh5Dnznvs9cz9kr2oG4,Hörlén,false
i-T2HHh5Dnznvs9cz9kr2oG4,Linnea Hörlén,true
i-T2MQwweEV4czixyLDV86HQ,Alm,false
i-T2MQwweEV4czixyLDV86HQ,Alm-Lindström,false
i-T2MQwweEV4czixyLDV86HQ,Gunilla Alm-Lindström,false
i-T2MQwweEV4czixyLDV86HQ,Lindström,false
i-T2MQwweEV4czixyLDV86HQ,Ulla Gunilla Lindström,false
i-T2MQwweEV4czixyLDV86HQ,Ulla Lindström,true
i-T2aXcsQqA9hkUFtCcU4AeQ,Henrik Järrel,false
i-T2aXcsQqA9hkUFtCcU4AeQ,Henrik S. Järrel,true
i-T2aXcsQqA9hkUFtCcU4AeQ,Henrik Stefan Järrel,false
i-T2aXcsQqA9hkUFtCcU4AeQ,Järrel,false
i-T2ePUp7uVeKir5yx9GStFh,Conrad Fredrik Vahlquist,false
i-T2ePUp7uVeKir5yx9GStFh,Conrad Vahlquist,true
i-T2ePUp7uVeKir5yx9GStFh,Vahlquist,false
i-T2qfd2gPbbrGjdUfD6ENGo,Beckman,false
i-T2qfd2gPbbrGjdUfD6ENGo,Karl Beckman,true
i-T2qfd2gPbbrGjdUfD6ENGo,Karl Vilhelm Beckman,false
i-T2zoKSjQ4xPQ7xSU1J4Axv,Jean-Pierre Olov Schori,false
i-T2zoKSjQ4xPQ7xSU1J4Axv,Pierre Schori,true
i-T2zoKSjQ4xPQ7xSU1J4Axv,Schori,false
i-T33Na3brmtboXa1NjvckiT,Henriksson,false
i-T33Na3brmtboXa1NjvckiT,Johan Henriksson,true
i-T3gdjsEDM8Rwzy9YJpgufQ,Inger Schörling,true
i-T3gdjsEDM8Rwzy9YJpgufQ,Schörling,false
i-T3xpbCDaT4vV9rmWsrv9n9,Jöns N:son Nyberg,false
i-T3xpbCDaT4vV9rmWsrv9n9,Jöns Nilsson Nyberg,false
i-T3xpbCDaT4vV9rmWsrv9n9,Jöns Nyberg,true
i-T3xpbCDaT4vV9rmWsrv9n9,Nyberg,false
i-T3zCzvNQPV4UWoYeoSQzvf,Eric Marcusson,true
i-T3zCzvNQPV4UWoYeoSQzvf,Erik Ragnar Markusson,false
i-T3zCzvNQPV4UWoYeoSQzvf,Marcusson,false
i-T46we9HrmDZ6vgL7r3swGe,Carl Edvard Laurell,false
i-T46we9HrmDZ6vgL7r3swGe,Edward Laurell,true
i-T46we9HrmDZ6vgL7r3swGe,Laurell,false
i-T4AZxB62vyEftFtuUdrbyD,Hans Hansson,true
i-T4AZxB62vyEftFtuUdrbyD,Hansson,false
i-T4PCemjgWrppB1oqqmKKFp,Johnsson,false
i-T4PCemjgWrppB1oqqmKKFp,Jonas Jonasson,true
i-T4PCemjgWrppB1oqqmKKFp,Jonasson,false
i-T4Uv8ggqh9EWe5z7TWaUq3,H.G. Wessberg,true
i-T4Uv8ggqh9EWe5z7TWaUq3,Hans Gustaf Allan Wessberg,false
i-T4Uv8ggqh9EWe5z7TWaUq3,Hans Gustaf Wessberg,false
i-T4wy2Pjh3LX6SoxPxVykXf,Ander,false
i-T4wy2Pjh3LX6SoxPxVykXf,August Ander,true
i-T4wy2Pjh3LX6SoxPxVykXf,Johan August Ander,false
i-T52vqFxDFPGpvkPRtqScLC,Sten-Ove Sundström,true
i-T52vqFxDFPGpvkPRtqScLC,Sundström,false
i-T576BDaw5pvVYLHtf4Pt4X,Lennart Rohdin,true
i-T576BDaw5pvVYLHtf4Pt4X,Rohdin,false
i-T5TQTo1x9KZiCNRXHysUZG,Eduard Fränckel,false
i-T5TQTo1x9KZiCNRXHysUZG,Edvard Fränckel,true
i-T5TQTo1x9KZiCNRXHysUZG,Fränckel,false
i-T5Ww6yfZo991o2Kbs4tsCF,Carl Crafoord,true
i-T5Ww6yfZo991o2Kbs4tsCF,Carl Otto Leonard Crafoord,false
i-T5Ww6yfZo991o2Kbs4tsCF,Crafoord,false
i-T5XxKVtZLFo1dsDRTvxJiN,Lassinantti,false
i-T5XxKVtZLFo1dsDRTvxJiN,Ragnar Lassinantti,true
i-T5fFgQ73BhXWChgostnu9w,Ekströmer,false
i-T5fFgQ73BhXWChgostnu9w,Johan Melcher Ekströmer,false
i-T5fFgQ73BhXWChgostnu9w,Melcher Ekströmer,true
i-T6dd3fn3avyoiNYJk3XNTR,Hansson,false
i-T6dd3fn3avyoiNYJk3XNTR,Nils G Hansson,false
i-T6dd3fn3avyoiNYJk3XNTR,Nils G. Hansson,true
i-T6dd3fn3avyoiNYJk3XNTR,Nils Gunnar Hansson,false
i-T7LZjxwtDMK7XwZHieRaQ1,Littorin,false
i-T7LZjxwtDMK7XwZHieRaQ1,Sven Littorin,true
i-T7hu1JgBezor1oXi7Z3qnA,Eliasson,false
i-T7hu1JgBezor1oXi7Z3qnA,Jan Eliasson,true
i-T7x5MaYWAj63jUhWq1ps6v,Walburga Douglas,false
i-T7x5MaYWAj63jUhWq1ps6v,Walburga Habsburg,false
i-T7x5MaYWAj63jUhWq1ps6v,Walburga Habsburg Douglas,true
i-T7x5MaYWAj63jUhWq1ps6v,Walburga von Habsburg,false
i-T8Rg3jWpwbaD2AL9KBwWw3,Magnus Sjödahl,true
i-T8YPM8wxmnK6C9rAWyXSDW,Edberg,false
i-T8YPM8wxmnK6C9rAWyXSDW,Rolf Edberg,true
i-T8YPM8wxmnK6C9rAWyXSDW,Rolf Filip Edberg,false
i-T8owFktXUZKmmAJA32jnUj,Gustaf Henning Elmquist,false
i-T8owFktXUZKmmAJA32jnUj,Henning Elmquist,true
i-T95KB1Tm5Bbn1uz8sFc7Na,Ljungkvist,false
i-T95KB1Tm5Bbn1uz8sFc7Na,Sven Edvin Ljungkvist,false
i-T95KB1Tm5Bbn1uz8sFc7Na,Sven Ljungkvist,true
i-T9dFBJ1pv742mQeG3uLBtA,Margareta Viklund,true
i-T9dFBJ1pv742mQeG3uLBtA,Viklund,false
i-T9ebxLt4zxBYuV5MRmidj2,Andersson,false
i-T9ebxLt4zxBYuV5MRmidj2,Olof Andersson,true
i-TA35ZZCd9AZayRg33KLBtE,Wernersson,false
i-TA35ZZCd9AZayRg33KLBtE,Yngve Wernersson,true
i-TAQ95hRXzNuydoAADkaDJJ,Diesen,false
i-TAQ95hRXzNuydoAADkaDJJ,Ingrid Diesen,true
i-TAQ95hRXzNuydoAADkaDJJ,Ingrid Elisabeth Diesen,false
i-TAQ95hRXzNuydoAADkaDJJ,Sigurdsen,false
i-TAQJZsUKgZSk6i1rQDsYUU,Forssell,false
i-TAQJZsUKgZSk6i1rQDsYUU,Johan Forssell,true
i-TAg67EwgyQD176VhTnDhWg,Maria Hassan,true
i-TAg67EwgyQD176VhTnDhWg,Maria Stepanovna Hassan,false
i-TBWJgK7R6pzsE6Ap5PiEb4,Ingrid Näslund,true
i-TBWJgK7R6pzsE6Ap5PiEb4,Näslund,false
i-TBeYdAMPijtGj4SCVwE8Gn,Knut Wijkmark,true
i-TBeYdAMPijtGj4SCVwE8Gn,Wijkmark,false
i-TBny2AJAhwymSdpQJk8Tvz,Axel Nylander,true
i-TBny2AJAhwymSdpQJk8Tvz,Karl Axel Salomon Nylander,false
i-TBny2AJAhwymSdpQJk8Tvz,Nylander,false
i-TBtrgQ5rhKHEry6LSqDozt,Nina Jarlbäck,true
i-TBvLfHyT7W2PmRrrNsbW6r,Julius Lindström,true
i-TBvLfHyT7W2PmRrrNsbW6r,Lindström,false
i-TCwnE27NUm8kYmKSTCsdvV,Leonard Wistelius,true
i-TCwnE27NUm8kYmKSTCsdvV,Per Leonard Wistelius,false
i-TCwnE27NUm8kYmKSTCsdvV,Wistelius,false
i-TDRZedtxwSUsCqxKHfb7My,Anders Olof Hammar,false
i-TDRZedtxwSUsCqxKHfb7My,Hammar,false
i-TDRZedtxwSUsCqxKHfb7My,Olof Hammar,true
i-TDTef8XwnVjrhMNZDnRgsZ,Ewerlöf,false
i-TDTef8XwnVjrhMNZDnRgsZ,Jönsson,false
i-TDTef8XwnVjrhMNZDnRgsZ,Nils Jönsson,true
i-TDcqGyzXni7Trv4F5XQtYf,Erik Gustaf Eriksson,true
i-TDcqGyzXni7Trv4F5XQtYf,Eriksson,false
i-TECanR77Prb79DHwPvLitN,Annelie Enochson,true
i-TEFXMjR6WsvCeeLdc2wQ82,Karl Lennart Klockare,false
i-TEFXMjR6WsvCeeLdc2wQ82,Lennart Klockare,true
i-TEGAHLmzxudZmyJfcbFBM7,Jonas Samuelsson,true
i-TEGAHLmzxudZmyJfcbFBM7,Samuelsson,false
i-TEXdMFr5R5hvaQAhJoGaid,Andersson,false
i-TEXdMFr5R5hvaQAhJoGaid,Ivar Andersson,true
i-TEkdGy8DEUwcbVAxHygs6z,Maria Lundqvist-Brömster,true
i-TEqtqTkMJpM51S7SQEkfep,Carlsson,false
i-TEqtqTkMJpM51S7SQEkfep,Lars Olof Carlsson,false
i-TEqtqTkMJpM51S7SQEkfep,Lars Olof Karlsson,true
i-TEqtqTkMJpM51S7SQEkfep,Unge Lars Olof Carlsson,false
i-TF2nMgsgs9UxhzkCePtBJo,Carl Ifvarsson,true
i-TF2nMgsgs9UxhzkCePtBJo,Ifvarsson,false
i-TFANmsL4hdvC2ChJP3hmyH,Johan Erik Johansson,true
i-TFANmsL4hdvC2ChJP3hmyH,Johansson,false
i-TFG2PW7ay7mUZBy2GoJDbV,Mats Nordberg,true
i-TFG2PW7ay7mUZBy2GoJDbV,Mats Ola Nordberg,false
i-TFNgUjb63vNqa2tQLkSo2a,Johansson,false
i-TFNgUjb63vNqa2tQLkSo2a,John Johansson,true
i-TFNgUjb63vNqa2tQLkSo2a,John Theodor Johansson,false
i-TFTCQ3KuQMj6whm8qBPj3S,Henriksson,false
i-TFTCQ3KuQMj6whm8qBPj3S,Nils Torsten Henriksson,false
i-TFTCQ3KuQMj6whm8qBPj3S,Torsten Henriksson,true
i-TFZQYjpx1wcSHA6fwttW17,Jöns Persson,true
i-TFZQYjpx1wcSHA6fwttW17,Persson,false
i-TG4E2mMyEjAwsk5JKoM6iy,Hjalmar Georg Westring,false
i-TG4E2mMyEjAwsk5JKoM6iy,Hjalmar Westring,true
i-TG7FNMEqNgriHtpUnpX6DL,Anders Peter Trybom,true
i-TG7FNMEqNgriHtpUnpX6DL,Trybom,false
i-TGAeNgQV9rZoovTn5C8JAd,Adelsohn Liljeroth,false
i-TGAeNgQV9rZoovTn5C8JAd,Lena Adelsohn Liljeroth,true
i-TGAeNgQV9rZoovTn5C8JAd,Lena Adelsohn-Liljeroth,false
i-TGAeNgQV9rZoovTn5C8JAd,Lena Adelson-Liljeroth,false
i-TGAeNgQV9rZoovTn5C8JAd,Lena Elisabeth Adelsohn Liljeroth,false
i-TGAeNgQV9rZoovTn5C8JAd,Lena Liljeroth,false
i-TGQAAcWV8MQTMWbmXQXiUd,Ewerlöf,false
i-TGQAAcWV8MQTMWbmXQXiUd,Knut G. Ewerlöf,true
i-TGQAAcWV8MQTMWbmXQXiUd,Knut Gerhard Ewerlöf,false
i-TGaWdBpKLkPEmyhtvWJh2q,Edip Noyan,true
i-TGef4XvZNRUhXqFR1xNQbG,Sven Nils Zetterström,false
i-TGef4XvZNRUhXqFR1xNQbG,Sven Zetterström,true
i-TGef4XvZNRUhXqFR1xNQbG,Zetterström,false
i-THw9pKzV2yEXewVmJfXFkS,Andersson,false
i-THw9pKzV2yEXewVmJfXFkS,Nils Andersson,true
i-TJSpNmLYhQihMvutxe7KHo,Johan Ågren,true
i-TJSpNmLYhQihMvutxe7KHo,Johan Östen Ågren,false
i-TJSpNmLYhQihMvutxe7KHo,Ågren,false
i-TJUAnvTvoNJL7Xs36mcHa,Marianne Fundahn,true
i-TJUAnvTvoNJL7Xs36mcHa,Marianne Pettersson,false
i-TJXJRG7PGZM8NUN9QQ1EdE,Inger Lindberg,false
i-TJXJRG7PGZM8NUN9QQ1EdE,Margareta Gunsdotter,false
i-TJXJRG7PGZM8NUN9QQ1EdE,Margareta Gunsdotter Hayes,true
i-TJXJRG7PGZM8NUN9QQ1EdE,Margareta Larsson,false
i-TJkWYsn7fwUsxfVJHu9ETA,Berg,false
i-TJkWYsn7fwUsxfVJHu9ETA,Samuelsson,false
i-TJkWYsn7fwUsxfVJHu9ETA,Ulla Berg,true
i-TJkWYsn7fwUsxfVJHu9ETA,Ulla Samuelsson,false
i-TKwDinNn4twnLieK52EXRu,Björn Söder,true
i-TL5yPm2G87AhwVnNMTjvGb,Liza-Maria Norlin,true
i-TLSPKBnjbeXmcGaYHwU9T2,Jacob Wedberg,true
i-TLSPKBnjbeXmcGaYHwU9T2,Jacob Wilhelm Wedberg,false
i-TLSPKBnjbeXmcGaYHwU9T2,Johan Wilhelm Wedberg,false
i-TLSPKBnjbeXmcGaYHwU9T2,Wedberg,false
i-TLnEcKgBYha1pdFTVEbAvk,Enlund,false
i-TLnEcKgBYha1pdFTVEbAvk,Eric Enlund,true
i-TLnEcKgBYha1pdFTVEbAvk,Eric Paul Enlund,false
i-TMBKCxFj2h6LkEEpYodyut,Jessika Elisabeth Andersdotter Roswall,false
i-TMBKCxFj2h6LkEEpYodyut,Jessika Roswall,true
i-TMBKCxFj2h6LkEEpYodyut,Jessika Vilhelmsson,false
i-TMPJHckxbgCushBBp7C3Aa,Anders Frändén,true
i-TMPJHckxbgCushBBp7C3Aa,Anders Olof Frändén,false
i-TMPJHckxbgCushBBp7C3Aa,Frändén,false
i-TMwpsik9bguNXgjB4GcxTS,Jessica Margareta Stegrud,false
i-TMwpsik9bguNXgjB4GcxTS,Jessica Stegrud,true
i-TNGoE23iJfaY3bMVx88LYe,Astrid Sylvia Lindgren,false
i-TNGoE23iJfaY3bMVx88LYe,Lindgren,false
i-TNGoE23iJfaY3bMVx88LYe,Sylvia Lindgren,true
i-TNwrjSiAaaNSb2LNE2HejV,Maria Andersson Willner,true
i-TP1gKqVgWU4EH5fBdPaTQB,Amanda Palmstierna,true
i-TP9DL4gGfy5TRGpk5c91g5,Per-Anders Johansson,true
i-TPFPkNeAnPLVG6gbmTwyFe,Gunnar Oscarsson,true
i-TPFPkNeAnPLVG6gbmTwyFe,Gunnar Oskarson,false
i-TPFPkNeAnPLVG6gbmTwyFe,Gunnar Oskarsson,false
i-TPFPkNeAnPLVG6gbmTwyFe,Oscarson,false
i-TPFPkNeAnPLVG6gbmTwyFe,Oskarson,false
i-TQSxR67px2sbgihmAZE4q7,Hagnell,false
i-TQSxR67px2sbgihmAZE4q7,Hans Hagnell,true
i-TQn4XFmjtAgPMLekmAkhFk,Berit Frändås,true
i-TQn4XFmjtAgPMLekmAkhFk,Frändås,false
i-TQpKzRtTSVD5vxcwQhuewR,Andersson,false
i-TQpKzRtTSVD5vxcwQhuewR,Arvid Andersson,true
i-TQpKzRtTSVD5vxcwQhuewR,Gustaf Arvid Andersson,false
i-TRhFqW81mc6ziiCGTSe6zp,Margareta af Ugglas,false
i-TRhFqW81mc6ziiCGTSe6zp,Margaretha Stenbeck,false
i-TRhFqW81mc6ziiCGTSe6zp,Margaretha Ugglas,false
i-TRhFqW81mc6ziiCGTSe6zp,Margaretha af Ugglas,true
i-TRhFqW81mc6ziiCGTSe6zp,af Ugglas,false
i-TRnXjwqZqTJWcuZekA2f4r,Andersson,false
i-TRnXjwqZqTJWcuZekA2f4r,Bernhard Sivert Andersson,false
i-TRnXjwqZqTJWcuZekA2f4r,Sivert Andersson,true
i-TRtwcDZhoeGsEkBiHGxg9c,Knut Arvid Posse,false
i-TRtwcDZhoeGsEkBiHGxg9c,Knut Posse,true
i-TRtwcDZhoeGsEkBiHGxg9c,Posse,false
i-TRwqmRRb2L7vgDjft4i5Z,Bengt Norling,true
i-TRwqmRRb2L7vgDjft4i5Z,Bengt Olof Norling,false
i-TRwqmRRb2L7vgDjft4i5Z,Norling,false
i-TS1cfMCbC2M6YMwsFAgdXD,Britt Emma Tora Mogård,false
i-TS1cfMCbC2M6YMwsFAgdXD,Britt Mogård,true
i-TS1cfMCbC2M6YMwsFAgdXD,Mogård,false
i-TSGehE1rwudkXFF6bgJHmH,Henrik von Sydow,true
i-TToCemxT7DietQoQzAE1oh,Daniel Olauson,true
i-TToCemxT7DietQoQzAE1oh,Olauson,false
i-TTvPdN45ray9bRz4GEiZ8A,Bengt J:son Bergqvist,true
i-TUH2Jjadmg5c4junXEJShp,Katarina Tolgfors,true
i-TUH2Jjadmg5c4junXEJShp,Mia Katarina Margareta Tolgfors,false
i-TUcdPVCwA1wo5kK1FA9kqs,Axel Dickson,true
i-TUcdPVCwA1wo5kK1FA9kqs,Dickson,false
i-TUdAuBRD2QT6aWjwbkNrNd,Appeltofft,false
i-TUdAuBRD2QT6aWjwbkNrNd,Carl Fredrik Appeltofft,true
i-TUo8XdDHL6Q5hUgyWW5MGk,Broström,false
i-TUo8XdDHL6Q5hUgyWW5MGk,Dan Broström,true
i-TUo8XdDHL6Q5hUgyWW5MGk,Daniel Broström,false
i-TUvkLNfgGDFH5c5z5RL7Kw,Christer Eirefelt,true
i-TUvkLNfgGDFH5c5z5RL7Kw,Eirefelt,false
i-TUvkLNfgGDFH5c5z5RL7Kw,Jan Christer Eirefelt,false
i-TUwQBiGjxBFZspzw9pRSbP,Andersson,false
i-TUwQBiGjxBFZspzw9pRSbP,Oscar Andersson,true
i-TUyWWYGDFXW92GhiG3CLwF,Sven Nilsson,true
i-TVhe1CTwJ8r6t8pEqUNsdT,Edvard Fleetwood,true
i-TVhe1CTwJ8r6t8pEqUNsdT,Fleetwood,false
i-TVpY9zEquJ2jKT7pqxS85w,Israelsson,false
i-TVpY9zEquJ2jKT7pqxS85w,Karin Birgitta Israelsson,false
i-TVpY9zEquJ2jKT7pqxS85w,Karin Israelsson,true
i-TVwo4mCECu692GW3ntqQzo,Kurt Kvarnström,true
i-TW2v8kvC9bB35Jx86j8aCC,Andersson,false
i-TW2v8kvC9bB35Jx86j8aCC,Olof Andersson,true
i-TW6NiVapuUhV3BiB59YUR8,Otto Herman Svensson,false
i-TW6NiVapuUhV3BiB59YUR8,Otto Svensson,true
i-TW6NiVapuUhV3BiB59YUR8,Svensson,false
i-TW6ybehKqFC1J5DZgRYDFC,Gunnar Ljungqvist,true
i-TW6ybehKqFC1J5DZgRYDFC,Gunnar Natanael Ljungqvist,false
i-TW6ybehKqFC1J5DZgRYDFC,Ljungqvist,false
i-TW8WmQsY98uSVdhpY1vvem,Carl Hans Ulner,false
i-TW8WmQsY98uSVdhpY1vvem,Carl Ulner,true
i-TWpuz5Z8AYuiMvzxvaKbWd,Christofer Wilhelm Geijer,true
i-TWpuz5Z8AYuiMvzxvaKbWd,v Geijer,false
i-TX2ab51zjHPSzvkj2J96i,Lena Lundblad,true
i-TX4XbGiaRx4H4u3YMo1twT,Christian Holm,true
i-TX4XbGiaRx4H4u3YMo1twT,Christian Holm Barenfeld,false
i-TX4XbGiaRx4H4u3YMo1twT,Christian Otto Verner Holm Barenfeld,false
i-TX8UjKrUpUeZgE2dqKJCFc,Görel Maria Thurdin,false
i-TX8UjKrUpUeZgE2dqKJCFc,Görel Thurdin,true
i-TX8UjKrUpUeZgE2dqKJCFc,Thurdin,false
i-TXCGsP5J8DXNwzQrSLDjG,Edvard Ferdinand Meyer,false
i-TXCGsP5J8DXNwzQrSLDjG,Edvard Meyer,true
i-TXCGsP5J8DXNwzQrSLDjG,Meyer,false
i-TXPzWzXmKZn2Hqj1fe66h6,Elias Reinhold Eliasson,false
i-TXPzWzXmKZn2Hqj1fe66h6,Eliasson,false
i-TXPzWzXmKZn2Hqj1fe66h6,Reinhold Eliasson,true
i-TXTMjmW8M6sutYxwmKpuaD,Björklund,false
i-TXTMjmW8M6sutYxwmKpuaD,Olof Björklund,true
i-TXWjMfPNdu6NddKf5hSeRx,Alexander Christiansson,true
i-TXgjPkpyG5XW2kxCc1jF94,Erik Magnus Grenholm,true
i-TXgjPkpyG5XW2kxCc1jF94,Grenholm,false
i-TYBtSHJZtd4hmjSgW4AXun,Bengt-Ola Ryttar,true
i-TYBtSHJZtd4hmjSgW4AXun,Ryttar,false
i-TYFyG6a1gaj39msboFvwTz,Axel Bernhard Roos,false
i-TYFyG6a1gaj39msboFvwTz,Axel Roos,true
i-TYFyG6a1gaj39msboFvwTz,Roos,false
i-TYTRLcvnTBCfR2iBbM2cHU,Anton Hellgrén,true
i-TYTRLcvnTBCfR2iBbM2cHU,Hellgrén,false
i-TYTRLcvnTBCfR2iBbM2cHU,Per Anton Hellgrén,false
i-TYpddiX12HJSyT4ZVp2VpB,Lidström,false
i-TYpddiX12HJSyT4ZVp2VpB,Petrus Anshelm Lidström,false
i-TYpddiX12HJSyT4ZVp2VpB,Petrus Lidström,true
i-TZ8SfvMTUwmGX9ydckup6w,Roy Hansson,true
i-TZ8SfvMTUwmGX9ydckup6w,Roy Hasse Georg Hansson,false
i-TZHBPDEfPriGgMd5y7LfJG,Lars U. Granberg,true
i-TZaZ7YLtAHDyTh6aHknPJ2,Stina Linnea Svegland,false
i-TZaZ7YLtAHDyTh6aHknPJ2,Stina Svegland,true
i-TZikyr5QETx1Srqmhk827L,Göte Jonsson,true
i-TZikyr5QETx1Srqmhk827L,Jonsson,false
i-TaLDLmaApA4wtxuvVXQfPx,Sebastian Cederschiöld,true
i-TaW174KWoVEkH4KpnMRVNc,Bernhard Näsgård,true
i-TaW174KWoVEkH4KpnMRVNc,Näsgård,false
i-TaWvRtkjoxfukkGjACaCsY,Cecilia Jensfelt,true
i-TacmzADgTQdMWZvbdHxmSf,Lundgren,false
i-TacmzADgTQdMWZvbdHxmSf,Wilhelm R. Lundgren,true
i-TacmzADgTQdMWZvbdHxmSf,Wilhelm Rogatius Benjamin Lundgren,false
i-TakuMptA3j5ia3fgxc7a7j,Johan Alfred Petersson,true
i-TakuMptA3j5ia3fgxc7a7j,Peterson,false
i-Tb3QUhGvYi4j7F3VwMLWH7,Arvid Gumaelius,false
i-Tb3QUhGvYi4j7F3VwMLWH7,Arvid Gumælius,true
i-Tb3QUhGvYi4j7F3VwMLWH7,Carl Arvid Gumælius,false
i-Tb3QUhGvYi4j7F3VwMLWH7,Gumelius,false
i-Tb3QUhGvYi4j7F3VwMLWH7,Gumælius,false
i-Tb3QUhGvYi4j7F3VwMLWH7,Karl Arvid Gumælius,false
i-TbZpAkyrRZN7NqQBMxmYt5,Johan Lars Wilhelm Stjernstedt,false
i-TbZpAkyrRZN7NqQBMxmYt5,Johan Stjernstedt,true
i-TbZpAkyrRZN7NqQBMxmYt5,Stjernstedt,false
i-Tbb55VoAsrPRVQ2nkWybs6,Jansson,false
i-Tbb55VoAsrPRVQ2nkWybs6,Johan Emanuel Jansson,false
i-Tbb55VoAsrPRVQ2nkWybs6,Johan Jansson,true
i-Tc3dkWwXjoydd5s4hd3WJw,Johansson,false
i-Tc3dkWwXjoydd5s4hd3WJw,Rune Johansson,true
i-Tc8VMuJnL4XJ63fbqea4qU,Fabian Lilliecreutz,true
i-Tc8VMuJnL4XJ63fbqea4qU,Lilliecreutz,false
i-Tc8VMuJnL4XJ63fbqea4qU,Samuel Henrik Fabian Lilliecreutz,false
i-TcNfrp7fRvP58buMahA7Gi,Maryam Yazdanfar,true
i-TcpRMvA7NUH7VxZ1m46K1W,Mikael Strandman,true
i-Td2yJfZ5Qefi6A4TjBimJr,Johannes Mörtsell,true
i-Td2yJfZ5Qefi6A4TjBimJr,Mörtsell,false
i-TdDp8Rr8zkiE5zKKR8Ty37,Ljunggren,false
i-TdDp8Rr8zkiE5zKKR8Ty37,Nils Peter Ljunggren,true
i-TdPhJqrQ1oodwU213ggkBF,Karl August Karlsson,false
i-TdPhJqrQ1oodwU213ggkBF,Karl Karlsson,true
i-TdPhJqrQ1oodwU213ggkBF,Karlsson,false
i-Tdncarw8uXZK76feiJjm5S,Karl A. Petersson,false
i-Tdncarw8uXZK76feiJjm5S,Karl-Anders Petersson,true
i-Tdncarw8uXZK76feiJjm5S,Kent A. Petersson,false
i-Tdncarw8uXZK76feiJjm5S,Petersson,false
i-TdpVeCUGB6W7zBhUjFMgi1,Lars Olof Stendahl,false
i-TdpVeCUGB6W7zBhUjFMgi1,Lars-Olov Stendahl,true
i-TdpVeCUGB6W7zBhUjFMgi1,Stendahl,false
i-TeDJE4iwbmVwANHpPtKXj6,Carlborg,false
i-TeDJE4iwbmVwANHpPtKXj6,Fredrik Daniel Carlborg,true
i-TetqqngpveTfXZ2QJT2S6o,Andersson,false
i-TetqqngpveTfXZ2QJT2S6o,Gunnar Andersson,true
i-TetqqngpveTfXZ2QJT2S6o,Gunnar Sigfrid Andersson,false
i-Tg5wtdAcfotgy1zwH4f3qs,Björkman,false
i-Tg5wtdAcfotgy1zwH4f3qs,Lars Björkman,true
i-TgGh4sLEipttrpG4XAgn6h,Doverstorparen,false
i-TgGh4sLEipttrpG4XAgn6h,John Martin Skoglund,false
i-TgGh4sLEipttrpG4XAgn6h,Martin Skoglund,true
i-TgGh4sLEipttrpG4XAgn6h,Skoglund,false
i-TgKU3mVVQLPLhPjqaqreFk,Ernst Mattias Peter von Vegesack,false
i-TgKU3mVVQLPLhPjqaqreFk,Ernst von Vegesack,true
i-TgKU3mVVQLPLhPjqaqreFk,von Vegesack,false
i-TgNr7w5KMUTB7gX5TMgE3U,Bengt Lindqvist,true
i-TgNr7w5KMUTB7gX5TMgE3U,Bengt Olof Lennart Lindqvist,false
i-TgNr7w5KMUTB7gX5TMgE3U,Lindqvist,false
i-TggwsU9wo9LaUaC7sc8JdB,Harald Laurin,true
i-TggwsU9wo9LaUaC7sc8JdB,Laurin,false
i-ThKEbtisjQC42YuwWwUDp4,Ann Rhenman Eklund,false
i-ThKEbtisjQC42YuwWwUDp4,Anne Rhenman,true
i-ThKEbtisjQC42YuwWwUDp4,Anne Rhenman Eklund,false
i-ThKEbtisjQC42YuwWwUDp4,Anne Sörensen,false
i-ThKEbtisjQC42YuwWwUDp4,Rhenman,false
i-ThKEbtisjQC42YuwWwUDp4,Sörensen,false
i-ThVPmg6PwxL4WvXey5u76X,Victoria Anna Eva Tiblom,false
i-ThVPmg6PwxL4WvXey5u76X,Victoria Tiblom,true
i-Ti6geSUX9zUGUzgJd8LoeA,Karlehagen,false
i-Ti6geSUX9zUGUzgJd8LoeA,Sigvard Karlehagen,true
i-TiJSzsxjSquBDjfUxZVUo4,Asoka Rodiya,false
i-TiJSzsxjSquBDjfUxZVUo4,Christer Swahn,false
i-TiJSzsxjSquBDjfUxZVUo4,Dag Svenske,false
i-TiJSzsxjSquBDjfUxZVUo4,Hugo Wickström,false
i-TiJSzsxjSquBDjfUxZVUo4,Phemios,false
i-TiJSzsxjSquBDjfUxZVUo4,Stefanus Eremita,false
i-TiJSzsxjSquBDjfUxZVUo4,Victor Hugo Wickström,true
i-TiJSzsxjSquBDjfUxZVUo4,Wickström,false
i-TifWqzmRuorK3zFDqAUZk8,Sara Anna-Karin Karlsson,false
i-TifWqzmRuorK3zFDqAUZk8,Sara Karlsson,true
i-TigPaPfe7eBTgfMXr1phgo,Mats Anders Green,false
i-TigPaPfe7eBTgfMXr1phgo,Mats Green,true
i-TihcZVivd1iNxtjFf2UaF4,Karl-Eric Norrby,true
i-TihcZVivd1iNxtjFf2UaF4,Karl-Erik Norrby,false
i-TihcZVivd1iNxtjFf2UaF4,Norrby,false
i-TinjVHybdUQSFE1ugBX4dP,Bäckström,false
i-TinjVHybdUQSFE1ugBX4dP,Werner Bäckström,true
i-TjTXd1BhNmQYR6chLowerA,Ekholm,false
i-TjTXd1BhNmQYR6chLowerA,Rudolf Ekholm,true
i-TjuPSYKkx95qCszBSy7x54,Ernst Liljedahl,true
i-TjuPSYKkx95qCszBSy7x54,Ernst Torsten Sigfrid Liljedahl,false
i-TjuPSYKkx95qCszBSy7x54,Liljedahl,false
i-Tk5ZqjAMkvG5bSgEwmT1i1,Anders Törnfelt,true
i-Tk5ZqjAMkvG5bSgEwmT1i1,Törnfelt,false
i-TkQYUfaqKqtshh9bgzavdb,Henmark,false
i-TkQYUfaqKqtshh9bgzavdb,Martin Henmark,true
i-TmLYgRSM5JFBMdRVjsJ2q4,Johanna Jönsson,false
i-TmLYgRSM5JFBMdRVjsJ2q4,Johanna Matilda Paarup-Jönsson,false
i-TmLYgRSM5JFBMdRVjsJ2q4,Johanna Paarup-Jönsson,true
i-Tmfx86oAStfDWBgUhA8QEU,Emil Petersson,true
i-Tmfx86oAStfDWBgUhA8QEU,Petersson,false
i-TnLNafCjX1sS3yQQ9x635t,Lars Johan Svensson,true
i-TnLNafCjX1sS3yQQ9x635t,Svensson,false
i-TncDq3VGtFk7ED2g9USGLs,Hans Johnsson,true
i-TncDq3VGtFk7ED2g9USGLs,Johnsson,false
i-ToAVEvauML3yGimoMtwivk,Fredrik Wilhelm Erik Carl Leijonancker,false
i-ToAVEvauML3yGimoMtwivk,Leijonancker,false
i-ToAVEvauML3yGimoMtwivk,Wilhelm Leijonancker,true
i-TodycJLEopZCV6uNkQANDV,Jakob Forssmed,true
i-TodycJLEopZCV6uNkQANDV,Jakob Petter Forssmed,false
i-Tp1jKTFhFzA8shVD7JggNL,Olsson,false
i-Tp1jKTFhFzA8shVD7JggNL,Smeds Lars Olsson,true
i-TpLnE7vJWXYq6fZf8iCast,Majléne Westerlund Panke,true
i-TpUWybAvp4PkceWHHU1puq,Christian Olsson,true
i-TpUWybAvp4PkceWHHU1puq,Olsson,false
i-TpZYt1GVcqVji9XRcawvXB,Hasselström Nyvall,false
i-TpZYt1GVcqVji9XRcawvXB,Ingrid Hasselström Nyvall,true
i-TpbmXU1qADouQvh7zWwskC,C. W. Carlsson,false
i-TpbmXU1qADouQvh7zWwskC,Carl Walfrid Carlsson,true
i-TpbmXU1qADouQvh7zWwskC,Carlsson,false
i-TpcaF4RFviyytGA8rW5Jer,Samuel Gonzalez Westling,true
i-TpcaF4RFviyytGA8rW5Jer,Samuel Patric Gonzalez Westling,false
i-TqEShkcphgcjdjEhQLUZjC,August Bruhn,true
i-TqEShkcphgcjdjEhQLUZjC,Bruhn,false
i-TqEShkcphgcjdjEhQLUZjC,Otto August Bruhn,false
i-TqU9iySHRMzanDjsiXFm6E,Håkansson,false
i-TqU9iySHRMzanDjsiXFm6E,Nils Håkansson,true
i-TqU9iySHRMzanDjsiXFm6E,Nils Svante Håkansson,false
i-TqkCALix3mzcE3yNqV7Nee,Martina Johansson,true
i-TrKVNd3hzoj23WRsWUBdzy,Gustaf Larsson,true
i-TrKVNd3hzoj23WRsWUBdzy,Larsson,false
i-TrXGyxsScvTSQxnJXvtZZW,Sven-Olof Sällström,true
i-TrbyrYRFEtiK91fw1RRBRW,Inga Sandberg,true
i-TrnujynLnxKJkT74XKpMFH,David Norman,true
i-TrnujynLnxKJkT74XKpMFH,Johannes David Norman,false
i-TrnujynLnxKJkT74XKpMFH,Norman,false
i-Trs3gMCufNPP2ADRtgrdza,Nothin,false
i-Trs3gMCufNPP2ADRtgrdza,Torsten Karl Viktor Nothin,false
i-Trs3gMCufNPP2ADRtgrdza,Torsten Nothin,true
i-TsMqhfCPmjcfSTFKWTpnLg,Clas Günther,false
i-TsMqhfCPmjcfSTFKWTpnLg,Claës Günther,true
i-TsRdC5Bztsh21iab4tVHM8,Anton Svensson,true
i-TsRdC5Bztsh21iab4tVHM8,Svensson,false
i-TsSisn5ymPqbg9pei8ZwUg,Paterson,false
i-TsSisn5ymPqbg9pei8ZwUg,Sten Sture Paterson,true
i-TszN7oLAQKXvuRBmFA9m4t,Ekelund,false
i-TszN7oLAQKXvuRBmFA9m4t,Gunnar Ekelund,true
i-TszN7oLAQKXvuRBmFA9m4t,Gunnar Mauritz Hugo Ekelund,false
i-TtDNMwJmsoWwQw6nZYWkLc,Axel Eurén,true
i-TtDNMwJmsoWwQw6nZYWkLc,Axel Herman Eurén,false
i-TtDNMwJmsoWwQw6nZYWkLc,Eurén,false
i-TtRdTWTGZX1yMjrAtYnz3m,Anna-Lena Blomkvist,false
i-TtRdTWTGZX1yMjrAtYnz3m,Anna-Lena Elisabet Blomkvist,false
i-TtRdTWTGZX1yMjrAtYnz3m,Anna-Lena Hedberg,true
i-TtTt6tncGj7Z7obngWSti,Kia Andreasson,true
i-TtTt6tncGj7Z7obngWSti,Kia Ann-Christin Elisabeth Andreasson,false
i-TtvHecYGhXDKbncEMyzhpQ,Bo Erland Forslund,false
i-TtvHecYGhXDKbncEMyzhpQ,Bo Forslund,true
i-TtvHecYGhXDKbncEMyzhpQ,Forslund,false
i-TtvnJp1acAbicTp7EQDMr2,Mait Gunlög Ingegärd Modigh,false
i-TtvnJp1acAbicTp7EQDMr2,Mait Modigh,true
i-TuUeRRRStfRtd42Mi2VQ3H,Olivecreutz,false
i-TuUeRRRStfRtd42Mi2VQ3H,Wilhelm Casimir Olivecreutz,false
i-TuUeRRRStfRtd42Mi2VQ3H,Wilhelm Olivecreutz,true
i-TuXRkkJz8KDyn9s8aegmKF,Axel Löfvander,true
i-TuXRkkJz8KDyn9s8aegmKF,Löfvander,false
i-TvPyEtuwNMQMGBtdEqsZRN,Meeri Wasberg,true
i-TvwitzakExjxmx7pkJknnU,Arvidson,false
i-TvwitzakExjxmx7pkJknnU,John-Arvid Arvidson,true
i-TvxkyB44TapcZqHJAqPGrn,Lina Axelsson,false
i-TvxkyB44TapcZqHJAqPGrn,Lina Axelsson Kihlblom,true
i-TvxkyB44TapcZqHJAqPGrn,Lina Marjatta Axelsson,false
i-TvxkyB44TapcZqHJAqPGrn,Lina Marjatta Axelsson Kihlblom,false
i-TwG6YXDCMv7yrq5VmXTgb9,Karl August Sandberg,false
i-TwG6YXDCMv7yrq5VmXTgb9,Karl Sandberg,true
i-TwG6YXDCMv7yrq5VmXTgb9,Sandberg,false
i-TwHRimW4qHP6qKGd2peE57,Anders Apelstam,true
i-TwHRimW4qHP6qKGd2peE57,Anders Lorentz Apelstam,false
i-TwHRimW4qHP6qKGd2peE57,Apelstam,false
i-TxLwXp3MJemR8iGdYER2aZ,Ali Esbati,true
i-TxRCzzgetP7718TE7usGwh,Anders Anderson,false
i-TxRCzzgetP7718TE7usGwh,Anders Råstock,true
i-TxRCzzgetP7718TE7usGwh,Anderson,false
i-TxcRm9FeRsY9aHRjmbJL5q,Johan Fredric Ehrenstam,true
i-Ty8QCuVFBPKpfBLfr6zVqn,Berit Högman,true
i-TyDbLDwsT2Ssr6vdh266Gr,Bernt Otto Ivar Santesson,false
i-TyDbLDwsT2Ssr6vdh266Gr,Bernt Santesson,true
i-TyDbLDwsT2Ssr6vdh266Gr,Santesson,false
i-TySxi8Noi1UEFkA8wbbQTG,Hagström,false
i-TySxi8Noi1UEFkA8wbbQTG,Karl Hagström,true
i-TyWB8HEMuNKq7gySiAqigx,Claës Wersäll,true
i-TyiLHdkXMMBBWN3zcwj3DS,Erik A. Eriksson,true
i-TyiLHdkXMMBBWN3zcwj3DS,Erik Anders Eriksson,false
i-Tym6Aw1gBuoRJqfGXa3Wdy,Flyg,false
i-Tym6Aw1gBuoRJqfGXa3Wdy,Nils Flyg,true
i-TzfMXAqa83AtmHgTB5ceQm,Munck af Rosenschöld,false
i-TzfMXAqa83AtmHgTB5ceQm,Thomas Munck af Rosenschöld,true
i-U1HgHsSCQwRnuUvdRGojU4,Behm,false
i-U1HgHsSCQwRnuUvdRGojU4,Ernst Herman Behm,false
i-U1HgHsSCQwRnuUvdRGojU4,Herman Behm,true
i-U1JCp3mPzxkXNkunZRtrZS,Gustaf af Petersens,true
i-U1JCp3mPzxkXNkunZRtrZS,af Petersens,false
i-U1NfXLExmstEEYumsy2WHu,Gunnar Wennerberg,true
i-U1NfXLExmstEEYumsy2WHu,Gunnar Wennerberg d.y.,false
i-U1NfXLExmstEEYumsy2WHu,Gunnar Wennerberg den yngre,false
i-U1NfXLExmstEEYumsy2WHu,Wennerberg,false
i-U1oHFkh9zjnxGszDAxGhfk,Dahm,false
i-U1oHFkh9zjnxGszDAxGhfk,Leonard Dahm,true
i-U1oHFkh9zjnxGszDAxGhfk,Oskar Elis Leonard Dahm,false
i-U1rTPKYA5fBaKrsvKmvLnz,Berit Edvardsson,true
i-U1y3evwTTrkjYao8Gey5r6,Lars Johnsson,true
i-U1zHdm2W2Np9V2M5yk9dTg,Nils Albert Ståhle,false
i-U1zHdm2W2Np9V2M5yk9dTg,Nils Ståhle,true
i-U1zHdm2W2Np9V2M5yk9dTg,Ståhle,false
i-U22vAKBq8RA2Ji6KCU4j6Z,Erik Herman Kling,false
i-U22vAKBq8RA2Ji6KCU4j6Z,Herman Kling,true
i-U22vAKBq8RA2Ji6KCU4j6Z,Kling,false
i-U2jRCEf7iiFq3v1MVTh88k,Lilian Svensson,true
i-U2s5QMwToNT7S33ddGUSKZ,Adolf Wall,true
i-U2s5QMwToNT7S33ddGUSKZ,Gustaf Adolf Wall,false
i-U2s5QMwToNT7S33ddGUSKZ,Wall,false
i-U3HsRyfngh8oXY3i9QSaL5,Anton Markstedt,true
i-U3HsRyfngh8oXY3i9QSaL5,Markstedt,false
i-U3uxfpGj7WXeyymxLwvsKw,Fredberg,false
i-U3uxfpGj7WXeyymxLwvsKw,Gustaf Manfred Fredberg,false
i-U3uxfpGj7WXeyymxLwvsKw,Manfred Fredberg,true
i-U4FA2v5wnx3QwGnwp78tj,Anders Petter Olsson,true
i-U4FA2v5wnx3QwGnwp78tj,Olsson,false
i-U4anBoFerU2gKE6hcB3GXc,Oskar Samuelson,true
i-U4anBoFerU2gKE6hcB3GXc,Per Oskar Samuelson,false
i-U4anBoFerU2gKE6hcB3GXc,Samuelson,false
i-U4dDzMjHHxyFXmmvH17Uz8,Bror Hasselrot,true
i-U4pHk2tFdyZvzTiVobxoV7,Anna Jennie Caroline Tenje,false
i-U4pHk2tFdyZvzTiVobxoV7,Anna Tenje,true
i-U57LLQoLV5JcGhmPdVR5qx,Hansén,false
i-U57LLQoLV5JcGhmPdVR5qx,Johan Theodor Hansén,false
i-U57LLQoLV5JcGhmPdVR5qx,Theodor Hansén,true
i-U5ChmN2x67WJwGfkM4hVSD,Axel Petri,true
i-U5ChmN2x67WJwGfkM4hVSD,Eric Axel Petri,false
i-U5ChmN2x67WJwGfkM4hVSD,Petri,false
i-U5MhCo51MGLLY94GAGJZhY,Johan Linander,true
i-U5gDdgzYFmj6HTJyQ6y7EG,Claes Rensfeldt,true
i-U5gDdgzYFmj6HTJyQ6y7EG,Rensfeldt,false
i-U5jAbsuy2Q4pBtMcKSGCs8,August Bellinder,true
i-U5jAbsuy2Q4pBtMcKSGCs8,Bellinder,false
i-U5pMcGxFvHJ3XJFgnzRtUo,Engström,false
i-U5pMcGxFvHJ3XJFgnzRtUo,Eric Engström,true
i-U5pMcGxFvHJ3XJFgnzRtUo,Eric Magnus Engströms,false
i-U6F8gqiuV2DEZN1aMhyDnJ,Christer Nylander,true
i-U6ifRiR8jKa4cStAnitbxA,Andersson,false
i-U6ifRiR8jKa4cStAnitbxA,Axel Gustav Birger Andersson,false
i-U6ifRiR8jKa4cStAnitbxA,Birger Andersson,true
i-U7p8oKpgei5gPacWh9BM6T,Arnoldson,false
i-U7p8oKpgei5gPacWh9BM6T,K.P. Arnoldson,false
i-U7p8oKpgei5gPacWh9BM6T,KP Arnoldson,false
i-U7p8oKpgei5gPacWh9BM6T,Klas Pontus Arnoldson,true
i-U7p8oKpgei5gPacWh9BM6T,Klas Pontus Arnoldsson,false
i-U85daejCqiYzKs66ytTcz,Malte Roos,true
i-U85daejCqiYzKs66ytTcz,Malte Tängmark Roos,false
i-U8CoU65T45GLiXGx9UYYZZ,Helén Andersson,true
i-U8W4uUAKEoMtNdRs3JJRK8,Kajsa Fredholm,true
i-U9We27C3x3JviFqbQPuj3d,Alexander Chrisopoulos,true
i-U9We27C3x3JviFqbQPuj3d,Chrisopoulos,false
i-UA5ckFSjhrYHm2TBQW4PDR,Gustafsson,false
i-UA5ckFSjhrYHm2TBQW4PDR,Gustavsson,false
i-UA5ckFSjhrYHm2TBQW4PDR,Lars Erik Gustafsson,false
i-UA5ckFSjhrYHm2TBQW4PDR,Lars Erik Gustavsson,true
i-UA8QjszavpQnNcqKo12DY2,Karl Kihlbom,false
i-UA8QjszavpQnNcqKo12DY2,Karl Kilbom,true
i-UA8QjszavpQnNcqKo12DY2,Kilbom,false
i-UAGJdGQwTr2ZTbgDhxZRQM,Back,false
i-UAGJdGQwTr2ZTbgDhxZRQM,Johannes Back,true
i-UAK3AB1CjWSo8XH9S5ZhDk,Andreasson,false
i-UAK3AB1CjWSo8XH9S5ZhDk,Sven Andreasson,true
i-UAXjqY4e5qZHij5yLfdnMh,Broman,false
i-UAXjqY4e5qZHij5yLfdnMh,Johan Wilhelm Broman,false
i-UAXjqY4e5qZHij5yLfdnMh,Wilhelm Broman,true
i-UAcocvxdZVyzHT2XBMpsD4,Ida Ekeroth,true
i-UAcocvxdZVyzHT2XBMpsD4,Ida Ekeroth Clausson,false
i-UAcocvxdZVyzHT2XBMpsD4,Ida Ella Marie Ekeroth Clausson,false
i-UAyJ3L5corJ6gacMStrnvf,Andersson,false
i-UAyJ3L5corJ6gacMStrnvf,Sven Andersson,true
i-UB2UKCr2W8fJ3Rr4dtCeHb,Mattias Vepsä,true
i-UB5CgJ71awVRrzmsnvYCfD,Olof Petter Rylander,false
i-UB5CgJ71awVRrzmsnvYCfD,Olof Rylander,true
i-UB5CgJ71awVRrzmsnvYCfD,Rylander,false
i-UB6tzZLvjH1LGZxk45Pj6K,Carl Lovén,true
i-UB6tzZLvjH1LGZxk45Pj6K,Carl Olof Nilsson Lovén,false
i-UB6tzZLvjH1LGZxk45Pj6K,Lovén,false
i-UBWmmXVvBp1oN8YVWqhAZB,Brock,false
i-UBWmmXVvBp1oN8YVWqhAZB,Lars Brock,true
i-UBWmmXVvBp1oN8YVWqhAZB,Lars Kristian Brock,false
i-UBaGUPGVrgUb3mpWvw6aqo,Erik Magnusson,true
i-UBaGUPGVrgUb3mpWvw6aqo,Erik Otto Bernhard Magnusson,false
i-UBaGUPGVrgUb3mpWvw6aqo,Magnusson,false
i-UBxbtWcFAZrNbZYbHDtKtN,Bengtson,false
i-UBxbtWcFAZrNbZYbHDtKtN,Per Bengtson,true
i-UCSzx6WGaw5yywQnfnpdW7,Anna Vikström,true
i-UCYvi6iBMAeLh1SyARGC1i,Herbert Eugene Hermansson,false
i-UCYvi6iBMAeLh1SyARGC1i,Herbert Hermansson,true
i-UCYvi6iBMAeLh1SyARGC1i,Hermansson,false
i-UDXM9dqeHhySJV3ZevrZPw,Dan Ericsson,true
i-UDXM9dqeHhySJV3ZevrZPw,Dan Konrad Ericsson,false
i-UDXM9dqeHhySJV3ZevrZPw,Ericsson,false
i-UDh9LhPS6Vd6F6rXG4Ub8N,Carl Olof Nilsson,false
i-UDh9LhPS6Vd6F6rXG4Ub8N,Nilsson,false
i-UDh9LhPS6Vd6F6rXG4Ub8N,Olof Nilsson,true
i-UDziRjgcxgNjFct4MavzVQ,Edward Gustaf Kinberg,false
i-UDziRjgcxgNjFct4MavzVQ,Edward Kinberg,true
i-UDziRjgcxgNjFct4MavzVQ,Kinberg,false
i-UEQA68w6PM78ttj4KfvgwE,Jens Olov Heinrich Orback,false
i-UEQA68w6PM78ttj4KfvgwE,Jens Orback,true
i-UEUWoCh2SPr4UTMWyDHVXA,Johan Josef Emanuel Weijne,false
i-UEUWoCh2SPr4UTMWyDHVXA,Josef Weijne,true
i-UEUWoCh2SPr4UTMWyDHVXA,Weijne,false
i-UEXiHG8yJw3xSwZJj9nrYw,Bäcklin,false
i-UEXiHG8yJw3xSwZJj9nrYw,Johan Bäcklin,true
i-UEXiHG8yJw3xSwZJj9nrYw,Johan Eric Bäcklin,false
i-UFTZBKNRWWLXUXAtcCcVfH,Tina Ehn,true
i-UFTZBKNRWWLXUXAtcCcVfH,Tina Marina Ehn,false
i-UFUisxxPnKCE3asVJtR1C6,Carl Graf Wachtmeister,false
i-UFUisxxPnKCE3asVJtR1C6,Carl Wachtmeister,true
i-UFZGewHDwtGkFra772Gsp6,Rosa Östh,true
i-UFZGewHDwtGkFra772Gsp6,Östh,false
i-UFp5wj75QCGQqxu6EKMEYp,Carl Anders Julius Wener,false
i-UFp5wj75QCGQqxu6EKMEYp,Julius Wener,true
i-UFp5wj75QCGQqxu6EKMEYp,Werner,false
i-UFtNk5zN9VFPzvspVutha2,Johan Östberg,true
i-UFtNk5zN9VFPzvspVutha2,Östberg,false
i-UG1t6nqWVSEF4oaAqgwrC1,Johan Newton Sanne,false
i-UG1t6nqWVSEF4oaAqgwrC1,Johan Sanne,true
i-UG1t6nqWVSEF4oaAqgwrC1,Sanne,false
i-UGGkuAbPr5c4Dj8X56ZhT2,Abraham Axel Rutensköld,false
i-UGGkuAbPr5c4Dj8X56ZhT2,Axel Rutensköld,true
i-UGGkuAbPr5c4Dj8X56ZhT2,Rutensköld,false
i-UGPm4jyF89HbDsXRhKzQQr,Åke Sundqvist,true
i-UGQ9eCvtTzQGC1RtgNwuky,Carl Einar Sjögren,false
i-UGQ9eCvtTzQGC1RtgNwuky,Einar Sjögren,true
i-UGQ9eCvtTzQGC1RtgNwuky,Karl Einar Sjögren,false
i-UGQ9eCvtTzQGC1RtgNwuky,Sjögren,false
i-UGT1WkPGZFzUHVV3cC2DEj,Erik Åkerlind,true
i-UGT1WkPGZFzUHVV3cC2DEj,Åkerlind,false
i-UHMkG3ScZLGLfbQuS9nry8,Gustaf Ulfsparre,true
i-UHMkG3ScZLGLfbQuS9nry8,Gustaf Ulfsparre af Broxvik,false
i-UHMkG3ScZLGLfbQuS9nry8,Ulfsparre af Broxvik,false
i-UJJVMVCt6SsjV39Hi1tTYi,Gulan Avci,true
i-UJzgRSAzJy5gFUvqpeS8af,Emmanuel Morfiadakis,true
i-UKN14qkeNNkW3DNEKGfGbE,Axel Fredrik Vennersten,false
i-UKN14qkeNNkW3DNEKGfGbE,Axel Vennersten,true
i-UKN14qkeNNkW3DNEKGfGbE,Vennersten,false
i-UKeq6sadnYjRiFDYtsxLLW,Carl Knutsson,true
i-UKeq6sadnYjRiFDYtsxLLW,Carl Konstantin Knutsson,false
i-UKeq6sadnYjRiFDYtsxLLW,Knutsson,false
i-UKokGEkSYX9z5RYNgjatdo,Göran Riegnell,true
i-UKokGEkSYX9z5RYNgjatdo,Riegnell,false
i-ULRNtLXGX4tsvSm3vfuhaF,Almgren,false
i-ULRNtLXGX4tsvSm3vfuhaF,Fredrik Almgren,true
i-ULRNtLXGX4tsvSm3vfuhaF,Fredrik August Almgren,false
i-ULyugLSiyH9RV7AFPTo8oN,Gustafsson,false
i-ULyugLSiyH9RV7AFPTo8oN,KJ Gustafsson,false
i-ULyugLSiyH9RV7AFPTo8oN,Karl Johan Alfred Gustafsson,true
i-UM8fdU1UJVJ23DcbWqVD9z,C. Hammarhjelm,false
i-UM8fdU1UJVJ23DcbWqVD9z,Carl Hammarhjelm,true
i-UM8fdU1UJVJ23DcbWqVD9z,Hammarhjelm,false
i-UMAUxXB5h12rzDJduJ9eMT,Hazelius,false
i-UMAUxXB5h12rzDJduJ9eMT,Johan August Hazelius,true
i-UMjx5pCen2CPzJ4LdvtsMB,Hans Hansson,true
i-UMjx5pCen2CPzJ4LdvtsMB,Hansson,false
i-UMqPuWxBqEKey6yYZjGaJn,Olov Rylander,true
i-UMqPuWxBqEKey6yYZjGaJn,Rylander,false
i-UMxTFnyXFG1sA9nuaawcTn,Olsson,false
i-UN2yUiBdgSDPJiqaTizjtf,Dag Gunnar Klackenberg,false
i-UN2yUiBdgSDPJiqaTizjtf,Dag Klackenberg,true
i-UPDaxumzyj6fDnRGwFj5nF,Gustaf Adolf Gustafsson,false
i-UPDaxumzyj6fDnRGwFj5nF,Gustaf Gustafsson,true
i-UPDaxumzyj6fDnRGwFj5nF,Gustafsson,false
i-UPW2cbGnTUbMZaKTrot5Bh,Morgan Johansson,true
i-UPW2cbGnTUbMZaKTrot5Bh,Tomas Morgan Johansson,false
i-UQb1WPSaU3ohorTovz3X3c,Albert Lars Evert Åkerhielm,false
i-UQb1WPSaU3ohorTovz3X3c,Lars Åkerhielm d.y.,false
i-UQb1WPSaU3ohorTovz3X3c,Lars Åkerhielm den yngre,true
i-UQb1WPSaU3ohorTovz3X3c,Åkerhielm af Blombacka,false
i-UQcnRomhD3QwUvHJm9NQo2,Johan Andersson,true
i-UQqGFoa8dKdxwwNw6kCAkL,Gerhard Strindlund,true
i-UQqGFoa8dKdxwwNw6kCAkL,Strindlund,false
i-USjy9qPfM1AoHPrniSWX79,Jan Magnus Johansson,false
i-USjy9qPfM1AoHPrniSWX79,Magnus Johansson,true
i-UT1ponddSVxoVpn779syr7,Solveig Ellen Viola Zander,false
i-UT1ponddSVxoVpn779syr7,Solveig Zander,true
i-UTCSmzsY5HKuaoXinVtDS,Nilson,false
i-UTCSmzsY5HKuaoXinVtDS,Rolf L. Nilson,true
i-UTCSmzsY5HKuaoXinVtDS,Rolf Lennart Nilson,false
i-UTFVswsEHPRC3kbCD8asox,Anders Fredrik Liljeholm,true
i-UTFVswsEHPRC3kbCD8asox,Liljeholm,false
i-UTkFEqq8kFk7VxutXv65nG,Manne Olsson,true
i-UTkFEqq8kFk7VxutXv65nG,Olsson,false
i-UTkFEqq8kFk7VxutXv65nG,Vilhelm Emanuel Olsson,false
i-UTp2h4U19YnGkWT1oeLekG,Eva Winther,true
i-UTp2h4U19YnGkWT1oeLekG,Winther,false
i-UTrfAgi22ghfsPezLcB8vV,Linnér,false
i-UTrfAgi22ghfsPezLcB8vV,Sigfrid Linnér,true
i-UTrfAgi22ghfsPezLcB8vV,Sigfrid Nathanael Linnér,false
i-UUi12uaj6juRSHRpuvMJGb,Tore Fritzson,true
i-UUw7afQCqPUFVbPewWF9Bj,Karl Oskar Valdemar Kloo,false
i-UUw7afQCqPUFVbPewWF9Bj,Kloo,false
i-UUw7afQCqPUFVbPewWF9Bj,Oskar Kloo,true
i-UVAgeLYUkfmr8A9VVChgiV,Johansson,false
i-UVAgeLYUkfmr8A9VVChgiV,Kurt Johansson,false
i-UVAgeLYUkfmr8A9VVChgiV,Kurt Ove Johansson,true
i-UVT7t3f1BfJjJjfpRFHj6k,Agda Lundgren,false
i-UVT7t3f1BfJjJjfpRFHj6k,Agda Maria Östlund,false
i-UVT7t3f1BfJjJjfpRFHj6k,Agda Östlund.,true
i-UVT7t3f1BfJjJjfpRFHj6k,fru Östlund,false
i-UVT7t3f1BfJjJjfpRFHj6k,Östlund,false
i-UVmEkRLtur2TYHixo3YS36,Otto Wilhelm Staël von Holstein,true
i-UWLD5TVGMyVqBBWEHyJtqL,Renée Jeryd,true
i-UWbwyiTbcod71vBzVcEZ7c,Axel Edward Knut Mörner af Morlanda,false
i-UWbwyiTbcod71vBzVcEZ7c,Axel Mörner,true
i-UWbwyiTbcod71vBzVcEZ7c,Mörner af Morlanda,false
i-UX4D3JJdrTjFBf2zyfHx5t,Marie Nordström,true
i-UX4D3JJdrTjFBf2zyfHx5t,Nordström,false
i-UX6px4kAE7e8He2TJTTzaX,Biesèrt,false
i-UX6px4kAE7e8He2TJTTzaX,Elof Biesärt,false
i-UX6px4kAE7e8He2TJTTzaX,Elof Biesèrt,true
i-UX6px4kAE7e8He2TJTTzaX,J Elof Biesèrt,false
i-UX6px4kAE7e8He2TJTTzaX,Johan Biesért,false
i-UX6px4kAE7e8He2TJTTzaX,Johan Elof Biesèrt,false
i-UXRUTZDfYdtzvHei35SC2n,Pontus Sandström,true
i-UXRUTZDfYdtzvHei35SC2n,Sandström,false
i-UXeBANYbkPP6cUhTQjZXBP,Eilif Christian Sylwan,false
i-UXeBANYbkPP6cUhTQjZXBP,Eilif Sylwan,true
i-UXeBANYbkPP6cUhTQjZXBP,Sylwan,false
i-UYbXcHDA5VJokmeb9XaR37,Carlqvist,false
i-UYbXcHDA5VJokmeb9XaR37,Ingeborg Carlqvist,true
i-UYbXcHDA5VJokmeb9XaR37,Ingeborg Hermine Carlqvist,false
i-UYuTCxo5gQqRpZh1LubzUU,Gorthon,false
i-UYuTCxo5gQqRpZh1LubzUU,Nils Stig Gorthon,false
i-UYuTCxo5gQqRpZh1LubzUU,Stig Gorthon,true
i-UZpAniCE42cpZge5cS4HJ3,Ingibjörg Sigurdsdóttir,true
i-Ua1nqYCRbnUSNc5Tw1tXiK,Eric Bertil Holmqvist,false
i-Ua1nqYCRbnUSNc5Tw1tXiK,Eric Holmqvist,true
i-Ua1nqYCRbnUSNc5Tw1tXiK,Holmqvist,false
i-Ua6jBZgmBCS3WRXmBi5hK9,Abraham Viktor Rydberg,false
i-Ua6jBZgmBCS3WRXmBi5hK9,Rydberg,false
i-Ua6jBZgmBCS3WRXmBi5hK9,Viktor Rydberg,true
i-UaNDTqsb6i5X3f2KAfgWMU,Brynolf Stattin,true
i-UaNDTqsb6i5X3f2KAfgWMU,Stattin,false
i-UaNDTqsb6i5X3f2KAfgWMU,Teodor Brynolf Stattin,false
i-UaQLwU2GmKxfUY7Hx9Ps5D,Anders Ericsson,true
i-UaQLwU2GmKxfUY7Hx9Ps5D,Anders Ersson,false
i-UaQLwU2GmKxfUY7Hx9Ps5D,Ericsson,false
i-UbXixv6dLiNoAQbkiewisQ,Nils Persson,true
i-UbXixv6dLiNoAQbkiewisQ,Persson,false
i-UbdkaWThBLeb83tF5THaPC,Hjalmar Åhman,true
i-UbdkaWThBLeb83tF5THaPC,Åhman,false
i-UbgZDZPBynu5dutQ3jCsDn,Christina Örnebjär,true
i-UbnnZ7kVjVhJrHrUCyEV9K,Larsson,false
i-UbnnZ7kVjVhJrHrUCyEV9K,Viktor Larsson,true
i-UbvajuFemhBJVPzqk7sHWG,Rindborg,false
i-UbvajuFemhBJVPzqk7sHWG,Stig Axel Johannes Rindborg,false
i-UbvajuFemhBJVPzqk7sHWG,Stig Rindborg,true
i-UcWQ1kahuDDDAVPWeSNvC7,Kersti Swartz,true
i-UcWQ1kahuDDDAVPWeSNvC7,Swartz,false
i-UdGnyRLxFm6LiCDBYWE7MV,Bertil Kjellberg,true
i-UdMTB3XcTo7EfJoec6jQJk,Anders Gustaf Olson,false
i-UdMTB3XcTo7EfJoec6jQJk,Gustaf Olson,true
i-UdMTB3XcTo7EfJoec6jQJk,Olson,false
i-UdeDQyYWBKwQC4gtSJz6UW,Björn Körlof,true
i-UdeDQyYWBKwQC4gtSJz6UW,Körlof,false
i-UeJRNggJuEPWXugGprtkrP,Bondeson,false
i-UeJRNggJuEPWXugGprtkrP,Olof Bondeson,true
i-UefhYNzcb54kRNK1VwZbkN,Torbjörn Lövendahl,true
i-UfN46EEC6tYZmH67LbdqG8,Arvid Jönsson,true
i-UfN46EEC6tYZmH67LbdqG8,Jönsson,false
i-Ufknq4rc7s6czPFqkd6RXu,Abraham Rundbäck,true
i-Ufknq4rc7s6czPFqkd6RXu,Rundbäck,false
i-UfnBtox9oKGvLg9RLYSNsM,Anna Lindgren,true
i-UfnBtox9oKGvLg9RLYSNsM,Anna Margareta Lindgren,false
i-UfrNEXnVucqnziLrBUKgPc,Sven-Eric Nilsson,true
i-UfrNEXnVucqnziLrBUKgPc,Sven-Eric Samuel Nilsson,false
i-UfuzZaG1S7bnPkLrgux2Au,Jonas Jacobsson Gjörtler,true
i-UgG6CqxVABxx5Hq9mpcZ8M,Ebba Busch,true
i-UgG6CqxVABxx5Hq9mpcZ8M,Ebba Busch Thor,false
i-UgG6CqxVABxx5Hq9mpcZ8M,Ebba-Elisabeth Busch,false
i-Ugd7sic1f6itLTPLMEnL2S,Beronius,false
i-Ugd7sic1f6itLTPLMEnL2S,Victor Beronius,true
i-Ugd7sic1f6itLTPLMEnL2S,Victor Mathias Beronius,false
i-UgwyXZW5Y9UVnaeQC5yZU8,Elias Ingemar Jönsson,false
i-UgwyXZW5Y9UVnaeQC5yZU8,Elias Jönsson,true
i-UgwyXZW5Y9UVnaeQC5yZU8,Jönsson,false
i-Ugyyk5F5ZmyFpPrA8GW8Nt,Gösta Alfred Kempe,false
i-Ugyyk5F5ZmyFpPrA8GW8Nt,Gösta Kempe,true
i-Ugyyk5F5ZmyFpPrA8GW8Nt,Kempe,false
i-Uh4cCK1LpYUrgkGNfFiCKh,Anders Richard Åkerman,false
i-Uh4cCK1LpYUrgkGNfFiCKh,Richard Åkerman,true
i-Uh4cCK1LpYUrgkGNfFiCKh,Åkerman,false
i-UhB1gDKkgGxWyzaT1HmDUZ,Karl Gustaf Rosling,false
i-UhB1gDKkgGxWyzaT1HmDUZ,Karl Rosling,true
i-UhB1gDKkgGxWyzaT1HmDUZ,Rosling,false
i-UhKXyeGqJBzFW5wSyeoGMt,Wiwi-Anne Elisabeth Johansson,false
i-UhKXyeGqJBzFW5wSyeoGMt,Wiwi-Anne Johansson,true
i-UhLRgE1tWfgSFkzw3urKGo,Anders Aronsson,true
i-UhLRgE1tWfgSFkzw3urKGo,Anders Rudolf Aronsson,false
i-UhLRgE1tWfgSFkzw3urKGo,Aronsson,false
i-UhTnumEMH9PFLmCNwxiV4q,Helena Birgitta Juliana Bonnier,false
i-UhTnumEMH9PFLmCNwxiV4q,Helena Bonnier,true
i-Uhj8eA62TE2vySTymeWKce,Andersson,false
i-Uhj8eA62TE2vySTymeWKce,Barbro Andersson Öhrn,true
i-Uhj8eA62TE2vySTymeWKce,Barbro Christina Olofsdotter Andersson Öhrn,false
i-UhzCkFKqHHheZQRgcWU185,Lena Renström-Ingenäs,true
i-UhzCkFKqHHheZQRgcWU185,Nanny Helena Renström-Ingenäs,false
i-UhzCkFKqHHheZQRgcWU185,Nanny Lena Renström-Ingenäs,false
i-UhzCkFKqHHheZQRgcWU185,Renström,false
i-UhzCkFKqHHheZQRgcWU185,Renström-Ingenäs,false
i-Ui4MNjsjiePyrsfZ1FnUm7,Bengtsson,false
i-Ui4MNjsjiePyrsfZ1FnUm7,Carl Bengtsson,true
i-Ui4MNjsjiePyrsfZ1FnUm7,Carl Ludvig Bengtsson,false
i-Ui4aVXmZ8SEfZUfZeRcDt,Knut Oskar Stenvall,false
i-Ui4aVXmZ8SEfZUfZeRcDt,Knut Stenvall,true
i-Ui4aVXmZ8SEfZUfZeRcDt,Stenvall,false
i-Ui6ZmE3VXDMzehm1yskZhN,Larsson,false
i-Ui6ZmE3VXDMzehm1yskZhN,Nils Larsson,true
i-Ui91Fmc584Lk2HZp1ajoDa,Bergendahl,false
i-Ui91Fmc584Lk2HZp1ajoDa,C. G. A. Bergendahl,false
i-Ui91Fmc584Lk2HZp1ajoDa,Carl Gustaf August Bergendahl,false
i-Ui91Fmc584Lk2HZp1ajoDa,Gustaf Bergendahl,true
i-Ui91Fmc584Lk2HZp1ajoDa,K. G. Bergendahl,false
i-Uj22QnkjXuuZW9QBjQV6YN,Edvard Olsson,true
i-Uj22QnkjXuuZW9QBjQV6YN,Olsson,false
i-Uj22QnkjXuuZW9QBjQV6YN,Per Edvard Olsson,false
i-Uj7U5iTAaKpcG1mvQKxAc8,Alice Bah Kuhnke,true
i-Uj8BaU1ExHbpKGVGx2k7Ed,Mikael Jansson,true
i-UjegcaJBjmjg2aszVMRfAm,Nils Sigfrid Nordkvist,false
i-UjegcaJBjmjg2aszVMRfAm,Nordkvist,false
i-UjegcaJBjmjg2aszVMRfAm,Sigfrid Nordkvist,true
i-UjusnwqMxiEAJYzdWTSGQZ,Lennart Beijer,true
i-UkPu6xRQoyHrcwsU2NXATa,Evert Sandberg,true
i-UkPu6xRQoyHrcwsU2NXATa,Olof Evert Sandberg,false
i-UkPu6xRQoyHrcwsU2NXATa,Sandberg,false
i-UkRVDvbmgQTeC2YtiGZ7K5,Chris Heister,true
i-UkRVDvbmgQTeC2YtiGZ7K5,Gun Christina Heister,false
i-UkRVDvbmgQTeC2YtiGZ7K5,Heister,false
i-UknG16aY6qkkjCqmhYdq9j,Cramér,false
i-UknG16aY6qkkjCqmhYdq9j,Rudolf August Carl Cramér,false
i-UknG16aY6qkkjCqmhYdq9j,Rudolf Cramér,true
i-UmGHrbipY4e5SAGvddBkzr,Bergdahl,false
i-UmGHrbipY4e5SAGvddBkzr,Hugo Bergdahl,true
i-UmKXGvmQNTuK6rYTVnxC6c,Bergman,false
i-UmKXGvmQNTuK6rYTVnxC6c,Carl Gustaf Leonhard Bergman,false
i-UmKXGvmQNTuK6rYTVnxC6c,Gustaf Bergman,true
i-UmSX9m2mxvWevquvVduNpz,Anne-Marie Ekström,true
i-UmhVhzFM3Rs65aFjMTgRvj,Anne-Marie Pålsson,true
i-Un2MPRTWRPWQ7aGPA42b56,Carlstein,false
i-Un2MPRTWRPWQ7aGPA42b56,Rune Algot Carlstein,false
i-Un2MPRTWRPWQ7aGPA42b56,Rune Carlstein,true
i-UnNSATNMZzocKpwqSbyLL9,Helmer Schött,true
i-UnNSATNMZzocKpwqSbyLL9,Robert Helmer Schött,false
i-UnNSATNMZzocKpwqSbyLL9,Schött,false
i-UncEf2a9cKFt97yd2TjwNq,Cornelius Olsson,true
i-UncEf2a9cKFt97yd2TjwNq,Olsson,false
i-UnkrZ3NAvoWXY6Krxbkudq,Tobias Kjell Bertil Krantz,false
i-UnkrZ3NAvoWXY6Krxbkudq,Tobias Krantz,true
i-UnndbLk6GXZcFynD83SqCk,Arman Teimouri,true
i-UnoNXQEwX76AtugdBBHfa1,Lorentzon,false
i-UnoNXQEwX76AtugdBBHfa1,Sven Eric Lorentzon,true
i-UoT7tDJiDZGv2bnee2eeYm,E. G. H. Åkerlund,false
i-UoT7tDJiDZGv2bnee2eeYm,Erik Gabriel Henrik Åkerlund,false
i-UoT7tDJiDZGv2bnee2eeYm,Erik Åkerlund,true
i-UoT7tDJiDZGv2bnee2eeYm,Åkerlund,false
i-UoV3vX6cKBePnhvLmRZwB,Dahn,false
i-UoV3vX6cKBePnhvLmRZwB,Mårten Dahn,true
i-UoV3vX6cKBePnhvLmRZwB,Mårten Mårtensson Dahn,false
i-UojdP4mF9dqkxf3QQ9oPFe,Håkan Johult,false
i-UojdP4mF9dqkxf3QQ9oPFe,Håkan Juholt,true
i-UojdP4mF9dqkxf3QQ9oPFe,Juholt,false
i-Uok5zUBBTH9yBmS5Uuuw5C,Peter Erik Norman,false
i-Uok5zUBBTH9yBmS5Uuuw5C,Peter Norman,true
i-UonqpyKnZssamBF76LF3pN,Jonas Wikström,true
i-Uor6aEDsmrKc11vdciV6Xq,August Björklund,true
i-Uor6aEDsmrKc11vdciV6Xq,Björklund,false
i-Uor6aEDsmrKc11vdciV6Xq,Josef August Björklund,false
i-UorJwn2scwABTf47APC1S2,Fredrik Alexander Funck,true
i-UorJwn2scwABTf47APC1S2,Funck,false
i-Up1YbZAD1m2spR51D47co6,Luterkort,false
i-Up1YbZAD1m2spR51D47co6,Salli Luterkort,true
i-Up1YbZAD1m2spR51D47co6,Sally Luterkort,false
i-UpAEyZaZCWs3BDdn8hsXfo,Hjalmar Wijk,true
i-UpAEyZaZCWs3BDdn8hsXfo,Wijk,false
i-UpUHKhS8j8HT7wLKYCdq9d,Anders Ericsson,true
i-UpUHKhS8j8HT7wLKYCdq9d,Ericsson,false
i-UpY7my6TxLhYjcwRW7yL1s,Carl Wilhelm Palmær,false
i-UpY7my6TxLhYjcwRW7yL1s,Palmaer,false
i-UpY7my6TxLhYjcwRW7yL1s,Wilhelm Palmær,true
i-Uq8cgRMrRNcxY3QYetppCT,Linda Lindberg,true
i-Uq8cgRMrRNcxY3QYetppCT,Linda Margaretha Lindberg,false
i-UqzvPHFEErHnSFsyUmhr5K,Anna Karin Margareta Nordlander,false
i-UqzvPHFEErHnSFsyUmhr5K,Karin Nordlander,true
i-UqzvPHFEErHnSFsyUmhr5K,Nordlander,false
i-Urn3dDSQ84XbgH2ZTS3jgv,Martin Olsson,true
i-Urn3dDSQ84XbgH2ZTS3jgv,Olsson,false
i-UtfnBCgkCG8PMs7QCCsMXj,Alexanderson,false
i-UtfnBCgkCG8PMs7QCCsMXj,Erik Alexanderson,true
i-UtfnBCgkCG8PMs7QCCsMXj,Karl Erik Alexanderson,false
i-UtoorFSj87hqotkRD83X3n,Bjurström,false
i-UtoorFSj87hqotkRD83X3n,Emanuel Bjurström,true
i-UtoorFSj87hqotkRD83X3n,Theodor Emanuel Bjurström,false
i-UtrdG3TunFF2Q5dXbR45yN,Bergström,false
i-UtrdG3TunFF2Q5dXbR45yN,Harald Bergström,true
i-Uu3ii7QQsF5DRLG8s64oZ8,Erik Filip Thure Petersson,false
i-Uu3ii7QQsF5DRLG8s64oZ8,Erik Petersson,true
i-Uu3ii7QQsF5DRLG8s64oZ8,Petersson,false
i-UuKJN7fZXBu5NKa5fQ33eT,Ulf Christer Lindholm,false
i-UuKJN7fZXBu5NKa5fQ33eT,Ulf Lindholm,true
i-UuY2qS2fBKhWW1oKqXwraR,Carina Grönhagen,true
i-UuY2qS2fBKhWW1oKqXwraR,Carina Monica Margareta Grönhagen,false
i-UufiS2i98AwXQtnsgsgAjQ,Andersson,false
i-UufiS2i98AwXQtnsgsgAjQ,Jonas Andersson,true
i-UukxhVrpswE5ADBkFe7Q3V,Björkman,false
i-UukxhVrpswE5ADBkFe7Q3V,Jan Björkman,true
i-Uv6Pqx7vHszj8MTNigPahL,Gunnar Nilsson,true
i-Uv6Pqx7vHszj8MTNigPahL,Nilsson,false
i-UvYFDbcMobZu83QYZFu9QF,Gustaf Richard Yngve Larsson,false
i-UvYFDbcMobZu83QYZFu9QF,Larsson,false
i-UvYFDbcMobZu83QYZFu9QF,Yngve Larsson,true
i-Uvs6wJSKDGeqbWbAmWFoBe,Alva Myrdahl,false
i-Uvs6wJSKDGeqbWbAmWFoBe,Alva Myrdal,true
i-Uvs6wJSKDGeqbWbAmWFoBe,Alva Reimer,false
i-Uvs6wJSKDGeqbWbAmWFoBe,Myrdal,false
i-UwP5i3Nf2rsj5W3x9BMAEh,John E. Weinerhall,false
i-UwP5i3Nf2rsj5W3x9BMAEh,John Erik Mathias Eriksson Weinerhall,false
i-UwP5i3Nf2rsj5W3x9BMAEh,John Weinerhall,true
i-UwR9aTcbsp2FAzzbpFB47A,Dan Erik Eriksson,false
i-UwR9aTcbsp2FAzzbpFB47A,Dan Eriksson,true
i-UwR9aTcbsp2FAzzbpFB47A,Eriksson,false
i-UwRexG45mqsgc73JgUHvbv,Edvard Ploman,true
i-UwRexG45mqsgc73JgUHvbv,Per Gustaf Edvard Ploman,false
i-UwRexG45mqsgc73JgUHvbv,Ploman,false
i-Uwjh2HEEjjmdAexUWNXPgk,Erik Grebäck,true
i-Uwjh2HEEjjmdAexUWNXPgk,Erik Hugo Grebäck,false
i-Uwjh2HEEjjmdAexUWNXPgk,Grebäck,false
i-Uwm3eggnWKqmERZ766iV6a,Anne-Li Sjölund,true
i-UxDubx71tDFGJBQqvNiux2,Hallgren,false
i-UxDubx71tDFGJBQqvNiux2,Karl Hallgren,true
i-UxF6YPMa1QYLSYfvvpZpWu,Iréne Vestlund,true
i-UxF6YPMa1QYLSYfvvpZpWu,Vestlund,false
i-UxamdRVz3MU2surCJx8gn3,Bodén,false
i-UxamdRVz3MU2surCJx8gn3,Carl Bodén,true
i-UxamdRVz3MU2surCJx8gn3,Carl Emil Bodén,false
i-UxamdRVz3MU2surCJx8gn3,Karl Emil Bodén,false
i-Uxe3rhosBnSZpqJX5d7gpy,Carina Gunilla Ohlsson,false
i-Uxe3rhosBnSZpqJX5d7gpy,Carina Gunilla Olsson,false
i-Uxe3rhosBnSZpqJX5d7gpy,Carina Ohlsson,true
i-Uy6qTt93bXqCon6Vv3g2aR,Ernst Håkanson,true
i-Uy6qTt93bXqCon6Vv3g2aR,Ernst Mauritz Håkanson,false
i-Uy6qTt93bXqCon6Vv3g2aR,Håkanson,false
i-UyEXp1Lf9DCmXFDQ8Wc3Dj,Eva Lindh,true
i-UysbHxCMeJV8ddBUKdgBwY,De Geer af Leufsta,false
i-UysbHxCMeJV8ddBUKdgBwY,Emanuel De Geer,true
i-Uz1LPWEnJBNKAUPiXWfr1,De Geer af Finspång,false
i-Uz1LPWEnJBNKAUPiXWfr1,Gerard De Geer,true
i-Uz6f3kT2Abpy2RXiHEG5cm,Bergquist,false
i-Uz6f3kT2Abpy2RXiHEG5cm,Thorwald Bergquist,true
i-Uz6f3kT2Abpy2RXiHEG5cm,Thorwald Erik Natanael Bergquist,false
i-Uz7cZf4oGUuoz6EezAgWUj,Axel Ivan von Knorring,false
i-Uz7cZf4oGUuoz6EezAgWUj,Ivan von Knorring,true
i-Uz7cZf4oGUuoz6EezAgWUj,von Knorring,false
i-UzEUbyX2iP3dFRrPpYBXec,Bo Gunnar Hedberg,false
i-UzEUbyX2iP3dFRrPpYBXec,Gunnar Hedberg,true
i-UzNm618CskFtY3jF64hgNG,Filip Kristensson,true
i-UzNm618CskFtY3jF64hgNG,Gustaf Filip Natanael Kristensson,false
i-UzNm618CskFtY3jF64hgNG,Kristensson,false
i-Uze1pHGQvFL91JzrhcG7dj,Gustav Hansson,true
i-Uze1pHGQvFL91JzrhcG7dj,Gustav Wilhelm Hansson,false
i-Uze1pHGQvFL91JzrhcG7dj,Hansson,false
i-UzfbqPhmjzqv5DLhWoLrTL,Algot Nathanael Sjöström,false
i-UzfbqPhmjzqv5DLhWoLrTL,Algot Sjöström,true
i-UzfbqPhmjzqv5DLhWoLrTL,Sjöström,false
i-V193Sbzem4fs1MBp32cuww,Göthe Knutson,true
i-V193Sbzem4fs1MBp32cuww,Knutson,false
i-V19ff9MeDZhTGpv5xEprbu,Leif Pagrotsky,true
i-V19ff9MeDZhTGpv5xEprbu,Paggan,false
i-V1BXGSXxiuDgd17A9zF6JB,Bertha Wellin,true
i-V1BXGSXxiuDgd17A9zF6JB,Wellin,false
i-V1TeofrvsayeB1A8AwjNWW,Gudrun Sundström,true
i-V1TeofrvsayeB1A8AwjNWW,Maj Gudrun Sundström,false
i-V1TeofrvsayeB1A8AwjNWW,Sundström,false
i-V1bqzKG5tjzCnjgf3gxH5V,Albert Andersson,true
i-V1bqzKG5tjzCnjgf3gxH5V,Andersson,false
i-V1bqzKG5tjzCnjgf3gxH5V,Johan Albert Andersson,false
i-V1piU7dAy9T73Gqt6tm91j,Kew Nordqvist,true
i-V1piU7dAy9T73Gqt6tm91j,Kew Olle Nordqvist,false
i-V2GLnE5d2b9YhCL6qgteKB,Löfgreen,false
i-V2GLnE5d2b9YhCL6qgteKB,Pehr Löfgreen,true
i-V2X6bcEZyV6jzFBKB1Acn8,Ekman,false
i-V2X6bcEZyV6jzFBKB1Acn8,Janne Ekman,true
i-V2X6bcEZyV6jzFBKB1Acn8,Johan Jacob Ekman,false
i-V2Yf7CVM1fnjwE7NX2LxmC,Erik Andersson Leksell,false
i-V2Yf7CVM1fnjwE7NX2LxmC,Erik Leksell,true
i-V2Yf7CVM1fnjwE7NX2LxmC,Leksell,false
i-V2gPMueZxyCbmn5eXeJaHP,Bratt,false
i-V2gPMueZxyCbmn5eXeJaHP,Johan Christian Bratt,false
i-V2gPMueZxyCbmn5eXeJaHP,John Bratt,true
i-V2gPMueZxyCbmn5eXeJaHP,John Christian Bratt,false
i-V2gYZ8XERX96ZTpdHjKDHk,Anders Pettersson,true
i-V2gYZ8XERX96ZTpdHjKDHk,Pettersson,false
i-V3DWP1y8BYnWA8aTp3Zzfh,Archibald Williamson,true
i-V3DWP1y8BYnWA8aTp3Zzfh,Thore Archibald Williamson,false
i-V3DWP1y8BYnWA8aTp3Zzfh,Williamson,false
i-V3GjREvdYiesCjNn7quoGc,Hans Lennart Olsson,false
i-V3GjREvdYiesCjNn7quoGc,Hans Olsson,true
i-V3cJeoPL42ScwovV1Zu9Ko,Göran Åstrand,true
i-V3cJeoPL42ScwovV1Zu9Ko,Åstrand,false
i-V4N2eBXr3GArUpvy7GNQXf,Carbell,false
i-V4N2eBXr3GArUpvy7GNQXf,Erland Carbell,true
i-V4PGuKUAKzYUXWKqj2bLeL,Andreas Carlson,true
i-V4PGuKUAKzYUXWKqj2bLeL,Andreas Thomas Carlson,false
i-V4afrF6py8KnkkCZxgu4FB,Alfred Sandwall,true
i-V4afrF6py8KnkkCZxgu4FB,Sandwall,false
i-V5ZxzuUFeNKDvdZPatnBtH,Sven af Geijerstam,true
i-V6DjyZ65Anew18VfE5Ewzf,Axel Rosenquist af Åkershult,true
i-V6DjyZ65Anew18VfE5Ewzf,Rosenquist af Åkershult,false
i-V6GtMYE3LUCjM8BgGDJMxL,Johan Uno Olofsson,false
i-V6GtMYE3LUCjM8BgGDJMxL,Olofsson,false
i-V6GtMYE3LUCjM8BgGDJMxL,Uno Olofsson,true
i-V6XeTmrd735FQL6AxrjTmc,Harald Fritz Cornelius Röhss,false
i-V6XeTmrd735FQL6AxrjTmc,Harald Röhss,true
i-V6XeTmrd735FQL6AxrjTmc,Röhss,false
i-V6sz9YBCqSV7vZ9VYBKj68,Axel Hedenlund,true
i-V6sz9YBCqSV7vZ9VYBKj68,Hedenlund,false
i-V6sz9YBCqSV7vZ9VYBKj68,Lars Axel Hedenlund,false
i-V7NiAeWY2Xibey7Z9PGYKr,Mattsson,false
i-V7NiAeWY2Xibey7Z9PGYKr,Victor Julius Mattsson,false
i-V7NiAeWY2Xibey7Z9PGYKr,Victor Mattsson,true
i-V7UFodKLft3oP8S6c3GFzd,Lars Andersson,true
i-V7ccB7n8KQvCDssB4XYWTN,Lundquist,false
i-V7ccB7n8KQvCDssB4XYWTN,Lundqvist,false
i-V7ccB7n8KQvCDssB4XYWTN,Ragnar Lundquist,false
i-V7ccB7n8KQvCDssB4XYWTN,Ragnar Lundqvist,true
i-V8UH6UkQSSMHD8JMEcqPuo,Godén,false
i-V8UH6UkQSSMHD8JMEcqPuo,Per Godén,true
i-V8fXgVELhnLqt5LgR6Hoho,Roland Larsson,true
i-V94NXHxQRsQu6mMDHyZAxs,Teres Lindberg,true
i-V94NXHxQRsQu6mMDHyZAxs,Teres Victoria Lindberg,false
i-V9fAuVT5MgHSrH4XvinFXL,Block,false
i-V9fAuVT5MgHSrH4XvinFXL,Fredrik Block,false
i-V9fAuVT5MgHSrH4XvinFXL,Fredrik Ernst August Block,true
i-V9tJs7WfKv4xkX7t3XA5Hp,Eliasson,false
i-V9tJs7WfKv4xkX7t3XA5Hp,Johan Elof Eliasson,true
i-VA44V6yRXQMUHEJmCWWpcK,Fredrik Stånggren,true
i-VA44V6yRXQMUHEJmCWWpcK,Magnus Fredrik Stånggren,false
i-VA44V6yRXQMUHEJmCWWpcK,Stånggren,false
i-VAMU813hn5oo8CeeRvxacA,Johan Mauritz Västberg,false
i-VAMU813hn5oo8CeeRvxacA,Mauritz Västberg,true
i-VAMU813hn5oo8CeeRvxacA,Moje,false
i-VAMU813hn5oo8CeeRvxacA,Västberg,false
i-VB5vqN5P3YPxSxmtgBzRCm,Albert Sjöholm,true
i-VB5vqN5P3YPxSxmtgBzRCm,Sjöholm,false
i-VBA6eUH2CpmPZFgqzCpt9N,Mats Persson,true
i-VBA6eUH2CpmPZFgqzCpt9N,Mats Robert Persson,false
i-VBCs6AeZSaH6nSiSSYe6iN,Axel Filip Jansson,false
i-VBCs6AeZSaH6nSiSSYe6iN,Axel Jansson,true
i-VBCs6AeZSaH6nSiSSYe6iN,Jansson,false
i-VBHSUYwX8zTBjLDRcwNsBA,Lindberg,false
i-VBHSUYwX8zTBjLDRcwNsBA,Mats Lindberg,true
i-VBJfFmLa6Ng5gyADuxdHgn,Gustaf Henry Hansson,true
i-VBJfFmLa6Ng5gyADuxdHgn,Hansson,false
i-VBSfTngKCdeHzk6SiBLjuT,Magnuson,false
i-VBSfTngKCdeHzk6SiBLjuT,Paul Knut Magnusson,false
i-VBSfTngKCdeHzk6SiBLjuT,Paul Magnuson,false
i-VBSfTngKCdeHzk6SiBLjuT,Paul Magnusson,true
i-VC8M4GnTVfdRYSmtWPgcTd,Domeij,false
i-VC8M4GnTVfdRYSmtWPgcTd,Jonas Domeij,true
i-VC8M4GnTVfdRYSmtWPgcTd,Jonas Olof Domeij,false
i-VCBwijV18pWsvC1p2xZJJm,Runar Filper,true
i-VCBwijV18pWsvC1p2xZJJm,Runar Salvatore Toto Schillaci Filper,false
i-VCBwijV18pWsvC1p2xZJJm,Runar Salvatore Toto Schillaci Sjöström,false
i-VCFQdUNfpPc3TmyQPxqALt,Ann-Christine Frohm,true
i-VChpD1cxp66qPxcyfhpJrB,Anders Ove Rainer,false
i-VChpD1cxp66qPxcyfhpJrB,Ove Rainer,true
i-VCs1f63wYRpPMEW9ixqpT6,Annette Rydell,true
i-VCt7JqBjs4Ei7vFTuxJF3C,Ann Mari Laag,true
i-VCt7JqBjs4Ei7vFTuxJF3C,Laag,false
i-VD3ayfYPfGVgSzgaiMXnrs,Artur Lundqvist,true
i-VD3ayfYPfGVgSzgaiMXnrs,Lundqvist,false
i-VDgtjcjBeHGF1Nuunffjp4,Jan Strömdahl,true
i-VDgtjcjBeHGF1Nuunffjp4,Strömdahl,false
i-VENfM3q4bHioaeyrNfV9F4,Nils Ohlsson,true
i-VENfM3q4bHioaeyrNfV9F4,Ohlsson,false
i-VERe5A9b1TFJrDcWXgFBCj,Erikson,false
i-VERe5A9b1TFJrDcWXgFBCj,Henry Erikson,true
i-VERe5A9b1TFJrDcWXgFBCj,J Henry Erikson,false
i-VERe5A9b1TFJrDcWXgFBCj,Johan Henry Erikson,false
i-VEndtBdCLk8Sfe6QeFMPqW,Lundberg,false
i-VEndtBdCLk8Sfe6QeFMPqW,Sven Gunnar Lundberg,false
i-VEndtBdCLk8Sfe6QeFMPqW,Sven Lundberg,true
i-VEy1R1NRKKkVFEAeBWvqTt,Anders Persson,true
i-VEy1R1NRKKkVFEAeBWvqTt,Persson,false
i-VEyMAa72WxGJubTqM1ugZG,Anders Huss,true
i-VEyMAa72WxGJubTqM1ugZG,Huss,false
i-VFKJ2HaECuD3giAAfKfPGR,Eriksson,false
i-VFKJ2HaECuD3giAAfKfPGR,Olle Eriksson,true
i-VFKJ2HaECuD3giAAfKfPGR,Olof Eriksson,false
i-VFaAexqzCaq9JmKCfc1WJ9,Julia Kronlid,true
i-VG4CpX8R3VTMhQCny6GDjZ,Elisa Abascal Reyes,true
i-VGNV4PK1m2oc7keEdh2j1L,Billing,false
i-VGNV4PK1m2oc7keEdh2j1L,Per Christoffer Walfrid Billing,false
i-VGNV4PK1m2oc7keEdh2j1L,Walfrid Billing,true
i-VGuxFg9SBivesgRyVWVWkd,Kerstin-Maria Stalín,true
i-VGvz17reDhSXFdrtvk1pwq,Bengt Eliasson,true
i-VH2by7UursuDS17S9AebiZ,Grenander,false
i-VH2by7UursuDS17S9AebiZ,J.M.A. Grenander,true
i-VH2by7UursuDS17S9AebiZ,Johan Magnus Alfred Grenander,false
i-VH9wUBG7bNFMcYkdAPTofa,C Helmer Falk,false
i-VH9wUBG7bNFMcYkdAPTofa,Falk,false
i-VH9wUBG7bNFMcYkdAPTofa,Helmer Falk,true
i-VHSPVhF5LjvV5m4yU1W3FJ,Birgitta Carlsson,true
i-VHSPVhF5LjvV5m4yU1W3FJ,Carlsson,false
i-VHiWwJoKDHQp7mjLCJgsFx,Olof Persson,true
i-VHiWwJoKDHQp7mjLCJgsFx,Persson,false
i-VHm6YMPwVufzN3xeoA3b4v,Bergander,false
i-VHm6YMPwVufzN3xeoA3b4v,Lilly Bergander,true
i-VHm6YMPwVufzN3xeoA3b4v,Lilly Karolina Bergander,false
i-VJ83FXNmY94cy1RZu57JGN,Ismail Kamil,true
i-VJEkk4hYQan6syE9gekBfS,Kaijser,false
i-VJEkk4hYQan6syE9gekBfS,Rolf Gustaf Sylvester Kaijser,false
i-VJEkk4hYQan6syE9gekBfS,Rolf Kaijser,true
i-VJMsfXNSSJk8VXunyt2DLC,Johnny Mattias Munkhammar,false
i-VJMsfXNSSJk8VXunyt2DLC,Johnny Munkhammar,true
i-VJesCiRRrnNn2TLsiowtMi,Johansson,false
i-VJesCiRRrnNn2TLsiowtMi,Marie-Ann Eriksson,false
i-VJesCiRRrnNn2TLsiowtMi,Marie-Ann Johansson,true
i-VJroGGVGMdqdWWKDgXwRU6,Claes Eric Victor Folin,false
i-VJroGGVGMdqdWWKDgXwRU6,Folin,false
i-VJroGGVGMdqdWWKDgXwRU6,Viktor Folin,true
i-VJzAojg4oj9Du46UWXaaqZ,Curt Gustaf af Ugglas,false
i-VJzAojg4oj9Du46UWXaaqZ,Gustaf af Ugglas,true
i-VJzAojg4oj9Du46UWXaaqZ,af Ugglas,false
i-VK83vrubL6BoM3coLhjSL1,Andersson,false
i-VK83vrubL6BoM3coLhjSL1,Olof Andersson,true
i-VKBXGHy4KWJbExz3QgCuVy,Mona S:t Cyr,false
i-VKBXGHy4KWJbExz3QgCuVy,Mona Saint Cyr,true
i-VKBXGHy4KWJbExz3QgCuVy,Saint Cyr,false
i-VKXzxzGL4odZKUrPZiAZG,Lena Sandlin,false
i-VKXzxzGL4odZKUrPZiAZG,Lena Sandlin-Hedman,true
i-VKZW474BsmEPEmA9PXioqh,Kristina Nordström,true
i-VKfJwnbPSaMkuh3LQk1WRU,August Ifvarsson,true
i-VKfJwnbPSaMkuh3LQk1WRU,Ifvarsson,false
i-VKn82G8HqN17j19VTfbE9g,Heléne Björklund,true
i-VLFbe1qZbz5p1pR3RneKtw,Fredrik Ramel,true
i-VLvjpdQ5xfXLC5LHymYTQx,Henrik Adolf Widmark,true
i-VLvjpdQ5xfXLC5LHymYTQx,Henrik Widmark,false
i-VLvjpdQ5xfXLC5LHymYTQx,Moberg,false
i-VLvjpdQ5xfXLC5LHymYTQx,Widmark,false
i-VLzQ1D4fF6VxgBRRNTJS1,Carlsson,false
i-VLzQ1D4fF6VxgBRRNTJS1,Olof Carlsson,true
i-VM3kn4h4mTkLoFpEyrhy5t,Branting,false
i-VM3kn4h4mTkLoFpEyrhy5t,Hjalmar Branting,true
i-VMM8TcHsHyQxuWoK8Upj7W,Börje Andersson,true
i-VMgGbpTRTohGJnt8ysZSbi,Arvid Karlsson,true
i-VMgGbpTRTohGJnt8ysZSbi,Arvid Sigfrid Karlsson,false
i-VMgGbpTRTohGJnt8ysZSbi,Karlsson,false
i-VMorE2LMUkY6Vsh5DTKH7z,Adolf Molin,true
i-VMorE2LMUkY6Vsh5DTKH7z,Molin,false
i-VN8XwZzCEwCzeU3auzzX7t,Hansson,false
i-VN8XwZzCEwCzeU3auzzX7t,Lilly Elvira Hansson,false
i-VN8XwZzCEwCzeU3auzzX7t,Lilly Hansson,true
i-VNKv9hXW2a7scuMVfXv9pm,Bror Emil Elmwall,false
i-VNKv9hXW2a7scuMVfXv9pm,Elmvall,false
i-VNKv9hXW2a7scuMVfXv9pm,Emil Elmvall,true
i-VNKv9hXW2a7scuMVfXv9pm,Emil Elmwall,false
i-VNezbkvuUkTXd6N1VVQ2Cq,Ernst Eskhult,true
i-VNezbkvuUkTXd6N1VVQ2Cq,Ernst Wilhelm Eskhult,false
i-VNezbkvuUkTXd6N1VVQ2Cq,Ernst Wilhelm Svensson,false
i-VNezbkvuUkTXd6N1VVQ2Cq,Svensson,false
i-VNhc7kVJhkCWCAK5XCdbTH,Axel Danckwardt-Lillieström,true
i-VNhc7kVJhkCWCAK5XCdbTH,Danckwardt-Lillieström,false
i-VPccU3tbBfqo6vuQ3a4PPW,Margit Wohlin,true
i-VPccU3tbBfqo6vuQ3a4PPW,Witzell,false
i-VPccU3tbBfqo6vuQ3a4PPW,Wohlin,false
i-VPrEm3uqu94z7CJxXggcjD,Bengt K.Å. Johansson,true
i-VQ8e4QWrW7Gvhr9MwK6fQ9,Halvarsson,false
i-VQ8e4QWrW7Gvhr9MwK6fQ9,Isa Halvarsson,true
i-VQEX6omQ2GJGHZjMBB2ywk,Christopher Huldt,true
i-VQEX6omQ2GJGHZjMBB2ywk,Christopher Nathanael Huldt,false
i-VQEX6omQ2GJGHZjMBB2ywk,Huldt,false
i-VQbxrsVx9uAdAvTHPXPzK7,Huss,false
i-VQbxrsVx9uAdAvTHPXPzK7,Magnus Huss,true
i-VQeQMdt9caNQssp1jxvoHn,Andersson,false
i-VQeQMdt9caNQssp1jxvoHn,Stina Andersson,true
i-VQeQMdt9caNQssp1jxvoHn,Stina Sofia Andersson,false
i-VQhNrVCrzk1PveUhY2rpJZ,Claes Magnus Lewenhaupt,true
i-VQhNrVCrzk1PveUhY2rpJZ,Lewenhaupt,false
i-VRHbq9433F1APDMq9jUvBB,Erik Josias Filip Sparre,false
i-VRHbq9433F1APDMq9jUvBB,Erik Josias Philip Sparre,false
i-VRHbq9433F1APDMq9jUvBB,Erik Sparre,true
i-VRHbq9433F1APDMq9jUvBB,Sparre af Söfdeborg,false
i-VRHymVx7EsX48sg7b5qmpS,Jan Lindholm,true
i-VRHymVx7EsX48sg7b5qmpS,Jan Vilhelm Lindholm,false
i-VRK4jvXteD5oQpqXgdmTs6,Hildur Kristina Nygren,false
i-VRK4jvXteD5oQpqXgdmTs6,Hildur Nygren,true
i-VRK4jvXteD5oQpqXgdmTs6,Nygren,false
i-VRR8LiWKXSiovvq2CdPBe,Sven-Olof Träff,true
i-VRR8LiWKXSiovvq2CdPBe,Sven-Olov Träff,false
i-VRR8LiWKXSiovvq2CdPBe,Träff,false
i-VSbEG19CEMJ1aVwTdmw9Jp,Daniel Vencu Velasquez Castro,true
i-VSiy2mHN5m8fAgo9SDAGyR,Hampus Hagman,true
i-VSiy2mHN5m8fAgo9SDAGyR,Hampus Patrik Wilhelm Hagman,false
i-VSr1Kpq63cjjxAyEkvE6HL,Alvar Georg Gernandt Mårtensson,false
i-VSr1Kpq63cjjxAyEkvE6HL,Alvar Mårtensson,true
i-VSr1Kpq63cjjxAyEkvE6HL,Mårtensson,false
i-VTQp5X7nQKdBQnG1UeLzwN,Carl Alfred Svensson,true
i-VTQp5X7nQKdBQnG1UeLzwN,Svensson,false
i-VTQwTux96MXuawi4xEWhna,Anders Magnusson,true
i-VTQwTux96MXuawi4xEWhna,Magnusson,false
i-VTUidro3wyknYygncUqEtm,Pehr Svensson,true
i-VTUidro3wyknYygncUqEtm,Svensson,false
i-VTUxBF3z9z5SgjvnQyEzZH,Arvid Hellebladh,true
i-VTUxBF3z9z5SgjvnQyEzZH,Hellebladh,false
i-VTUxBF3z9z5SgjvnQyEzZH,Johan Arvid Hellebladh,false
i-VTxNWcrfgD3Rd1pHuYge6V,Hans Henning von Horn,false
i-VTxNWcrfgD3Rd1pHuYge6V,Hans von Horn,true
i-VTxNWcrfgD3Rd1pHuYge6V,von Horn,false
i-VTzA3xzbV8V9psJLQQ62LE,Bernström,false
i-VTzA3xzbV8V9psJLQQ62LE,Erik Andreas Bernström,false
i-VTzA3xzbV8V9psJLQQ62LE,Erik Bernström,true
i-VUfkQP7FTMi7Qt8qwMUnmW,Catherine Ida Elisabeth Persson,false
i-VUfkQP7FTMi7Qt8qwMUnmW,Catherine Persson,true
i-VUq3YNWZVencsKNxF2VzJ2,Gellerman,false
i-VUq3YNWZVencsKNxF2VzJ2,Kerstin Gellerman,true
i-VUq3YNWZVencsKNxF2VzJ2,Kerstin Ingegerd Gellerman,false
i-VUvkjV9kuKJcz4cxGcFQfn,Khashayar Carl Farmanbar,false
i-VUvkjV9kuKJcz4cxGcFQfn,Khashayar Farmanbar,true
i-VVRNSGede2A6zFhbkrq5dH,Edvin Leffler,true
i-VVRNSGede2A6zFhbkrq5dH,Justus Edvin Leffler,false
i-VVRNSGede2A6zFhbkrq5dH,Leffler,false
i-VVVbnVkWY9rNmKMwX3imz3,Carl Fredrik Segerlind,true
i-VVVbnVkWY9rNmKMwX3imz3,Karl Fredrik Segerlind,false
i-VVVbnVkWY9rNmKMwX3imz3,Sahlström,false
i-VVVbnVkWY9rNmKMwX3imz3,Segerlind,false
i-VVd3D5b7rb9u8p7Rna2nv1,Lars Petter Larsson,true
i-VVd3D5b7rb9u8p7Rna2nv1,Larsson,false
i-VVzHKbi1iSSm3qoj2C7acA,Bror Carl Johan Langenskiöld,false
i-VVzHKbi1iSSm3qoj2C7acA,Bror Karl Johan Langenskiöld,false
i-VVzHKbi1iSSm3qoj2C7acA,Karl Langenskiöld,true
i-VVzHKbi1iSSm3qoj2C7acA,Langenskiöld,false
i-VWNpzrvEzWm92WP5FsMS7k,Oskar Svärd,true
i-VWPdkB4dCgnBm489RG7Nc4,Folke Karl Emil Trana,false
i-VWPdkB4dCgnBm489RG7Nc4,Folke Trana,true
i-VWPdkB4dCgnBm489RG7Nc4,Trana,false
i-VWia4xUTGFfFoKAJuQTQ3j,Ingmansson,false
i-VWia4xUTGFfFoKAJuQTQ3j,John Ingmansson,true
i-VXG8kMCZePBb7hdhGDDpqG,Birke,false
i-VXG8kMCZePBb7hdhGDDpqG,Emanuel Birke,true
i-VXG8kMCZePBb7hdhGDDpqG,Gustaf Emanuel Birke,false
i-VXkZessNxc9eyPfvwLgWcK,Kristina Margareta Svensson,false
i-VXkZessNxc9eyPfvwLgWcK,Kristina Svensson,true
i-VXkZessNxc9eyPfvwLgWcK,Svensson,false
i-VYTD8M9CfGigSH3YKEqEEz,Erik Gunnar Wärnberg,false
i-VYTD8M9CfGigSH3YKEqEEz,Erik Wärnberg,true
i-VYTD8M9CfGigSH3YKEqEEz,Wärnberg,false
i-VZmjsMKiEJd9WfpEzK8CJk,Näslund,false
i-VZmjsMKiEJd9WfpEzK8CJk,Per Gustaf Näslund,true
i-VaDiRMNpcvZQSwSeWxKege,Boström,false
i-VaDiRMNpcvZQSwSeWxKege,Filip August Boström,false
i-VaDiRMNpcvZQSwSeWxKege,Filip Boström,true
i-VacBUiqCgNFdBxDjAQggNV,Gustaf Johnsson,true
i-VacBUiqCgNFdBxDjAQggNV,Gustaf Leonard Johnsson,false
i-VacBUiqCgNFdBxDjAQggNV,Johnsson,false
i-Vap5ehDFEbxE65CfPLdCyg,Frans Schartau,true
i-Vap5ehDFEbxE65CfPLdCyg,Schartau,false
i-Varbgokz8AgbcMQAx6pehv,Pehr Sjöbring,true
i-Varbgokz8AgbcMQAx6pehv,Sjöbring,false
i-Vay4X3xG32YuFpDjWKTv2o,Hjalmar Hugo Lilliehöök,false
i-Vay4X3xG32YuFpDjWKTv2o,Hugo Lilliehöök,true
i-Vay4X3xG32YuFpDjWKTv2o,Lilliehöök af Gälared och Kolbäck,false
i-Vb6bpYMqjKnzjfNm2jvcjj,Björn Samuelson,true
i-VbTSrAHKKao6zKEGy8B7an,Kristiansson,false
i-VbTSrAHKKao6zKEGy8B7an,Svante Arne Kristiansson,false
i-VbTSrAHKKao6zKEGy8B7an,Svante Kristiansson,true
i-VbXecEYSco6RcERW6PCcbP,Gottfrid Askeroth Svärd,false
i-VbXecEYSco6RcERW6PCcbP,Gottfrid Svärd,true
i-VbXecEYSco6RcERW6PCcbP,Svärd,false
i-VbwDBKsfiTVEjuLdjbSxkk,Fagerholm,false
i-VbwDBKsfiTVEjuLdjbSxkk,Per Hjalmar Fagerholm,true
i-VcgztTUtGmbhzf4ATjwD9a,Dag Edlund,true
i-VcgztTUtGmbhzf4ATjwD9a,Dag Ragnar Edlund,false
i-VcgztTUtGmbhzf4ATjwD9a,Edlund,false
i-Vd6kBCxYFZMdnMn56ixMd4,Anna Rosvall,true
i-Vd6kBCxYFZMdnMn56ixMd4,Anna Thyra Gunhild Rosvall,false
i-Vd6kBCxYFZMdnMn56ixMd4,Anna Tyra Gunhild Lindberg,false
i-Vd6kBCxYFZMdnMn56ixMd4,Anna Tyra Gunhild Rosvall,false
i-Vd6kBCxYFZMdnMn56ixMd4,Rosvall,false
i-VdAfQ3AgRmNNnaK4zoDKny,Granström,false
i-VdAfQ3AgRmNNnaK4zoDKny,Per Erik Granström,true
i-VdAmGTPmss2FB2W7ynYRR7,Gunnar Olsson,true
i-VdAmGTPmss2FB2W7ynYRR7,Martin Gunnar Olsson,false
i-VdAmGTPmss2FB2W7ynYRR7,Olsson,false
i-VdgjoEzDAA31nRqoPx884B,Anders Melcher Myrtin,true
i-VdgjoEzDAA31nRqoPx884B,Myrtin,false
i-VdihabCvvgRAFyrwU5mdKf,Jessica Polfjärd,true
i-VduHQAaDVXUvCY7dwV6w7X,Sedat Dogru,true
i-VeJnYpLKuCQDLncUJzKS5a,Anders Larsson,true
i-VeJnYpLKuCQDLncUJzKS5a,Larsson,false
i-Veqc7tYrA9AQF4BnfFcFk4,Ramstedt,false
i-Veqc7tYrA9AQF4BnfFcFk4,Reinhold Viktor Ramstedt,false
i-Veqc7tYrA9AQF4BnfFcFk4,Viktor Ramstedt,true
i-VfVxciR7fpMAV1zzJMwG69,Carl Reinhold Polhem von Stockenström,false
i-VfVxciR7fpMAV1zzJMwG69,Carl von Stockenström,true
i-VfVxciR7fpMAV1zzJMwG69,von Stockenström,false
i-VghA3rHKAQACgNmukxWnwr,Berger,false
i-VghA3rHKAQACgNmukxWnwr,Berget,false
i-VghA3rHKAQACgNmukxWnwr,Ossian Berger,true
i-VhAPHtDbXzmUeiVRSdRFGD,Karin Åström,true
i-ViDKs1694HGMUS3nPFJ9Vd,Erik Eriksson,true
i-ViDKs1694HGMUS3nPFJ9Vd,Eriksson,false
i-ViJ12QcECKp5J4sEBkw5a2,Sofie Eriksson,true
i-ViLM27YGJ7AVyK2PGCtxyS,Axel Nilsson,true
i-ViLM27YGJ7AVyK2PGCtxyS,Nilsson,false
i-ViqdoaJZjEkNmETR2XoKpB,Nils Olsson,true
i-ViqdoaJZjEkNmETR2XoKpB,Olsson,false
i-VjBEesVbRMAQDLYHHVi6Vp,Magnus Taube,true
i-VjBEesVbRMAQDLYHHVi6Vp,Taube,false
i-VjDZvv4znAa694UBQnBt8r,Åsa Ågren Wikström,true
i-VjJjJLsLvPRb56Nkzz4Ghv,Carl Johanson,true
i-VjJjJLsLvPRb56Nkzz4Ghv,Johanson,false
i-VjLrV2ZWfM7bbeyDyx7jAz,Gustaf Harald Lundström,false
i-VjLrV2ZWfM7bbeyDyx7jAz,Harald Lundström,true
i-VjLrV2ZWfM7bbeyDyx7jAz,Lundström,false
i-Vk3BD1VwPAAm9tVnGHJL8B,Mona Ann-Charlotte Olin,false
i-Vk3BD1VwPAAm9tVnGHJL8B,Mona Olin,true
i-VkgCZCfoAga9JDLAtq7rRZ,Agneta Gille,true
i-VkgCZCfoAga9JDLAtq7rRZ,Agneta Marianne Gille,false
i-Vmzwz2CeXhKe21YDqhMFjV,Arthur Koch,true
i-Vmzwz2CeXhKe21YDqhMFjV,Arthur Maximilian Koch,false
i-Vmzwz2CeXhKe21YDqhMFjV,Koch,false
i-Vn4kgxWNxKqr8Gwg3smAW7,Eva Karlsson,true
i-Vn4kgxWNxKqr8Gwg3smAW7,Karlsson,false
i-VnBrhYVKuveLKUXZbqEqS,Karl Verner Karlsson,false
i-VnBrhYVKuveLKUXZbqEqS,Karlsson,false
i-VnBrhYVKuveLKUXZbqEqS,Verner Karlsson,true
i-VnDXyA557kw3R1BEywHbjw,De Geer af Leufsta,false
i-VnDXyA557kw3R1BEywHbjw,Louis De Geer,true
i-Vnkpea58chrLh3HrSpwzd2,Christer Häll,true
i-Vnn5vpqtDxBBqKV6r6rcqc,Johansson,false
i-Vnn5vpqtDxBBqKV6r6rcqc,Tyra Johansson,true
i-VnpnD9LLy2eFTnmfGJ6qME,Adolf Peter Westman,false
i-VnpnD9LLy2eFTnmfGJ6qME,Adolph Peter Westman,false
i-VnpnD9LLy2eFTnmfGJ6qME,Adolph Westman,true
i-VnpnD9LLy2eFTnmfGJ6qME,Westman,false
i-Vo3YjbvPDcwbepLXUMMiDZ,Per Åsling,true
i-VoEU2y8LoaGsZMC1Pee7BH,Anders Nilsson,true
i-VoEU2y8LoaGsZMC1Pee7BH,Nilsson,false
i-VoSy23Ve5KQBpG4mSX9qdp,Almqvist,false
i-Vob6hqQX7xJmVsZEt2LqUi,Fahlander,false
i-Vob6hqQX7xJmVsZEt2LqUi,Leonard Fahlander,true
i-Vob6hqQX7xJmVsZEt2LqUi,Leonard Josef Fahlander,false
i-Vofu3seWF5yQe8KpMLXV3T,Andrén,false
i-Vofu3seWF5yQe8KpMLXV3T,Georg Andrén,true
i-VoohtvvcFjo1jpUaFmdn6o,Carl Fredrik Holmquist,false
i-VoohtvvcFjo1jpUaFmdn6o,Carl Fredrik Holmqvist,false
i-VoohtvvcFjo1jpUaFmdn6o,Fredrik Holmquist,true
i-VoohtvvcFjo1jpUaFmdn6o,Holmquist,false
i-Vphq1Qi611uoHeM3fp2TeA,Elsa Amalia Johansson,false
i-Vphq1Qi611uoHeM3fp2TeA,Elsa Johansson,true
i-Vphq1Qi611uoHeM3fp2TeA,Johanson,false
i-Vphq1Qi611uoHeM3fp2TeA,Johansson,false
i-Vq2UrsjVrhZC91QFjP3pis,Karl G Pettersson,false
i-Vq2UrsjVrhZC91QFjP3pis,Karl Gustaf Pettersson,false
i-Vq2UrsjVrhZC91QFjP3pis,Karl Pettersson,true
i-Vq2UrsjVrhZC91QFjP3pis,Pettersson,false
i-VqHqFtpMi7Xi5LGov8xWcU,Carl Rikard Alfred Lindström,false
i-VqHqFtpMi7Xi5LGov8xWcU,K A Rickard Lindström,false
i-VqHqFtpMi7Xi5LGov8xWcU,Lindström,false
i-VqHqFtpMi7Xi5LGov8xWcU,Rickard Lindström,true
i-VqPmMCymyp1Ers67GAiWUT,Johnsson,false
i-VqPmMCymyp1Ers67GAiWUT,Rune Johnsson,true
i-VqxvDoNrnRUu1E5d5ifxHG,Josefson,false
i-VqxvDoNrnRUu1E5d5ifxHG,Stig Allan Josefson,false
i-VqxvDoNrnRUu1E5d5ifxHG,Stig Josefson,true
i-VrK3g3GXMVpCzzsHGoJN3,Carl Gustaf Hult,true
i-VrK3g3GXMVpCzzsHGoJN3,Hult,false
i-VrWi7C8rFyQBe6dEMsPdso,H. Nordqvist,false
i-VrWi7C8rFyQBe6dEMsPdso,Helmer Nordqvist,true
i-VrWi7C8rFyQBe6dEMsPdso,Nordqvist,false
i-VrWi7C8rFyQBe6dEMsPdso,Olof Helmer Nordqvist,false
i-Vrxw6nqNsC7Xr3jonLTumw,Einhorn,false
i-Vrxw6nqNsC7Xr3jonLTumw,Jerzy Einhorn,true
i-VtEQ8SVLoatCxVAtXfHKdk,Karl Robert Karlsson,false
i-VtEQ8SVLoatCxVAtXfHKdk,Karlsson,false
i-VtEQ8SVLoatCxVAtXfHKdk,Robert Karlsson,true
i-VtWQs1mfimPMyjw5HVXR4i,Inga Lantz,true
i-VtWQs1mfimPMyjw5HVXR4i,Lantz,false
i-VtstjgkmLnMdTCDsWiW7kM,Isacsson,false
i-VtstjgkmLnMdTCDsWiW7kM,Ola Isacsson,true
i-VuLqMbgdBDWY874zTU3wuB,Boström,false
i-VuLqMbgdBDWY874zTU3wuB,Nils Boström,true
i-Vuf2iovr2aWWgDThaeqMPN,Eva Björling,false
i-Vuf2iovr2aWWgDThaeqMPN,Ewa Björling,true
i-VuriSjpqjnNKDDMsFWMALu,Andreasson,false
i-VuriSjpqjnNKDDMsFWMALu,Gustav Olof Andreasson,false
i-VuriSjpqjnNKDDMsFWMALu,Olof Andreasson,true
i-VvP7Vtt4zjvLVvg7PsZMyU,Peder Wachtmeister,true
i-VvmFc1QdZUrzxunymPXLNn,Hans Karlsson,true
i-VvmFc1QdZUrzxunymPXLNn,Hans Tore Ingvar Karlsson,false
i-VvmFc1QdZUrzxunymPXLNn,Karlsson,false
i-VvqVwyrQgUiYjtEt3CpQcM,Billing,false
i-VvqVwyrQgUiYjtEt3CpQcM,Knut Billing,true
i-VvqVwyrQgUiYjtEt3CpQcM,Knut Nils Gustaf Billing,false
i-VvrKWHvS5YC9avJn4Jcoqj,Arne A D Svenungsson,false
i-VvrKWHvS5YC9avJn4Jcoqj,Arne Albert Daniel Svenungsson,false
i-VvrKWHvS5YC9avJn4Jcoqj,Arne Svenungsson,true
i-VvrKWHvS5YC9avJn4Jcoqj,Svenungsson,false
i-Vw3jBQw26TxFbXrsoKmCH2,Roland Bäckman,true
i-VwNcXfEYq3dnzKMzsJycS5,Jonsson,false
i-VwNcXfEYq3dnzKMzsJycS5,Magnus Jonsson,true
i-VwrMtDR2d6XZNzousqaPto,Hanna Wagenius,true
i-Vx6T7XXUYWdTteLg1ZSBWc,Bergman,false
i-Vx6T7XXUYWdTteLg1ZSBWc,Johan Bergman,true
i-Vx7eV6CLwK4q8nMYx4Sry4,Agneta Börjesson,true
i-Vx9dE42hgdRb4c6RNABNzU,Jari Puustinen,true
i-VxBS1HHcrVMPJcDXUTpFJS,Lennart Bodström,true
i-VxX8uLJ6VUnSdeyZcXucoU,Stina Larsson,true
i-VxsbUrESEWZoSuxq4jRwxG,Sara-Lena Bjälkö,true
i-VxuCDPDHCA2sn3TnBqMaxy,Eklund,false
i-VxuCDPDHCA2sn3TnBqMaxy,Johan Eklund,true
i-VyMhyUWbr9DnwpFmKXqKQb,Johan Gottlieb Wilhelm von Rehausen,false
i-VyMhyUWbr9DnwpFmKXqKQb,Wilhelm von Rehausen,true
i-VyMhyUWbr9DnwpFmKXqKQb,von Rehausen,false
i-VyVZ7ojZkzxjDTgQDL6KMK,Ericsson,false
i-VyVZ7ojZkzxjDTgQDL6KMK,Eriksson,false
i-VyVZ7ojZkzxjDTgQDL6KMK,Ollas Erik Eriksson,true
i-VyVer93FPiAGTCQxTfXpfW,Gustafsson,false
i-VyVer93FPiAGTCQxTfXpfW,Lars Gustafsson,true
i-VyVer93FPiAGTCQxTfXpfW,Lars Ivan Gustafsson,false
i-VybHBZctLrJJevaXrygLiy,Veit Brecher Wittrock,false
i-VybHBZctLrJJevaXrygLiy,Veit Wittrock,true
i-VybHBZctLrJJevaXrygLiy,Wittrock,false
i-Vyi1Lt6SLq5SJ1WZgcsb7c,Claes Herman Rundgren,true
i-Vyi1Lt6SLq5SJ1WZgcsb7c,Rundgren,false
i-Vz1YonVqFQfxtRvxRGT5sB,Axel Gottfrid Leonard Billing,false
i-Vz1YonVqFQfxtRvxRGT5sB,Billing,false
i-Vz1YonVqFQfxtRvxRGT5sB,Gottfrid Billing,true
i-Vzob1iVwoThSSCEU9iFJLb,Carl Christian Peter Herslow,false
i-Vzob1iVwoThSSCEU9iFJLb,Carl Herslow,true
i-Vzob1iVwoThSSCEU9iFJLb,Herslow,false
i-VzvxsE3P19Hvn4eXo7FDph,Edvard Lindberg,true
i-VzvxsE3P19Hvn4eXo7FDph,Lindberg,false
i-VzvxsE3P19Hvn4eXo7FDph,N Edvard Lindberg,false
i-VzvxsE3P19Hvn4eXo7FDph,Nils Edvard Lindberg,false
i-W1GNJ3D5VnoAY98VB1cvuT,Henrik Kinmanson,false
i-W1GNJ3D5VnoAY98VB1cvuT,Henrik Selfrid Kinmanson,true
i-W1GNJ3D5VnoAY98VB1cvuT,Kinmanson,false
i-W1Hn8YD1mVV7krpXQdKnqz,Arne Remgård,true
i-W1Hn8YD1mVV7krpXQdKnqz,Remgård,false
i-W1SpeP85RXQTDYN2miQfXU,Daniel Bäckström,true
i-W25G9CwkvEKmT8UAjmJw3U,Carl Erik Hjelm,true
i-W25G9CwkvEKmT8UAjmJw3U,Hjelm,false
i-W2BEDRyCnS9HdVWfSB1gKA,Margareta Elisabet Persson,false
i-W2BEDRyCnS9HdVWfSB1gKA,Margareta Persson,true
i-W2BEDRyCnS9HdVWfSB1gKA,Margareta Sandgren,false
i-W4CJfxFbP1nx9SYGRsnVHQ,Eriksson,false
i-W4CJfxFbP1nx9SYGRsnVHQ,Per Olof Eriksson,true
i-W4CQQjfFa1XC2imjwztLq7,Andersson,false
i-W4CQQjfFa1XC2imjwztLq7,Magnus Andersson,true
i-W4Jpom1kAFJxBkXrqNUqik,Ivar Erik Öhman,false
i-W4Jpom1kAFJxBkXrqNUqik,Ivar Öhman,true
i-W4Jpom1kAFJxBkXrqNUqik,Öhman,false
i-W4KsfSh6dCbjCcJdxiZwL,Andrén,false
i-W4KsfSh6dCbjCcJdxiZwL,Elsa Margareta Andrén,false
i-W4KsfSh6dCbjCcJdxiZwL,Margareta Andrén,true
i-W4Pi33UAuLM3A7QBeo5CZ4,IVAN SVENSSON D:Ä,false
i-W4Pi33UAuLM3A7QBeo5CZ4,Ivan Erik Gustaf Svensson,false
i-W4Pi33UAuLM3A7QBeo5CZ4,Ivan Svensson,true
i-W4Pi33UAuLM3A7QBeo5CZ4,Svensson,false
i-W4ZdT3cRpUqSBcZCGKXaji,Eva Elisabet Johnsson,false
i-W4ZdT3cRpUqSBcZCGKXaji,Eva Johnsson,true
i-W4ytnPuPTvRtJf3k6ST5af,Per Waller,true
i-W4ytnPuPTvRtJf3k6ST5af,Waller,false
i-W5HrfcbjNHP24YcijoYq2D,Knut H R Tillberg,false
i-W5HrfcbjNHP24YcijoYq2D,Knut Henning Robert Tillberg,false
i-W5HrfcbjNHP24YcijoYq2D,Knut Tillberg,true
i-W5HrfcbjNHP24YcijoYq2D,Tillberg,false
i-W5KTkCsx6UQycN1fck4krq,Erik Emil Harald Malmberg,false
i-W5KTkCsx6UQycN1fck4krq,Harald Malmberg,true
i-W5NXhQQs9zARokZcLrbr7S,Anton Rettig,false
i-W5NXhQQs9zARokZcLrbr7S,Carl Anton Rettig,true
i-W5NXhQQs9zARokZcLrbr7S,Rettig,false
i-W5aPPUd6NTa4yTBoRzWdL4,Back Per Ersson,true
i-W5aPPUd6NTa4yTBoRzWdL4,Ersson,false
i-W5q9uNhxnGsYW1UzQohPLm,Anton Bränholm,true
i-W5q9uNhxnGsYW1UzQohPLm,Bränholm,false
i-W5q9uNhxnGsYW1UzQohPLm,Olof Anton Bränholm,false
i-W5tKWAkGKEMT39w2T3DGvH,Berg,false
i-W5tKWAkGKEMT39w2T3DGvH,Ernst Berg,true
i-W5tKWAkGKEMT39w2T3DGvH,Ernst Gunnar Harald Berg,false
i-W6B5HWTZGVDvvdEFbkP4jm,Olof Olsson,true
i-W6B5HWTZGVDvvdEFbkP4jm,Olsson,false
i-W6BJ44rcZjp5pD28NhHrCf,Gunnar Axén,true
i-W6qubQj7ibksjmhPM9z5pb,Magda Mo Karna Maria Rasmusson,false
i-W6qubQj7ibksjmhPM9z5pb,Magda Rasmusson,true
i-W6zEZx5EiCV2CWPyKh3ZHu,Ohlsson,false
i-W6zEZx5EiCV2CWPyKh3ZHu,Sigvard Ohlsson,true
i-W7JM8gbjzRQWRr4GLmb3UY,Forssman,false
i-W7JM8gbjzRQWRr4GLmb3UY,Lars Arvid Forssman,false
i-W7JM8gbjzRQWRr4GLmb3UY,Lars Forssman,true
i-W7utyZVptwNBqUURdBKkmv,Bertil von Friesen,true
i-W7utyZVptwNBqUURdBKkmv,Otto B. von Friessen,false
i-W7utyZVptwNBqUURdBKkmv,Otto Bertil von Friesen,false
i-W7utyZVptwNBqUURdBKkmv,von Friesen,false
i-W8iv5J4SwfU8WRgpUeUuXQ,Lars-Olof Harald Skantze,false
i-W8iv5J4SwfU8WRgpUeUuXQ,Lars-Olof Hugo Skantze,false
i-W8iv5J4SwfU8WRgpUeUuXQ,Lars-Olof Skantze,true
i-W8iv5J4SwfU8WRgpUeUuXQ,Skantze,false
i-W8sBcvRsddpMCiVmEeekWs,Gustaf Harald Spens,false
i-W8sBcvRsddpMCiVmEeekWs,Harald Spens,true
i-W8sBcvRsddpMCiVmEeekWs,Spens,false
i-W9KJtV2o1wQ4MwHUQGNFdx,Alf Lövenborg,true
i-W9KJtV2o1wQ4MwHUQGNFdx,Lövenborg,false
i-W9dub71K4k8AaMDLzQ1bfy,Olsson,false
i-W9dub71K4k8AaMDLzQ1bfy,Åhlmans Olof Olsson,true
i-W9eAXwX8UYD3iqaBGV9e6J,Berntson,false
i-W9eAXwX8UYD3iqaBGV9e6J,Olof Berntson,true
i-W9g5g3nUh3Fu7mKUtFoBFH,Gunilla Carlsson,true
i-W9oTRiM11WGZE2go5sHp8a,Gerhard Dyrssen,true
i-W9tvTbGHVRAn6eSbXUt5fB,Nils Åkesson,true
i-W9tvTbGHVRAn6eSbXUt5fB,Åkesson,false
i-WA1xaVibxaqpoU1mre1CeM,Olof Valdemar Vahlin,false
i-WA1xaVibxaqpoU1mre1CeM,Vahlin,false
i-WA1xaVibxaqpoU1mre1CeM,Valdemar Vahlin,true
i-WAAjUNwR75LNNzEKLL8ysd,Henric Hjalmar Petre,false
i-WAAjUNwR75LNNzEKLL8ysd,Henrik Hjalmar Petre,false
i-WAAjUNwR75LNNzEKLL8ysd,Hjalmar Petre,true
i-WAAjUNwR75LNNzEKLL8ysd,Petre,false
i-WAR7Xtq5vM5vhtMxcKDZv4,Gustafsson,false
i-WAR7Xtq5vM5vhtMxcKDZv4,Hans Gustafsson,true
i-WAR7Xtq5vM5vhtMxcKDZv4,Hans Ingvar Gustafsson,false
i-WAgmxu8ZhuqhPzaK46x5Rp,Claus Peter Sigvard Zaar,false
i-WAgmxu8ZhuqhPzaK46x5Rp,Claus Zaar,true
i-WAgmxu8ZhuqhPzaK46x5Rp,Zaar,false
i-WBGDhqJHoUHF1xjUgaXWJc,Johansson,false
i-WBGDhqJHoUHF1xjUgaXWJc,Olof Johansson,true
i-WBbHNFdT1AL5ZXgeWJEYvS,Gunnel Liljegren,true
i-WBbHNFdT1AL5ZXgeWJEYvS,Liljegren,false
i-WBsZfhYB4L6D3cVQWLdu18,Leif Björnlod,true
i-WC8xwRLvG6phqKTvfWQqgV,Henrik Stjernspetz,true
i-WC8xwRLvG6phqKTvfWQqgV,Peter Arvid Henrik Stjernspetz,false
i-WC8xwRLvG6phqKTvfWQqgV,Stjernspetz,false
i-WCJinCspGk1rMWNk5YnBxH,Sörlin,false
i-WCJinCspGk1rMWNk5YnBxH,Thore Sörlin,true
i-WCbuc7xC49DdiKnEE1RiMN,Axel O Tengvall,false
i-WCbuc7xC49DdiKnEE1RiMN,Axel Otto Tengvall,false
i-WCbuc7xC49DdiKnEE1RiMN,Axel Tengvall,true
i-WCbuc7xC49DdiKnEE1RiMN,Tengvall,false
i-WCrN5vpCNm6z9SvfXfby4e,Alf Robert Olof Svensson,false
i-WCrN5vpCNm6z9SvfXfby4e,Alf Svensson,true
i-WCrN5vpCNm6z9SvfXfby4e,Svensson,false
i-WD3x4acRmc8gJstpVpSak5,Claes Alfrid Jonsson,false
i-WD3x4acRmc8gJstpVpSak5,Claes Alfrid Malmborg,false
i-WD3x4acRmc8gJstpVpSak5,Klas Alfred Malmborg,false
i-WD3x4acRmc8gJstpVpSak5,Klas Malmborg,true
i-WD3x4acRmc8gJstpVpSak5,Malmborg,false
i-WELwJkd9qNGhyU4dDFW4Vt,Jeannette Escanilla,true
i-WELwJkd9qNGhyU4dDFW4Vt,Jeannette de Las Mercedes Escanilla Diaz,false
i-WEQD8hgUpQwg9GBpzPS913,Johan Rehn,true
i-WEQD8hgUpQwg9GBpzPS913,Rehn,false
i-WEihBswEdbSHPft1HDVLfP,Johansson,false
i-WEihBswEdbSHPft1HDVLfP,Ulla Johansson,true
i-WEihBswEdbSHPft1HDVLfP,Ulla Sofia Johansson,false
i-WEoMGT8dJNxw1Jyo3WZNCW,Daniel Persson,true
i-WEoMGT8dJNxw1Jyo3WZNCW,Karl Georg Daniel Persson,false
i-WEvWjktyzaNccceUjywVYE,Frida Tånghag,true
i-WFAgacpHQWjHhsNNuUmKTE,Jonsson,false
i-WFAgacpHQWjHhsNNuUmKTE,Olof Jonsson,true
i-WFsuJWdVKk2ypGbGB5owQJ,Björck,false
i-WFsuJWdVKk2ypGbGB5owQJ,Blenda Björck,true
i-WFsuJWdVKk2ypGbGB5owQJ,Blenda Vilhelmina Björck,false
i-WG11xmCpAW9nyyXv1sJFAK,Helena Leander,true
i-WG11xmCpAW9nyyXv1sJFAK,Helena Lovisa Elisabeth Leander,false
i-WG1giJMSibawsd4Nrc2c3k,Mikael Larsson,true
i-WG1giJMSibawsd4Nrc2c3k,Mikael Robin Larsson,false
i-WG3NcV4XQvNBGvUaLPwT5w,Adam Theodore Strömberg,false
i-WG3NcV4XQvNBGvUaLPwT5w,Strömberg,false
i-WG3NcV4XQvNBGvUaLPwT5w,Thore Strömberg,true
i-WGVu1mngDvsCZRYD2QisGt,Peter Svensson,true
i-WGVu1mngDvsCZRYD2QisGt,Svensson,false
i-WGZBix5L8xWxVCoJgUxzZP,Otto Albert Wallén,false
i-WGZBix5L8xWxVCoJgUxzZP,Otto Wallen,false
i-WGZBix5L8xWxVCoJgUxzZP,Otto Wallén,true
i-WGZBix5L8xWxVCoJgUxzZP,Wallén,false
i-WGsHYsQ9x1Boej1i87THNj,Sven Trägårdh,true
i-WGsHYsQ9x1Boej1i87THNj,Trägårdh,false
i-WHEJ8ymFxv9uo3uasyct2e,Gunnel Wallin,true
i-WHaJ9obdPrHNEpxUmttRAB,Fridolf Thapper,true
i-WHaJ9obdPrHNEpxUmttRAB,Gustaf Fridolf Thapper,false
i-WHaJ9obdPrHNEpxUmttRAB,Thapper,false
i-WHo92dWsGUrUuPF6REqupQ,Anna Margareta Wohlin Andersson,false
i-WHo92dWsGUrUuPF6REqupQ,Anna Wohlin Andersson,true
i-WHo92dWsGUrUuPF6REqupQ,Wohlin-Andersson,false
i-WHymNkDpzAR2nWtNFkNShs,Anna Brita Eliasson,false
i-WHymNkDpzAR2nWtNFkNShs,Anna Eliasson,true
i-WHymNkDpzAR2nWtNFkNShs,Eliasson,false
i-WJFUxfoH9MxRGxnHzAMK9D,Hörnsten,false
i-WJFUxfoH9MxRGxnHzAMK9D,Petrus Hörnstén,true
i-WJFUxfoH9MxRGxnHzAMK9D,Petrus Jonsson Hörnstén,false
i-WJM6edqhGfBK1ijhNxfgoj,Chatrine Pålsson Ahlgren,true
i-WJM6edqhGfBK1ijhNxfgoj,Pålsson,false
i-WJgr5Acu3X9xb1C1BKUNcC,Edvard Jansson Uddenberg,false
i-WJgr5Acu3X9xb1C1BKUNcC,Edvard Uddenberg,true
i-WJgr5Acu3X9xb1C1BKUNcC,Uddenberg,false
i-WJt9CvN6go2ndHjsmuUcHK,Edström,false
i-WJt9CvN6go2ndHjsmuUcHK,Walter Edström,true
i-WJt9CvN6go2ndHjsmuUcHK,Walter Simon Edström,false
i-WL93S7zUfGRJ7yjw2ZH5if,Mildred Eriksdotter Thulin,false
i-WL93S7zUfGRJ7yjw2ZH5if,Mildred Thulin,true
i-WLU6NbD2RqdzNAUFs2iT52,Jeppsson,false
i-WLU6NbD2RqdzNAUFs2iT52,Ola Jeppsson,true
i-WLoFxaLkejd7AC3MveQKJM,Nels Nelsson,true
i-WLoFxaLkejd7AC3MveQKJM,Nelsson,false
i-WLyjFkwtat9HqVwhy6nBup,Cawallin,false
i-WLyjFkwtat9HqVwhy6nBup,Gustaf Fritiof Cawallin,true
i-WMA5CvSwpnzJGeJntPaK4Q,Carlsson,false
i-WMA5CvSwpnzJGeJntPaK4Q,Inge Carlsson,true
i-WMD43YDAt2Efk5C5qFXnaQ,Hans Karlsson,true
i-WMDzobJoNxYxctX9aYVqmx,Johannes Svensson,true
i-WMDzobJoNxYxctX9aYVqmx,Svensson,false
i-WMe342VmhSUEsxF3H6xVaN,Anna-Brita Hulth,true
i-WMeuxAewsQyBD46eUtkLFr,Barnekow,false
i-WMeuxAewsQyBD46eUtkLFr,Fredrik Barnekow,true
i-WMeuxAewsQyBD46eUtkLFr,Fredrik Christian Kjell Barnekow,false
i-WNB4cZwTSnvMM2W3cess4Y,Anna Margaretha Hansdotter af Sillén,false
i-WNB4cZwTSnvMM2W3cess4Y,Anna af Sillèn,true
i-WNB4cZwTSnvMM2W3cess4Y,Anna af Sillén,false
i-WNQjonEedV2Rp2cFjh9hxr,Rosa Svensson,true
i-WNQjonEedV2Rp2cFjh9hxr,Rosalie Alfrida Maria Svensson,false
i-WNQjonEedV2Rp2cFjh9hxr,Svensson,false
i-WNhQVQrarTs8MLGmvRT2Gn,Bonde,false
i-WNhQVQrarTs8MLGmvRT2Gn,Knut Filip Bonde,true
i-WNhQVQrarTs8MLGmvRT2Gn,Knut Philip Bonde,false
i-WP9xCizw73fm88iYaSnhyH,Anders Olsson,true
i-WP9xCizw73fm88iYaSnhyH,Olsson,false
i-WPR4RjRuRNut7Kd9a42sbP,Anna Starbrink,true
i-WPYsj5FcCBkGfYE9xtHntv,Hagermarck,false
i-WPYsj5FcCBkGfYE9xtHntv,Hans Hægermarck,true
i-WPijHiW1xB9ymV5d7aUk5b,Christina Flink,true
i-WPijHiW1xB9ymV5d7aUk5b,Flink,false
i-WQ7Smnzhqt9wdXhKVRnWUu,Sven Britton,true
i-WQ7Smnzhqt9wdXhKVRnWUu,Sven Fredrik Frithiof Britton,false
i-WQ7Smnzhqt9wdXhKVRnWUu,Sven Fredrik Fritiof Britton,false
i-WQNKL3mADkddnoQvgRde3o,Andrén,false
i-WQNKL3mADkddnoQvgRde3o,Ingrid Andrén,true
i-WQNKL3mADkddnoQvgRde3o,Ingrid Maria Andrén,false
i-WQa6YQwTfqeJST3Wo8Nm68,Einar Alexius Lind,false
i-WQa6YQwTfqeJST3Wo8Nm68,Einar Lind,true
i-WQa6YQwTfqeJST3Wo8Nm68,Lind,false
i-WQdu6MraZKg46K4qVrG243,Berlin,false
i-WQdu6MraZKg46K4qVrG243,Karl Henrik Berlin,true
i-WQy7jhhVcjc3igCufRCGPd,Isak Andreas Wallberg,false
i-WQy7jhhVcjc3igCufRCGPd,Isak Wallberg,true
i-WQy7jhhVcjc3igCufRCGPd,Wallberg,false
i-WRRY32ow2FiKqYAoHEc5z9,Jan Kuylenstjerna,true
i-WRRY32ow2FiKqYAoHEc5z9,Johan Carl Kuylenstjerna,false
i-WRRY32ow2FiKqYAoHEc5z9,Kuylenstjerna,false
i-WRT4V5yeETPopk8dVbR6JH,Sven Wieslander,true
i-WRT4V5yeETPopk8dVbR6JH,Wieslander,false
i-WRiXUtixNTz4kgEnAAs5GH,Christian Carlsson,true
i-WS6avHnstrES8AWCVeqaD9,Gripenstedt,false
i-WS6avHnstrES8AWCVeqaD9,Johan Gripenstedt,true
i-WS6avHnstrES8AWCVeqaD9,Johan Theodor Gripenstedt,false
i-WSo9j7nWA4JxRFQUJBmmXK,Mikael Peterson,true
i-WSxGsjkEHq7ws5C5Cxnh3C,Anders Gustafsson,true
i-WSxGsjkEHq7ws5C5Cxnh3C,Anders Petter Gustafsson,false
i-WSxGsjkEHq7ws5C5Cxnh3C,Gustafsson,false
i-WTCYyz27itjvuvffL1vZLi,Elina Linna,true
i-WTCYyz27itjvuvffL1vZLi,Kaarina Elina Linna,false
i-WTUJB2R5FNpHU89dXa4RTX,Emma Elisabeth Rebecka Henriksson,false
i-WTUJB2R5FNpHU89dXa4RTX,Emma Henriksson,true
i-WUoguH96ZxNkEGnQ377GY1,John Pettersson,true
i-WUoguH96ZxNkEGnQ377GY1,John W. Pettersson,false
i-WUoguH96ZxNkEGnQ377GY1,John Wilhelm Pettersson,false
i-WUoguH96ZxNkEGnQ377GY1,Pettersson,false
i-WVDVacqrD8GDk6UYBX3VJ2,Helene Hellmark Knutsson,true
i-WVHfn5ms4sfg6o6CzXfKPv,Evald Åkeson-Lundegård,true
i-WVHfn5ms4sfg6o6CzXfKPv,Jöns Christian Evald Åkeson-Lundegård,false
i-WVHfn5ms4sfg6o6CzXfKPv,Åkeson-Lundegård,false
i-WVwj2Ez8Vuor2QWmUFXfh9,Carl Jacob Wahren,false
i-WVwj2Ez8Vuor2QWmUFXfh9,Carl Wahren,true
i-WVwj2Ez8Vuor2QWmUFXfh9,Wahren,false
i-WWTjh2Sq31BbC9iSJFphqg,David Hansén,true
i-WWTjh2Sq31BbC9iSJFphqg,Hansén,false
i-WWUa4KpgLZ1YFK2FJVEjqC,Bladh,false
i-WWUa4KpgLZ1YFK2FJVEjqC,Lennart Bladh,true
i-WWVHy5fVgZxU1tYXeRXqDH,Hjorth,false
i-WWVHy5fVgZxU1tYXeRXqDH,Nils Hjorth,true
i-WWVHy5fVgZxU1tYXeRXqDH,Nils Ture Hjorth,false
i-WYKYyMpgmry8fYiHcFNTZN,Bergius,false
i-WYKYyMpgmry8fYiHcFNTZN,Oscar Bergius,true
i-WYKYyMpgmry8fYiHcFNTZN,Sebastian Oscar Gustaf Bergius,false
i-WYKuRMKM6tA1vcwdMWNGBQ,Arne Hasselgren,true
i-WYkrZExE7jfwHjmfH1DPwg,Carlsson,false
i-WYkrZExE7jfwHjmfH1DPwg,Ingvar Carlsson,true
i-WZNVdrN83hxBQXp8kigokp,Anne-Marie Wallouch,true
i-Wa6tXQoYPHW3BFdTF6DyUu,Ernst Harald Johansson,false
i-Wa6tXQoYPHW3BFdTF6DyUu,Harald Johansson,true
i-Wa6tXQoYPHW3BFdTF6DyUu,Johansson,false
i-WawMHzJoPkRr1QFEsF3nFQ,Johan Viktor Öhman,false
i-WawMHzJoPkRr1QFEsF3nFQ,Johan Viktor Öhman Jönsson,false
i-WawMHzJoPkRr1QFEsF3nFQ,Viktor Öhman,true
i-WawMHzJoPkRr1QFEsF3nFQ,Öhman,false
i-WbrCkKzXDH4v9N1NB5PEQS,Anna König Jerlmyr,true
i-Wc8BbEX41g19kGFrxayPxN,Boström,false
i-Wc8BbEX41g19kGFrxayPxN,Lena Boström,true
i-WcFxEhfmvQmsKmKrYGvvSU,Gustaf Sjöberg,true
i-WcFxEhfmvQmsKmKrYGvvSU,Sjöberg,false
i-WcUDsA6b4xTM1WgB77keve,Larsson,false
i-WcUDsA6b4xTM1WgB77keve,Sigfrid Larsson,true
i-Wd3cJwboTfCJv1Ls7d8i6d,Clason,false
i-Wd3cJwboTfCJv1Ls7d8i6d,Sam. Clason,false
i-Wd3cJwboTfCJv1Ls7d8i6d,Samuel Clason,true
i-WdNY8nhhFKybWyqEYsxaZm,Bondeson,false
i-WdNY8nhhFKybWyqEYsxaZm,Nils Anton Bondeson,true
i-WeAtsWxU9L34ZZYMAyHkr6,Ernst Gösta Åqvist,false
i-WeAtsWxU9L34ZZYMAyHkr6,Gösta Åqvist,true
i-WeAtsWxU9L34ZZYMAyHkr6,Åqvist,false
i-WexDNhXY78BSH1kmwrj9Lz,Emil Gezelius,true
i-WexDNhXY78BSH1kmwrj9Lz,Gezelius,false
i-WexDNhXY78BSH1kmwrj9Lz,L. E. Gezelius,false
i-WexDNhXY78BSH1kmwrj9Lz,Lars Emil Gezelius,false
i-WfWPgLhWs26eJLUypACqHM,Beck-Friis,false
i-WfWPgLhWs26eJLUypACqHM,Lave Beck-Frii,false
i-WfWPgLhWs26eJLUypACqHM,Lave Beck-Friis,true
i-WfWPgLhWs26eJLUypACqHM,Lave Robert Beck-Friis,false
i-Wg4JiBuxTz9fesArDXiMko,Helena Lindahl,true
i-Wg4JiBuxTz9fesArDXiMko,Helena Sofi Lindahl,false
i-WgeuZqD3cfBZGqyxn6ZWnC,Carl August Ehrensvärd,true
i-WhkYyHkAQJinZzBj9xsEfU,Annika Nordgren Christensen,true
i-WhkYyHkAQJinZzBj9xsEfU,Annika Theresia Nordgren Christensen,false
i-WhyY4N88ajLQNt1Z2Z3z44,Magnus Persson,true
i-WhyY4N88ajLQNt1Z2Z3z44,Persson,false
i-Wi2vnkLReiHaYR9PkV1x2i,Benjamin Dousa,true
i-Wi3g62hUDzMcGRj3oM1KNu,Erik A. Egervärn,true
i-Wi7xtB3duZcyBYa4p5mg7Q,Edlund,false
i-Wi7xtB3duZcyBYa4p5mg7Q,Erik Edlund,true
i-Wiq5749k7owcARUynxZuX7,Bolander,false
i-Wiq5749k7owcARUynxZuX7,Gunhild A M Bolander,false
i-Wiq5749k7owcARUynxZuX7,Gunhild Anna Maria Bolander,false
i-Wiq5749k7owcARUynxZuX7,Gunhild Bolander,true
i-WjFt6fTSYNFkhwrZDFYPM4,Adnan Dibrani,true
i-WjgeYy5RFWngMB9NwFvFEY,Christina Höj Larsen,true
i-Wjs7vhiqPDs5DWBCyXkc77,James Kennedy,true
i-Wjs7vhiqPDs5DWBCyXkc77,Kennedy,false
i-WjwKEdqXu9hDUS6P9Ua9R,Alftin,false
i-WjwKEdqXu9hDUS6P9Ua9R,Stig Alftin,true
i-Wk6USvmC27gJvrJWW5Ro4L,Marie Olsson,true
i-WkUkGYSPERNhC2T27k25Ny,Björlin,false
i-WkUkGYSPERNhC2T27k25Ny,Gustaf Björlin,true
i-WkUkGYSPERNhC2T27k25Ny,Johan Gustaf Björlin,false
i-WkpqeosLRmoEui6ggxHnMq,Mona Ritzén,true
i-WmHF7E9mhedttkdSdpuyJb,Frans Oskar Gullstrand,false
i-WmHF7E9mhedttkdSdpuyJb,Gullstrand,false
i-WmHF7E9mhedttkdSdpuyJb,Oskar Gullstrand,true
i-WmTdAfV5HETvBJeXjPDkNq,Axel Adolf Burenstam,false
i-WmTdAfV5HETvBJeXjPDkNq,Axel Burenstam,true
i-WmTdAfV5HETvBJeXjPDkNq,Burenstam,false
i-Wmqf7ntDge1sjwuTqYDRCN,Gyllenhaal af Härlingstorp,false
i-Wmqf7ntDge1sjwuTqYDRCN,Herman Gyllenhaal,true
i-WofHzvC91QXm1zodrY8bue,Andersson,false
i-WofHzvC91QXm1zodrY8bue,Hans-Eric Andersson,true
i-WohT7ca1a7EZGHQCA6XaLU,Gunnar Öhman,true
i-WohT7ca1a7EZGHQCA6XaLU,Lars Gunnar Öhman,false
i-WohT7ca1a7EZGHQCA6XaLU,Öhman,false
i-Wom6hEA2haifmk4T3FmtVd,Carl Johan Leonard Lönnberg,false
i-Wom6hEA2haifmk4T3FmtVd,Carl Lönnberg,true
i-Wom6hEA2haifmk4T3FmtVd,Lönnberg,false
i-WpG9sHKB4FrSuW2UWeGK3q,Emanuel Öz,true
i-WpdDDVBL8xRiFwxBEnVikM,Johansson,false
i-WpdDDVBL8xRiFwxBEnVikM,Kjell Johansson,true
i-WpjsWa4r6SKeBSx3ciGzMm,Yoomi Renström,true
i-WpmrqhX63Es2BchJ5zXczf,Frans Ferdinand Severin,false
i-WpmrqhX63Es2BchJ5zXczf,Frans Severin,true
i-WpmrqhX63Es2BchJ5zXczf,Severin,false
i-WpwTRcdcGLWddgdaUtKiwJ,Staffan Anger,true
i-WqeECYtjggiM2pfNAKtUaz,Björzén,false
i-WqeECYtjggiM2pfNAKtUaz,Karl Björzén,true
i-Wr6k6wHqCSCVpf8wAP1AEe,Ingrid Ronne-Björkqvist,true
i-Wr6k6wHqCSCVpf8wAP1AEe,Ronne-Björkqvist,false
i-WrFpYNF6933AC9UaHBGr18,Johan Söderberg,true
i-WrFpYNF6933AC9UaHBGr18,K. J. Söderberg,false
i-WrFpYNF6933AC9UaHBGr18,Karl Johan Söderberg,false
i-WrFpYNF6933AC9UaHBGr18,Söderberg,false
i-WryQL2LgJmMMwASMRy9cxP,Gustaf Otterborg,true
i-WryQL2LgJmMMwASMRy9cxP,Otterborg,false
i-Ws7TTEJpudwigKX5RjyhR4,Camilla Valtersson Grönvall,false
i-Ws7TTEJpudwigKX5RjyhR4,Camilla Waltersson Grönvall,true
i-Ws7TTEJpudwigKX5RjyhR4,Camilla Waltersson Grönwall,false
i-WsL6SwK6LQaRZcU4RUxvKD,Linnéa Darell,true
i-WsSYRNyvrHGqpbtNPRGG1m,Andersson,false
i-WsSYRNyvrHGqpbtNPRGG1m,Carl Magnus Andersson,false
i-WsSYRNyvrHGqpbtNPRGG1m,K.M. Andersson,false
i-WsSYRNyvrHGqpbtNPRGG1m,Karl Magnus Andersson,true
i-Wsduy8J7o5sQ4Rfm4taME5,Eric Forsselius,true
i-Wsduy8J7o5sQ4Rfm4taME5,Forsselius,false
i-Wt1hk6ZngbTgyJCGcHAvrf,Axel Gustafsson,true
i-Wt1hk6ZngbTgyJCGcHAvrf,Gustafsson,false
i-Wt1hk6ZngbTgyJCGcHAvrf,Thorbjörn Daniel Magnus Axel Gustafsson,false
i-Wt3m1HejEKnwc8V2JP8jWA,Casimir Petre,true
i-Wt3m1HejEKnwc8V2JP8jWA,Knut Casimir Petre,false
i-Wt3m1HejEKnwc8V2JP8jWA,Petre,false
i-Wt96TFts1HXNfSeEZUmzN1,Gustaf Carl Mæchel,false
i-Wt96TFts1HXNfSeEZUmzN1,Gustaf Mæchel,true
i-Wt96TFts1HXNfSeEZUmzN1,Maechel,false
i-WtGqPEB6HFcwThC62uUkYN,Beck,false
i-WtGqPEB6HFcwThC62uUkYN,Johan Wilhelm Beck,false
i-WtGqPEB6HFcwThC62uUkYN,Wilhelm Beck,true
i-WtVUiHZh5LgiVdShZaxhhB,Birgitta Rydle,true
i-WtVUiHZh5LgiVdShZaxhhB,Rydle,false
i-WtyFGwYzR93sLjMdhFD6qZ,Bergstrand,false
i-WtyFGwYzR93sLjMdhFD6qZ,Erik Gösta Bergstrand,false
i-WtyFGwYzR93sLjMdhFD6qZ,Gösta Bergstrand,true
i-WvZ8kwXQvoFrcSjSJt2YfH,Oskar Robert Themptander,false
i-WvZ8kwXQvoFrcSjSJt2YfH,Robert Themptander,true
i-WvZ8kwXQvoFrcSjSJt2YfH,Themptander,false
i-WvrkgGMVWbiVxVoPqgJuEF,Johan Lönnroth,true
i-WvrkgGMVWbiVxVoPqgJuEF,Lönnroth,false
i-WvyEouPE8dhy8CskayBP8T,Gustaf Nordenskjöld,true
i-WvyEouPE8dhy8CskayBP8T,Nordenskjöld,false
i-WvyEouPE8dhy8CskayBP8T,Otto Gustaf Nordenskjöld,false
i-Ww6YauTo4CWyVs9d39mFxt,Jacobson,false
i-Ww6YauTo4CWyVs9d39mFxt,Uddo Jacobson,true
i-Ww6YauTo4CWyVs9d39mFxt,Uddo R. Jacobson,false
i-Ww6YauTo4CWyVs9d39mFxt,Uddo Rudolv Jacobson,false
i-Ww8VV8hxCYiEXY5qDTZs5Z,Andersson,false
i-Ww8VV8hxCYiEXY5qDTZs5Z,Gustav Andersson,true
i-Ww8VV8hxCYiEXY5qDTZs5Z,Gustav Emil Andersson,false
i-WwAxWmuJAQ8HYbXtcAmkyJ,A. W. Uhr,false
i-WwAxWmuJAQ8HYbXtcAmkyJ,Anders Uhr,true
i-WwAxWmuJAQ8HYbXtcAmkyJ,Uhr,false
i-WwMYztjUv2FqUS1FNLShVt,Gustav Hjalmar Svensson,false
i-WwMYztjUv2FqUS1FNLShVt,Hjalmar Svensson,true
i-WwMYztjUv2FqUS1FNLShVt,Svensson,false
i-WwQFNFc4kYw5wzXB1NDk6o,Ernst August Lundell,false
i-WwQFNFc4kYw5wzXB1NDk6o,Ernst Lundell,true
i-WwQFNFc4kYw5wzXB1NDk6o,Lundell,false
i-WwZzVPGhpXnyH5jyp86JB7,Boriana Åberg,true
i-WwbKzXb3rxgk1GSCLbKfGv,Carlsson,false
i-WwbKzXb3rxgk1GSCLbKfGv,Hjalmar Carlsson,true
i-WwozBxo25qp9FjMbL438yk,Guldbrandsson,false
i-WwozBxo25qp9FjMbL438yk,Olof Guldbrandsson,true
i-Wx1tfWKGzs8yqrW3vR69GH,Gustaf Fredrik Steffen,false
i-Wx1tfWKGzs8yqrW3vR69GH,Gustaf Steffen,true
i-Wx1tfWKGzs8yqrW3vR69GH,Steffen,false
i-WxKXQnWjxN8pQCfBtNDnKa,Sören Wibe,true
i-WxKXQnWjxN8pQCfBtNDnKa,Wibe,false
i-WxNtezayBbnNa9487orGN4,Ingvar Johnsson,true
i-WxNtezayBbnNa9487orGN4,Johnsson,false
i-WxSJ518t8uzSX274hdbTf2,Brädefors,false
i-WxSJ518t8uzSX274hdbTf2,Johan Brädefors,true
i-WxSJ518t8uzSX274hdbTf2,Johan Herman Brädefors,false
i-WxcGYe8AGVMcCyHJTSEui2,Karl Knutson Wistrand,false
i-WxcGYe8AGVMcCyHJTSEui2,Karl Wistrand,true
i-WxcGYe8AGVMcCyHJTSEui2,Wistrand,false
i-WxkbNTV8CJv3nPByTxi3jC,Carl Gripenstedt,true
i-WxkbNTV8CJv3nPByTxi3jC,Carl Gustaf Gripenstedt,false
i-WxkbNTV8CJv3nPByTxi3jC,Gripenstedt,false
i-WxmdJHGYeATDTMRH5o26qv,Henrik Ripa,true
i-Wy2PicSNE32mpPkdNvVhLm,Federley,false
i-Wy2PicSNE32mpPkdNvVhLm,Fredrick Federley,true
i-Wyy6URyZYAGTif5UBVAaqR,Jordan,false
i-Wyy6URyZYAGTif5UBVAaqR,Kerstin Jordan,true
i-WzXyAHxnTgrbooSGfnLneN,Bergström,false
i-WzXyAHxnTgrbooSGfnLneN,Kristoffer Bergström,true
i-WznDfCH6YyNH8Yey7Nai8P,Carl Burén,true
i-WznDfCH6YyNH8Yey7Nai8P,Carl Hjalmar Pontus af Burén,false
i-WznDfCH6YyNH8Yey7Nai8P,Carl af Burén,false
i-WznDfCH6YyNH8Yey7Nai8P,af Burén,false
i-X1JrbbNDxq3LsD92NargGV,Abrahamsson,false
i-X1JrbbNDxq3LsD92NargGV,Erik Edström,true
i-X1JrbbNDxq3LsD92NargGV,Erik Rudolf Abrahamsson,false
i-X1JrbbNDxq3LsD92NargGV,Erik Rudolf Edström,false
i-X1QrH7Z1GbECRfQfzuCNFT,Hansson,false
i-X1QrH7Z1GbECRfQfzuCNFT,Hedborg,false
i-X1QrH7Z1GbECRfQfzuCNFT,Sven Hansson,true
i-X1QrH7Z1GbECRfQfzuCNFT,Sven Villiam Hansson,false
i-X1ToJn6x8wK4Am2pyYt2KG,Jan Sören Norrby,false
i-X1ToJn6x8wK4Am2pyYt2KG,Norrby,false
i-X1ToJn6x8wK4Am2pyYt2KG,Sören Norrby,true
i-X1b1iB5iFVzYX4NBDGX742,Fröderberg,false
i-X1b1iB5iFVzYX4NBDGX742,G. Fröderberg,false
i-X1b1iB5iFVzYX4NBDGX742,Gottfrid Fröderberg,true
i-X1b1iB5iFVzYX4NBDGX742,herr G. Fröderberg,false
i-X1novJneX2zJzkpbiYviPH,Johan Albert Leander Persson,false
i-X1novJneX2zJzkpbiYviPH,Johan Persson,true
i-X1novJneX2zJzkpbiYviPH,Persson,false
i-X24CbizesfxM3nuznxPzAc,Malin Björk,true
i-X2XD7JrVM6rYB4vDf23Zsg,Bergström,false
i-X2XD7JrVM6rYB4vDf23Zsg,Hans Fredrik Bergström,true
i-X2XSJdup9gu2kLcDLrPWTm,Bernhard Ekström,true
i-X2XSJdup9gu2kLcDLrPWTm,Ekström,false
i-X2XSJdup9gu2kLcDLrPWTm,Sven Gustav Bernhard Ekström,false
i-X2djGn6PWfDGF8dxbKXU4x,Arvid Thelin,true
i-X2djGn6PWfDGF8dxbKXU4x,Thelin,false
i-X3vj6o3acLXyZUJ26bu745,Anders Josef Granström,false
i-X3vj6o3acLXyZUJ26bu745,Granström,false
i-X3vj6o3acLXyZUJ26bu745,Josef Granström,true
i-X43kaZ3UoFfnrYCcPKoxe9,Gustaf Lindgren,true
i-X43kaZ3UoFfnrYCcPKoxe9,Lindgren,false
i-X4tTtS9wLMujhnTa9qtfFq,Berling,false
i-X4tTtS9wLMujhnTa9qtfFq,Edwin Berling,true
i-X4tTtS9wLMujhnTa9qtfFq,Edwin Bernhard Berling,false
i-X5EMCc1H6FYawMhSphYvEw,Jonas Sandwall,true
i-X5EMCc1H6FYawMhSphYvEw,Sandwall,false
i-X5YPdaAo2B5GFoNH4o34Wm,Adolfsson,false
i-X5YPdaAo2B5GFoNH4o34Wm,Tage Adolfsson,true
i-X5YPdaAo2B5GFoNH4o34Wm,Tage Vilhelm Arnold Adolfsson,false
i-X5irVMYi38e9gismX36fph,Erik Larsson,true
i-X5irVMYi38e9gismX36fph,Larsson,false
i-X6AB8gopi5Buu3AUSRxPUA,Borggren,false
i-X6AB8gopi5Buu3AUSRxPUA,Lars Borggren,true
i-X6KitPSU2TNdk5LQ8nGa7W,Berg,false
i-X6KitPSU2TNdk5LQ8nGa7W,Harry Berg,true
i-X6KitPSU2TNdk5LQ8nGa7W,John Harry Berg,false
i-X6twsyREWpraCXdp7kWKN8,Karin Östring Bergman,true
i-X74MvWzSQtfREMzLLMbjc7,Hannah Bergstedt,true
i-X7QdpRrmYac23fpNWEGbid,Elisabet Knutsson,true
i-X7QdpRrmYac23fpNWEGbid,Elisabet Marianne Knutsson,false
i-X7UtgpZUuiqEBWyX18Bqf,Möller,false
i-X7UtgpZUuiqEBWyX18Bqf,Yngve Algot Möller,false
i-X7UtgpZUuiqEBWyX18Bqf,Yngve Möller,true
i-X7ZnFQcmf2ie4WzmyGWFTg,Per Adam Siljeström,false
i-X7ZnFQcmf2ie4WzmyGWFTg,Per Siljeström,true
i-X7ZnFQcmf2ie4WzmyGWFTg,Siljeström,false
i-X7jqxsiaD3CFfsDmUdkHVH,Ziita Eriksson,true
i-X7kXqhE1n1PkiMA2ijiw2b,Hans Pantzarhielm,true
i-X7kXqhE1n1PkiMA2ijiw2b,Pantzarhielm,false
i-X8h8DhaFnaqHz5Z9ujNuRe,Johansson,false
i-X8h8DhaFnaqHz5Z9ujNuRe,Kersti Johansson,true
i-X982PMBvCx7RnTdjatyHBH,Billqvist,false
i-X982PMBvCx7RnTdjatyHBH,Johan Billqvist,true
i-X982PMBvCx7RnTdjatyHBH,Johan Wilhelm Billqvist,false
i-X9CKrvcskCx1d456DMZZSv,Carl Jonas,false
i-X9CKrvcskCx1d456DMZZSv,Carl Jonas Öberg,false
i-X9CKrvcskCx1d456DMZZSv,Carl Öberg,true
i-X9CKrvcskCx1d456DMZZSv,Jonas Öberg,false
i-X9CKrvcskCx1d456DMZZSv,Karl Jonas Öberg,false
i-X9CKrvcskCx1d456DMZZSv,Öberg,false
i-X9iHmN6ndTsHkwm5tNDDjA,Hagman,false
i-X9iHmN6ndTsHkwm5tNDDjA,Lars Johan Hagman,true
i-X9jqcGenibr5tWEbnZgddm,Annika Hirvonen,true
i-X9jqcGenibr5tWEbnZgddm,Annika Hirvonen Falk,false
i-XA2tyHZmBsTnGazY5vZdDM,Anders Lindewall,true
i-XA2tyHZmBsTnGazY5vZdDM,Lindewall,false
i-XA4KxPbJJcoEq2kHZmGBg8,Torsten Petersson,true
i-XAKq4ST8iCMkLqQMzWjDpp,Anders Åke Samuel Ingeström,false
i-XAKq4ST8iCMkLqQMzWjDpp,Ingeström,false
i-XAKq4ST8iCMkLqQMzWjDpp,Åke Ingeström,true
i-XAZuDYpjMWVDmo4L97UiJw,Bouvin,false
i-XAZuDYpjMWVDmo4L97UiJw,John Bouvin,true
i-XBDCc94jeNM29EqJzX4L29,Bladh,false
i-XBDCc94jeNM29EqJzX4L29,Carl Johan Bladh,true
i-XBYyxdEB4S9XcdqRzWxraq,Gustaf Sälling,true
i-XBYyxdEB4S9XcdqRzWxraq,Sälling,false
i-XBxAbUXD6Qpc9KmdA853AP,Ulrik Bergman,true
i-XCDrG8sm2g5BfsBE2XuVXB,Andersson,false
i-XCDrG8sm2g5BfsBE2XuVXB,Jonas Andersson,true
i-XCrMK1eV8FdwhVewo7Kawo,Magnus Svensson,true
i-XCrMK1eV8FdwhVewo7Kawo,Svensson,false
i-XCrs5cGPH9J1SToBdwxJgt,Patrik Lundqvist,true
i-XD5q9S6mMdHF4YeAdX1eSp,Hallén,false
i-XD5q9S6mMdHF4YeAdX1eSp,Harald Hallén,true
i-XDG44hX632Fdzg8LhQZZrW,Alfred Wilhelm Dufwa,false
i-XDG44hX632Fdzg8LhQZZrW,Dufwa,false
i-XDG44hX632Fdzg8LhQZZrW,Wilhelm Dufva,true
i-XECKTTjQaHWrFpZmPEsrFS,Axel Hugo Hansson,true
i-XECKTTjQaHWrFpZmPEsrFS,Hansson,false
i-XEaguj6e5odu6YoYQ7mu5L,A.P. Danielsson,false
i-XEaguj6e5odu6YoYQ7mu5L,Anders Danielsson,true
i-XEaguj6e5odu6YoYQ7mu5L,Anders Peter Danielson,false
i-XEaguj6e5odu6YoYQ7mu5L,Anders Peter Danielsson,false
i-XEaguj6e5odu6YoYQ7mu5L,Danielson,false
i-XEaguj6e5odu6YoYQ7mu5L,Ölandskungen,false
i-XEodzHRJf2uetv7ApmFnoZ,Märta Johansson,true
i-XEtEg6LxsMQkypjsyUrdjn,Karl Pettersson,true
i-XEtEg6LxsMQkypjsyUrdjn,Pettersson,false
i-XFEhRzCFQQDP2ss1U1FZYV,Nils Olsson,true
i-XFEhRzCFQQDP2ss1U1FZYV,Olsson,false
i-XFn7HKPbp692zeZ4ZLv4sA,Erik Alexander Lovén,false
i-XFn7HKPbp692zeZ4ZLv4sA,Erik Lovén,true
i-XFn7HKPbp692zeZ4ZLv4sA,Lovén,false
i-XFu1gN89bz1x4j7roDrxFs,Bernström,false
i-XFu1gN89bz1x4j7roDrxFs,Johan Peter Fredrik Bernström,false
i-XFu1gN89bz1x4j7roDrxFs,John Bernström,true
i-XFvxb4bptmZPzw7MdYbugi,Ingrid Ludvigsson,true
i-XFvxb4bptmZPzw7MdYbugi,Ingrid Margareta Ludvigsson,false
i-XFvxb4bptmZPzw7MdYbugi,Ludvigsson,false
i-XFw6Aez9GFvC4zffvmaER,Elvy Sjödin,false
i-XFw6Aez9GFvC4zffvmaER,Elvy Westerberg,true
i-XFw6Aez9GFvC4zffvmaER,Westerberg,false
i-XG3rY49M8JarQUqJWodHD2,Johan Persson,true
i-XG3rY49M8JarQUqJWodHD2,Johan Peter Persson,false
i-XG3rY49M8JarQUqJWodHD2,Persson,false
i-XGV9WC6oL1KU2HeBs1bLQi,Patrik Stockman,true
i-XGV9WC6oL1KU2HeBs1bLQi,Stockman,false
i-XGVW64gsZQSueELeaURjDd,Magnus Matsson,true
i-XGVW64gsZQSueELeaURjDd,Matsson,false
i-XGWqnkmp2TJXdX22jEWCNo,Björck,false
i-XGWqnkmp2TJXdX22jEWCNo,Johan Theodor Björck,false
i-XGWqnkmp2TJXdX22jEWCNo,John Björck,true
i-XGXudkHXmtGS8CjJ9L2Hkr,Hanif Bali,true
i-XGcmQkRYP2reGmaum7rqxm,Anderson,false
i-XGcmQkRYP2reGmaum7rqxm,Frans Albert Anderson,true
i-XGgCQfA3Kci4uNfiMH5wvj,Billy Olsson,true
i-XGgCQfA3Kci4uNfiMH5wvj,Olsson,false
i-XGshyFMh8wg9ExkBGYPjsr,Désirée Liljevall,true
i-XHGEr9gT86aGLJ6yC3EhBL,Carl Carlsson,true
i-XHGEr9gT86aGLJ6yC3EhBL,Carl Israel Carlsson,false
i-XHGEr9gT86aGLJ6yC3EhBL,Carlsson,false
i-XHKe7WYPsP3rxDit2742Tq,Hedvall,false
i-XHKe7WYPsP3rxDit2742Tq,Yvonne Hedvall,true
i-XHV3Jma1USzsvirxeMuCqV,Gösta Siljeström,true
i-XHV3Jma1USzsvirxeMuCqV,Siljeström,false
i-XHqnWQbStGmcbNEtWCryQA,Gustaf Christoffer Pettersson,false
i-XHqnWQbStGmcbNEtWCryQA,Gustaf Hellbacken,true
i-XHqnWQbStGmcbNEtWCryQA,Gustaf Kristoffer Hellbacken,false
i-XHqnWQbStGmcbNEtWCryQA,Gustaf Kristoffer Pettersson,false
i-XHqnWQbStGmcbNEtWCryQA,Gustaf Pettersson,false
i-XHqnWQbStGmcbNEtWCryQA,Hellbacken,false
i-XHqnWQbStGmcbNEtWCryQA,Pettersson,false
i-XHzgSBhvzhMtyTsYMbxgy4,Fredrik Schulte,true
i-XKBEUKbavmqFvdi75cDrts,Magdalena Schröder,false
i-XKBEUKbavmqFvdi75cDrts,Magdalena Thuresson,true
i-XKHbL4bkXwE12WE1BHAVR5,Jon Jonsson,true
i-XKHbL4bkXwE12WE1BHAVR5,Jonas Jonsson,false
i-XKHbL4bkXwE12WE1BHAVR5,Jonsson,false
i-XKg5iH6wEvNmjVSbmtT8aG,Andersson,false
i-XKg5iH6wEvNmjVSbmtT8aG,Hugo Andersson,true
i-XKg5iH6wEvNmjVSbmtT8aG,Karl Hugo Severin Andersson,false
i-XKq5mTVYarEv97qXpyBniT,Eivor Husing,true
i-XKq5mTVYarEv97qXpyBniT,Husing,false
i-XLHgMviLWvZePVW618wm98,Margareta Elisabet Fransson,false
i-XLHgMviLWvZePVW618wm98,Margareta Fransson,true
i-XLVGDGtQ7NCyXWncMFEL2t,Johan Nilsson,true
i-XLVGDGtQ7NCyXWncMFEL2t,Nilsson,false
i-XMFfjgbH6gvFr5RFbzt2ZH,Maria Strömkvist,true
i-XMH1uy2UiPxnFUVo56mQbp,Christian Sjögreen,true
i-XMH1uy2UiPxnFUVo56mQbp,Christian Wilhelm Sjögree,false
i-XMH1uy2UiPxnFUVo56mQbp,Sjögreen,false
i-XMTSTL8n8H7DwXjCiELq1r,Johansson,false
i-XMTSTL8n8H7DwXjCiELq1r,Olof Johansson,true
i-XMTSTL8n8H7DwXjCiELq1r,Olof Konstantin Johansson,false
i-XMfjFNP4aSnrmwXadviHbG,Carl Fredrik af Geijerstam,true
i-XMfjFNP4aSnrmwXadviHbG,Carl af Geijerstam,false
i-XMfjFNP4aSnrmwXadviHbG,af Geijerstam,false
i-XN7bgwBGaQixfiHi5Cbu8f,Cecilia Wikström,true
i-XN7bgwBGaQixfiHi5Cbu8f,Wikström,false
i-XN7tDPnbxfoAVd6DncRecj,Lundgren,false
i-XN7tDPnbxfoAVd6DncRecj,Sven Johan Lundgren,false
i-XN7tDPnbxfoAVd6DncRecj,Sven Lundgren,true
i-XNR1rnnKBMVQeMxhbj1afA,Gerda Maria Nilsson,false
i-XNR1rnnKBMVQeMxhbj1afA,Gerda Nilsson,true
i-XNR1rnnKBMVQeMxhbj1afA,Nilsson,false
i-XNhzoo8e4qc1cM8U6t4ep8,Mathias Sundin,true
i-XNt7eWTuNMW1Ce4R4bYMT,Leila A Elmi,false
i-XNt7eWTuNMW1Ce4R4bYMT,Leila Ali Elmi,true
i-XPr3PnVuUMtyzo8JrG3hoP,Gösta Jacobsson,true
i-XPr3PnVuUMtyzo8JrG3hoP,Jacobsson,false
i-XPu3ZHL3w9uUH4TKYHMmif,Linus Lakso,true
i-XQAzCv28W16uuk7HhQLdZZ,Anders W Jonsson,false
i-XQAzCv28W16uuk7HhQLdZZ,Anders W. Jonsson,true
i-XQDnBCoJiibzSPLTXopxxL,Lövgren,false
i-XQDnBCoJiibzSPLTXopxxL,Oscar Lövgren,true
i-XQDnBCoJiibzSPLTXopxxL,Oscar Wilhelm Lövgren,false
i-XQnMaT4yWCTwkVL5T67MwV,Veronica Lindholm,true
i-XR2oVxSMgrpcHqDqNW2bkk,Johan Anders Sandberg,false
i-XR2oVxSMgrpcHqDqNW2bkk,Johan Sandberg,true
i-XR2oVxSMgrpcHqDqNW2bkk,Sandberg,false
i-XR9BxcVrd8sb1rJBBTL5vp,Nils-Göran Holmqvist,true
i-XR9Vp9V4Sxq1vZVV1e4d7K,Carl Ludvig Peyron,false
i-XR9Vp9V4Sxq1vZVV1e4d7K,Carl Ludwig Peyron,false
i-XR9Vp9V4Sxq1vZVV1e4d7K,Ludvig Peyron,true
i-XR9Vp9V4Sxq1vZVV1e4d7K,Peyron,false
i-XRXtPdXG8Ahj3n8huVdjCn,Per Ramhorn,true
i-XReDscGERZf5yzSxFeceD3,Elisabeth Fleetwood,true
i-XReDscGERZf5yzSxFeceD3,Fleetwood,false
i-XRp7QdikWCma15LZRVtY8b,Eskil Gunnar Ferdinand Eskilsson,false
i-XRp7QdikWCma15LZRVtY8b,Eskilsson,false
i-XRp7QdikWCma15LZRVtY8b,Gunnar Eskilsson,true
i-XS1DYyajKnUSXB7m9DT6C2,Rasmus Ling,true
i-XS7pPzaQWctPHpTUateSNr,Henrik Johan Sundström,true
i-XS7pPzaQWctPHpTUateSNr,Sundström,false
i-XScHuZhUG7vGfDLenjxRiL,Saila Quicklund,true
i-XScHuZhUG7vGfDLenjxRiL,Saila Qvicklund,false
i-XSfpt3LJjNde4FE5GvvQcM,Theodor Wijkander,true
i-XSfpt3LJjNde4FE5GvvQcM,Wijkander,false
i-XSmf7kggQT5AhCPw4beW4j,Erik Holmkvist,true
i-XSmf7kggQT5AhCPw4beW4j,Holmkvist,false
i-XSnuDBHTtWXrXVybtzD9Qx,Nicklas Attefjord,true
i-XSoE59R8vSeGm31iRSvpAz,Ulrik Lindgren,true
i-XSuWURvcJRjSbVSYUBBuD2,Stina Bergström,true
i-XTEgYqYEPitSbwniFiu64f,Orgård,false
i-XTEgYqYEPitSbwniFiu64f,Per Leander Orgård,false
i-XTEgYqYEPitSbwniFiu64f,Per Orgård,true
i-XTEgYqYEPitSbwniFiu64f,Per Persson,false
i-XTEgYqYEPitSbwniFiu64f,Persson,false
i-XTQdTTGwiQ9iKGjbQTfGYs,Ekenman,false
i-XTQdTTGwiQ9iKGjbQTfGYs,Victor Ekenman,true
i-XTQdTTGwiQ9iKGjbQTfGYs,Victor Nils Ekenman,false
i-XTWxYpC6x2AgbcStGcjNDj,Adolf Wallerius,true
i-XTWxYpC6x2AgbcStGcjNDj,Anders Teodor Adolf Wallerius,false
i-XTWxYpC6x2AgbcStGcjNDj,Anders Theodor Adolf Wallerius,false
i-XTWxYpC6x2AgbcStGcjNDj,Wallerius,false
i-XTf25gUAVtuwZ1GptGyw5N,Carl Edvard Thermænius,false
i-XTf25gUAVtuwZ1GptGyw5N,Edvard Thermænius,true
i-XTf25gUAVtuwZ1GptGyw5N,Thermænius,false
i-XTgyVpAqWPjefgzQvGGcDr,Enar Nordenfelt,true
i-XTgyVpAqWPjefgzQvGGcDr,Enar Wilhelm Nordenfelt,false
i-XTgyVpAqWPjefgzQvGGcDr,Nordenfelt,false
i-XTwJUZzB6xKAAtc71pzxWc,Carl Ljungman,true
i-XTwJUZzB6xKAAtc71pzxWc,Ljungman,false
i-XTyDCnHnwEJ8LVRHwZJ9Eo,Alvar Andersson,true
i-XTyDCnHnwEJ8LVRHwZJ9Eo,Andersson,false
i-XTyDCnHnwEJ8LVRHwZJ9Eo,Martin Alvar Andersson,false
i-XU3vkRPSoCt6rH6qA9Jteb,Anton Abele,true
i-XULYeJ2qC9ukoTWdGkhG34,Axel Herman Georg Rogberg,false
i-XULYeJ2qC9ukoTWdGkhG34,Herman Rogberg,true
i-XULYeJ2qC9ukoTWdGkhG34,Rogberg,false
i-XUtcA2AURHDtART3wk1Nx9,Peter von Möller,true
i-XUtcA2AURHDtART3wk1Nx9,von Möller,false
i-XVjUKhsrrAKR1VwzwhSmLV,Chris Heidi Rosalie Karlsson,false
i-XVjUKhsrrAKR1VwzwhSmLV,Chris Heidi Rosalie Kronvall,false
i-XVjUKhsrrAKR1VwzwhSmLV,Heidi Karlsson,true
i-XVjUKhsrrAKR1VwzwhSmLV,Heidi Kronvall,false
i-XVq7VMgxkg2ewPvkLyEVdg,Berg,false
i-XVq7VMgxkg2ewPvkLyEVdg,Johan Volrath Berg,false
i-XVq7VMgxkg2ewPvkLyEVdg,Volrath Berg,true
i-XWMD9CBg1zeokKwUBdWbUT,Ehrnberg,false
i-XWMD9CBg1zeokKwUBdWbUT,Gustaf Ehrnberg,true
i-XWMD9CBg1zeokKwUBdWbUT,Gustaf Theodor Ehrnberg,false
i-XXBpK5wHTgKTajooKHNpZp,John Takman,true
i-XXBpK5wHTgKTajooKHNpZp,Takman,false
i-XXHxxQRuSjGXVxaVhcXaFk,Åke Sandström,true
i-XXihiNpmHWiiceHXeDfC69,Hans Wachtmeister,true
i-XXihiNpmHWiiceHXeDfC69,Hans Wilhelm Axelsson Wachtmeister,false
i-XXihiNpmHWiiceHXeDfC69,Wachtmeister,false
i-XXihiNpmHWiiceHXeDfC69,Wachtmeister af Johannishus,false
i-XXuTUfCrSzD7sKMdyYtEft,Sofia Larsen,true
i-XXz7ZWjJdXTAFDiHULPWwn,Carl Fredrik Gustav Tengström,false
i-XXz7ZWjJdXTAFDiHULPWwn,Carl Gustav Tengström,true
i-XXz7ZWjJdXTAFDiHULPWwn,Tengström,false
i-XYYWDqwaMDuNe4nzR1T3aQ,August Wilhelm Pettersson,true
i-XYYWDqwaMDuNe4nzR1T3aQ,Pettersson,false
i-XYorBBswJHmzvkzAvCFPDM,Ulrika Westerlund,true
i-XZGrEDDqXZhywt6rtLaXaE,Marianne Åhman,true
i-XZz1jQQH9xhGkKqAmy5px3,Anders Isaksson,true
i-XZz1jQQH9xhGkKqAmy5px3,Anders Victor Isaksson,false
i-XZz1jQQH9xhGkKqAmy5px3,Isaksson,false
i-XZzUqSm2eD7EPMwfDLP3Q4,Birgit Henriksson,true
i-XZzUqSm2eD7EPMwfDLP3Q4,Birgit Kristina Henriksson,false
i-XZzUqSm2eD7EPMwfDLP3Q4,Henriksson,false
i-XaBXNZ3wDQHR6znbmJPd6u,Karl Rudolf Rydin,false
i-XaBXNZ3wDQHR6znbmJPd6u,Karl Rydin,true
i-XaBXNZ3wDQHR6znbmJPd6u,Rydin,false
i-XagQaE6Y2Zc9wu7WvmLcTC,Adolv Olsson,true
i-XagQaE6Y2Zc9wu7WvmLcTC,Gustaf Adolf Olsson,false
i-XagQaE6Y2Zc9wu7WvmLcTC,Gustav Adolv Olsson,false
i-XagQaE6Y2Zc9wu7WvmLcTC,Olsson,false
i-XaiyQJ3qwYoTtdwFETFt9R,Billström,false
i-XaiyQJ3qwYoTtdwFETFt9R,Johan Emanuel Billström,true
i-XarQYuavFDHmkgFysBWesM,Carl Oskar Troilius,true
i-XarQYuavFDHmkgFysBWesM,Troilius,false
i-XavvkneSj1497htyNRcpv6,Christina Elisabeth Oskarsson,false
i-XavvkneSj1497htyNRcpv6,Christina Nenes,false
i-XavvkneSj1497htyNRcpv6,Christina Oskarsson,true
i-XawAMXosHR6z4JL22muW4x,Furustrand,false
i-XawAMXosHR6z4JL22muW4x,Reynoldh Furustrand,true
i-XazZeCYyyq3u8LSAmNahPt,Andersson,false
i-XazZeCYyyq3u8LSAmNahPt,Elving Andersson,true
i-Xb3C5Vr1Nuk3LEZVCSNSgM,Lars Persson,true
i-Xb3C5Vr1Nuk3LEZVCSNSgM,Persson,false
i-XbCfjEe1cVnqY8xTgupHmE,Carl Herman Lundström,false
i-XbCfjEe1cVnqY8xTgupHmE,Carl Lundström,true
i-XbCfjEe1cVnqY8xTgupHmE,Lundström,false
i-XbK9QwjH3ADwitYWM1kkBW,Carl Fredrik Edvin Emil Key,false
i-XbK9QwjH3ADwitYWM1kkBW,Emil Key,true
i-XbK9QwjH3ADwitYWM1kkBW,Key,false
i-XbPNTXJL74ynfThk9DM7o9,Nyman,false
i-XbPNTXJL74ynfThk9DM7o9,Sven Arne Nyman,false
i-XbPNTXJL74ynfThk9DM7o9,Sven Nyman,true
i-Xbq1HVkxhCYVmfPLN63HRo,Daniel Riazat,true
i-XbuULEUsCsZ36bYqq75hFV,Jörgen Hellman,true
i-Xc2gauHt5Y4GsTNbgqrrAo,Yilmaz Kerimo,true
i-XcAqMe3ntVBboWUxqACfz,Gunnar Andrén,true
i-Xca6vWGc3RHnpoDiuPxcDv,Jörgen Berglund,true
i-XcvJwNhbqGMr7DdTNsQPe2,Anton Norling,true
i-XcvJwNhbqGMr7DdTNsQPe2,Norling,false
i-Xdm5kHCFuUrEFgTvVvqyVW,Peter Lundgren,true
i-XdricRvZKp8jwbwrxEgcha,Allan Hernelius,true
i-XdricRvZKp8jwbwrxEgcha,Hernelius,false
i-XdricRvZKp8jwbwrxEgcha,John Allan Hernelius,false
i-Xdy8t5sLfraMuoGMNLMKVs,Per Truedsson,true
i-Xdy8t5sLfraMuoGMNLMKVs,Truedsson,false
i-Xe7y1HUKo3cwvjoGKibVwZ,Olof Olson,true
i-Xe7y1HUKo3cwvjoGKibVwZ,Olson,false
i-Xen7en5TVgx7rgukqPWy2e,Henning Schultz,true
i-Xen7en5TVgx7rgukqPWy2e,Schultz,false
i-XesC4j21qKcnKK92SiiQJG,Helena Nilsson Lannegren,true
i-XeyeGRfbr2ZzeuguhAhtqK,Axel Carlsson,true
i-XeyeGRfbr2ZzeuguhAhtqK,Carlsson,false
i-Xg54YtwPgcY94ZshVxjnUK,Johan Larsson,true
i-Xg54YtwPgcY94ZshVxjnUK,Karl Johan Larsson,false
i-Xg54YtwPgcY94ZshVxjnUK,Karl Johan Magnus Larsson,false
i-Xg54YtwPgcY94ZshVxjnUK,Larsson,false
i-Xg9ZokN4NSkzBXGwFPq1XX,Lars Ljungberg,true
i-Xg9ZokN4NSkzBXGwFPq1XX,Ljungberg,false
i-XgRZtFgzPDL7KcwsDvGVej,Fredrik Reinfeldt,true
i-XgRZtFgzPDL7KcwsDvGVej,John Fredrik Reinfeldt,false
i-XgRZtFgzPDL7KcwsDvGVej,Reinfeldt,false
i-XgZdTbjgamErnRCfpSiT8B,Axel Emil Ljungberg,false
i-XgZdTbjgamErnRCfpSiT8B,Axel Ljungberg,true
i-XgZdTbjgamErnRCfpSiT8B,Ljungberg,false
i-XhKn9p4oQVJvYzm2h78jih,Sven-Erik Sjöstrand,true
i-Xhc5fjdzqZYRf62RK1zz52,Frithiof Schöning,true
i-Xhc5fjdzqZYRf62RK1zz52,J.F. Schöning,false
i-Xhc5fjdzqZYRf62RK1zz52,Johan Frithiof Göthe Schöning,false
i-Xhc5fjdzqZYRf62RK1zz52,Johan Frithiof Schöning,false
i-Xhc5fjdzqZYRf62RK1zz52,Schöning,false
i-XhgkHRp5J4iNHwHs3ixdfy,Granlund,false
i-XhgkHRp5J4iNHwHs3ixdfy,Johan Erik Granlund,true
i-XicxrLBQxjhZaEf1H2rBfF,Gustaf Ros,true
i-XicxrLBQxjhZaEf1H2rBfF,Johan Gustaf Ros,false
i-XicxrLBQxjhZaEf1H2rBfF,Ros,false
i-XimzbhsHd6LGFXU9s2FTzJ,Andersson,false
i-XimzbhsHd6LGFXU9s2FTzJ,Marianne Andersson,true
i-XjJSAF3ZesohNnEDqUn3Eo,Boija,false
i-XjJSAF3ZesohNnEDqUn3Eo,Gustav Boija,true
i-XjJSAF3ZesohNnEDqUn3Eo,K. E. Gustav Boija,false
i-XjJSAF3ZesohNnEDqUn3Eo,Kurt Emil Gustav Boija,false
i-XjeBveco6xeCaeLB8tb5Mm,August Hygrell,true
i-XjeBveco6xeCaeLB8tb5Mm,August Vilhelm Hygrell,false
i-XjeBveco6xeCaeLB8tb5Mm,Hygrell,false
i-Xk2ZY1AVkT44C7mHKMPyhE,C. G. Ekman,false
i-Xk2ZY1AVkT44C7mHKMPyhE,Carl Gustaf Ekman,true
i-Xk2ZY1AVkT44C7mHKMPyhE,Ekman,false
i-XkAPddbHxSrxgEhj4f98qz,Johnsson,false
i-XkAPddbHxSrxgEhj4f98qz,Pehr Albin Johnsson,false
i-XkAPddbHxSrxgEhj4f98qz,Pehr Johnsson,true
i-XkBLzyhNam87rntGgPVaog,Krister Andersson,true
i-XkEmzze1xrzZku87gfe33A,Rezene Tesfazion,true
i-XmKy9xZWRYrVWK3GgNvWyc,Christer Adelsbo,true
i-XmkqQiDcg1H1snaFPhZxux,Sten Ragnar Åkesson,false
i-XmkqQiDcg1H1snaFPhZxux,Sten Åkesson,true
i-XmkqQiDcg1H1snaFPhZxux,Åkesson,false
i-XnAJTZxq8aH1QaVGLczDrb,Sundin,false
i-XnAJTZxq8aH1QaVGLczDrb,Sven Erik Sundin,false
i-XnAJTZxq8aH1QaVGLczDrb,Sven Sundin,true
i-XnQDSX294nH3szRa45nm6F,Andersson,false
i-XnQDSX294nH3szRa45nm6F,Axel Andersson,true
i-XnQDSX294nH3szRa45nm6F,Axel Emanuel Andersson,false
i-XnS7fqeXfiQQG94B2iCtBm,Anders Johan Andersson,false
i-XnS7fqeXfiQQG94B2iCtBm,Andersson,false
i-XnS7fqeXfiQQG94B2iCtBm,Johan Andersson,true
i-Xncfe1szgnEB2oHPgxWhmW,Lestander,false
i-Xncfe1szgnEB2oHPgxWhmW,Paul Lestander,true
i-Xnfdsoak1nYgytrHECpTyA,Daniel Viklund,true
i-Xnfdsoak1nYgytrHECpTyA,Johan Vilhelm Daniel Viklund,false
i-Xnfdsoak1nYgytrHECpTyA,Viklund,false
i-XnqV9oGjYZsvNk12FSJ56t,Jan-Eric Virgin,true
i-XnqV9oGjYZsvNk12FSJ56t,Jan-Erik Virgin,false
i-XnqV9oGjYZsvNk12FSJ56t,Virgin,false
i-Xoihr99fu5qeyC6u1xfjwL,Nilsson,false
i-Xoihr99fu5qeyC6u1xfjwL,Ola Nilsson,true
i-Xok4nQSqYazURFkyGM6138,Cervin,false
i-Xok4nQSqYazURFkyGM6138,Johan Erik Cervin,true
i-Xp7Lb6LFMsea6MXjNEh5iE,Sandberg-Fries,false
i-Xp7Lb6LFMsea6MXjNEh5iE,Yvonne Sandberg-Fries,true
i-XpCTpgpNVT4gFc5vhwSnQT,Fock,false
i-XpCTpgpNVT4gFc5vhwSnQT,Nils Fock,true
i-XpCTpgpNVT4gFc5vhwSnQT,Nils Gustaf Fock,false
i-XpRXy1i9mTu6afbZJbpqkh,Fredrik Wilhelm Henrik Pegelow,false
i-XpRXy1i9mTu6afbZJbpqkh,Fritz Pegelow,true
i-XpRXy1i9mTu6afbZJbpqkh,Pegelow,false
i-Xq1ek9t1ap72cEWhNzJAtr,Andersson,false
i-Xq1ek9t1ap72cEWhNzJAtr,Gustav Ingemar Andersson,false
i-Xq1ek9t1ap72cEWhNzJAtr,Ingemar Andersson,true
i-Xq3Hwkp78vmDSRimdWMTjs,Luksep,false
i-Xq3Hwkp78vmDSRimdWMTjs,Peeter Luksep,true
i-Xq8ixbKqYHbdGYt19bzJkX,Tomas Salzmann,true
i-XqKbySrEocjq4LS7n5V8UD,Lundell,false
i-XqKbySrEocjq4LS7n5V8UD,Torsten Lundell,true
i-XqKbySrEocjq4LS7n5V8UD,Torsten Waldemar Lundell,false
i-Xqo83uEfAGu6C7HdvFMFwx,Axel Ludvig Hansson,false
i-Xqo83uEfAGu6C7HdvFMFwx,Axel Ludvig Rubbestad,false
i-Xqo83uEfAGu6C7HdvFMFwx,Axel Rubbestad,true
i-Xqo83uEfAGu6C7HdvFMFwx,Hansson,false
i-XqueWt23XLsUvF893hRNry,Torgny Johansson,true
i-XqzAgPpb5cRyKeomtt2zjy,Carl Ernst Gilius Frick,false
i-XqzAgPpb5cRyKeomtt2zjy,Carl Frick,true
i-XqzAgPpb5cRyKeomtt2zjy,Frick,false
i-XrDegv7uQGz4MSbepK4txd,Karin Ann-Marie Söder,false
i-XrDegv7uQGz4MSbepK4txd,Karin Söder,true
i-XrDegv7uQGz4MSbepK4txd,Söder,false
i-XrNc89fpHG95JUUnu9AJpV,Georg Liljenroth,true
i-XrNc89fpHG95JUUnu9AJpV,Liljenroth,false
i-Xrj5P46hsif4EVQjEQc8eH,Andersson,false
i-Xrj5P46hsif4EVQjEQc8eH,Georg Andersson,true
i-Xrj5P46hsif4EVQjEQc8eH,Georg Leander Andersson,false
i-Xsbbf81LQtJ9pGyMEcsq1p,Johan Magnus Lindgren,true
i-Xsbbf81LQtJ9pGyMEcsq1p,Lindgren,false
i-XsfXv8WVBGN37L8xtpMmkZ,Eivor Nilsson,true
i-XsfXv8WVBGN37L8xtpMmkZ,Nilson,false
i-XsqTLM8XkrWMMmESz97Mak,Jon Jonsson,true
i-XsqTLM8XkrWMMmESz97Mak,Jonas Jonsson,false
i-XsqTLM8XkrWMMmESz97Mak,Jonsson,false
i-Xt8b1sdN9ngjPgtxjLqvKu,Marianne Stålberg,true
i-Xt8b1sdN9ngjPgtxjLqvKu,Stålberg,false
i-Xte2hVf6qgEgJA6sWB1cDH,Malcolm Momodou Jallow,false
i-Xte2hVf6qgEgJA6sWB1cDH,Momodou Jallow,true
i-Xte2hVf6qgEgJA6sWB1cDH,Momodou Malcolm Jallow,false
i-XtmNBve5ZXP3EPqxy82qt4,Karl Rikard Svensson,false
i-XtmNBve5ZXP3EPqxy82qt4,Rikard Svensson,true
i-XtmNBve5ZXP3EPqxy82qt4,Svensson,false
i-Xtus94bWfPgNgA5bbAzUCK,Magnus Pehrsson,true
i-Xtus94bWfPgNgA5bbAzUCK,O Magnus Pehrsson,false
i-Xtus94bWfPgNgA5bbAzUCK,Oscar Magnus Pehrsson,false
i-Xtus94bWfPgNgA5bbAzUCK,Pehrsson,false
i-XtxigUdK1MbGs1wWJAVxP4,Larsson,false
i-XtxigUdK1MbGs1wWJAVxP4,Per Larsson,true
i-Xu3HF9DjYTqmodNduKnkM8,Maja Ohlin,true
i-Xu3HF9DjYTqmodNduKnkM8,Ohlin,false
i-XuDGU2fejbHx97YqvyuWq7,Karlsson,false
i-XuDGU2fejbHx97YqvyuWq7,Wictor Emanuel Karlsson,false
i-XuDGU2fejbHx97YqvyuWq7,Wictor Karlsson,true
i-Xuj1vM6ABWqwaf2n7VoBVD,Peder Björk,true
i-XuybHHvxaKR66VfzQMSKCq,Ingrid Segerstedt Wiberg,true
i-XuybHHvxaKR66VfzQMSKCq,Segerstedt Wiberg,false
i-Xv1teZ6PeM8hpGYsTmNeNx,Erik Eriksson,true
i-Xv1teZ6PeM8hpGYsTmNeNx,Eriksson,false
i-Xv6Qpv2AXpXRsohVu3AX1F,Arne Forssell,true
i-Xv6Qpv2AXpXRsohVu3AX1F,C Arne Forssell,false
i-Xv6Qpv2AXpXRsohVu3AX1F,Carl Arne Forssell,false
i-Xv6Qpv2AXpXRsohVu3AX1F,Forssell,false
i-XvdGNU5wNmbTiaurFoUuPb,Eva Arvidsson,true
i-XvdGNU5wNmbTiaurFoUuPb,Eva Birgitta Arvidsson,false
i-Xve78QBoJcDPDiH8icRzhE,Marie-Louise Rönnmark,true
i-XvpBFhfR9SDB1i9KLCmqX2,Hedlund,false
i-XvpBFhfR9SDB1i9KLCmqX2,Verner Hedlund,true
i-XvpBFhfR9SDB1i9KLCmqX2,Verner Vilhelm Hedlund,false
i-Xvpu7KtsFhUijgkbtWpCVM,Bror Cederström,true
i-Xvpu7KtsFhUijgkbtWpCVM,Gustaf Albrekt Bror Cederström,false
i-XvsqDpKh8YT36AhzqULLpB,Erik Rikard Hagberg,false
i-XvsqDpKh8YT36AhzqULLpB,Hagberg,false
i-XvsqDpKh8YT36AhzqULLpB,Rikard Hagberg,true
i-Xvwr4Q7CsjqRAtkC5NmcYG,Linus Sköld,true
i-Xw3dNbwa4hjDiSrSfFCZsz,Magnus Ehrencrona,true
i-Xwk22v3CbWP8hmeAtux2J,Jakob Otterström,true
i-Xwk22v3CbWP8hmeAtux2J,Otterström,false
i-XwmKkmJMGNvgPVBLAFwPNU,Anders Eriksson,true
i-XwmKkmJMGNvgPVBLAFwPNU,Anders Wilhelm Eriksson,false
i-XwmKkmJMGNvgPVBLAFwPNU,Eriksson,false
i-XxMRaKyWvbxm3uJmt8WBtZ,Ingvardsson,false
i-XxMRaKyWvbxm3uJmt8WBtZ,Margo Sörinder-Ingvardsson,false
i-XxMRaKyWvbxm3uJmt8WBtZ,Margó Ingvardsson,true
i-XxMRaKyWvbxm3uJmt8WBtZ,Sörinder-Ingvardsson,false
i-XxSUJNBQZpQS5T2Uu3jzYP,Alsén,false
i-XxSUJNBQZpQS5T2Uu3jzYP,Hans Alsén,true
i-XxqByKdzBzhYNpGXoPLHa7,Jonas Larsson,true
i-XxqByKdzBzhYNpGXoPLHa7,Larsson,false
i-XxqQtZTdHUTphXEbUJ35Ss,Håkan Larsson,true
i-XxxhK5cXr2wqWtUSsWnphS,Bengtson,false
i-XxxhK5cXr2wqWtUSsWnphS,Torsten Bengtson,true
i-XxxhK5cXr2wqWtUSsWnphS,Torsten Stanley Bengtson,false
i-Xy5QKgZNAAxwtYM5hJ2E5U,Adolf Ericson,true
i-Xy5QKgZNAAxwtYM5hJ2E5U,Adolf Johan Ericson,false
i-Xy5QKgZNAAxwtYM5hJ2E5U,Ericson,false
i-Xy8Q95HPbgxgm5iGyCyBLd,Carl Zeth Konstantin Höglund,false
i-Xy8Q95HPbgxgm5iGyCyBLd,Höglund,false
i-Xy8Q95HPbgxgm5iGyCyBLd,Karl Zeth Höglund,false
i-Xy8Q95HPbgxgm5iGyCyBLd,Zeth Höglund,true
i-Xz5jQ1AyG78oxhmyGLfPMo,Annika Duàn,true
i-XzKN718sC7YCzfKgPU5yXN,Lennart Magnus Wærn,false
i-XzKN718sC7YCzfKgPU5yXN,Lennart Wærn,true
i-XzKN718sC7YCzfKgPU5yXN,Leonard Magnus Wærn,false
i-XzKN718sC7YCzfKgPU5yXN,Waern,false
i-XzSzFtnrtwQBSXHVwVhrCf,Carl Albert Lindhagen,false
i-XzSzFtnrtwQBSXHVwVhrCf,Carl Lindhagen,true
i-XzSzFtnrtwQBSXHVwVhrCf,Lindhagen,false
i-Xzs7rTBPiVT3KgfuoVSczD,Arne Magnusson,true
i-Xzs7rTBPiVT3KgfuoVSczD,Magnusson,false
i-Xzs7rTBPiVT3KgfuoVSczD,S Arne E Magnusson,false
i-Xzt52E3ZeNyJ9HLW4B5Sk1,Kjell Stefan Löfven,false
i-Xzt52E3ZeNyJ9HLW4B5Sk1,Stefan Löfven,true
i-Xzt52E3ZeNyJ9HLW4B5Sk1,Stefan Löfvén,false
i-Y1uNj2qNzJs7M2cae8FpC6,Carl Aron Jönsson,true
i-Y1uNj2qNzJs7M2cae8FpC6,Jönsson,false
i-Y1uNj2qNzJs7M2cae8FpC6,Karl Aron Jönsson,false
i-Y2s3vw3xfBnmDmMhCYX6QJ,Gustavsson,false
i-Y2s3vw3xfBnmDmMhCYX6QJ,Karl Rune Gustavsson,false
i-Y2s3vw3xfBnmDmMhCYX6QJ,Rune Gustavsson,true
i-Y36Nf5Joan9UkWc6D3L22k,Enok Amandus Runefors,false
i-Y36Nf5Joan9UkWc6D3L22k,Enok Runefors,true
i-Y36Nf5Joan9UkWc6D3L22k,Runefors,false
i-Y3KDvt8APMXFLxTKEtZKku,Carlström,false
i-Y3KDvt8APMXFLxTKEtZKku,Oscar Carlström,true
i-Y3KDvt8APMXFLxTKEtZKku,Oscar Ludvig Carlström,false
i-Y3UHBFKZGSVLwKDxeacG7e,Anna Greta Andersson,false
i-Y3UHBFKZGSVLwKDxeacG7e,Anna Greta Skantz,false
i-Y3UHBFKZGSVLwKDxeacG7e,Anna-Greta Skantz,true
i-Y3UHBFKZGSVLwKDxeacG7e,Skantz,false
i-Y3VN6sK1YzvBbocP33n7oN,Johansson,false
i-Y3VN6sK1YzvBbocP33n7oN,Leonard Johansson,true
i-Y3VN6sK1YzvBbocP33n7oN,Oscar Leonard Johansson,false
i-Y3VN6sK1YzvBbocP33n7oN,Oskar Leonard Johansson,false
i-Y4BYBbMG95SNqW285dzAB7,Danmans,false
i-Y4BYBbMG95SNqW285dzAB7,Einar Danmans,true
i-Y5DiNb3Zv5ZknxvNLSpsUi,Carl Ludvig Paulus Kockum,false
i-Y5DiNb3Zv5ZknxvNLSpsUi,Kockum,false
i-Y5DiNb3Zv5ZknxvNLSpsUi,Ludvig Kockum,true
i-Y5G83EJguiVDB9EgfWD7zA,Johansson,false
i-Y5G83EJguiVDB9EgfWD7zA,Nils Tage Johansson,false
i-Y5G83EJguiVDB9EgfWD7zA,Tage Johansson,true
i-Y5fgQ33MMnP4uyafJ9fz8i,Robert Hannah,true
i-Y6FifPU59JaGH9t3J1Gxre,Bertilsson,false
i-Y6FifPU59JaGH9t3J1Gxre,Stig Bertilsson,true
i-Y6FifPU59JaGH9t3J1Gxre,Stig Lennart Bertilsson,false
i-Y6pV2kmHmseFnW9xv9t8yX,Eric Mark Palmqvist,false
i-Y6pV2kmHmseFnW9xv9t8yX,Eric Palmqvist,true
i-Y787TMysBJ97YEoP94XKAt,Arvid Sture Bruzelius,false
i-Y787TMysBJ97YEoP94XKAt,Bruzelius,false
i-Y787TMysBJ97YEoP94XKAt,Sture Bruzelius,true
i-Y7Pg3p8Gp6PdXvyhJt96Pn,Nils Wahlberg,true
i-Y7Pg3p8Gp6PdXvyhJt96Pn,Wahlberg,false
i-Y7U8vdrdk3v5gE4R3hyuBh,Mats Zachrison,true
i-Y7U8vdrdk3v5gE4R3hyuBh,Zachrison,false
i-Y7Wt83YVwUM4VfynJHRX4w,Enderstedt,false
i-Y7Wt83YVwUM4VfynJHRX4w,Hjalmar Mauritz Enderstedt,false
i-Y7Wt83YVwUM4VfynJHRX4w,Mauritz Enderstedt,true
i-Y8USfRKZJJpJ6u1e4N1LDx,Einar Gustafsson,true
i-Y8USfRKZJJpJ6u1e4N1LDx,G. Einar Gustafsso,false
i-Y8USfRKZJJpJ6u1e4N1LDx,Gustaf Einar Gustafsson,false
i-Y8USfRKZJJpJ6u1e4N1LDx,Gustafsson,false
i-Y8ih4pcw4TNns7mi2J6eCn,Adlersparre,false
i-Y8ih4pcw4TNns7mi2J6eCn,Axel Adlersparre,true
i-Y9DigTKZboaX26s6ZJBDXi,Anders Johansson,true
i-Y9DigTKZboaX26s6ZJBDXi,Johansson,false
i-Y9YbqDh3YmC3zyXjWiT1re,Alin,false
i-Y9YbqDh3YmC3zyXjWiT1re,Oscar Alin,true
i-Y9YbqDh3YmC3zyXjWiT1re,Oscar Josef Alin,false
i-Y9YbqDh3YmC3zyXjWiT1re,Oskar Alin,false
i-Y9YbqDh3YmC3zyXjWiT1re,Oskar Josef Alin,false
i-Y9mg3sbUWHY6pDTZUpZ6sa,August Petersson,true
i-Y9mg3sbUWHY6pDTZUpZ6sa,Petersson,false
i-Y9xH6kmzzeT9WDbw7dYK93,Dick Olsson,true
i-Y9xqXThwYzMhBAR8zPtYvP,Georg Åberg,true
i-Y9xqXThwYzMhBAR8zPtYvP,Åberg,false
i-YAFJQStxQXdCtYPxFH9D9a,Ingbritt Irhammar,true
i-YAFJQStxQXdCtYPxFH9D9a,Ingbritt Margret Irhammar,false
i-YAFJQStxQXdCtYPxFH9D9a,Irhammar,false
i-YAHRvJj7BpF7fdskwqEvTa,Ribbing,false
i-YAHRvJj7BpF7fdskwqEvTa,Sigurd Ribbing,true
i-YAJk98A9Dpov4qw4mT2u7W,Carl Leonard Emanuel Lindewall,false
i-YAJk98A9Dpov4qw4mT2u7W,Leonard Lindewall,true
i-YAJk98A9Dpov4qw4mT2u7W,Lindewall,false
i-YAK6qH8pEDsGzM7Qm73XE7,Carl Bastiat Hamilton,true
i-YAK6qH8pEDsGzM7Qm73XE7,Carl Hamilton,false
i-YAK6qH8pEDsGzM7Qm73XE7,Hamilton,false
i-YB1fvm5e6JDCcaaUTXyb9W,Håkan Stjernlöf,true
i-YB1fvm5e6JDCcaaUTXyb9W,Stjernlöf,false
i-YBeHR1zEBPMM35nMEreTz,Ernst Trygger,true
i-YBeHR1zEBPMM35nMEreTz,Trygger,false
i-YBo68pfdresEcfcWcEDEzL,Knut Otto nin Ljungqvist,false
i-YBo68pfdresEcfcWcEDEzL,Knut Ottonin Ljungqvist,true
i-YBo68pfdresEcfcWcEDEzL,Ljungqvist,false
i-YBo68pfdresEcfcWcEDEzL,Ottonin Ljungqvist,false
i-YC9ASb3D4X3HArthruK9Yt,Ekendahl,false
i-YC9ASb3D4X3HArthruK9Yt,Eriksson,false
i-YC9ASb3D4X3HArthruK9Yt,Sigrid Ekendahl,true
i-YC9ASb3D4X3HArthruK9Yt,Sigrid Eriksson-Ekendahl,false
i-YC9ASb3D4X3HArthruK9Yt,Sigrid Hildur Elvira Ekendahl,false
i-YC9eBMaj1LV84z79sjRe2B,Camilla Maria Karolina Rinaldo Miller,false
i-YC9eBMaj1LV84z79sjRe2B,Camilla Rinaldo Miller,true
i-YCX8vW3UTgFcSneC7tnER8,Anders Larsson,true
i-YCX8vW3UTgFcSneC7tnER8,Larsson,false
i-YDBEU8t6zbUyVkVFkdceLF,Amanda Agestav,true
i-YDnK8VSSiRoNGUj2EGkAeD,Peter Jeppsson,true
i-YE2QeSEUhXjrfJUDeHJ4w,Nils Sandberg,true
i-YE2QeSEUhXjrfJUDeHJ4w,Sandberg,false
i-YEFTN9FssK1FYi9SBPfPd6,Erik Petter Jonsson,true
i-YEFTN9FssK1FYi9SBPfPd6,Jonsson,false
i-YEQC2cS7Zaae9YLGWdiy6e,Centerwall,false
i-YEQC2cS7Zaae9YLGWdiy6e,Julius Centervall,false
i-YEQC2cS7Zaae9YLGWdiy6e,Julius Centerwall,true
i-YEQC2cS7Zaae9YLGWdiy6e,Julius Ebbe Centerwall,false
i-YEdxJPN8cJMwnqfd9tHmTD,Ulla Löfgren,true
i-YEp8x3e1ZbGQFgCKjosuij,Norrby,false
i-YEp8x3e1ZbGQFgCKjosuij,Samuel Johannes Norrby,false
i-YEp8x3e1ZbGQFgCKjosuij,Samuel Norrby,true
i-YF5JHvUxbZuJPxR6pCDeHg,Lennart Nilsson,true
i-YF5JHvUxbZuJPxR6pCDeHg,Nilsson,false
i-YFcDgybBxXNA8FKegvjZyV,Carlsson,false
i-YFcDgybBxXNA8FKegvjZyV,Harry Carlsson,true
i-YFcDgybBxXNA8FKegvjZyV,Harry Fredrik Carlsson,false
i-YFciZfLqJSJXGKuTo1Jdbw,Lilly Maria Ottilia Ohlsson,false
i-YFciZfLqJSJXGKuTo1Jdbw,Lilly Maria Ottilia Palmgren,false
i-YFciZfLqJSJXGKuTo1Jdbw,Lilly Ohlsson,true
i-YFciZfLqJSJXGKuTo1Jdbw,Ohlsson,false
i-YFmh6ABc2GTvHAkuL7pFAP,Carl von Baumgarten,true
i-YFmh6ABc2GTvHAkuL7pFAP,von Baumgarten,false
i-YFw2Hg1VzTr3FRtAKxwtUT,Berndt Gunnar Emil Danielsson,false
i-YFw2Hg1VzTr3FRtAKxwtUT,Gunnar Danielson,true
i-YFzzFKh2NjM54cFjad2qWQ,Hedlund,false
i-YFzzFKh2NjM54cFjad2qWQ,Sven Adolf Hedlund,true
i-YG3se2hZeuEdiGKSwKyaKF,Caroline Elisabeth Helmersson Olsson,false
i-YG3se2hZeuEdiGKSwKyaKF,Caroline Helmersson Olsson,true
i-YGQD7CvLy8Dd8LjCGiiRgW,Bratt,false
i-YGQD7CvLy8Dd8LjCGiiRgW,Ivan Bratt,true
i-YGhdRVau5fBUKMgVNejxuu,Pehr Pehrsson,true
i-YGhdRVau5fBUKMgVNejxuu,Pehrsson,false
i-YGwX5EEe9ysSxeDfrVc91B,Agerberg,false
i-YGwX5EEe9ysSxeDfrVc91B,Nils Agerberg,true
i-YHQFSryrbRei4Y3mNMkiWx,Borg,false
i-YHQFSryrbRei4Y3mNMkiWx,Karl August Borg,true
i-YHQFSryrbRei4Y3mNMkiWx,Karl August Olsson Borg,false
i-YHqApeaQ2qh62FU7R5XWH6,Lundblad,false
i-YHqApeaQ2qh62FU7R5XWH6,Margit Alfhilda Anette Lundblad,false
i-YHqApeaQ2qh62FU7R5XWH6,Margit Lundblad,true
i-YHze8naQ3VfThjRidPfYK7,Ann Arleklo,true
i-YHze8naQ3VfThjRidPfYK7,Ann Ulla Arleklo,false
i-YKF7QB8yGW7P6RHvdY3Qh2,Cassel,false
i-YKF7QB8yGW7P6RHvdY3Qh2,Knut Cassel,true
i-YKQ5ERUU94HdZVi11u4aDe,Bengtsson,false
i-YKQ5ERUU94HdZVi11u4aDe,Jöns Bengtsson,true
i-YKUZ529TLETsHHzN6nkEU2,Stråle af Ekna,false
i-YKUZ529TLETsHHzN6nkEU2,Vilhelm Stråle af Ekna,false
i-YKUZ529TLETsHHzN6nkEU2,Wilhelm Stråle af Ekna,true
i-YKcHW4nbwE58e3oApp2AGd,Bäckström,false
i-YKcHW4nbwE58e3oApp2AGd,Carl Alfred Bäckström,true
i-YKivreNQVFy7VnUJ68WVjV,Anita Modin,true
i-YKivreNQVFy7VnUJ68WVjV,Modin,false
i-YL4aQfT264wNd4jTiiKUox,Carl Gunnar Lidbom,false
i-YL4aQfT264wNd4jTiiKUox,Carl Lidbom,true
i-YL4aQfT264wNd4jTiiKUox,Lidbom,false
i-YLCb84oKoGK1m8cPa9cw3z,Karla López,true
i-YLE2WFqhUG9LaVo3997T4z,Carl Fredrick Waern,false
i-YLE2WFqhUG9LaVo3997T4z,Carl Fredrik Wærn,true
i-YLE2WFqhUG9LaVo3997T4z,Wærn,false
i-YLYgwWkay3eTxx2S1Y9nQY,Arthur Casenberg,false
i-YLYgwWkay3eTxx2S1Y9nQY,Arthur Gustafson,false
i-YLYgwWkay3eTxx2S1Y9nQY,Arthur Gustafsson,false
i-YLYgwWkay3eTxx2S1Y9nQY,Arthur Wilhelm Casenberg,false
i-YLYgwWkay3eTxx2S1Y9nQY,Arthur Wilhelm Gustafson,false
i-YLYgwWkay3eTxx2S1Y9nQY,Arthur Wilhelm Gustafsson,true
i-YLYgwWkay3eTxx2S1Y9nQY,Casenberg,false
i-YLYgwWkay3eTxx2S1Y9nQY,Gustafson,false
i-YMHBwgrXKN71MiigncK9CW,Johan Gustaf Svensson,true
i-YMHBwgrXKN71MiigncK9CW,Johan Svensson,false
i-YMHBwgrXKN71MiigncK9CW,Svensson,false
i-YMP8nuJqySuXaujevkGpSV,Raimo Pärssinen,true
i-YMW7m5mLJE5Xc4Y47opTBu,Bergmanson,false
i-YMW7m5mLJE5Xc4Y47opTBu,Gustaf Ulrik Bergmanson,false
i-YMW7m5mLJE5Xc4Y47opTBu,Gustaf Ulrik Bergmansson,true
i-YMY1gwKfUakvKPP3ogvT7m,Christina Karlsson,false
i-YMY1gwKfUakvKPP3ogvT7m,Christina Tapper Östberg,true
i-YMY1gwKfUakvKPP3ogvT7m,Christina Thuring,false
i-YMY1gwKfUakvKPP3ogvT7m,Christina Östberg,false
i-YNnGatGGiCN5sfMx84itZi,Erik Mauritz Samuelson,false
i-YNnGatGGiCN5sfMx84itZi,Erik Samuelson,true
i-YNnGatGGiCN5sfMx84itZi,Samuelson,false
i-YNuNawN1wSAu2rGvkWfMg9,Olsson,false
i-YNuNawN1wSAu2rGvkWfMg9,Sven Amandus Olsson,false
i-YNuNawN1wSAu2rGvkWfMg9,Sven Olsson,true
i-YP14Ms3o4gEdqJnyzqojhA,Monica Tedestam Berglöw,true
i-YP1o4uAXNvcUgJpwJCzQZJ,Olsson,false
i-YP1o4uAXNvcUgJpwJCzQZJ,P. M. Olsson,false
i-YP1o4uAXNvcUgJpwJCzQZJ,Peter Magnus Olsson,true
i-YP25iT3t9zdY2dpPgshs5z,Phia Andersson,true
i-YP25iT3t9zdY2dpPgshs5z,Phia Evelyn Birgitta Andersson,false
i-YPfhsG9VXbac4uL5462aGt,Nils Johannes Nilsson,false
i-YPfhsG9VXbac4uL5462aGt,Nils Nilsson,true
i-YPfhsG9VXbac4uL5462aGt,Nilsson,false
i-YQ6g7JsKJpiQK8dbyD7FQo,Carl David Theodor Uppström,false
i-YQ6g7JsKJpiQK8dbyD7FQo,Carl David Uppström,true
i-YQ6g7JsKJpiQK8dbyD7FQo,Uppström,false
i-YQKf6y27VpFtuJBLjE1Cf,Carl-Eric Lundgren,true
i-YQKf6y27VpFtuJBLjE1Cf,Lundgren,false
i-YQVJCQSW4NWPJmxYfGu3f9,Bohnstedt,false
i-YQVJCQSW4NWPJmxYfGu3f9,Knut Bohnstedt,true
i-YQVJCQSW4NWPJmxYfGu3f9,Knut Eugène Bohnsted,false
i-YRKzumu98EJ9qr7dFa9bYW,Elisabeth Tamm,true
i-YRKzumu98EJ9qr7dFa9bYW,Tamm,false
i-YRTvhFgkzgwVT9mYHw8btB,Erik Janson,true
i-YRTvhFgkzgwVT9mYHw8btB,Janson,false
i-YReAj4T8PWK3QbxXgEneMx,Helena Frisk,true
i-YRqsi6RAZ9Sjwrhh5tGbPw,Anders Ekegren,true
i-YS9jLL6vCryxfu1nM5TvKU,Maj Pehrsson,true
i-YS9jLL6vCryxfu1nM5TvKU,Pehrsson,false
i-YSKF3k7WpjKp61GTapFZnc,Andersson,false
i-YSKF3k7WpjKp61GTapFZnc,Paul Verner Andersson,false
i-YSKF3k7WpjKp61GTapFZnc,Verner Andersson,true
i-YSKeLiTp6e1eVBrTwK4cRX,Aron Modig,true
i-YSW8Kg6NVNWR81nXxwY7Pw,Berg,false
i-YSW8Kg6NVNWR81nXxwY7Pw,Gustaf Axel Berg,false
i-YSW8Kg6NVNWR81nXxwY7Pw,Gustaf Berg,true
i-YSW8Kg6NVNWR81nXxwY7Pw,Gustaf Johan Georg Axel Berg,false
i-YSbqmgxvoUpXhwosS1J39k,Göransson,false
i-YSbqmgxvoUpXhwosS1J39k,Olle Göransson,true
i-YSiiSuJqBLt4dhLxm7iu93,Gustaf Nilsson,true
i-YSiiSuJqBLt4dhLxm7iu93,Gustaf Valdemar Nilsson,false
i-YSiiSuJqBLt4dhLxm7iu93,Gustaf Waldemar Nilsson,false
i-YSiiSuJqBLt4dhLxm7iu93,Nilsson,false
i-YSpQuEKLcd5saavWVrUMLV,Einar J:son Thulin,false
i-YSpQuEKLcd5saavWVrUMLV,Einar Thulin,true
i-YSpQuEKLcd5saavWVrUMLV,Johan Einar Ossian Jönsson Thulin,false
i-YSpQuEKLcd5saavWVrUMLV,Thulin,false
i-YSrEXA7QyL1W5GnLzxdrvH,Hans Levin,true
i-YSrEXA7QyL1W5GnLzxdrvH,Hans Samuel Levin,false
i-YSrEXA7QyL1W5GnLzxdrvH,Levin,false
i-YSrKPAF7dEJGwUuQtYWvjX,Bruno Poromaa,true
i-YSrKPAF7dEJGwUuQtYWvjX,Poromaa,false
i-YSxWozeNBai9QXW24ThZk2,Erik Österberg,true
i-YSxWozeNBai9QXW24ThZk2,Sven Erik Österberg,false
i-YTMf7Ds7TsUv3tGpFLxE7N,Eliasson,false
i-YTMf7Ds7TsUv3tGpFLxE7N,Rolf Anders Elias Eliasson,false
i-YTMf7Ds7TsUv3tGpFLxE7N,Rolf Eliasson,true
i-YTXBfJjB5F6hG8mLPo69DV,Britta Holmström,true
i-YTXBfJjB5F6hG8mLPo69DV,Holmström,false
i-YU8i88S8eJQ5ZYdJzkoGef,Eva Anita Selin Lindgren,false
i-YU8i88S8eJQ5ZYdJzkoGef,Eva Selin Lindgren,true
i-YUDKZcyDKbQ3ef9oSyZaLH,Kurt Söderström,true
i-YUDKZcyDKbQ3ef9oSyZaLH,Söderström,false
i-YUKjmPPD3LmjeCPdQWkuEh,Birgitta Dahl,true
i-YUKjmPPD3LmjeCPdQWkuEh,Dahl,false
i-YUKjmPPD3LmjeCPdQWkuEh,Rut Birgitta Dahl,false
i-YULG4Eoup8dKyzuJx8X9fW,Hollertz,false
i-YULG4Eoup8dKyzuJx8X9fW,Sven Hollertz,true
i-YULG4Eoup8dKyzuJx8X9fW,Sven Peter Hollertz,false
i-YUwvz9MnsJ4hfM2JojhAYQ,Algot Gunnarsson,true
i-YUwvz9MnsJ4hfM2JojhAYQ,Gunnarsson,false
i-YVn7bHWq33ziBuqm8fKFGq,Per-Ingvar Einar Johnsson,false
i-YVn7bHWq33ziBuqm8fKFGq,Per-Ingvar Johnsson,true
i-YVqWZSiikwY2UYC3gt2RvM,Edvard Lithander,true
i-YVqWZSiikwY2UYC3gt2RvM,Lithander,false
i-YVqWZSiikwY2UYC3gt2RvM,Olof Axel Edvard Lithander,false
i-YVxPToHBqLGcAxnhU5W7fB,Bo Carl Gunnar Frank,false
i-YVxPToHBqLGcAxnhU5W7fB,Bo Frank,true
i-YVxPToHBqLGcAxnhU5W7fB,Frank,false
i-YW6AVxRNnSF96fpnZ8xTbh,Gustaf Lönegren,true
i-YW6AVxRNnSF96fpnZ8xTbh,Gustaf Walter Leopold Lönegren,false
i-YW6AVxRNnSF96fpnZ8xTbh,Lönegren,false
i-YWA1McqPe5fK1gUMztuw4Q,Anders Olsson,true
i-YWA1McqPe5fK1gUMztuw4Q,Olsson,false
i-YWq3i8pzd2ek446XvasGri,Carl Johan Persson,false
i-YWq3i8pzd2ek446XvasGri,Carl Persson,true
i-YWq3i8pzd2ek446XvasGri,Persson,false
i-YXoWnRSqCZXZVAFJDK3Ki2,Hamza Demir,true
i-YXptNrY5gCfX77BjeLd1ZT,Eriksson,false
i-YXptNrY5gCfX77BjeLd1ZT,Jonas Eriksson,true
i-YXxhr3tCC3W3FsmnrRDwqv,Andersson,false
i-YXxhr3tCC3W3FsmnrRDwqv,Gustaf Andersson,true
i-YZ7PrTPoP4SC7wVftmkUya,Jonas Valfrid Wikner,false
i-YZ7PrTPoP4SC7wVftmkUya,V. WIKNER,false
i-YZ7PrTPoP4SC7wVftmkUya,Valfrid Wikner,true
i-YZ7PrTPoP4SC7wVftmkUya,Wikner,false
i-YZEL7fGZ8MZ3sXegd3zeFp,Axel Bennich,true
i-YZEL7fGZ8MZ3sXegd3zeFp,Bennich,false
i-YZEL7fGZ8MZ3sXegd3zeFp,Nils Axel Gustafsson Bennich,false
i-YZTaRssCcxtXi1ik1a2svZ,Jon Jonsson,true
i-YZTaRssCcxtXi1ik1a2svZ,Jonsson,false
i-YZy5UzHqZbM7Y8umtW5sjf,Birgitta Kristina Sjöqvist,false
i-YZy5UzHqZbM7Y8umtW5sjf,Birgitta Sjöqvist,true
i-YZy5UzHqZbM7Y8umtW5sjf,Sjöqvist,false
i-Ya2sXBkHdvFiAX2aAMCu84,Bo Assar Wilhelm Skårman,false
i-Ya2sXBkHdvFiAX2aAMCu84,Bo Skårman,true
i-Ya2sXBkHdvFiAX2aAMCu84,Skårman,false
i-YaN1jaPx75LMCzcGaN8cCm,Sten Lundström,true
i-YafGb4bsvpr2aZk1D9TEom,Alexander Fogsgaard Wasberg,false
i-YafGb4bsvpr2aZk1D9TEom,Alexander Wasberg,true
i-Yam9ii4K4HfneDbj5TzDJY,Ciczie Anna Kerstin Cecilia Weidby,false
i-Yam9ii4K4HfneDbj5TzDJY,Ciczie Weidby,true
i-Yamnw4twWojsKxhVTTEur7,Gustav Anton Holmberg,false
i-Yamnw4twWojsKxhVTTEur7,Gustav Holmberg,true
i-Yamnw4twWojsKxhVTTEur7,Holmberg,false
i-YavjC7rEqfZAzGygybZ8v6,Peter Magnus Rydholm,false
i-YavjC7rEqfZAzGygybZ8v6,Peter Rydholm,true
i-YavjC7rEqfZAzGygybZ8v6,Rydholm,false
i-YazX28KdBe9qGR8fKzRszT,Norberg,false
i-YazX28KdBe9qGR8fKzRszT,Per Norberg,true
i-Yb23sPR2Dq5DQnFXhF6X1t,Groll,false
i-Yb23sPR2Dq5DQnFXhF6X1t,Lennart Groll,true
i-Yb23sPR2Dq5DQnFXhF6X1t,Victor Lennart Groll,false
i-Yb23sPR2Dq5DQnFXhF6X1t,Victor Leonard Groll,false
i-Yb23sPR2Dq5DQnFXhF6X1t,Viktor Lennart Groll,false
i-YbUb8tMKG4R5H57CaR77wg,Anders Laurentius Theodor Wijkander,false
i-YbUb8tMKG4R5H57CaR77wg,Theodor Wijkander,true
i-YbUb8tMKG4R5H57CaR77wg,Wijkander,false
i-YbgaAY79FADF32ty9BkkW,Lars-Ingvar Sörenson,true
i-YbgaAY79FADF32ty9BkkW,Sörenson,false
i-Ybqum8X5XTaQYYWPbcRiJ5,Hallin,false
i-Ybqum8X5XTaQYYWPbcRiJ5,Hjalmar Hallin,true
i-Ybqum8X5XTaQYYWPbcRiJ5,Hjalmar Simeon Hallin,false
i-Ybw8JnrmHGCsqpipBke8a7,Mikael Oscarsson,true
i-Yc8EiMXk97GxiiFsfV5tQt,Carl Felix Sjöberg,false
i-Yc8EiMXk97GxiiFsfV5tQt,Carl Sjöberg,true
i-Yc8EiMXk97GxiiFsfV5tQt,Sjöberg,false
i-Zpuhrpb1waGfua75p65Pv,Kristina Lundberg,true
i-Zq5Y9UAAqJMQEuP9CRuss,Georg af Trolle,true
i-Zq5Y9UAAqJMQEuP9CRuss,af Trolle,false
i-Zq9ctEVSWvhhrYCYFiCYD,Axel Eduard Petersson,false
i-Zq9ctEVSWvhhrYCYFiCYD,Axel Petersson,true
i-Zq9ctEVSWvhhrYCYFiCYD,Petersson,false
i-ZyvGjLNqgpFpKbCbQnZSM,Joakim Ollén,true
i-ZyvGjLNqgpFpKbCbQnZSM,Ollén,false
i-Zz17DRd8BJLVQkTuw5Nzk,Olofsson,false
i-Zz17DRd8BJLVQkTuw5Nzk,Per Olof Olofsson,false
i-Zz17DRd8BJLVQkTuw5Nzk,Per Olofsson,true
i-aihY66rhb8LqCkSn8GhKt,Margot Wallström,true
i-aihY66rhb8LqCkSn8GhKt,Wallström,false
i-bAkDtRbC4qwseLUQ1m5S3,Adolf Wändahl,true
i-bAkDtRbC4qwseLUQ1m5S3,Gustaf Adolf Wändahl,false
i-bAkDtRbC4qwseLUQ1m5S3,Wändahl,false
i-bRyJHEKb5DCkicXkuZwMY,Kristersson,false
i-bRyJHEKb5DCkicXkuZwMY,Ulf Hjalmar Ed Kristersson,false
i-bRyJHEKb5DCkicXkuZwMY,Ulf Hjalmar Kristersson,false
i-bRyJHEKb5DCkicXkuZwMY,Ulf Kristersson,true
i-bvK2bTT41cp1JwsNkqEDL,Erik Sundin,true
i-bvK2bTT41cp1JwsNkqEDL,Sundin,false
i-cNo6XnCMDc2LkrvXc6U2b,Gustaf von Essen,true
i-cNo6XnCMDc2LkrvXc6U2b,von Essen,false
i-cTvnFNCTwGHRy1gphkR7q,Lennart Levi,true
i-cZaAazYai1ZNWZmjcAmax,Dahlén,false
i-cZaAazYai1ZNWZmjcAmax,Jonas Dahlén,true
i-cZaAazYai1ZNWZmjcAmax,Jonas Petter Dahlén,false
i-chkH67XLutwmCnkuDo8pd,Norinder,false
i-chkH67XLutwmCnkuDo8pd,Patrik Norinder,true
i-chkH67XLutwmCnkuDo8pd,Patrik Robertsson Norinder,false
i-d6dsey4EPVNLzi1U5nkWV,Allmér,false
i-d6dsey4EPVNLzi1U5nkWV,Göran Allmér,true
i-dV5uuhmfbjcCV8m3CPnEH,Anders Norsell,true
i-dV5uuhmfbjcCV8m3CPnEH,Norsell,false
i-dppNpPyX1pBND8b8JcCpo,Samuel Söderberg,true
i-dppNpPyX1pBND8b8JcCpo,Söderberg,false
i-drdSNFcqKvXbTQFJGErbQ,Landgren,false
i-drdSNFcqKvXbTQFJGErbQ,Lars Landgren,true
i-du5LHNwBWrCH1am94GCk1,Eva Maria Olofsson,false
i-du5LHNwBWrCH1am94GCk1,Eva Olofsson,true
i-e3njExJEdDXrssXnJs8AP,Johan Magnus Johansson,true
i-e3njExJEdDXrssXnJs8AP,Johansson,false
i-f29MasZNCHuVN9TAKTdC2,Magnus Ström,true
i-f29MasZNCHuVN9TAKTdC2,Ström,false
i-f4u5Yi8ZSYc6qWukd6X6t,Lars Lindén,true
i-f4u5Yi8ZSYc6qWukd6X6t,Lars Vilhelm Lindén,false
i-f4u5Yi8ZSYc6qWukd6X6t,Lindén,false
i-fUgmL9HKMSPw7jQC4Yd8J,Gottlieb Spangenberg,true
i-fUgmL9HKMSPw7jQC4Yd8J,Johan Gottlieb Spangenberg,false
i-fUgmL9HKMSPw7jQC4Yd8J,Spangenberg,false
i-g5oS8RSWuaximcHXWswPQ,Bert Karlsson,true
i-g5oS8RSWuaximcHXWswPQ,Bert Willis Karlsson,false
i-g5oS8RSWuaximcHXWswPQ,Karlsson,false
i-gHdXy9rXW7MHcgRt777UD,Jöns Nilsson,true
i-gHdXy9rXW7MHcgRt777UD,Jöns Olof Nilsson,false
i-gHdXy9rXW7MHcgRt777UD,Nilsson,false
i-gS7yVUr9oePWCxgJNJNfq,Robert Georg von Hedenberg,false
i-gS7yVUr9oePWCxgJNJNfq,Robert von Hedenberg,true
i-gS7yVUr9oePWCxgJNJNfq,von Hedenberg,false
i-gXtMSzCMLKqrteaG9AxDs,Hörstadius,false
i-gXtMSzCMLKqrteaG9AxDs,Nils Hörstadius,true
i-gXtMSzCMLKqrteaG9AxDs,Nils Wilhelm Hörstadius,false
i-h1aVBzexdmWPt4dFvXiYA,Davidson,false
i-h1aVBzexdmWPt4dFvXiYA,Inger Davidson,true
i-h1aVBzexdmWPt4dFvXiYA,Inger Davidsson,false
i-h1aVBzexdmWPt4dFvXiYA,Inger Margareta Davidson,false
i-h5cpTtUwPhqiZFGxnCzYY,Fredrikson,false
i-h5cpTtUwPhqiZFGxnCzYY,Fredriksson,false
i-h5cpTtUwPhqiZFGxnCzYY,Märta Fredrikson,true
i-h5cpTtUwPhqiZFGxnCzYY,Märta Fredriksson,false
i-hZRRc3xfX1LHebPrPsSqz,Gösta Skoglund,true
i-hZRRc3xfX1LHebPrPsSqz,Gösta T Skoglund,false
i-hZRRc3xfX1LHebPrPsSqz,Gösta Theodor Skoglund,false
i-hZRRc3xfX1LHebPrPsSqz,Skoglund,false
i-hoaodUZWE2baedMVwi9tL,Torsten Bengtsson,true
i-i13XhW23wcLV7Lkk78549,Carl Fredrik Pettersson,false
i-i13XhW23wcLV7Lkk78549,Carl Pettersson,true
i-i13XhW23wcLV7Lkk78549,Pettersson,false
i-iDUkCB3vG4TgphVRAJrfF,Karl August Martin J:son Martin,false
i-iDUkCB3vG4TgphVRAJrfF,Karl Martin Johansson,true
i-iDUkCB3vG4TgphVRAJrfF,Martin,false
i-iThmkGNxBe7XUsT8b92pZ,Jabar Amin,true
i-imLyujzk1umFZiqwdNY9q,Håkansson,false
i-imLyujzk1umFZiqwdNY9q,Per Olof Håkansson,true
i-ipmkmecEtBhFX95RnPetM,Olsson,false
i-ipmkmecEtBhFX95RnPetM,Sune Olsson,true
i-jNYR53U34dK566SpwYSrP,Knut Abel Tengdahl,false
i-jNYR53U34dK566SpwYSrP,Knut Tengdahl,true
i-jNYR53U34dK566SpwYSrP,Tengdahl,false
i-jfPyBgwNkgJP6agUZAarG,Arne Fransson,true
i-jfPyBgwNkgJP6agUZAarG,Fransson,false
i-jhLEBpVbRtPpmQHh8usbb,Eliasson,false
i-jhLEBpVbRtPpmQHh8usbb,Gustaf Albert Eliasson,false
i-jhLEBpVbRtPpmQHh8usbb,Gustaf Eliasson,true
i-jyumazMzQAF2YgmD6kxfH,Bruhn,false
i-jyumazMzQAF2YgmD6kxfH,S. B. Bruhn,false
i-jyumazMzQAF2YgmD6kxfH,Sven Birger Bruhn,false
i-jyumazMzQAF2YgmD6kxfH,Sven Bruhn,true
i-jzGaaesAq8sGFLrFKnaY8,Olof Christian Lavesson,false
i-jzGaaesAq8sGFLrFKnaY8,Olof Lavesson,true
i-kV7ygy9xY6TGwSSE92Y8N,Anders Fredrik Pettersson,false
i-kV7ygy9xY6TGwSSE92Y8N,Anders Pettersson,true
i-kV7ygy9xY6TGwSSE92Y8N,Pettersson,false
i-mN8mVTBvBYjtHLNThWLo4,Kalle Larsson,true
i-mNZQ3wQBgCkkcFfgCUwyT,Ebbe Ohlsson,true
i-mNZQ3wQBgCkkcFfgCUwyT,Ohlsson,false
i-mNZQ3wQBgCkkcFfgCUwyT,Olof Ebbe Magnus Ohlsson,false
i-mww7tEHuUV6dtyoLF8VZA,Carl Primus Wahlmark,false
i-mww7tEHuUV6dtyoLF8VZA,Primus Wahlmark,true
i-mww7tEHuUV6dtyoLF8VZA,Wahlmark,false
i-mxJ22KDE3cthH5PFLdLST,Maria Gardfjell,true
i-myn4WFombWiaF2RH9Tqqt,Christian Ernst Günther,false
i-myn4WFombWiaF2RH9Tqqt,Christian Günther,true
i-nScanqUU78nhbW9ef8XLW,Gustaf Åkerhielm,true
i-nScanqUU78nhbW9ef8XLW,Johan Gustaf Nils Samuel Åkerhielm af Margaretelund,false
i-nScanqUU78nhbW9ef8XLW,Åkerhielm af Margretelund,false
i-nX9ipUS8FhkbQHkWWytwf,Ulf Lennart Nilsson,false
i-nX9ipUS8FhkbQHkWWytwf,Ulf Nilsson,true
i-o94QkiNCp6t5MueXH6HBf,Carl Dahlström,true
i-o94QkiNCp6t5MueXH6HBf,Carl Herman Dahlström,false
i-o94QkiNCp6t5MueXH6HBf,Dahlström,false
i-oKf3VLCEs4dLcZaAEbVJz,Adolf Lindgren,true
i-oKf3VLCEs4dLcZaAEbVJz,Lindgren,false
i-oVwJWpLBEMSJ3qucVYsKL,Hellberg,false
i-oVwJWpLBEMSJ3qucVYsKL,Karl Mauritz Hellberg,false
i-oVwJWpLBEMSJ3qucVYsKL,Mauritz Hellberg,true
i-oWcw76s14AfREuSzMW7Ni,Axel Gustafsson,true
i-oWcw76s14AfREuSzMW7Ni,Gustafsson,false
i-oWcw76s14AfREuSzMW7Ni,Johan Axel Teofil Gustafsson,false
i-oYuqYjo8tNrGqVFyzz3Ep,August Månsson,true
i-oYuqYjo8tNrGqVFyzz3Ep,Månsson,false
i-oYuqYjo8tNrGqVFyzz3Ep,Per August Månsson,false
i-pSqD9LHdbNUrj3thRcKhS,Marie Engström,true
i-pangFQ8i6uLuFD8yKfkj7,Justus Fredrik Tranchell,false
i-pangFQ8i6uLuFD8yKfkj7,Justus Tranchell,true
i-pangFQ8i6uLuFD8yKfkj7,Tranchell,false
i-pcbwDBynaKjvNdStYRG3S,Larsson,false
i-pcbwDBynaKjvNdStYRG3S,Svening Alfred Larsson,true
i-pcbwDBynaKjvNdStYRG3S,Svenning Alfred Larsson,false
i-pxoYe2yJTd56QvbXJ8RGr,Amir Adan,true
i-qevuZtMda2tzp6ug1HfJt,Benjamin Linné,true
i-qevuZtMda2tzp6ug1HfJt,Linné,false
i-qevuZtMda2tzp6ug1HfJt,Sven Benjamin Linné,false
i-r1VTfFi2u63HbDnjDKUPf,Christopher Isac Heurlin,true
i-rTJYipszwy7NHLZruxVHz,Axel Wilhelm Teodor von Sneidern,false
i-rTJYipszwy7NHLZruxVHz,Axel von Sneidern,true
i-rTJYipszwy7NHLZruxVHz,von Sneidern,false
i-riJfB4CgvG9jt4652TdCv,Bengt Johan Olof Sjölin,false
i-riJfB4CgvG9jt4652TdCv,Bengt Sjölin,true
i-riJfB4CgvG9jt4652TdCv,Sjölin,false
i-rrg9t2XUkHE4iAjAykgpb,Berith Eriksson,true
i-rrg9t2XUkHE4iAjAykgpb,Berith Kristina Eriksson,false
i-rrg9t2XUkHE4iAjAykgpb,Eriksson,false
i-rxMPrABKBDwfiUwJZxNv7,Arthur Gustaf Heiding,false
i-rxMPrABKBDwfiUwJZxNv7,Arthur Gustav Heiding,false
i-rxMPrABKBDwfiUwJZxNv7,Arthur Heiding,true
i-rxMPrABKBDwfiUwJZxNv7,Heiding,false
i-sS6VZTVNkCN6AHvZNaaYb,Britta Cecilia Lejon,false
i-sS6VZTVNkCN6AHvZNaaYb,Britta Lejon,true
i-soGG7WvpfsE45txj7YR3j,Gustaf af Wetterstedt,true
i-txhZTbUuKZkkaU5vYzZgH,Murén,false
i-txhZTbUuKZkkaU5vYzZgH,P. Murén,false
i-txhZTbUuKZkkaU5vYzZgH,Per Murén,true
i-uX5Zz8LcvPUw4Ta1Mi8zq,Ewa Hedkvist Petersen,true
i-uX5Zz8LcvPUw4Ta1Mi8zq,Hedkvist Petersen,false
i-uqabbii17ip4Yffh6AWwo,Hans Samuel Knut Åkerhielm,false
i-uqabbii17ip4Yffh6AWwo,Hans Samuel Knut Åkerhielm af Blombacka,false
i-uqabbii17ip4Yffh6AWwo,Knut Åkerhielm,true
i-uqabbii17ip4Yffh6AWwo,Knut Åkerhielm af Blombacka,false
i-uqabbii17ip4Yffh6AWwo,Åkerhielm af Blombacka,false
i-ux23Qd3bLvZ6XgUzeC2Dt,Alfred Lagerheim,true
i-ux23Qd3bLvZ6XgUzeC2Dt,Carl Herman Theodor Alfred Lagerhei,false
i-vZs83m8SE13xH88MxSiK3,Björnsson,false
i-vZs83m8SE13xH88MxSiK3,Edvard Björnsson,true
i-vZs83m8SE13xH88MxSiK3,Johan Edvard Björnsson,false
i-vv3qi37uGEV4YUv1xZ3Zk,Carl Jacob Fogelin,false
i-vv3qi37uGEV4YUv1xZ3Zk,Fogelin,false
i-vv3qi37uGEV4YUv1xZ3Zk,Jakob Fogelin,true
i-vzV7JRMGMp9GTwq8PaW2Q,Bino Christopher James Drummond,false
i-vzV7JRMGMp9GTwq8PaW2Q,Bino Drummond,true
i-wVG4QF5ZkrTTo5uHxD7ED,Almqvist,false
i-wVG4QF5ZkrTTo5uHxD7ED,Ludvig Almqvist,false
i-wVG4QF5ZkrTTo5uHxD7ED,Ludvig Teodor Almqvist,true
i-wVG4QF5ZkrTTo5uHxD7ED,Ludvig Theodor Almqvist,false
i-wfVKmWwu9tQqTHD55FwTQ,Engström,false
i-wfVKmWwu9tQqTHD55FwTQ,Odd Engström,true
i-x1CuoKmRHYgQr9i2kh3B5,Bengt Nording,true
i-xDu3FkTiXeCQiNXfMUQ3v,Berlin,false
i-xDu3FkTiXeCQiNXfMUQ3v,Nils Johan Berlin,true
i-xXCJY3DGT9LUpPTLTZG8L,Arne Pettersson,true
i-xXCJY3DGT9LUpPTLTZG8L,Pettersson,false
i-xXCJY3DGT9LUpPTLTZG8L,Sven Arne Pettersson,false
i-xndsKG7q4nTaU7AV5iyuf,Andersson,false
i-xndsKG7q4nTaU7AV5iyuf,Johan Andersson,true
i-xuJ3YV4MkJQZgGM1nEsZP,Hugo Sundberg,true
i-xuJ3YV4MkJQZgGM1nEsZP,Sundberg,false
i-xxDJ3V22cfahN9u2e4ZdP,Lundgren,false
i-xxDJ3V22cfahN9u2e4ZdP,Per Gordon Lundgren,false
i-xxDJ3V22cfahN9u2e4ZdP,Per Lundgren,true
i-y2eNwNFWfFBQ9YmPuab6e,Inga Davidsson,true
i-y57aqt6DptStUpkWh6h5L,Rolf Odhar Mauritz Sellgren,false
i-y57aqt6DptStUpkWh6h5L,Rolf Sellgren,true
i-y57aqt6DptStUpkWh6h5L,Sellgren,false
i-yBn9sks2oSd1vBumfgwNQ,Bo Nilsson,true
i-yBn9sks2oSd1vBumfgwNQ,Nilsson,false
i-yK38BEJnELUH8aVLdVNbu,Fanny Adela Rizell,false
i-yK38BEJnELUH8aVLdVNbu,Fanny Rizell,true
i-yK38BEJnELUH8aVLdVNbu,Rizell,false
i-zC3ZtMw7pF7WxkXwbLkKZ,Gardner,false
i-zC3ZtMw7pF7WxkXwbLkKZ,Ingela Gardner Sundström,true
i-zC3ZtMw7pF7WxkXwbLkKZ,Kerstin Ingela Sundström,false
i-zC3ZtMw7pF7WxkXwbLkKZ,Sundström,false
